ISO-10303-21;
HEADER;
FILE_DESCRIPTION (( 'STEP AP214' ),
    '1' );
FILE_NAME ('436500600.STEP',
    '2023-10-04T17:38:27',
    ( '' ),
    ( '' ),
    'SwSTEP 2.0',
    'SolidWorks 2021',
    '' );
FILE_SCHEMA (( 'AUTOMOTIVE_DESIGN' ));
ENDSEC;

DATA;
#1 = CARTESIAN_POINT ( 'NONE',  ( -2.680000000000000160, 2.109999999999976339, 0.3200000000000021161 ) ) ;
#2 = EDGE_CURVE ( 'NONE', #6549, #8310, #2055, .T. ) ;
#3 = VERTEX_POINT ( 'NONE', #8047 ) ;
#4 = LINE ( 'NONE', #1911, #4879 ) ;
#5 = DIRECTION ( 'NONE',  ( 0.000000000000000000, 1.000000000000000000, 0.000000000000000000 ) ) ;
#6 = FACE_OUTER_BOUND ( 'NONE', #6372, .T. ) ;
#7 = ADVANCED_FACE ( 'NONE', ( #367 ), #3788, .T. ) ;
#8 = DIRECTION ( 'NONE',  ( 0.000000000000000000, 0.000000000000000000, -1.000000000000000000 ) ) ;
#9 = ORIENTED_EDGE ( 'NONE', *, *, #9888, .F. ) ;
#10 = EDGE_CURVE ( 'NONE', #9856, #410, #5528, .T. ) ;
#11 = ORIENTED_EDGE ( 'NONE', *, *, #6346, .T. ) ;
#12 = EDGE_LOOP ( 'NONE', ( #3750, #7037, #3081, #5556, #8080, #4953 ) ) ;
#13 = AXIS2_PLACEMENT_3D ( 'NONE', #281, #7052, #1119 ) ;
#14 = ORIENTED_EDGE ( 'NONE', *, *, #3895, .F. ) ;
#15 = CARTESIAN_POINT ( 'NONE',  ( 0.3200000000000008393, 3.699999999999976641, -0.9999999999999983347 ) ) ;
#16 = ORIENTED_EDGE ( 'NONE', *, *, #6158, .F. ) ;
#17 = ADVANCED_FACE ( 'NONE', ( #810 ), #8373, .T. ) ;
#18 = PLANE ( 'NONE',  #7181 ) ;
#19 = DIRECTION ( 'NONE',  ( 0.000000000000000000, 1.000000000000000000, 0.000000000000000000 ) ) ;
#20 = DIRECTION ( 'NONE',  ( 0.000000000000000000, -1.000000000000000000, 0.000000000000000000 ) ) ;
#21 = CARTESIAN_POINT ( 'NONE',  ( -0.8523411945289991465, -2.267901452916023519, 3.300000000000002043 ) ) ;
#22 = DIRECTION ( 'NONE',  ( 0.000000000000000000, -1.000000000000000000, 0.000000000000000000 ) ) ;
#23 = EDGE_CURVE ( 'NONE', #2653, #8954, #4235, .T. ) ;
#24 = AXIS2_PLACEMENT_3D ( 'NONE', #10212, #3285, #647 ) ;
#25 =( NAMED_UNIT ( * ) PLANE_ANGLE_UNIT ( ) SI_UNIT ( $, .RADIAN. ) );
#26 = ADVANCED_FACE ( 'NONE', ( #6749 ), #5910, .T. ) ;
#27 = VECTOR ( 'NONE', #2175, 1000.000000000000000 ) ;
#28 = DIRECTION ( 'NONE',  ( 1.000000000000000000, 0.000000000000000000, 0.000000000000000000 ) ) ;
#29 = EDGE_CURVE ( 'NONE', #5316, #4527, #9150, .T. ) ;
#30 = ORIENTED_EDGE ( 'NONE', *, *, #6487, .F. ) ;
#31 = VERTEX_POINT ( 'NONE', #4852 ) ;
#32 = EDGE_CURVE ( 'NONE', #1235, #2511, #6692, .T. ) ;
#33 = CARTESIAN_POINT ( 'NONE',  ( -3.319999999999999840, -2.820000000000023821, -0.3199999999999982303 ) ) ;
#34 = FACE_OUTER_BOUND ( 'NONE', #6122, .T. ) ;
#35 = DIRECTION ( 'NONE',  ( 0.000000000000000000, -0.9363291775690363306, 0.3511234415884135762 ) ) ;
#36 = CARTESIAN_POINT ( 'NONE',  ( -9.320000000000000284, 2.109999999999976339, 2.296000000000002039 ) ) ;
#37 = VECTOR ( 'NONE', #2163, 1000.000000000000114 ) ;
#38 = CARTESIAN_POINT ( 'NONE',  ( 3.319999999999999840, 4.359999999999976339, 2.296000000000002039 ) ) ;
#39 = CARTESIAN_POINT ( 'NONE',  ( 0.3200000000000008393, 3.484999999999976339, -0.3199999999999982303 ) ) ;
#40 = ORIENTED_EDGE ( 'NONE', *, *, #4463, .T. ) ;
#41 = VECTOR ( 'NONE', #10151, 1000.000000000000000 ) ;
#42 = EDGE_LOOP ( 'NONE', ( #10181, #10774, #3583, #483 ) ) ;
#43 = AXIS2_PLACEMENT_3D ( 'NONE', #2261, #3783, #2207 ) ;
#44 = VECTOR ( 'NONE', #4144, 1000.000000000000000 ) ;
#45 = DIRECTION ( 'NONE',  ( 0.000000000000000000, -1.000000000000000000, 0.000000000000000000 ) ) ;
#46 = EDGE_CURVE ( 'NONE', #1848, #4479, #10098, .T. ) ;
#47 = CARTESIAN_POINT ( 'NONE',  ( 2.360000000000001208, 4.359999999999976339, -0.9999999999999983347 ) ) ;
#48 = DIRECTION ( 'NONE',  ( 0.9363291775690363306, 0.000000000000000000, 0.3511234415884135762 ) ) ;
#49 = CARTESIAN_POINT ( 'NONE',  ( -8.679999999999999716, -2.820000000000023821, -0.3199999999999982303 ) ) ;
#50 = VERTEX_POINT ( 'NONE', #7647 ) ;
#51 = CARTESIAN_POINT ( 'NONE',  ( -11.67999999999999972, 2.749999999999976463, 6.100000000000002309 ) ) ;
#52 = VECTOR ( 'NONE', #2589, 1000.000000000000000 ) ;
#53 = DIRECTION ( 'NONE',  ( -0.7071067811865474617, 0.7071067811865474617, 0.000000000000000000 ) ) ;
#54 = ORIENTED_EDGE ( 'NONE', *, *, #2020, .F. ) ;
#55 = ORIENTED_EDGE ( 'NONE', *, *, #11066, .F. ) ;
#56 = B_SPLINE_CURVE_WITH_KNOTS ( 'NONE', 3,
 ( #5337, #9736, #2080, #8683, #7961 ),
 .UNSPECIFIED., .F., .F.,
 ( 4, 1, 4 ),
 ( 0.000000000000000000, 0.5000000000000000000, 1.000000000000000000 ),
 .UNSPECIFIED. ) ;
#57 = EDGE_CURVE ( 'NONE', #7808, #10968, #10931, .T. ) ;
#58 = LINE ( 'NONE', #10127, #3755 ) ;
#59 = EDGE_LOOP ( 'NONE', ( #10308, #4143, #5134, #966, #7065, #10190 ) ) ;
#60 = DIRECTION ( 'NONE',  ( 0.000000000000000000, 0.000000000000000000, 1.000000000000000000 ) ) ;
#61 = EDGE_LOOP ( 'NONE', ( #1740, #6078, #9351, #7337, #6620, #3998 ) ) ;
#62 = VECTOR ( 'NONE', #8356, 1000.000000000000000 ) ;
#63 = LINE ( 'NONE', #7730, #10371 ) ;
#64 = ORIENTED_EDGE ( 'NONE', *, *, #1033, .F. ) ;
#65 = DIRECTION ( 'NONE',  ( 0.000000000000000000, 0.000000000000000000, 1.000000000000000000 ) ) ;
#66 = LINE ( 'NONE', #5949, #3283 ) ;
#67 = CARTESIAN_POINT ( 'NONE',  ( -2.680000000000000160, 2.429999999999976623, 3.950000000000001954 ) ) ;
#68 = LINE ( 'NONE', #5173, #2432 ) ;
#69 = ORIENTED_EDGE ( 'NONE', *, *, #4998, .T. ) ;
#70 = ORIENTED_EDGE ( 'NONE', *, *, #8147, .F. ) ;
#71 = VERTEX_POINT ( 'NONE', #11044 ) ;
#72 = ORIENTED_EDGE ( 'NONE', *, *, #7766, .F. ) ;
#73 = FACE_OUTER_BOUND ( 'NONE', #3050, .T. ) ;
#74 = VERTEX_POINT ( 'NONE', #1484 ) ;
#75 = EDGE_CURVE ( 'NONE', #5179, #3700, #3393, .T. ) ;
#76 = CARTESIAN_POINT ( 'NONE',  ( -18.32000000000000028, 3.699999999999976641, -0.9999999999999983347 ) ) ;
#77 = CARTESIAN_POINT ( 'NONE',  ( -2.680000000000000160, 0.7499999999999763522, -0.9999999999999983347 ) ) ;
#78 = CARTESIAN_POINT ( 'NONE',  ( -8.679999999999999716, 1.159999999999976383, -0.9999999999999983347 ) ) ;
#79 = LINE ( 'NONE', #9367, #6861 ) ;
#80 = CARTESIAN_POINT ( 'NONE',  ( -5.679999999999999716, 0.7499999999999763522, 0.3200000000000021161 ) ) ;
#81 = VECTOR ( 'NONE', #9897, 1000.000000000000000 ) ;
#82 = EDGE_CURVE ( 'NONE', #8219, #5451, #4963, .T. ) ;
#83 = LINE ( 'NONE', #5624, #1609 ) ;
#84 = ORIENTED_EDGE ( 'NONE', *, *, #5030, .F. ) ;
#85 = VERTEX_POINT ( 'NONE', #8262 ) ;
#86 = VECTOR ( 'NONE', #3710, 1000.000000000000000 ) ;
#87 = DIRECTION ( 'NONE',  ( 0.000000000000000000, -1.000000000000000000, 0.000000000000000000 ) ) ;
#88 = FACE_OUTER_BOUND ( 'NONE', #3908, .T. ) ;
#89 = CARTESIAN_POINT ( 'NONE',  ( -15.00000000000000000, -3.020000000000023554, 0.2450000000000021605 ) ) ;
#90 = CARTESIAN_POINT ( 'NONE',  ( -18.32000000000000028, 3.679999999999976623, 7.500000000000002665 ) ) ;
#91 = EDGE_CURVE ( 'NONE', #9399, #857, #586, .T. ) ;
#92 = ADVANCED_FACE ( 'NONE', ( #3280 ), #1655, .F. ) ;
#93 = DIRECTION ( 'NONE',  ( 0.000000000000000000, 0.000000000000000000, -1.000000000000000000 ) ) ;
#94 = VECTOR ( 'NONE', #9503, 1000.000000000000114 ) ;
#95 = CARTESIAN_POINT ( 'NONE',  ( -11.67999999999999972, 0.7499999999999763522, 0.3200000000000021161 ) ) ;
#96 = ORIENTED_EDGE ( 'NONE', *, *, #9190, .F. ) ;
#97 = CARTESIAN_POINT ( 'NONE',  ( -0.3199999999999999512, 1.554999999999976623, 0.2700000000000020162 ) ) ;
#98 = DIRECTION ( 'NONE',  ( -0.4436585190537996048, 0.000000000000000000, -0.8961959152277974017 ) ) ;
#99 = LINE ( 'NONE', #1049, #6584 ) ;
#100 = VECTOR ( 'NONE', #4917, 1000.000000000000000 ) ;
#101 = ADVANCED_FACE ( 'NONE', ( #5016 ), #7420, .F. ) ;
#102 = LINE ( 'NONE', #5816, #2170 ) ;
#103 = VECTOR ( 'NONE', #2508, 1000.000000000000000 ) ;
#104 = ORIENTED_EDGE ( 'NONE', *, *, #1371, .F. ) ;
#105 = CARTESIAN_POINT ( 'NONE',  ( -2.680000000000000160, 2.109999999999976339, 6.100000000000002309 ) ) ;
#106 = VECTOR ( 'NONE', #8401, 1000.000000000000000 ) ;
#107 = LINE ( 'NONE', #2406, #10605 ) ;
#108 = ORIENTED_EDGE ( 'NONE', *, *, #8855, .T. ) ;
#109 = ORIENTED_EDGE ( 'NONE', *, *, #8997, .T. ) ;
#110 = CYLINDRICAL_SURFACE ( 'NONE', #1219, 0.5000000000000004441 ) ;
#111 = ORIENTED_EDGE ( 'NONE', *, *, #10236, .F. ) ;
#112 = DIRECTION ( 'NONE',  ( 0.000000000000000000, 1.000000000000000000, 0.000000000000000000 ) ) ;
#113 = ORIENTED_EDGE ( 'NONE', *, *, #1145, .F. ) ;
#114 = FACE_OUTER_BOUND ( 'NONE', #6705, .T. ) ;
#115 = ORIENTED_EDGE ( 'NONE', *, *, #6385, .F. ) ;
#116 = LINE ( 'NONE', #3593, #936 ) ;
#117 = DIRECTION ( 'NONE',  ( 0.000000000000000000, 0.000000000000000000, -1.000000000000000000 ) ) ;
#118 = PLANE ( 'NONE',  #6593 ) ;
#119 = DIRECTION ( 'NONE',  ( -1.776356839400000049E-13, 0.000000000000000000, -1.000000000000000000 ) ) ;
#120 = EDGE_CURVE ( 'NONE', #7152, #9009, #10822, .T. ) ;
#121 = VERTEX_POINT ( 'NONE', #5076 ) ;
#122 = EDGE_LOOP ( 'NONE', ( #2408, #2295, #8012, #2801 ) ) ;
#123 = EDGE_LOOP ( 'NONE', ( #6053, #7921, #8400, #5723, #4853, #9527 ) ) ;
#124 = ORIENTED_EDGE ( 'NONE', *, *, #10750, .T. ) ;
#125 = DIRECTION ( 'NONE',  ( 0.000000000000000000, -1.000000000000000000, 0.000000000000000000 ) ) ;
#126 = ORIENTED_EDGE ( 'NONE', *, *, #10551, .T. ) ;
#127 = PLANE ( 'NONE',  #6769 ) ;
#128 = LINE ( 'NONE', #242, #8252 ) ;
#129 = DIRECTION ( 'NONE',  ( -0.3312945782245003690, 0.3312945782245003690, 0.8834522085988016915 ) ) ;
#130 = CARTESIAN_POINT ( 'NONE',  ( -11.44999999999999929, 1.179999999999976401, 8.900000000000002132 ) ) ;
#131 = LINE ( 'NONE', #8421, #3095 ) ;
#132 = CARTESIAN_POINT ( 'NONE',  ( -16.96000000000000085, 3.304999999999976179, -0.3299999999999978506 ) ) ;
#133 = EDGE_CURVE ( 'NONE', #1303, #7010, #8484, .T. ) ;
#134 = EDGE_CURVE ( 'NONE', #5718, #4183, #9984, .T. ) ;
#135 = LINE ( 'NONE', #2768, #1281 ) ;
#136 = VERTEX_POINT ( 'NONE', #3220 ) ;
#137 = ORIENTED_EDGE ( 'NONE', *, *, #8837, .T. ) ;
#138 = CARTESIAN_POINT ( 'NONE',  ( -14.67999999999999794, -2.820000000000023821, -0.3199999999999982303 ) ) ;
#139 = LINE ( 'NONE', #8490, #5225 ) ;
#140 = VECTOR ( 'NONE', #9714, 1000.000000000000000 ) ;
#141 = CARTESIAN_POINT ( 'NONE',  ( -1.070204102886999298, -1.790000000000023350, 3.300000000000002043 ) ) ;
#142 = FACE_OUTER_BOUND ( 'NONE', #5503, .T. ) ;
#143 = DIRECTION ( 'NONE',  ( 0.000000000000000000, 1.000000000000000000, 0.000000000000000000 ) ) ;
#144 = ADVANCED_FACE ( 'NONE', ( #10039 ), #2383, .T. ) ;
#145 = DIRECTION ( 'NONE',  ( 0.000000000000000000, -1.000000000000000000, 0.000000000000000000 ) ) ;
#146 =( LENGTH_UNIT ( ) NAMED_UNIT ( * ) SI_UNIT ( .MILLI., .METRE. ) );
#147 = AXIS2_PLACEMENT_3D ( 'NONE', #6484, #7381, #6427 ) ;
#148 = ADVANCED_FACE ( 'NONE', ( #8758 ), #3501, .F. ) ;
#149 = ORIENTED_EDGE ( 'NONE', *, *, #4125, .T. ) ;
#150 = ORIENTED_EDGE ( 'NONE', *, *, #6612, .T. ) ;
#151 = AXIS2_PLACEMENT_3D ( 'NONE', #7491, #10888, #5758 ) ;
#152 = DIRECTION ( 'NONE',  ( 0.000000000000000000, -1.000000000000000000, 0.000000000000000000 ) ) ;
#153 = DIRECTION ( 'NONE',  ( -0.000000000000000000, 1.000000000000000000, 0.000000000000000000 ) ) ;
#154 = FACE_BOUND ( 'NONE', #10786, .T. ) ;
#155 = EDGE_CURVE ( 'NONE', #10398, #6909, #3616, .T. ) ;
#156 = CARTESIAN_POINT ( 'NONE',  ( -9.320000000000000284, 4.359999999999976339, 0.3500000000000021982 ) ) ;
#157 = VECTOR ( 'NONE', #1083, 1000.000000000000000 ) ;
#158 = ORIENTED_EDGE ( 'NONE', *, *, #2853, .F. ) ;
#159 = CARTESIAN_POINT ( 'NONE',  ( -18.32000000000000028, 3.304999999999976179, -0.3299999999999978506 ) ) ;
#160 = LINE ( 'NONE', #9505, #2401 ) ;
#161 = ORIENTED_EDGE ( 'NONE', *, *, #4590, .F. ) ;
#162 = VERTEX_POINT ( 'NONE', #5189 ) ;
#163 = EDGE_CURVE ( 'NONE', #4094, #1127, #1710, .T. ) ;
#164 = DIRECTION ( 'NONE',  ( 0.000000000000000000, 0.000000000000000000, 1.000000000000000000 ) ) ;
#165 = EDGE_CURVE ( 'NONE', #6478, #121, #3071, .T. ) ;
#166 = EDGE_LOOP ( 'NONE', ( #7007, #9138 ) ) ;
#167 = CARTESIAN_POINT ( 'NONE',  ( -6.319999999999999396, 3.304999999999976179, -0.3299999999999978506 ) ) ;
#168 = ADVANCED_FACE ( 'NONE', ( #2652 ), #9482, .T. ) ;
#169 = DIRECTION ( 'NONE',  ( 1.000000000000000000, 0.000000000000000000, 0.000000000000000000 ) ) ;
#170 = ORIENTED_EDGE ( 'NONE', *, *, #10096, .T. ) ;
#171 = CARTESIAN_POINT ( 'NONE',  ( -15.16999999999999993, -3.220000000000023288, -0.1699999999999982636 ) ) ;
#172 = DIRECTION ( 'NONE',  ( 1.000000000000000000, 0.000000000000000000, 0.000000000000000000 ) ) ;
#173 = FACE_OUTER_BOUND ( 'NONE', #2530, .T. ) ;
#174 = LINE ( 'NONE', #2030, #4199 ) ;
#175 = ORIENTED_EDGE ( 'NONE', *, *, #3571, .F. ) ;
#176 = VERTEX_POINT ( 'NONE', #9425 ) ;
#177 = ORIENTED_EDGE ( 'NONE', *, *, #417, .T. ) ;
#178 = VECTOR ( 'NONE', #8647, 1000.000000000000000 ) ;
#179 = ORIENTED_EDGE ( 'NONE', *, *, #777, .F. ) ;
#180 = CARTESIAN_POINT ( 'NONE',  ( -0.3199999999999999512, 1.554999999999976623, 0.2700000000000020162 ) ) ;
#181 = ORIENTED_EDGE ( 'NONE', *, *, #9754, .T. ) ;
#182 = LINE ( 'NONE', #9828, #6946 ) ;
#183 = EDGE_CURVE ( 'NONE', #10152, #8485, #135, .T. ) ;
#184 = PLANE ( 'NONE',  #6103 ) ;
#185 = CARTESIAN_POINT ( 'NONE',  ( -13.35000000000000142, -3.310093026399986815, 4.740073303774981817 ) ) ;
#186 = LINE ( 'NONE', #7917, #6658 ) ;
#187 = DIRECTION ( 'NONE',  ( 0.000000000000000000, 1.000000000000000000, 0.000000000000000000 ) ) ;
#188 = DIRECTION ( 'NONE',  ( -0.3312945782245003690, 0.8834522085988016915, -0.3312945782245003690 ) ) ;
#189 = VECTOR ( 'NONE', #8386, 1000.000000000000000 ) ;
#190 = AXIS2_PLACEMENT_3D ( 'NONE', #4543, #6164, #3534 ) ;
#191 = DIRECTION ( 'NONE',  ( 0.000000000000000000, 1.000000000000000000, 0.000000000000000000 ) ) ;
#192 = LINE ( 'NONE', #1765, #10182 ) ;
#193 = ORIENTED_EDGE ( 'NONE', *, *, #4093, .T. ) ;
#194 = VERTEX_POINT ( 'NONE', #10265 ) ;
#195 = LINE ( 'NONE', #3620, #730 ) ;
#196 = DIRECTION ( 'NONE',  ( 1.000000000000000000, 0.000000000000000000, 0.000000000000000000 ) ) ;
#197 = CARTESIAN_POINT ( 'NONE',  ( -11.83000000000000007, -3.220000000000023288, 0.1700000000000021771 ) ) ;
#198 = CARTESIAN_POINT ( 'NONE',  ( 2.360000000000001208, 0.7499999999999763522, 0.7000000000000022871 ) ) ;
#199 = ADVANCED_FACE ( 'NONE', ( #1820 ), #4288, .F. ) ;
#200 = FACE_OUTER_BOUND ( 'NONE', #5830, .T. ) ;
#201 = AXIS2_PLACEMENT_3D ( 'NONE', #9766, #5531, #8102 ) ;
#202 = DIRECTION ( 'NONE',  ( 0.000000000000000000, -1.000000000000000000, 0.000000000000000000 ) ) ;
#203 = AXIS2_PLACEMENT_3D ( 'NONE', #2313, #4059, #7465 ) ;
#204 = FACE_OUTER_BOUND ( 'NONE', #3281, .T. ) ;
#205 = ORIENTED_EDGE ( 'NONE', *, *, #9356, .F. ) ;
#206 = VERTEX_POINT ( 'NONE', #6917 ) ;
#207 = CARTESIAN_POINT ( 'NONE',  ( -18.32000000000000028, -0.04000000000002352368, 0.8500000000000021982 ) ) ;
#208 = LINE ( 'NONE', #3743, #460 ) ;
#209 = DIRECTION ( 'NONE',  ( 0.000000000000000000, 0.000000000000000000, -1.000000000000000000 ) ) ;
#210 = EDGE_CURVE ( 'NONE', #2535, #10575, #251, .T. ) ;
#211 = AXIS2_PLACEMENT_3D ( 'NONE', #3173, #9935, #7372 ) ;
#212 = VECTOR ( 'NONE', #1490, 1000.000000000000000 ) ;
#213 = CARTESIAN_POINT ( 'NONE',  ( -17.35999999999999943, 4.359999999999976339, 0.7000000000000022871 ) ) ;
#214 = EDGE_CURVE ( 'NONE', #9937, #6536, #5245, .T. ) ;
#215 = ORIENTED_EDGE ( 'NONE', *, *, #5138, .T. ) ;
#216 = PLANE ( 'NONE',  #5636 ) ;
#217 = DIRECTION ( 'NONE',  ( 0.000000000000000000, -1.000000000000000000, 0.000000000000000000 ) ) ;
#218 = ORIENTED_EDGE ( 'NONE', *, *, #1510, .T. ) ;
#219 = AXIS2_PLACEMENT_3D ( 'NONE', #5353, #10532, #2931 ) ;
#220 = VECTOR ( 'NONE', #9535, 1000.000000000000000 ) ;
#221 = PRESENTATION_LAYER_ASSIGNMENT (  '', '', ( #4698 ) ) ;
#222 = EDGE_LOOP ( 'NONE', ( #2118, #5096, #1223, #3491 ) ) ;
#223 = LINE ( 'NONE', #8730, #7658 ) ;
#224 = CARTESIAN_POINT ( 'NONE',  ( -14.67999999999999794, 3.304999999999976179, 0.2700000000000020162 ) ) ;
#225 = CARTESIAN_POINT ( 'NONE',  ( -5.830000000000000071, 2.599999999999976552, 6.500000000000002665 ) ) ;
#226 = VECTOR ( 'NONE', #6948, 1000.000000000000000 ) ;
#227 = ORIENTED_EDGE ( 'NONE', *, *, #2865, .T. ) ;
#228 = CARTESIAN_POINT ( 'NONE',  ( -1.012821094211999950, -2.418823822681023472, 5.300000000000002487 ) ) ;
#229 = CARTESIAN_POINT ( 'NONE',  ( -6.245000000000000107, 2.429999999999976623, 6.300000000000001599 ) ) ;
#230 = CARTESIAN_POINT ( 'NONE',  ( -9.549999999999998934, 1.179999999999976401, 2.296000000000002039 ) ) ;
#231 = EDGE_CURVE ( 'NONE', #8538, #683, #6864, .T. ) ;
#232 = PLANE ( 'NONE',  #2937 ) ;
#233 = ORIENTED_EDGE ( 'NONE', *, *, #10148, .F. ) ;
#234 = ORIENTED_EDGE ( 'NONE', *, *, #2396, .F. ) ;
#235 = VERTEX_POINT ( 'NONE', #1876 ) ;
#236 = AXIS2_PLACEMENT_3D ( 'NONE', #4015, #3436, #909 ) ;
#237 = EDGE_CURVE ( 'NONE', #4376, #4290, #975, .T. ) ;
#238 = ORIENTED_EDGE ( 'NONE', *, *, #4826, .T. ) ;
#239 = CARTESIAN_POINT ( 'NONE',  ( -6.169999999999999929, 2.599999999999976552, 6.500000000000002665 ) ) ;
#240 = ORIENTED_EDGE ( 'NONE', *, *, #2838, .F. ) ;
#241 = CARTESIAN_POINT ( 'NONE',  ( -17.84000000000000341, 0.7499999999999763522, 4.875000000000002665 ) ) ;
#242 = CARTESIAN_POINT ( 'NONE',  ( -15.32000000000000028, 2.109999999999976339, 0.3500000000000021982 ) ) ;
#243 = CARTESIAN_POINT ( 'NONE',  ( -13.34999999999999609, -3.338809836767286932, 4.480886014223866454 ) ) ;
#244 = CARTESIAN_POINT ( 'NONE',  ( -13.25000000000000000, 3.679999999999976623, 8.900000000000002132 ) ) ;
#245 = CARTESIAN_POINT ( 'NONE',  ( 0.3200000000000008393, -2.820000000000023821, 0.3200000000000021161 ) ) ;
#246 = DIRECTION ( 'NONE',  ( -0.000000000000000000, 1.000000000000000000, 0.000000000000000000 ) ) ;
#247 = AXIS2_PLACEMENT_3D ( 'NONE', #8698, #4666, #1026 ) ;
#248 = EDGE_CURVE ( 'NONE', #8538, #3367, #7080, .T. ) ;
#249 = ORIENTED_EDGE ( 'NONE', *, *, #91, .F. ) ;
#250 = LINE ( 'NONE', #4453, #1682 ) ;
#251 = LINE ( 'NONE', #7700, #2367 ) ;
#252 = ORIENTED_EDGE ( 'NONE', *, *, #6983, .T. ) ;
#253 = ORIENTED_EDGE ( 'NONE', *, *, #8585, .F. ) ;
#254 = DIRECTION ( 'NONE',  ( 0.000000000000000000, 0.000000000000000000, -1.000000000000000000 ) ) ;
#255 = DIRECTION ( 'NONE',  ( -0.3312945782245003690, 0.3312945782245003690, 0.8834522085988016915 ) ) ;
#256 = PLANE ( 'NONE',  #5242 ) ;
#257 = CARTESIAN_POINT ( 'NONE',  ( -8.754999999999999005, -3.020000000000023554, 1.734723475976807094E-15 ) ) ;
#258 = PLANE ( 'NONE',  #6490 ) ;
#259 = CARTESIAN_POINT ( 'NONE',  ( -0.3199999999999999512, 1.159999999999976383, -0.9999999999999983347 ) ) ;
#260 = DIRECTION ( 'NONE',  ( 0.000000000000000000, 0.000000000000000000, -1.000000000000000000 ) ) ;
#261 = EDGE_CURVE ( 'NONE', #10176, #8113, #1931, .T. ) ;
#262 = AXIS2_PLACEMENT_3D ( 'NONE', #9785, #1015, #10516 ) ;
#263 = ORIENTED_EDGE ( 'NONE', *, *, #261, .T. ) ;
#264 = EDGE_LOOP ( 'NONE', ( #3473, #652, #4936, #4216 ) ) ;
#265 = PLANE ( 'NONE',  #2679 ) ;
#266 = DIRECTION ( 'NONE',  ( -1.000000000000000000, 0.000000000000000000, 0.000000000000000000 ) ) ;
#267 = CARTESIAN_POINT ( 'NONE',  ( -0.1700000000000000122, 2.259999999999976250, 6.500000000000002665 ) ) ;
#268 = DIRECTION ( 'NONE',  ( 0.000000000000000000, 0.000000000000000000, 1.000000000000000000 ) ) ;
#269 = AXIS2_PLACEMENT_3D ( 'NONE', #8119, #1506, #1396 ) ;
#270 = ORIENTED_EDGE ( 'NONE', *, *, #3323, .F. ) ;
#271 = DIRECTION ( 'NONE',  ( -1.000000000000000000, 0.000000000000000000, 0.000000000000000000 ) ) ;
#272 = ADVANCED_FACE ( 'NONE', ( #2824 ), #5131, .T. ) ;
#273 = CARTESIAN_POINT ( 'NONE',  ( 3.319999999999999840, 2.159999999999976605, 1.513829809427001960 ) ) ;
#274 = VERTEX_POINT ( 'NONE', #7860 ) ;
#275 = VECTOR ( 'NONE', #4572, 1000.000000000000000 ) ;
#276 = EDGE_CURVE ( 'NONE', #5844, #9402, #192, .T. ) ;
#277 = ORIENTED_EDGE ( 'NONE', *, *, #5147, .F. ) ;
#278 = VECTOR ( 'NONE', #9660, 1000.000000000000000 ) ;
#279 = CARTESIAN_POINT ( 'NONE',  ( -12.31999999999999851, 4.359999999999976339, 0.3500000000000021982 ) ) ;
#280 = DIRECTION ( 'NONE',  ( 0.000000000000000000, 0.000000000000000000, -1.000000000000000000 ) ) ;
#281 = CARTESIAN_POINT ( 'NONE',  ( -14.44999999999999929, 1.179999999999976401, 8.900000000000002132 ) ) ;
#282 = VERTEX_POINT ( 'NONE', #7754 ) ;
#283 = FACE_OUTER_BOUND ( 'NONE', #8637, .T. ) ;
#284 = DIRECTION ( 'NONE',  ( 1.000000000000000000, 0.000000000000000000, 0.000000000000000000 ) ) ;
#285 = PLANE ( 'NONE',  #5133 ) ;
#286 = DIRECTION ( 'NONE',  ( 8.881784197000999888E-14, -1.110223024625000030E-14, -1.000000000000000000 ) ) ;
#287 = ORIENTED_EDGE ( 'NONE', *, *, #4110, .T. ) ;
#288 = EDGE_CURVE ( 'NONE', #7012, #378, #83, .T. ) ;
#289 = VERTEX_POINT ( 'NONE', #409 ) ;
#290 = VECTOR ( 'NONE', #7231, 1000.000000000000000 ) ;
#291 = ORIENTED_EDGE ( 'NONE', *, *, #9233, .F. ) ;
#292 = ORIENTED_EDGE ( 'NONE', *, *, #2048, .F. ) ;
#293 = CARTESIAN_POINT ( 'NONE',  ( -15.32000000000000028, 2.429999999999976623, 3.950000000000001954 ) ) ;
#294 = ORIENTED_EDGE ( 'NONE', *, *, #2255, .T. ) ;
#295 = CARTESIAN_POINT ( 'NONE',  ( -11.67999999999999972, 4.359999999999976339, -0.9999999999999983347 ) ) ;
#296 = CARTESIAN_POINT ( 'NONE',  ( -13.34999999999999787, -3.338897799198788707, 4.477303365298424431 ) ) ;
#297 = PLANE ( 'NONE',  #935 ) ;
#298 = CARTESIAN_POINT ( 'NONE',  ( -15.16999999999999993, 2.599999999999976552, 6.500000000000002665 ) ) ;
#299 = PLANE ( 'NONE',  #8205 ) ;
#300 = VECTOR ( 'NONE', #3019, 1000.000000000000000 ) ;
#301 = ORIENTED_EDGE ( 'NONE', *, *, #10349, .F. ) ;
#302 = DIRECTION ( 'NONE',  ( 1.000000000000000000, 0.000000000000000000, 0.000000000000000000 ) ) ;
#303 = LINE ( 'NONE', #7503, #2504 ) ;
#304 = VERTEX_POINT ( 'NONE', #2201 ) ;
#305 = ORIENTED_EDGE ( 'NONE', *, *, #3175, .F. ) ;
#306 = EDGE_CURVE ( 'NONE', #6209, #1291, #4618, .T. ) ;
#307 = LINE ( 'NONE', #4675, #8955 ) ;
#308 = DIRECTION ( 'NONE',  ( 0.000000000000000000, -1.000000000000000000, 0.000000000000000000 ) ) ;
#309 = CARTESIAN_POINT ( 'NONE',  ( -2.680000000000000160, 3.304999999999976179, -0.3299999999999978506 ) ) ;
#310 = EDGE_CURVE ( 'NONE', #542, #7450, #10533, .T. ) ;
#311 = DIRECTION ( 'NONE',  ( 0.000000000000000000, 0.000000000000000000, 1.000000000000000000 ) ) ;
#312 = DIRECTION ( 'NONE',  ( 0.000000000000000000, 1.000000000000000000, 0.000000000000000000 ) ) ;
#313 = LINE ( 'NONE', #7033, #140 ) ;
#314 = ORIENTED_EDGE ( 'NONE', *, *, #5759, .T. ) ;
#315 = ORIENTED_EDGE ( 'NONE', *, *, #5577, .T. ) ;
#316 = CARTESIAN_POINT ( 'NONE',  ( -5.679999999999999716, 2.429999999999976623, 3.950000000000001954 ) ) ;
#317 = DIRECTION ( 'NONE',  ( 0.000000000000000000, 1.000000000000000000, 0.000000000000000000 ) ) ;
#318 = FACE_OUTER_BOUND ( 'NONE', #12, .T. ) ;
#319 = EDGE_CURVE ( 'NONE', #5609, #5873, #7189, .T. ) ;
#320 = CARTESIAN_POINT ( 'NONE',  ( -15.32000000000000028, 3.699999999999976641, -0.9999999999999983347 ) ) ;
#321 = ORIENTED_EDGE ( 'NONE', *, *, #10929, .T. ) ;
#322 = VECTOR ( 'NONE', #7329, 1000.000000000000000 ) ;
#323 = LINE ( 'NONE', #5433, #804 ) ;
#324 = LINE ( 'NONE', #7161, #5629 ) ;
#325 = ORIENTED_EDGE ( 'NONE', *, *, #3633, .F. ) ;
#326 = AXIS2_PLACEMENT_3D ( 'NONE', #241, #3663, #2812 ) ;
#327 = ORIENTED_EDGE ( 'NONE', *, *, #3649, .F. ) ;
#328 = PLANE ( 'NONE',  #9435 ) ;
#329 = LINE ( 'NONE', #4645, #3508 ) ;
#330 = DIRECTION ( 'NONE',  ( 0.6998542122237898511, 0.000000000000000000, -0.7142857142856900987 ) ) ;
#331 = ADVANCED_FACE ( 'NONE', ( #1988 ), #8087, .T. ) ;
#332 = ORIENTED_EDGE ( 'NONE', *, *, #1952, .T. ) ;
#333 = CARTESIAN_POINT ( 'NONE',  ( -14.83000000000000007, 2.259999999999976250, 6.500000000000002665 ) ) ;
#334 = LINE ( 'NONE', #9895, #10276 ) ;
#335 = LINE ( 'NONE', #1014, #6201 ) ;
#336 = CARTESIAN_POINT ( 'NONE',  ( -18.32000000000000028, 1.159999999999976383, -0.3299999999999978506 ) ) ;
#337 = ORIENTED_EDGE ( 'NONE', *, *, #8705, .T. ) ;
#338 = VECTOR ( 'NONE', #10188, 1000.000000000000000 ) ;
#339 = ORIENTED_EDGE ( 'NONE', *, *, #4933, .F. ) ;
#340 = ORIENTED_EDGE ( 'NONE', *, *, #1108, .F. ) ;
#341 = VERTEX_POINT ( 'NONE', #8972 ) ;
#342 = LINE ( 'NONE', #5395, #7086 ) ;
#343 = EDGE_LOOP ( 'NONE', ( #7849, #10714, #7331, #1348, #3841, #4630 ) ) ;
#344 = ADVANCED_FACE ( 'NONE', ( #2880 ), #1202, .T. ) ;
#345 = CARTESIAN_POINT ( 'NONE',  ( -13.35000000000000142, -3.326103686532816628, 3.948292481933604048 ) ) ;
#346 = EDGE_CURVE ( 'NONE', #9745, #282, #5464, .T. ) ;
#347 = DIRECTION ( 'NONE',  ( 0.000000000000000000, 0.000000000000000000, -1.000000000000000000 ) ) ;
#348 = CARTESIAN_POINT ( 'NONE',  ( 0.000000000000000000, -3.020000000000023554, -0.2449999999999978306 ) ) ;
#349 = CARTESIAN_POINT ( 'NONE',  ( -12.31999999999999851, 0.7499999999999763522, 0.3200000000000021161 ) ) ;
#350 = EDGE_CURVE ( 'NONE', #9210, #378, #1250, .T. ) ;
#351 = AXIS2_PLACEMENT_3D ( 'NONE', #1649, #1817, #9368 ) ;
#352 = DIRECTION ( 'NONE',  ( 0.000000000000000000, 1.000000000000000000, 0.000000000000000000 ) ) ;
#353 = EDGE_CURVE ( 'NONE', #798, #434, #303, .T. ) ;
#354 = CARTESIAN_POINT ( 'NONE',  ( -18.32000000000000028, 1.159999999999976383, -0.3299999999999978506 ) ) ;
#355 = ORIENTED_EDGE ( 'NONE', *, *, #6330, .F. ) ;
#356 = ORIENTED_EDGE ( 'NONE', *, *, #310, .F. ) ;
#357 = FACE_OUTER_BOUND ( 'NONE', #5622, .T. ) ;
#358 = DIRECTION ( 'NONE',  ( 0.000000000000000000, -0.3511234415884135762, 0.9363291775690363306 ) ) ;
#359 = AXIS2_PLACEMENT_3D ( 'NONE', #5202, #8661, #7940 ) ;
#360 = CARTESIAN_POINT ( 'NONE',  ( 3.319999999999999840, 1.554999999999976623, -0.3299999999999978506 ) ) ;
#361 = EDGE_CURVE ( 'NONE', #1018, #10963, #5409, .T. ) ;
#362 = LINE ( 'NONE', #10593, #7379 ) ;
#363 = ADVANCED_FACE ( 'NONE', ( #9861 ), #6402, .F. ) ;
#364 = CARTESIAN_POINT ( 'NONE',  ( -9.320000000000000284, 1.159999999999976383, -0.9999999999999983347 ) ) ;
#365 = EDGE_CURVE ( 'NONE', #9652, #8731, #10693, .T. ) ;
#366 = ADVANCED_FACE ( 'NONE', ( #3776 ), #3883, .T. ) ;
#367 = FACE_OUTER_BOUND ( 'NONE', #5146, .T. ) ;
#368 = ORIENTED_EDGE ( 'NONE', *, *, #9177, .T. ) ;
#369 = LINE ( 'NONE', #2158, #3588 ) ;
#370 = PLANE ( 'NONE',  #8784 ) ;
#371 = CARTESIAN_POINT ( 'NONE',  ( -10.75000000000000000, 1.879999999999976357, 8.900000000000002132 ) ) ;
#372 = AXIS2_PLACEMENT_3D ( 'NONE', #4969, #5081, #814 ) ;
#373 = CARTESIAN_POINT ( 'NONE',  ( -13.83902340762099925, -2.548524879648023767, 5.300000000000002487 ) ) ;
#374 = VECTOR ( 'NONE', #6795, 1000.000000000000000 ) ;
#375 = EDGE_LOOP ( 'NONE', ( #1412, #2200, #4768, #253 ) ) ;
#376 = DIRECTION ( 'NONE',  ( 5.921189464668000530E-14, 0.000000000000000000, 1.000000000000000000 ) ) ;
#377 = DIRECTION ( 'NONE',  ( 0.000000000000000000, 1.000000000000000000, 0.000000000000000000 ) ) ;
#378 = VERTEX_POINT ( 'NONE', #6353 ) ;
#379 = EDGE_CURVE ( 'NONE', #8476, #8057, #6455, .T. ) ;
#380 = ORIENTED_EDGE ( 'NONE', *, *, #8260, .F. ) ;
#381 = VECTOR ( 'NONE', #5521, 1000.000000000000000 ) ;
#382 = CARTESIAN_POINT ( 'NONE',  ( -13.35000000000000142, -2.341876692568689577E-14, 5.300000000000002487 ) ) ;
#383 = VECTOR ( 'NONE', #11049, 1000.000000000000000 ) ;
#384 = LINE ( 'NONE', #2120, #9751 ) ;
#385 = CARTESIAN_POINT ( 'NONE',  ( -13.26579872257700288, -3.253451369400023552, 3.583685245715702905 ) ) ;
#386 = VERTEX_POINT ( 'NONE', #4096 ) ;
#387 = DIRECTION ( 'NONE',  ( 1.000000000000000000, 0.000000000000000000, 0.000000000000000000 ) ) ;
#388 = LINE ( 'NONE', #7276, #3127 ) ;
#389 = DIRECTION ( 'NONE',  ( 0.000000000000000000, 0.000000000000000000, 1.000000000000000000 ) ) ;
#390 = VECTOR ( 'NONE', #4669, 1000.000000000000000 ) ;
#391 = AXIS2_PLACEMENT_3D ( 'NONE', #5084, #1663, #1770 ) ;
#392 = LINE ( 'NONE', #7902, #3485 ) ;
#393 = ORIENTED_EDGE ( 'NONE', *, *, #7349, .T. ) ;
#394 = EDGE_LOOP ( 'NONE', ( #9107, #137, #10622, #4672 ) ) ;
#395 = ORIENTED_EDGE ( 'NONE', *, *, #5935, .F. ) ;
#396 = ORIENTED_EDGE ( 'NONE', *, *, #10288, .F. ) ;
#397 = DIRECTION ( 'NONE',  ( 0.000000000000000000, 0.000000000000000000, 1.000000000000000000 ) ) ;
#398 = EDGE_LOOP ( 'NONE', ( #6229, #5857, #10624, #9288 ) ) ;
#399 = VECTOR ( 'NONE', #4625, 1000.000000000000000 ) ;
#400 = VECTOR ( 'NONE', #5713, 1000.000000000000000 ) ;
#401 = CARTESIAN_POINT ( 'NONE',  ( -13.35000000000000142, -3.213307999459886322, 3.617219978037521155 ) ) ;
#402 = CARTESIAN_POINT ( 'NONE',  ( -15.32000000000000028, 2.109999999999976339, 0.3500000000000021982 ) ) ;
#403 = CARTESIAN_POINT ( 'NONE',  ( -2.049999999999999822, -2.090000000000023395, 4.300000000000001599 ) ) ;
#404 = DIRECTION ( 'NONE',  ( 1.000000000000000000, 0.000000000000000000, 0.000000000000000000 ) ) ;
#405 = EDGE_CURVE ( 'NONE', #2548, #8476, #10904, .T. ) ;
#406 = VECTOR ( 'NONE', #7868, 1000.000000000000114 ) ;
#407 = FACE_OUTER_BOUND ( 'NONE', #8037, .T. ) ;
#408 = ADVANCED_FACE ( 'NONE', ( #3725 ), #7137, .T. ) ;
#409 = CARTESIAN_POINT ( 'NONE',  ( -15.32000000000000028, 4.359999999999976339, 0.3500000000000021982 ) ) ;
#410 = VERTEX_POINT ( 'NONE', #8919 ) ;
#411 = VERTEX_POINT ( 'NONE', #5517 ) ;
#412 = LINE ( 'NONE', #2988, #10732 ) ;
#413 = LINE ( 'NONE', #3832, #7967 ) ;
#414 = VECTOR ( 'NONE', #1871, 1000.000000000000114 ) ;
#415 = CARTESIAN_POINT ( 'NONE',  ( -12.31999999999999851, 2.749999999999976463, 2.296000000000002039 ) ) ;
#416 = PLANE ( 'NONE',  #9340 ) ;
#417 = EDGE_CURVE ( 'NONE', #9359, #7059, #1566, .T. ) ;
#418 = CARTESIAN_POINT ( 'NONE',  ( 3.319999999999999840, 0.9999999999999763522, 0.8500000000000021982 ) ) ;
#419 = EDGE_CURVE ( 'NONE', #3248, #1235, #6666, .T. ) ;
#420 = ORIENTED_EDGE ( 'NONE', *, *, #6959, .T. ) ;
#421 = ORIENTED_EDGE ( 'NONE', *, *, #2433, .F. ) ;
#422 = DIRECTION ( 'NONE',  ( -0.000000000000000000, 0.9363291775690363306, 0.3511234415884135762 ) ) ;
#423 = PLANE ( 'NONE',  #4501 ) ;
#424 = LINE ( 'NONE', #9613, #8261 ) ;
#425 = EDGE_CURVE ( 'NONE', #4839, #4273, #4992, .T. ) ;
#426 = CARTESIAN_POINT ( 'NONE',  ( 3.319999999999999840, 4.359999999999976339, -0.9999999999999983347 ) ) ;
#427 = EDGE_CURVE ( 'NONE', #11074, #542, #10961, .T. ) ;
#428 = EDGE_LOOP ( 'NONE', ( #7981, #6906, #3316, #5333 ) ) ;
#429 = CARTESIAN_POINT ( 'NONE',  ( -11.67999999999999972, 3.484999999999976339, -0.3199999999999982303 ) ) ;
#430 = VECTOR ( 'NONE', #9286, 1000.000000000000000 ) ;
#431 = DIRECTION ( 'NONE',  ( 1.480297366167000132E-14, 1.000000000000000000, 0.000000000000000000 ) ) ;
#432 = EDGE_CURVE ( 'NONE', #8525, #9242, #10482, .T. ) ;
#433 = ORIENTED_EDGE ( 'NONE', *, *, #7562, .T. ) ;
#434 = VERTEX_POINT ( 'NONE', #7859 ) ;
#435 = ADVANCED_FACE ( 'NONE', ( #2822 ), #5462, .F. ) ;
#436 = CARTESIAN_POINT ( 'NONE',  ( -18.32000000000000028, 4.359999999999976339, 8.900000000000002132 ) ) ;
#437 = CARTESIAN_POINT ( 'NONE',  ( -3.319999999999999840, 2.429999999999976623, 3.950000000000001954 ) ) ;
#438 = VECTOR ( 'NONE', #8229, 1000.000000000000000 ) ;
#439 = LINE ( 'NONE', #4871, #7891 ) ;
#440 = LINE ( 'NONE', #7493, #6224 ) ;
#441 = ORIENTED_EDGE ( 'NONE', *, *, #1029, .F. ) ;
#442 = DIRECTION ( 'NONE',  ( -1.000000000000000000, 0.000000000000000000, 0.000000000000000000 ) ) ;
#443 = CARTESIAN_POINT ( 'NONE',  ( 1.959999999999999964, 0.4999999999999763522, 0.8500000000000021982 ) ) ;
#444 = CARTESIAN_POINT ( 'NONE',  ( -12.31999999999999851, 3.304999999999976179, 0.2700000000000020162 ) ) ;
#445 = AXIS2_PLACEMENT_3D ( 'NONE', #6743, #969, #3550 ) ;
#446 = CARTESIAN_POINT ( 'NONE',  ( -9.320000000000000284, 1.554999999999976623, -0.3199999999999982303 ) ) ;
#447 = VERTEX_POINT ( 'NONE', #1085 ) ;
#448 = VECTOR ( 'NONE', #3849, 1000.000000000000114 ) ;
#449 = ORIENTED_EDGE ( 'NONE', *, *, #7217, .F. ) ;
#450 = ORIENTED_EDGE ( 'NONE', *, *, #5030, .T. ) ;
#451 = ORIENTED_EDGE ( 'NONE', *, *, #2354, .T. ) ;
#452 = CARTESIAN_POINT ( 'NONE',  ( -1.649999999999999911, -3.340002500117912998, 4.213478367283976844 ) ) ;
#453 = ORIENTED_EDGE ( 'NONE', *, *, #8908, .T. ) ;
#454 = DIRECTION ( 'NONE',  ( 0.7071067811865475727, 0.000000000000000000, 0.7071067811865475727 ) ) ;
#455 = VECTOR ( 'NONE', #6900, 1000.000000000000000 ) ;
#456 = EDGE_CURVE ( 'NONE', #2842, #563, #8032, .T. ) ;
#457 = CARTESIAN_POINT ( 'NONE',  ( -5.679999999999999716, 2.749999999999976463, 2.296000000000002039 ) ) ;
#458 = CARTESIAN_POINT ( 'NONE',  ( 0.3200000000000008393, 3.699999999999976641, -0.3299999999999978506 ) ) ;
#459 = CARTESIAN_POINT ( 'NONE',  ( 3.319999999999999840, 3.304999999999976179, -0.3299999999999978506 ) ) ;
#460 = VECTOR ( 'NONE', #9555, 1000.000000000000000 ) ;
#461 = DIRECTION ( 'NONE',  ( 0.000000000000000000, -1.000000000000000000, 0.000000000000000000 ) ) ;
#462 = AXIS2_PLACEMENT_3D ( 'NONE', #5722, #7287, #2358 ) ;
#463 = ORIENTED_EDGE ( 'NONE', *, *, #9058, .T. ) ;
#464 = ORIENTED_EDGE ( 'NONE', *, *, #833, .F. ) ;
#465 = DIRECTION ( 'NONE',  ( -0.000000000000000000, 1.000000000000000000, 0.000000000000000000 ) ) ;
#466 = ORIENTED_EDGE ( 'NONE', *, *, #4267, .F. ) ;
#467 = ORIENTED_EDGE ( 'NONE', *, *, #2162, .F. ) ;
#468 = CARTESIAN_POINT ( 'NONE',  ( -15.32000000000000028, 0.7499999999999763522, -0.9999999999999983347 ) ) ;
#469 = FACE_OUTER_BOUND ( 'NONE', #653, .T. ) ;
#470 = AXIS2_PLACEMENT_3D ( 'NONE', #7525, #10701, #10818 ) ;
#471 = DIRECTION ( 'NONE',  ( 0.000000000000000000, 1.000000000000000000, 0.000000000000000000 ) ) ;
#472 = DIRECTION ( 'NONE',  ( 0.000000000000000000, 0.000000000000000000, -1.000000000000000000 ) ) ;
#473 = ADVANCED_FACE ( 'NONE', ( #407 ), #9649, .T. ) ;
#474 = ADVANCED_FACE ( 'NONE', ( #3723 ), #8872, .T. ) ;
#475 = LINE ( 'NONE', #418, #1938 ) ;
#476 = EDGE_LOOP ( 'NONE', ( #9688, #6554, #9236, #4108 ) ) ;
#477 = ORIENTED_EDGE ( 'NONE', *, *, #9557, .F. ) ;
#478 = LINE ( 'NONE', #7312, #5200 ) ;
#479 = FACE_OUTER_BOUND ( 'NONE', #2157, .T. ) ;
#480 = LINE ( 'NONE', #8379, #9326 ) ;
#481 = EDGE_CURVE ( 'NONE', #3757, #3712, #2093, .T. ) ;
#482 = DIRECTION ( 'NONE',  ( 0.000000000000000000, 0.000000000000000000, -1.000000000000000000 ) ) ;
#483 = ORIENTED_EDGE ( 'NONE', *, *, #6565, .T. ) ;
#484 = CARTESIAN_POINT ( 'NONE',  ( -18.32000000000000028, 3.699999999999976641, -0.9999999999999983347 ) ) ;
#485 = DIRECTION ( 'NONE',  ( 0.000000000000000000, 0.000000000000000000, -1.000000000000000000 ) ) ;
#486 = EDGE_CURVE ( 'NONE', #1608, #2165, #250, .T. ) ;
#487 = ORIENTED_EDGE ( 'NONE', *, *, #2721, .T. ) ;
#488 = ORIENTED_EDGE ( 'NONE', *, *, #5123, .F. ) ;
#489 = EDGE_CURVE ( 'NONE', #2459, #6443, #9595, .T. ) ;
#490 = LINE ( 'NONE', #3856, #9787 ) ;
#491 = CARTESIAN_POINT ( 'NONE',  ( -8.799999999999998934, 5.564999999999976410, 6.400000000000002132 ) ) ;
#492 = PLANE ( 'NONE',  #1224 ) ;
#493 = FACE_OUTER_BOUND ( 'NONE', #2087, .T. ) ;
#494 = FACE_OUTER_BOUND ( 'NONE', #10734, .T. ) ;
#495 = VECTOR ( 'NONE', #8929, 1000.000000000000000 ) ;
#496 = ORIENTED_EDGE ( 'NONE', *, *, #1747, .T. ) ;
#497 = CARTESIAN_POINT ( 'NONE',  ( -1.809764999516997097, -3.343929029826026245, 3.755083687681102234 ) ) ;
#498 = LINE ( 'NONE', #3918, #9383 ) ;
#499 = FACE_OUTER_BOUND ( 'NONE', #9173, .T. ) ;
#500 = DIRECTION ( 'NONE',  ( 0.000000000000000000, 0.000000000000000000, 1.000000000000000000 ) ) ;
#501 = ORIENTED_EDGE ( 'NONE', *, *, #1184, .T. ) ;
#502 = EDGE_CURVE ( 'NONE', #1116, #1359, #6242, .T. ) ;
#503 = ORIENTED_EDGE ( 'NONE', *, *, #1432, .F. ) ;
#504 = PRODUCT_DEFINITION ( 'UNKNOWN', '', #3377, #2844 ) ;
#505 = ORIENTED_EDGE ( 'NONE', *, *, #9100, .F. ) ;
#506 = EDGE_CURVE ( 'NONE', #10279, #7012, #1987, .T. ) ;
#507 = ORIENTED_EDGE ( 'NONE', *, *, #4056, .F. ) ;
#508 = CARTESIAN_POINT ( 'NONE',  ( -1.649999999999999911, -3.327527917929696599, 4.641263380063032074 ) ) ;
#509 = ORIENTED_EDGE ( 'NONE', *, *, #7436, .F. ) ;
#510 = AXIS2_PLACEMENT_3D ( 'NONE', #4304, #6880, #7665 ) ;
#511 = DIRECTION ( 'NONE',  ( -1.000000000000000000, 0.000000000000000000, 0.000000000000000000 ) ) ;
#512 = DIRECTION ( 'NONE',  ( 0.000000000000000000, 1.000000000000000000, 0.000000000000000000 ) ) ;
#513 = CARTESIAN_POINT ( 'NONE',  ( -6.319999999999999396, 4.359999999999976339, -0.9999999999999983347 ) ) ;
#514 = CARTESIAN_POINT ( 'NONE',  ( 3.319999999999999840, 1.554999999999976623, 0.2700000000000020162 ) ) ;
#515 = AXIS2_PLACEMENT_3D ( 'NONE', #3774, #4449, #6186 ) ;
#516 = PLANE ( 'NONE',  #5473 ) ;
#517 = ORIENTED_EDGE ( 'NONE', *, *, #974, .T. ) ;
#518 = ORIENTED_EDGE ( 'NONE', *, *, #425, .T. ) ;
#519 = EDGE_CURVE ( 'NONE', #844, #7711, #8817, .T. ) ;
#520 = DIRECTION ( 'NONE',  ( 0.000000000000000000, 0.000000000000000000, 1.000000000000000000 ) ) ;
#521 = ORIENTED_EDGE ( 'NONE', *, *, #7110, .T. ) ;
#522 = ORIENTED_EDGE ( 'NONE', *, *, #82, .F. ) ;
#523 = CARTESIAN_POINT ( 'NONE',  ( -5.679999999999999716, 1.554999999999976623, -0.3199999999999982303 ) ) ;
#524 = PLANE ( 'NONE',  #5640 ) ;
#525 = VECTOR ( 'NONE', #3366, 1000.000000000000114 ) ;
#526 = CARTESIAN_POINT ( 'NONE',  ( -11.44999999999999929, 1.179999999999976401, 2.296000000000002039 ) ) ;
#527 = CARTESIAN_POINT ( 'NONE',  ( -6.319999999999999396, 3.484999999999976339, 0.3500000000000021982 ) ) ;
#528 = LINE ( 'NONE', #3946, #7994 ) ;
#529 = DIRECTION ( 'NONE',  ( 1.000000000000000000, 0.000000000000000000, 0.000000000000000000 ) ) ;
#530 = EDGE_CURVE ( 'NONE', #6499, #9726, #7186, .T. ) ;
#531 = ORIENTED_EDGE ( 'NONE', *, *, #1385, .T. ) ;
#532 = ORIENTED_EDGE ( 'NONE', *, *, #3287, .F. ) ;
#533 = VECTOR ( 'NONE', #4784, 1000.000000000000114 ) ;
#534 = CARTESIAN_POINT ( 'NONE',  ( -6.000000000000000000, 2.674999999999976286, 6.300000000000001599 ) ) ;
#535 = DIRECTION ( 'NONE',  ( 0.000000000000000000, 0.000000000000000000, 1.000000000000000000 ) ) ;
#536 = CARTESIAN_POINT ( 'NONE',  ( -2.680000000000000160, 3.699999999999976641, -0.3299999999999978506 ) ) ;
#537 = EDGE_CURVE ( 'NONE', #9329, #3199, #3775, .T. ) ;
#538 = CARTESIAN_POINT ( 'NONE',  ( -9.320000000000000284, 4.359999999999976339, -0.9999999999999983347 ) ) ;
#539 = ORIENTED_EDGE ( 'NONE', *, *, #4179, .F. ) ;
#540 = DIRECTION ( 'NONE',  ( 0.000000000000000000, 0.000000000000000000, -1.000000000000000000 ) ) ;
#541 = CARTESIAN_POINT ( 'NONE',  ( -7.750000000000000000, 3.679999999999976623, 2.296000000000002039 ) ) ;
#542 = VERTEX_POINT ( 'NONE', #6352 ) ;
#543 = VECTOR ( 'NONE', #10183, 1000.000000000000000 ) ;
#544 = EDGE_LOOP ( 'NONE', ( #6991, #4842, #4989, #2104 ) ) ;
#545 = ADVANCED_FACE ( 'NONE', ( #8085 ), #682, .T. ) ;
#546 = CARTESIAN_POINT ( 'NONE',  ( 1.250000000000001110, 1.879999999999976357, 8.900000000000002132 ) ) ;
#547 = DIRECTION ( 'NONE',  ( 0.000000000000000000, 0.000000000000000000, -1.000000000000000000 ) ) ;
#548 = FACE_OUTER_BOUND ( 'NONE', #3762, .T. ) ;
#549 = CARTESIAN_POINT ( 'NONE',  ( 1.919999999999999929, 3.679999999999976623, 7.500000000000002665 ) ) ;
#550 = DIRECTION ( 'NONE',  ( -1.000000000000000000, 0.000000000000000000, 0.000000000000000000 ) ) ;
#551 = ORIENTED_EDGE ( 'NONE', *, *, #10200, .T. ) ;
#552 = CARTESIAN_POINT ( 'NONE',  ( -1.749999999999999778, 1.179999999999976401, 8.900000000000002132 ) ) ;
#553 = LINE ( 'NONE', #10788, #7771 ) ;
#554 = DIRECTION ( 'NONE',  ( 1.000000000000000000, 0.000000000000000000, 0.000000000000000000 ) ) ;
#555 = AXIS2_PLACEMENT_3D ( 'NONE', #9544, #9600, #5193 ) ;
#556 = CARTESIAN_POINT ( 'NONE',  ( -13.25000000000000000, 1.179999999999976401, 2.296000000000002039 ) ) ;
#557 = EDGE_LOOP ( 'NONE', ( #3484, #7475, #2503, #3581, #2256, #10257 ) ) ;
#558 = AXIS2_PLACEMENT_3D ( 'NONE', #9420, #9473, #5236 ) ;
#559 = ORIENTED_EDGE ( 'NONE', *, *, #5100, .T. ) ;
#560 = ORIENTED_EDGE ( 'NONE', *, *, #7656, .F. ) ;
#561 = ORIENTED_EDGE ( 'NONE', *, *, #1050, .T. ) ;
#562 = CARTESIAN_POINT ( 'NONE',  ( -1.649999999999999689, -3.339641532670580837, 4.154184087254136237 ) ) ;
#563 = VERTEX_POINT ( 'NONE', #7982 ) ;
#564 = PLANE ( 'NONE',  #10547 ) ;
#565 = EDGE_CURVE ( 'NONE', #2273, #10311, #5983, .T. ) ;
#566 = VECTOR ( 'NONE', #4198, 1000.000000000000000 ) ;
#567 = DIRECTION ( 'NONE',  ( 0.000000000000000000, 0.000000000000000000, -1.000000000000000000 ) ) ;
#568 = VECTOR ( 'NONE', #7536, 1000.000000000000000 ) ;
#569 = LINE ( 'NONE', #10802, #7929 ) ;
#570 = DIRECTION ( 'NONE',  ( 0.000000000000000000, 1.000000000000000000, 0.000000000000000000 ) ) ;
#571 = CARTESIAN_POINT ( 'NONE',  ( 0.1700000000000000122, 2.599999999999976552, 6.500000000000002665 ) ) ;
#572 = EDGE_CURVE ( 'NONE', #411, #1933, #1723, .T. ) ;
#573 = EDGE_LOOP ( 'NONE', ( #9237, #7995, #3541, #8906, #3023, #811 ) ) ;
#574 = VERTEX_POINT ( 'NONE', #3613 ) ;
#575 = VECTOR ( 'NONE', #7585, 1000.000000000000000 ) ;
#576 = VECTOR ( 'NONE', #4217, 1000.000000000000000 ) ;
#577 = ORIENTED_EDGE ( 'NONE', *, *, #9233, .T. ) ;
#578 = EDGE_LOOP ( 'NONE', ( #6986, #7775, #10025, #3001, #5326, #1293, #8735, #10344 ) ) ;
#579 = LINE ( 'NONE', #10924, #1098 ) ;
#580 = DIRECTION ( 'NONE',  ( 0.000000000000000000, -1.000000000000000000, 0.000000000000000000 ) ) ;
#581 = CARTESIAN_POINT ( 'NONE',  ( -2.680000000000000160, 2.109999999999976339, 2.296000000000002039 ) ) ;
#582 = DIRECTION ( 'NONE',  ( 0.000000000000000000, 1.000000000000000000, 0.000000000000000000 ) ) ;
#583 = CARTESIAN_POINT ( 'NONE',  ( -5.679999999999999716, 0.7499999999999763522, 0.3500000000000021982 ) ) ;
#584 = VECTOR ( 'NONE', #5253, 1000.000000000000000 ) ;
#585 = LINE ( 'NONE', #7308, #5164 ) ;
#586 = LINE ( 'NONE', #4181, #3622 ) ;
#587 = ORIENTED_EDGE ( 'NONE', *, *, #7070, .F. ) ;
#588 = DIRECTION ( 'NONE',  ( 0.000000000000000000, 1.000000000000000000, 0.000000000000000000 ) ) ;
#589 = VECTOR ( 'NONE', #8642, 1000.000000000000000 ) ;
#590 = PLANE ( 'NONE',  #5018 ) ;
#591 = DIRECTION ( 'NONE',  ( -0.000000000000000000, 1.000000000000000000, 0.000000000000000000 ) ) ;
#592 = CARTESIAN_POINT ( 'NONE',  ( 3.319999999999999840, 1.554999999999976623, 0.2700000000000020162 ) ) ;
#593 = DIRECTION ( 'NONE',  ( 0.3312945782245003690, -0.8834522085988016915, -0.3312945782245003690 ) ) ;
#594 = ORIENTED_EDGE ( 'NONE', *, *, #7060, .T. ) ;
#595 = EDGE_CURVE ( 'NONE', #10085, #3778, #7922, .T. ) ;
#596 = DIRECTION ( 'NONE',  ( 0.000000000000000000, 1.000000000000000000, 0.000000000000000000 ) ) ;
#597 = VECTOR ( 'NONE', #3653, 1000.000000000000000 ) ;
#598 = DIRECTION ( 'NONE',  ( 0.000000000000000000, 0.000000000000000000, -1.000000000000000000 ) ) ;
#599 = ORIENTED_EDGE ( 'NONE', *, *, #4308, .F. ) ;
#600 = VERTEX_POINT ( 'NONE', #2044 ) ;
#601 = FACE_BOUND ( 'NONE', #8649, .T. ) ;
#602 = CARTESIAN_POINT ( 'NONE',  ( -9.320000000000000284, 1.554999999999976623, -0.3199999999999982303 ) ) ;
#603 = PLANE ( 'NONE',  #7838 ) ;
#604 = LINE ( 'NONE', #4083, #3785 ) ;
#605 = LINE ( 'NONE', #4032, #6939 ) ;
#606 = ADVANCED_FACE ( 'NONE', ( #9641 ), #10474, .F. ) ;
#607 = ORIENTED_EDGE ( 'NONE', *, *, #4687, .F. ) ;
#608 = CARTESIAN_POINT ( 'NONE',  ( -0.3199999999999999512, 3.699999999999976641, -0.9999999999999983347 ) ) ;
#609 = CARTESIAN_POINT ( 'NONE',  ( -14.83000000000000007, -3.220000000000023288, 0.1700000000000021771 ) ) ;
#610 = LINE ( 'NONE', #8343, #6735 ) ;
#611 = EDGE_CURVE ( 'NONE', #5953, #4039, #5346, .T. ) ;
#612 = CARTESIAN_POINT ( 'NONE',  ( -6.200000000000000178, 5.564999999999976410, 6.400000000000002132 ) ) ;
#613 = ORIENTED_EDGE ( 'NONE', *, *, #456, .F. ) ;
#614 = VERTEX_POINT ( 'NONE', #7013 ) ;
#615 = ORIENTED_EDGE ( 'NONE', *, *, #6707, .T. ) ;
#616 = VECTOR ( 'NONE', #1969, 1000.000000000000000 ) ;
#617 = ORIENTED_EDGE ( 'NONE', *, *, #572, .F. ) ;
#618 = CARTESIAN_POINT ( 'NONE',  ( -1.649999999999999467, -3.310089774570847077, 3.859913374388975527 ) ) ;
#619 = ORIENTED_EDGE ( 'NONE', *, *, #425, .F. ) ;
#620 = CARTESIAN_POINT ( 'NONE',  ( -9.320000000000000284, 4.359999999999976339, 0.3500000000000021982 ) ) ;
#621 = ORIENTED_EDGE ( 'NONE', *, *, #1322, .T. ) ;
#622 = CARTESIAN_POINT ( 'NONE',  ( 3.319999999999999840, 1.554999999999976623, -0.3299999999999978506 ) ) ;
#623 = CARTESIAN_POINT ( 'NONE',  ( -0.3199999999999999512, -2.820000000000023821, -0.3199999999999982303 ) ) ;
#624 = CARTESIAN_POINT ( 'NONE',  ( -16.96000000000000085, 3.304999999999976179, 0.2700000000000020162 ) ) ;
#625 = ADVANCED_FACE ( 'NONE', ( #9586 ), #7126, .T. ) ;
#626 = VECTOR ( 'NONE', #10843, 1000.000000000000000 ) ;
#627 = FACE_OUTER_BOUND ( 'NONE', #1642, .T. ) ;
#628 = EDGE_CURVE ( 'NONE', #2395, #9902, #6232, .T. ) ;
#629 = ORIENTED_EDGE ( 'NONE', *, *, #2491, .T. ) ;
#630 = EDGE_LOOP ( 'NONE', ( #8112, #8236, #11062, #8123 ) ) ;
#631 = ORIENTED_EDGE ( 'NONE', *, *, #2536, .T. ) ;
#632 = EDGE_LOOP ( 'NONE', ( #5380, #10933, #9197, #10419 ) ) ;
#633 = VECTOR ( 'NONE', #5027, 1000.000000000000000 ) ;
#634 = DIRECTION ( 'NONE',  ( 0.000000000000000000, 0.000000000000000000, 1.000000000000000000 ) ) ;
#635 = LINE ( 'NONE', #10759, #6527 ) ;
#636 = AXIS2_PLACEMENT_3D ( 'NONE', #3354, #7607, #4979 ) ;
#637 = CARTESIAN_POINT ( 'NONE',  ( -8.799999999999998934, 4.364999999999976232, 8.350000000000003197 ) ) ;
#638 = CARTESIAN_POINT ( 'NONE',  ( -16.25000000000000000, 1.179999999999976401, 2.296000000000002039 ) ) ;
#639 = DIRECTION ( 'NONE',  ( 0.000000000000000000, 0.000000000000000000, -1.000000000000000000 ) ) ;
#640 = VECTOR ( 'NONE', #6178, 1000.000000000000000 ) ;
#641 = FILL_AREA_STYLE_COLOUR ( '', #8199 ) ;
#642 = EDGE_CURVE ( 'NONE', #10028, #7907, #3067, .T. ) ;
#643 = DIRECTION ( 'NONE',  ( 0.000000000000000000, 0.000000000000000000, -1.000000000000000000 ) ) ;
#644 = ORIENTED_EDGE ( 'NONE', *, *, #2887, .T. ) ;
#645 = CARTESIAN_POINT ( 'NONE',  ( -7.249999999999999112, 1.879999999999976357, 8.900000000000002132 ) ) ;
#646 = EDGE_CURVE ( 'NONE', #10291, #6065, #1808, .T. ) ;
#647 = DIRECTION ( 'NONE',  ( 0.000000000000000000, -1.000000000000000000, 0.000000000000000000 ) ) ;
#648 = CARTESIAN_POINT ( 'NONE',  ( -10.24999999999999822, 3.679999999999976623, 2.296000000000002039 ) ) ;
#649 = CARTESIAN_POINT ( 'NONE',  ( -6.549999999999999822, 1.179999999999976401, 8.900000000000002132 ) ) ;
#650 = CARTESIAN_POINT ( 'NONE',  ( -9.320000000000000284, 3.304999999999976179, 0.2700000000000020162 ) ) ;
#651 = FACE_OUTER_BOUND ( 'NONE', #2945, .T. ) ;
#652 = ORIENTED_EDGE ( 'NONE', *, *, #7111, .F. ) ;
#653 = EDGE_LOOP ( 'NONE', ( #1347, #2559, #10865, #7502 ) ) ;
#654 = DIRECTION ( 'NONE',  ( 0.000000000000000000, 0.000000000000000000, 1.000000000000000000 ) ) ;
#655 = EDGE_CURVE ( 'NONE', #1753, #5264, #182, .T. ) ;
#656 = LINE ( 'NONE', #3408, #10635 ) ;
#657 = FACE_OUTER_BOUND ( 'NONE', #4480, .T. ) ;
#658 = DIRECTION ( 'NONE',  ( -0.7071067811865474617, 0.000000000000000000, 0.7071067811865474617 ) ) ;
#659 = CARTESIAN_POINT ( 'NONE',  ( -9.244999999999999218, 2.429999999999976623, 6.300000000000001599 ) ) ;
#660 = VERTEX_POINT ( 'NONE', #1922 ) ;
#661 = CARTESIAN_POINT ( 'NONE',  ( -12.31999999999999851, 4.359999999999976339, -0.9999999999999983347 ) ) ;
#662 = LINE ( 'NONE', #8392, #7238 ) ;
#663 = CARTESIAN_POINT ( 'NONE',  ( -2.680000000000000160, 1.159999999999976383, -0.9999999999999983347 ) ) ;
#664 = FACE_OUTER_BOUND ( 'NONE', #3533, .T. ) ;
#665 = ORIENTED_EDGE ( 'NONE', *, *, #991, .F. ) ;
#666 = VERTEX_POINT ( 'NONE', #1977 ) ;
#667 = ORIENTED_EDGE ( 'NONE', *, *, #1080, .T. ) ;
#668 = LINE ( 'NONE', #4209, #1784 ) ;
#669 = VERTEX_POINT ( 'NONE', #295 ) ;
#670 = CARTESIAN_POINT ( 'NONE',  ( -1.649999999999999467, -3.336713164364463413, 4.062112935119719381 ) ) ;
#671 = ORIENTED_EDGE ( 'NONE', *, *, #4110, .F. ) ;
#672 = AXIS2_PLACEMENT_3D ( 'NONE', #9384, #5087, #7709 ) ;
#673 = LINE ( 'NONE', #2631, #8415 ) ;
#674 = ORIENTED_EDGE ( 'NONE', *, *, #1595, .F. ) ;
#675 = DIRECTION ( 'NONE',  ( 0.000000000000000000, -1.000000000000000000, 0.000000000000000000 ) ) ;
#676 = DIRECTION ( 'NONE',  ( 3.552713678800000097E-13, -1.110223024625000030E-14, -1.000000000000000000 ) ) ;
#677 = PLANE ( 'NONE',  #5359 ) ;
#678 = AXIS2_PLACEMENT_3D ( 'NONE', #4430, #7837, #10406 ) ;
#679 = CARTESIAN_POINT ( 'NONE',  ( -6.319999999999999396, 4.359999999999976339, -0.9999999999999983347 ) ) ;
#680 = AXIS2_PLACEMENT_3D ( 'NONE', #1654, #1480, #6863 ) ;
#681 = ORIENTED_EDGE ( 'NONE', *, *, #9936, .F. ) ;
#682 = CONICAL_SURFACE ( 'NONE', #4986, 1.300797159099999822, 0.6701296923007377115 ) ;
#683 = VERTEX_POINT ( 'NONE', #2756 ) ;
#684 = VERTEX_POINT ( 'NONE', #7326 ) ;
#685 = ORIENTED_EDGE ( 'NONE', *, *, #7716, .T. ) ;
#686 = EDGE_CURVE ( 'NONE', #8417, #4797, #7912, .T. ) ;
#687 = CARTESIAN_POINT ( 'NONE',  ( 0.3200000000000008393, 4.359999999999976339, 0.3500000000000021982 ) ) ;
#688 = DIRECTION ( 'NONE',  ( 0.000000000000000000, 0.000000000000000000, -1.000000000000000000 ) ) ;
#689 = EDGE_CURVE ( 'NONE', #9764, #10176, #1077, .T. ) ;
#690 = CARTESIAN_POINT ( 'NONE',  ( -3.319999999999999840, 4.359999999999976339, 0.3500000000000021982 ) ) ;
#691 = LINE ( 'NONE', #4010, #1479 ) ;
#692 = CARTESIAN_POINT ( 'NONE',  ( -9.320000000000000284, 0.7499999999999763522, 0.3500000000000021982 ) ) ;
#693 = CARTESIAN_POINT ( 'NONE',  ( -3.169999999999999929, 2.259999999999976250, 6.500000000000002665 ) ) ;
#694 = CARTESIAN_POINT ( 'NONE',  ( -16.96000000000000085, 3.699999999999976641, -0.3299999999999978506 ) ) ;
#695 = ORIENTED_EDGE ( 'NONE', *, *, #3684, .T. ) ;
#696 = ORIENTED_EDGE ( 'NONE', *, *, #10976, .F. ) ;
#697 = LINE ( 'NONE', #4124, #5720 ) ;
#698 = ADVANCED_FACE ( 'NONE', ( #4557 ), #492, .T. ) ;
#699 = DIRECTION ( 'NONE',  ( 1.000000000000000000, 0.000000000000000000, 0.000000000000000000 ) ) ;
#700 = LINE ( 'NONE', #3053, #8608 ) ;
#701 = CARTESIAN_POINT ( 'NONE',  ( -14.67999999999999794, 2.749999999999976463, 2.296000000000002039 ) ) ;
#702 = EDGE_CURVE ( 'NONE', #10660, #6806, #8638, .T. ) ;
#703 = ADVANCED_FACE ( 'NONE', ( #4389 ), #967, .T. ) ;
#704 = CARTESIAN_POINT ( 'NONE',  ( -10.75000000000000000, 3.679999999999976623, 8.900000000000002132 ) ) ;
#705 = DIRECTION ( 'NONE',  ( -0.000000000000000000, 1.000000000000000000, 0.000000000000000000 ) ) ;
#706 = AXIS2_PLACEMENT_3D ( 'NONE', #10369, #972, #7645 ) ;
#707 = VERTEX_POINT ( 'NONE', #3011 ) ;
#708 = ADVANCED_FACE ( 'NONE', ( #6429 ), #127, .T. ) ;
#709 = ORIENTED_EDGE ( 'NONE', *, *, #6311, .F. ) ;
#710 = CARTESIAN_POINT ( 'NONE',  ( -14.67999999999999794, 2.749999999999976463, 6.100000000000002309 ) ) ;
#711 = CARTESIAN_POINT ( 'NONE',  ( -13.25000000000000000, 1.179999999999976401, 8.900000000000002132 ) ) ;
#712 = CARTESIAN_POINT ( 'NONE',  ( -8.679999999999999716, 2.109999999999976339, 2.296000000000002039 ) ) ;
#713 = PLANE ( 'NONE',  #5934 ) ;
#714 = AXIS2_PLACEMENT_3D ( 'NONE', #6648, #10055, #2397 ) ;
#715 = ORIENTED_EDGE ( 'NONE', *, *, #8694, .F. ) ;
#716 = LINE ( 'NONE', #552, #5243 ) ;
#717 = LINE ( 'NONE', #4146, #9559 ) ;
#718 = CARTESIAN_POINT ( 'NONE',  ( -14.67999999999999794, -3.220000000000023288, 0.3200000000000021161 ) ) ;
#719 = ADVANCED_FACE ( 'NONE', ( #4757 ), #8167, .T. ) ;
#720 = VECTOR ( 'NONE', #3756, 1000.000000000000000 ) ;
#721 = VERTEX_POINT ( 'NONE', #6958 ) ;
#722 = VERTEX_POINT ( 'NONE', #10364 ) ;
#723 = ORIENTED_EDGE ( 'NONE', *, *, #134, .T. ) ;
#724 = DIRECTION ( 'NONE',  ( 0.000000000000000000, 1.000000000000000000, 0.000000000000000000 ) ) ;
#725 = PLANE ( 'NONE',  #9647 ) ;
#726 = VERTEX_POINT ( 'NONE', #1867 ) ;
#727 = DIRECTION ( 'NONE',  ( -1.000000000000000000, 0.000000000000000000, 0.000000000000000000 ) ) ;
#728 = VERTEX_POINT ( 'NONE', #7552 ) ;
#729 = LINE ( 'NONE', #3315, #5916 ) ;
#730 = VECTOR ( 'NONE', #7026, 1000.000000000000000 ) ;
#731 = ORIENTED_EDGE ( 'NONE', *, *, #7464, .T. ) ;
#732 = CARTESIAN_POINT ( 'NONE',  ( -9.320000000000000284, 1.554999999999976623, 0.2700000000000020162 ) ) ;
#733 = DIRECTION ( 'NONE',  ( 0.000000000000000000, 1.000000000000000000, 0.000000000000000000 ) ) ;
#734 = DIRECTION ( 'NONE',  ( 0.000000000000000000, 0.000000000000000000, -1.000000000000000000 ) ) ;
#735 = VECTOR ( 'NONE', #7192, 1000.000000000000114 ) ;
#736 = LINE ( 'NONE', #6847, #3854 ) ;
#737 = ADVANCED_FACE ( 'NONE', ( #4924 ), #9168, .T. ) ;
#738 = VERTEX_POINT ( 'NONE', #7438 ) ;
#739 = ORIENTED_EDGE ( 'NONE', *, *, #1242, .T. ) ;
#740 = VERTEX_POINT ( 'NONE', #5654 ) ;
#741 = ORIENTED_EDGE ( 'NONE', *, *, #1311, .F. ) ;
#742 = AXIS2_PLACEMENT_3D ( 'NONE', #6419, #8991, #4745 ) ;
#743 = VECTOR ( 'NONE', #10601, 1000.000000000000000 ) ;
#744 = CARTESIAN_POINT ( 'NONE',  ( -12.31999999999999851, 2.109999999999976339, 2.296000000000002039 ) ) ;
#745 = DIRECTION ( 'NONE',  ( -1.000000000000000000, 0.000000000000000000, 0.000000000000000000 ) ) ;
#746 = CARTESIAN_POINT ( 'NONE',  ( -15.32000000000000028, 0.7499999999999763522, 0.3200000000000021161 ) ) ;
#747 = CARTESIAN_POINT ( 'NONE',  ( -0.6752272915129999831, -2.090000000000023395, 3.300000000000002043 ) ) ;
#748 = LINE ( 'NONE', #80, #4646 ) ;
#749 = ADVANCED_FACE ( 'NONE', ( #10838 ), #5707, .F. ) ;
#750 = ADVANCED_FACE ( 'NONE', ( #1442 ), #10001, .F. ) ;
#751 = VECTOR ( 'NONE', #4677, 1000.000000000000000 ) ;
#752 = FACE_OUTER_BOUND ( 'NONE', #4268, .T. ) ;
#753 = DIRECTION ( 'NONE',  ( 0.000000000000000000, 1.000000000000000000, 0.000000000000000000 ) ) ;
#754 = ORIENTED_EDGE ( 'NONE', *, *, #1651, .T. ) ;
#755 = EDGE_LOOP ( 'NONE', ( #6426, #8799, #11001, #910, #1406, #8911, #7395 ) ) ;
#756 = CARTESIAN_POINT ( 'NONE',  ( -6.319999999999999396, 4.359999999999976339, 0.3500000000000021982 ) ) ;
#757 = DIRECTION ( 'NONE',  ( 0.000000000000000000, 1.000000000000000000, 0.000000000000000000 ) ) ;
#758 = CARTESIAN_POINT ( 'NONE',  ( 3.319999999999999840, 1.554999999999976623, -0.3299999999999978506 ) ) ;
#759 = ADVANCED_FACE ( 'NONE', ( #657 ), #1388, .F. ) ;
#760 = AXIS2_PLACEMENT_3D ( 'NONE', #8793, #4649, #7169 ) ;
#761 = CARTESIAN_POINT ( 'NONE',  ( -15.32000000000000028, 3.484999999999976339, -0.3199999999999982303 ) ) ;
#762 = CARTESIAN_POINT ( 'NONE',  ( -14.83000000000000007, 2.599999999999976552, 6.500000000000002665 ) ) ;
#763 = ADVANCED_FACE ( 'NONE', ( #3355 ), #6650, .T. ) ;
#764 = CARTESIAN_POINT ( 'NONE',  ( -6.319999999999999396, 2.429999999999976623, 3.950000000000001954 ) ) ;
#765 = EDGE_LOOP ( 'NONE', ( #1775, #496, #1043, #1910 ) ) ;
#766 = VECTOR ( 'NONE', #875, 1000.000000000000000 ) ;
#767 = ORIENTED_EDGE ( 'NONE', *, *, #10386, .F. ) ;
#768 = ADVANCED_FACE ( 'NONE', ( #3238 ), #10949, .T. ) ;
#769 = CARTESIAN_POINT ( 'NONE',  ( -14.67999999999999794, 4.359999999999976339, 0.3500000000000021982 ) ) ;
#770 = ADVANCED_FACE ( 'NONE', ( #1499 ), #9111, .T. ) ;
#771 = CARTESIAN_POINT ( 'NONE',  ( -14.67999999999999794, 3.484999999999976339, 0.3500000000000021982 ) ) ;
#772 = PLANE ( 'NONE',  #4450 ) ;
#773 = CARTESIAN_POINT ( 'NONE',  ( -18.32000000000000028, 1.159999999999976383, -0.3299999999999978506 ) ) ;
#774 = VECTOR ( 'NONE', #10202, 1000.000000000000000 ) ;
#775 = ORIENTED_EDGE ( 'NONE', *, *, #1941, .T. ) ;
#776 = DIRECTION ( 'NONE',  ( 1.000000000000000000, 0.000000000000000000, 0.000000000000000000 ) ) ;
#777 = EDGE_CURVE ( 'NONE', #2794, #3939, #3969, .T. ) ;
#778 = LINE ( 'NONE', #3358, #1334 ) ;
#779 = LINE ( 'NONE', #9234, #1156 ) ;
#780 = ORIENTED_EDGE ( 'NONE', *, *, #3098, .F. ) ;
#781 = EDGE_CURVE ( 'NONE', #8397, #4426, #9226, .T. ) ;
#782 = ORIENTED_EDGE ( 'NONE', *, *, #5377, .F. ) ;
#783 = VERTEX_POINT ( 'NONE', #3126 ) ;
#784 = EDGE_CURVE ( 'NONE', #4797, #9517, #8388, .T. ) ;
#785 = FACE_OUTER_BOUND ( 'NONE', #6423, .T. ) ;
#786 = EDGE_LOOP ( 'NONE', ( #10210, #1989, #7408, #9319 ) ) ;
#787 = CARTESIAN_POINT ( 'NONE',  ( -16.91999999999999815, 1.679999999999976401, 8.900000000000002132 ) ) ;
#788 = VERTEX_POINT ( 'NONE', #712 ) ;
#789 = LINE ( 'NONE', #3423, #2684 ) ;
#790 = VERTEX_POINT ( 'NONE', #5870 ) ;
#791 = CARTESIAN_POINT ( 'NONE',  ( -5.679999999999999716, 4.359999999999976339, 0.3500000000000021982 ) ) ;
#792 = DIRECTION ( 'NONE',  ( 0.000000000000000000, 1.000000000000000000, 0.000000000000000000 ) ) ;
#793 = CARTESIAN_POINT ( 'NONE',  ( -3.319999999999999840, 4.359999999999976339, -0.9999999999999983347 ) ) ;
#794 = CARTESIAN_POINT ( 'NONE',  ( 0.3200000000000008393, 4.359999999999976339, -0.9999999999999983347 ) ) ;
#795 = VECTOR ( 'NONE', #9993, 1000.000000000000000 ) ;
#796 = ORIENTED_EDGE ( 'NONE', *, *, #10288, .T. ) ;
#797 = ORIENTED_EDGE ( 'NONE', *, *, #7646, .T. ) ;
#798 = VERTEX_POINT ( 'NONE', #4138 ) ;
#799 = DIRECTION ( 'NONE',  ( 0.000000000000000000, -1.000000000000000000, 0.000000000000000000 ) ) ;
#800 = ORIENTED_EDGE ( 'NONE', *, *, #8936, .F. ) ;
#801 = ADVANCED_FACE ( 'NONE', ( #548 ), #603, .T. ) ;
#802 = FACE_OUTER_BOUND ( 'NONE', #10640, .T. ) ;
#803 = CARTESIAN_POINT ( 'NONE',  ( -2.680000000000000160, 3.699999999999976641, -0.9999999999999983347 ) ) ;
#804 = VECTOR ( 'NONE', #8780, 1000.000000000000000 ) ;
#805 = LINE ( 'NONE', #4116, #1652 ) ;
#806 = CARTESIAN_POINT ( 'NONE',  ( -1.013020276295999889, -2.419006550291023405, 3.300000000000002043 ) ) ;
#807 = CARTESIAN_POINT ( 'NONE',  ( -9.320000000000000284, 4.359999999999976339, -0.9999999999999983347 ) ) ;
#808 = AXIS2_PLACEMENT_3D ( 'NONE', #4957, #10814, #7357 ) ;
#809 = VECTOR ( 'NONE', #6617, 1000.000000000000000 ) ;
#810 = FACE_OUTER_BOUND ( 'NONE', #6726, .T. ) ;
#811 = ORIENTED_EDGE ( 'NONE', *, *, #10045, .F. ) ;
#812 = ORIENTED_EDGE ( 'NONE', *, *, #4951, .F. ) ;
#813 = LINE ( 'NONE', #8265, #4829 ) ;
#814 = DIRECTION ( 'NONE',  ( 0.000000000000000000, 1.000000000000000000, 0.000000000000000000 ) ) ;
#815 = CARTESIAN_POINT ( 'NONE',  ( -10.75000000000000000, 1.879999999999976357, 8.900000000000002132 ) ) ;
#816 = ADVANCED_FACE ( 'NONE', ( #8447 ), #772, .T. ) ;
#817 = ADVANCED_FACE ( 'NONE', ( #11005 ), #8281, .F. ) ;
#818 = CARTESIAN_POINT ( 'NONE',  ( -13.92979589711299937, -2.341876692568689577E-14, 3.300000000000002043 ) ) ;
#819 = LINE ( 'NONE', #36, #7920 ) ;
#820 = CARTESIAN_POINT ( 'NONE',  ( -6.319999999999999396, 4.359999999999976339, -0.9999999999999983347 ) ) ;
#821 = CARTESIAN_POINT ( 'NONE',  ( -8.679999999999999716, 0.7499999999999763522, 0.3200000000000021161 ) ) ;
#822 = ORIENTED_EDGE ( 'NONE', *, *, #11066, .T. ) ;
#823 = AXIS2_PLACEMENT_3D ( 'NONE', #3476, #950, #5831 ) ;
#824 = ORIENTED_EDGE ( 'NONE', *, *, #8565, .F. ) ;
#825 = EDGE_CURVE ( 'NONE', #6148, #7883, #9391, .T. ) ;
#826 = LINE ( 'NONE', #8555, #6976 ) ;
#827 = DIRECTION ( 'NONE',  ( 0.000000000000000000, 0.000000000000000000, -1.000000000000000000 ) ) ;
#828 = CARTESIAN_POINT ( 'NONE',  ( 3.319999999999999840, 4.359999999999976339, 2.296000000000002039 ) ) ;
#829 = ADVANCED_FACE ( 'NONE', ( #10390 ), #7880, .T. ) ;
#830 = CARTESIAN_POINT ( 'NONE',  ( 0.000000000000000000, 2.184999999999976517, 6.300000000000001599 ) ) ;
#831 = VECTOR ( 'NONE', #10870, 1000.000000000000000 ) ;
#832 = ORIENTED_EDGE ( 'NONE', *, *, #163, .T. ) ;
#833 = EDGE_CURVE ( 'NONE', #1823, #8675, #2728, .T. ) ;
#834 = DIRECTION ( 'NONE',  ( 0.000000000000000000, -1.110223024625000030E-14, -1.000000000000000000 ) ) ;
#835 = LINE ( 'NONE', #5156, #10269 ) ;
#836 = ORIENTED_EDGE ( 'NONE', *, *, #9916, .T. ) ;
#837 = EDGE_LOOP ( 'NONE', ( #5602, #2299, #2443, #7688, #7201 ) ) ;
#838 = CARTESIAN_POINT ( 'NONE',  ( -18.32000000000000028, -2.341876692568689577E-14, 8.900000000000002132 ) ) ;
#839 = ORIENTED_EDGE ( 'NONE', *, *, #4162, .T. ) ;
#840 = LINE ( 'NONE', #787, #5478 ) ;
#841 = ORIENTED_EDGE ( 'NONE', *, *, #8853, .T. ) ;
#842 = EDGE_CURVE ( 'NONE', #71, #7591, #99, .T. ) ;
#843 = CARTESIAN_POINT ( 'NONE',  ( -16.96000000000000085, 4.359999999999976339, -0.9999999999999983347 ) ) ;
#844 = VERTEX_POINT ( 'NONE', #3574 ) ;
#845 = DIRECTION ( 'NONE',  ( 0.000000000000000000, 1.000000000000000000, 0.000000000000000000 ) ) ;
#846 = DIRECTION ( 'NONE',  ( 0.000000000000000000, 1.000000000000000000, 0.000000000000000000 ) ) ;
#847 = FACE_OUTER_BOUND ( 'NONE', #2355, .T. ) ;
#848 = EDGE_CURVE ( 'NONE', #3404, #7351, #8664, .T. ) ;
#849 = DIRECTION ( 'NONE',  ( 0.000000000000000000, 0.000000000000000000, -1.000000000000000000 ) ) ;
#850 = ADVANCED_FACE ( 'NONE', ( #3519 ), #4362, .T. ) ;
#851 = ORIENTED_EDGE ( 'NONE', *, *, #655, .F. ) ;
#852 = EDGE_CURVE ( 'NONE', #8839, #3435, #8720, .T. ) ;
#853 = ORIENTED_EDGE ( 'NONE', *, *, #1574, .T. ) ;
#854 = ORIENTED_EDGE ( 'NONE', *, *, #2999, .T. ) ;
#855 = ORIENTED_EDGE ( 'NONE', *, *, #1233, .T. ) ;
#856 = LINE ( 'NONE', #6956, #7570 ) ;
#857 = VERTEX_POINT ( 'NONE', #8606 ) ;
#858 = CARTESIAN_POINT ( 'NONE',  ( -14.67999999999999794, 4.359999999999976339, -0.9999999999999983347 ) ) ;
#859 = DIRECTION ( 'NONE',  ( 0.3312945782245003690, -0.8834522085988016915, -0.3312945782245003690 ) ) ;
#860 = AXIS2_PLACEMENT_3D ( 'NONE', #436, #8114, #5491 ) ;
#861 = DIRECTION ( 'NONE',  ( 0.000000000000000000, 0.000000000000000000, -1.000000000000000000 ) ) ;
#862 = DIRECTION ( 'NONE',  ( 0.000000000000000000, 0.000000000000000000, 1.000000000000000000 ) ) ;
#863 = DIRECTION ( 'NONE',  ( 0.000000000000000000, 0.000000000000000000, 1.000000000000000000 ) ) ;
#864 = VECTOR ( 'NONE', #10657, 1000.000000000000000 ) ;
#865 = PRESENTATION_STYLE_ASSIGNMENT (( #10150 ) ) ;
#866 = EDGE_CURVE ( 'NONE', #666, #8127, #5150, .T. ) ;
#867 = DIRECTION ( 'NONE',  ( -0.6998542122237898511, 0.000000000000000000, -0.7142857142856900987 ) ) ;
#868 = VERTEX_POINT ( 'NONE', #4419 ) ;
#869 = ORIENTED_EDGE ( 'NONE', *, *, #1178, .T. ) ;
#870 = VECTOR ( 'NONE', #9810, 1000.000000000000000 ) ;
#871 = CARTESIAN_POINT ( 'NONE',  ( -6.319999999999999396, -2.820000000000023821, 0.3200000000000021161 ) ) ;
#872 = FACE_OUTER_BOUND ( 'NONE', #9791, .T. ) ;
#873 = DIRECTION ( 'NONE',  ( -2.960594732334000265E-14, 0.000000000000000000, 1.000000000000000000 ) ) ;
#874 = CARTESIAN_POINT ( 'NONE',  ( -9.169999999999999929, 2.259999999999976250, 6.500000000000002665 ) ) ;
#875 = DIRECTION ( 'NONE',  ( 1.000000000000000000, 0.000000000000000000, 0.000000000000000000 ) ) ;
#876 = CARTESIAN_POINT ( 'NONE',  ( -0.3199999999999999512, 0.7499999999999763522, -0.9999999999999983347 ) ) ;
#877 = VECTOR ( 'NONE', #7185, 1000.000000000000000 ) ;
#878 = ADVANCED_FACE ( 'NONE', ( #5204 ), #5261, .F. ) ;
#879 = DIRECTION ( 'NONE',  ( 0.000000000000000000, -1.000000000000000000, 0.000000000000000000 ) ) ;
#880 = VERTEX_POINT ( 'NONE', #8557 ) ;
#881 = ORIENTED_EDGE ( 'NONE', *, *, #2865, .F. ) ;
#882 = CARTESIAN_POINT ( 'NONE',  ( -0.3199999999999999512, 1.554999999999976623, 0.2700000000000020162 ) ) ;
#883 = DIRECTION ( 'NONE',  ( 1.000000000000000000, 0.000000000000000000, 0.000000000000000000 ) ) ;
#884 = CARTESIAN_POINT ( 'NONE',  ( -2.680000000000000160, -3.220000000000023288, -0.3199999999999982303 ) ) ;
#885 = LINE ( 'NONE', #4305, #2361 ) ;
#886 = ORIENTED_EDGE ( 'NONE', *, *, #1101, .F. ) ;
#887 = AXIS2_PLACEMENT_3D ( 'NONE', #10211, #2550, #2496 ) ;
#888 = DIRECTION ( 'NONE',  ( 0.000000000000000000, -1.000000000000000000, 0.000000000000000000 ) ) ;
#889 = LINE ( 'NONE', #8612, #8315 ) ;
#890 = EDGE_LOOP ( 'NONE', ( #10990, #1021, #368, #5896, #7227, #4054, #2368, #6738 ) ) ;
#891 = ADVANCED_FACE ( 'NONE', ( #11060 ), #1672, .T. ) ;
#892 = VERTEX_POINT ( 'NONE', #7823 ) ;
#893 = PLANE ( 'NONE',  #4115 ) ;
#894 = ORIENTED_EDGE ( 'NONE', *, *, #6326, .F. ) ;
#895 = CARTESIAN_POINT ( 'NONE',  ( -9.320000000000000284, 0.7499999999999763522, -0.3199999999999982303 ) ) ;
#896 = VECTOR ( 'NONE', #2106, 1000.000000000000000 ) ;
#897 = ORIENTED_EDGE ( 'NONE', *, *, #10772, .F. ) ;
#898 = CARTESIAN_POINT ( 'NONE',  ( 2.360000000000001208, 1.159999999999976383, -0.3299999999999978506 ) ) ;
#899 = ADVANCED_FACE ( 'NONE', ( #2509 ), #10229, .F. ) ;
#900 = ORIENTED_EDGE ( 'NONE', *, *, #3895, .T. ) ;
#901 = CARTESIAN_POINT ( 'NONE',  ( -1.540568293428999924, -2.820927009608023450, 5.300000000000002487 ) ) ;
#902 = CARTESIAN_POINT ( 'NONE',  ( -4.250000000000000000, 1.179999999999976401, 8.900000000000002132 ) ) ;
#903 = DIRECTION ( 'NONE',  ( 0.000000000000000000, 1.000000000000000000, 0.000000000000000000 ) ) ;
#904 = DIRECTION ( 'NONE',  ( 0.000000000000000000, 0.000000000000000000, -1.000000000000000000 ) ) ;
#905 = ORIENTED_EDGE ( 'NONE', *, *, #6944, .F. ) ;
#906 = ORIENTED_EDGE ( 'NONE', *, *, #4532, .F. ) ;
#907 = ORIENTED_EDGE ( 'NONE', *, *, #2422, .T. ) ;
#908 = VERTEX_POINT ( 'NONE', #6930 ) ;
#909 = DIRECTION ( 'NONE',  ( 0.000000000000000000, 1.000000000000000000, 0.000000000000000000 ) ) ;
#910 = ORIENTED_EDGE ( 'NONE', *, *, #4341, .T. ) ;
#911 = EDGE_CURVE ( 'NONE', #5451, #8686, #1781, .T. ) ;
#912 = EDGE_CURVE ( 'NONE', #9902, #3202, #3466, .T. ) ;
#913 = CARTESIAN_POINT ( 'NONE',  ( -6.319999999999999396, 3.484999999999976339, -0.3199999999999982303 ) ) ;
#914 = DIRECTION ( 'NONE',  ( 0.000000000000000000, 0.000000000000000000, -1.000000000000000000 ) ) ;
#915 = AXIS2_PLACEMENT_3D ( 'NONE', #5560, #9698, #1195 ) ;
#916 = CARTESIAN_POINT ( 'NONE',  ( -17.35999999999999943, 4.359999999999976339, 0.7000000000000022871 ) ) ;
#917 = CARTESIAN_POINT ( 'NONE',  ( -1.161142650266999476, -2.548662488189023190, 3.300000000000002043 ) ) ;
#918 = FACE_OUTER_BOUND ( 'NONE', #3524, .T. ) ;
#919 = EDGE_CURVE ( 'NONE', #411, #1528, #10337, .T. ) ;
#920 = ADVANCED_FACE ( 'NONE', ( #154, #6982 ), #8502, .F. ) ;
#921 = VECTOR ( 'NONE', #6856, 1000.000000000000000 ) ;
#922 = CARTESIAN_POINT ( 'NONE',  ( -17.35999999999999943, 3.304999999999976179, 0.2700000000000020162 ) ) ;
#923 = EDGE_LOOP ( 'NONE', ( #8071, #1384, #8473, #685, #3804, #5835, #4990, #10170, #3097, #6013 ) ) ;
#924 = ORIENTED_EDGE ( 'NONE', *, *, #1639, .T. ) ;
#925 = CARTESIAN_POINT ( 'NONE',  ( -6.319999999999999396, 3.699999999999976641, -0.3299999999999978506 ) ) ;
#926 = DIRECTION ( 'NONE',  ( 0.000000000000000000, 0.000000000000000000, 1.000000000000000000 ) ) ;
#927 = CARTESIAN_POINT ( 'NONE',  ( -1.649999999999999467, 0.4999999999999763522, 0.8500000000000021982 ) ) ;
#928 = DIRECTION ( 'NONE',  ( 0.000000000000000000, 0.000000000000000000, -1.000000000000000000 ) ) ;
#929 = VECTOR ( 'NONE', #1107, 1000.000000000000000 ) ;
#930 = CARTESIAN_POINT ( 'NONE',  ( -13.25000000000000000, 1.179999999999976401, 8.900000000000002132 ) ) ;
#931 = CARTESIAN_POINT ( 'NONE',  ( -17.35999999999999943, 0.7499999999999763522, 5.400000000000002132 ) ) ;
#932 = VERTEX_POINT ( 'NONE', #2846 ) ;
#933 = CLOSED_SHELL ( 'NONE', ( #7234, #2356, #199, #3814, #2016, #8077, #9462, #1512, #2224, #989, #10204, #5299, #10193, #9430, #1464, #1776, #5358, #10958, #1196, #4889, #3852, #5061, #5274, #6672, #3726, #6309, #1905, #1496, #9871, #5490, #2319, #5108, #7392, #92, #1818, #9324, #7526, #7762, #4420, #3227, #8435, #3992, #7727, #2610, #3361, #6169, #7467, #10728, #8786, #2705, #10608, #9165, #9999, #5504, #1482, #2288, #2832, #168, #7136, #9464, #1893, #8982, #3907, #101, #1044, #3671, #6376, #2736, #11065, #8035, #7537, #5042, #2813, #5021, #1719, #5852, #9103, #5327, #3935, #8041, #1874, #6550, #850, #8414, #2820, #8777, #5645, #7, #4318, #8516, #8381, #8590, #7547, #10345, #749, #9967, #9819, #3985, #8536, #8033, #144, #9382, #3302, #10757, #1955, #6495, #9905, #4415, #7375, #5823, #2941, #2823, #10912, #6808, #759, #5548, #10966, #7672, #7605, #6821, #5235, #2669, #5241, #9480, #10184, #3294, #6985, #2786, #1600, #9725, #2116, #9118, #8881, #7882, #8662, #1831, #272, #1483, #10684, #9443, #9262, #26, #4064, #4030, #3058, #719, #8962, #474, #3709, #17, #6926, #1128, #5614, #9721, #1327, #4866, #10567, #1189, #8316, #2102, #10263, #4333, #1160, #3170, #9532, #5463, #920, #10303, #3644, #3218, #770, #5846, #6049, #10790, #6871, #4684, #7824, #8598, #606, #7129, #8312, #1343, #1929, #8482, #5648, #10863, #4259, #6007, #3765, #3351, #5687, #5153, #8448, #8044, #1640, #2689, #2210, #2252, #9955, #10112, #6973, #5734, #6782, #3076, #10555, #9217, #698, #4699, #8395, #816, #2330, #4608, #6575, #5663, #10664, #7938, #878, #8599, #8371, #435, #4360, #2450, #7828, #1812, #708, #3384, #6332, #10355, #363, #4734, #4722, #625, #7977, #2583, #11016, #3931, #817, #768, #6562, #7461, #4978, #3562, #8311, #9846, #5244, #2146, #366, #6594, #7424, #3196, #1875, #4397, #3153, #4621, #331, #344, #4213, #545, #6412, #7285, #9073, #9790, #5188, #703, #2743, #6107, #1527, #1258, #5493, #8212, #6370, #829, #5317, #6076, #2693, #801, #2839, #7250, #737, #5165, #10672, #10465, #10629, #2214, #5885, #899, #5705, #8307, #6628, #8466, #9232, #4282, #8164, #1055, #10334, #6458, #763, #8182, #4962, #8767, #2493, #3999, #3113, #9778, #1468, #11052, #2680, #750, #4711, #8170, #8860, #7133, #9400, #6062, #7887, #5172, #4066, #10125, #6770, #5991, #9650, #148, #10081, #2597, #1004, #3145, #2181, #10079, #3093, #9796, #6292, #5557, #5985, #7249, #5979, #5103, #3498, #9608, #408, #7047, #7950, #6756, #1209, #5086, #9862, #7207, #2428, #5897, #2927, #3029, #3655, #473, #4481, #891, #4828, #4678, #5678, #10703, #7002, #5907, #6425, #1194, #7197 ) ) ;
#934 = VERTEX_POINT ( 'NONE', #7040 ) ;
#935 = AXIS2_PLACEMENT_3D ( 'NONE', #10426, #1081, #7856 ) ;
#936 = VECTOR ( 'NONE', #10410, 1000.000000000000000 ) ;
#937 = CARTESIAN_POINT ( 'NONE',  ( -3.000000000000000000, 2.674999999999976286, 6.300000000000001599 ) ) ;
#938 = CARTESIAN_POINT ( 'NONE',  ( 2.360000000000001208, -0.04000000000002352368, -0.9999999999999983347 ) ) ;
#939 = DIRECTION ( 'NONE',  ( 0.000000000000000000, 0.000000000000000000, -1.000000000000000000 ) ) ;
#940 = EDGE_CURVE ( 'NONE', #5844, #5199, #8990, .T. ) ;
#941 = PLANE ( 'NONE',  #9685 ) ;
#942 = EDGE_LOOP ( 'NONE', ( #2624, #8816, #9525, #4368 ) ) ;
#943 = CARTESIAN_POINT ( 'NONE',  ( -14.67999999999999794, -2.820000000000023821, 0.3200000000000021161 ) ) ;
#944 = VECTOR ( 'NONE', #3683, 1000.000000000000000 ) ;
#945 = PLANE ( 'NONE',  #6695 ) ;
#946 = VERTEX_POINT ( 'NONE', #10549 ) ;
#947 = ORIENTED_EDGE ( 'NONE', *, *, #10413, .F. ) ;
#948 = CARTESIAN_POINT ( 'NONE',  ( 3.319999999999999840, -0.04000000000002352368, -0.9999999999999983347 ) ) ;
#949 = ORIENTED_EDGE ( 'NONE', *, *, #9330, .F. ) ;
#950 = DIRECTION ( 'NONE',  ( 0.000000000000000000, 1.000000000000000000, 0.000000000000000000 ) ) ;
#951 = VERTEX_POINT ( 'NONE', #267 ) ;
#952 = AXIS2_PLACEMENT_3D ( 'NONE', #1705, #7696, #6290 ) ;
#953 = LINE ( 'NONE', #7783, #720 ) ;
#954 = EDGE_CURVE ( 'NONE', #1303, #2623, #2895, .T. ) ;
#955 = EDGE_CURVE ( 'NONE', #194, #721, #9816, .T. ) ;
#956 = VERTEX_POINT ( 'NONE', #3792 ) ;
#957 = DIRECTION ( 'NONE',  ( 0.000000000000000000, -1.000000000000000000, 0.000000000000000000 ) ) ;
#958 = CARTESIAN_POINT ( 'NONE',  ( -12.16999999999999993, 2.259999999999976250, 6.500000000000002665 ) ) ;
#959 = DIRECTION ( 'NONE',  ( -0.000000000000000000, 1.000000000000000000, 0.000000000000000000 ) ) ;
#960 = CARTESIAN_POINT ( 'NONE',  ( -11.67999999999999972, 2.109999999999976339, 0.3200000000000021161 ) ) ;
#961 = VERTEX_POINT ( 'NONE', #2160 ) ;
#962 = ORIENTED_EDGE ( 'NONE', *, *, #10551, .F. ) ;
#963 = ORIENTED_EDGE ( 'NONE', *, *, #10219, .T. ) ;
#964 = ORIENTED_EDGE ( 'NONE', *, *, #9023, .F. ) ;
#965 = PLANE ( 'NONE',  #5074 ) ;
#966 = ORIENTED_EDGE ( 'NONE', *, *, #6132, .F. ) ;
#967 = PLANE ( 'NONE',  #3556 ) ;
#968 = CARTESIAN_POINT ( 'NONE',  ( -18.32000000000000028, 1.159999999999976383, -0.9999999999999983347 ) ) ;
#969 = DIRECTION ( 'NONE',  ( 1.000000000000000000, 0.000000000000000000, 0.000000000000000000 ) ) ;
#970 = CARTESIAN_POINT ( 'NONE',  ( -0.3199999999999999512, 2.109999999999976339, 6.100000000000002309 ) ) ;
#971 = CARTESIAN_POINT ( 'NONE',  ( -1.614342910689999577, -2.859401933453023403, 3.300000000000002043 ) ) ;
#972 = DIRECTION ( 'NONE',  ( -0.000000000000000000, 0.9363291775690363306, 0.3511234415884135762 ) ) ;
#973 = VECTOR ( 'NONE', #9724, 1000.000000000000000 ) ;
#974 = EDGE_CURVE ( 'NONE', #8675, #961, #5585, .T. ) ;
#975 = LINE ( 'NONE', #3674, #4158 ) ;
#976 = ORIENTED_EDGE ( 'NONE', *, *, #9920, .F. ) ;
#977 = ORIENTED_EDGE ( 'NONE', *, *, #8968, .T. ) ;
#978 = VECTOR ( 'NONE', #3975, 1000.000000000000114 ) ;
#979 = DIRECTION ( 'NONE',  ( 0.000000000000000000, 0.000000000000000000, -1.000000000000000000 ) ) ;
#980 = DIRECTION ( 'NONE',  ( 0.000000000000000000, -1.000000000000000000, 0.000000000000000000 ) ) ;
#981 = DIRECTION ( 'NONE',  ( -1.000000000000000000, 0.000000000000000000, 0.000000000000000000 ) ) ;
#982 = DIRECTION ( 'NONE',  ( 1.000000000000000000, 0.000000000000000000, 0.000000000000000000 ) ) ;
#983 = AXIS2_PLACEMENT_3D ( 'NONE', #3731, #7142, #9708 ) ;
#984 = CARTESIAN_POINT ( 'NONE',  ( 0.3200000000000008393, 3.484999999999976339, -0.3199999999999982303 ) ) ;
#985 = PLANE ( 'NONE',  #2600 ) ;
#986 = AXIS2_PLACEMENT_3D ( 'NONE', #7992, #7032, #145 ) ;
#987 = EDGE_CURVE ( 'NONE', #10191, #7501, #8000, .T. ) ;
#988 = LINE ( 'NONE', #2837, #3544 ) ;
#989 = ADVANCED_FACE ( 'NONE', ( #9667 ), #7942, .F. ) ;
#990 = ORIENTED_EDGE ( 'NONE', *, *, #8645, .T. ) ;
#991 = EDGE_CURVE ( 'NONE', #6456, #11020, #3637, .T. ) ;
#992 = VERTEX_POINT ( 'NONE', #6318 ) ;
#993 = PLANE ( 'NONE',  #4300 ) ;
#994 = PLANE ( 'NONE',  #6819 ) ;
#995 = DIRECTION ( 'NONE',  ( -8.881784197000999888E-14, -1.110223024625000030E-14, -1.000000000000000000 ) ) ;
#996 = VECTOR ( 'NONE', #7632, 1000.000000000000000 ) ;
#997 = LINE ( 'NONE', #213, #6830 ) ;
#998 = AXIS2_PLACEMENT_3D ( 'NONE', #437, #9827, #1332 ) ;
#999 = ORIENTED_EDGE ( 'NONE', *, *, #2970, .F. ) ;
#1000 = DIRECTION ( 'NONE',  ( 0.000000000000000000, -1.000000000000000000, 0.000000000000000000 ) ) ;
#1001 = VECTOR ( 'NONE', #4211, 1000.000000000000000 ) ;
#1002 = DIRECTION ( 'NONE',  ( 0.000000000000000000, 1.000000000000000000, 0.000000000000000000 ) ) ;
#1003 = EDGE_LOOP ( 'NONE', ( #6967, #9483, #7119, #7054 ) ) ;
#1004 = ADVANCED_FACE ( 'NONE', ( #6207 ), #10652, .T. ) ;
#1005 = ORIENTED_EDGE ( 'NONE', *, *, #7613, .F. ) ;
#1006 = CARTESIAN_POINT ( 'NONE',  ( -17.35999999999999943, 0.7499999999999763522, 0.7000000000000022871 ) ) ;
#1007 = VERTEX_POINT ( 'NONE', #1104 ) ;
#1008 = DIRECTION ( 'NONE',  ( 0.000000000000000000, 1.000000000000000000, 0.000000000000000000 ) ) ;
#1009 = VECTOR ( 'NONE', #4821, 1000.000000000000000 ) ;
#1010 = PLANE ( 'NONE',  #678 ) ;
#1011 = ORIENTED_EDGE ( 'NONE', *, *, #4605, .F. ) ;
#1012 = PLANE ( 'NONE',  #2546 ) ;
#1013 = CARTESIAN_POINT ( 'NONE',  ( -1.649999999999999467, -2.341876692568689577E-14, 5.300000000000002487 ) ) ;
#1014 = CARTESIAN_POINT ( 'NONE',  ( -15.32000000000000028, 3.304999999999976179, -0.3199999999999982303 ) ) ;
#1015 = DIRECTION ( 'NONE',  ( 0.9363291775690363306, 0.000000000000000000, 0.3511234415884135762 ) ) ;
#1016 = VERTEX_POINT ( 'NONE', #2059 ) ;
#1017 = ORIENTED_EDGE ( 'NONE', *, *, #4626, .F. ) ;
#1018 = VERTEX_POINT ( 'NONE', #2998 ) ;
#1019 = ORIENTED_EDGE ( 'NONE', *, *, #5083, .F. ) ;
#1020 = DIRECTION ( 'NONE',  ( -1.000000000000000000, 0.000000000000000000, 0.000000000000000000 ) ) ;
#1021 = ORIENTED_EDGE ( 'NONE', *, *, #5596, .F. ) ;
#1022 = CARTESIAN_POINT ( 'NONE',  ( -11.83000000000000007, -3.220000000000023288, 0.1700000000000021771 ) ) ;
#1023 = CARTESIAN_POINT ( 'NONE',  ( -13.25000000000000000, 3.679999999999976623, 2.296000000000002039 ) ) ;
#1024 = CARTESIAN_POINT ( 'NONE',  ( -13.34999999999999964, -3.269507090571440067, 4.867345142260074198 ) ) ;
#1025 = CARTESIAN_POINT ( 'NONE',  ( -12.31999999999999851, 3.304999999999976179, -0.3199999999999982303 ) ) ;
#1026 = DIRECTION ( 'NONE',  ( 0.000000000000000000, 0.000000000000000000, -1.000000000000000000 ) ) ;
#1027 = CARTESIAN_POINT ( 'NONE',  ( -8.679999999999999716, 0.7499999999999763522, -0.9999999999999983347 ) ) ;
#1028 = DIRECTION ( 'NONE',  ( 0.000000000000000000, 1.000000000000000000, 0.000000000000000000 ) ) ;
#1029 = EDGE_CURVE ( 'NONE', #6849, #10556, #424, .T. ) ;
#1030 = CARTESIAN_POINT ( 'NONE',  ( -9.000000000000000000, 2.184999999999976517, 6.300000000000001599 ) ) ;
#1031 = VERTEX_POINT ( 'NONE', #1951 ) ;
#1032 = ORIENTED_EDGE ( 'NONE', *, *, #2556, .F. ) ;
#1033 = EDGE_CURVE ( 'NONE', #5942, #2445, #1216, .T. ) ;
#1034 = DIRECTION ( 'NONE',  ( 1.000000000000000000, 0.000000000000000000, 0.000000000000000000 ) ) ;
#1035 = CARTESIAN_POINT ( 'NONE',  ( -16.96000000000000085, 4.359999999999976339, -0.9999999999999983347 ) ) ;
#1036 = VECTOR ( 'NONE', #879, 1000.000000000000000 ) ;
#1037 = CARTESIAN_POINT ( 'NONE',  ( -2.680000000000000160, 3.304999999999976179, 0.2700000000000020162 ) ) ;
#1038 = LINE ( 'NONE', #2608, #5778 ) ;
#1039 = DIRECTION ( 'NONE',  ( 0.000000000000000000, 0.000000000000000000, -1.000000000000000000 ) ) ;
#1040 = PLANE ( 'NONE',  #7429 ) ;
#1041 = DIRECTION ( 'NONE',  ( -1.000000000000000000, 0.000000000000000000, 0.000000000000000000 ) ) ;
#1042 = VECTOR ( 'NONE', #1210, 1000.000000000000000 ) ;
#1043 = ORIENTED_EDGE ( 'NONE', *, *, #1385, .F. ) ;
#1044 = ADVANCED_FACE ( 'NONE', ( #318 ), #8776, .F. ) ;
#1045 = VERTEX_POINT ( 'NONE', #6369 ) ;
#1046 = VECTOR ( 'NONE', #6765, 1000.000000000000000 ) ;
#1047 = LINE ( 'NONE', #9664, #1426 ) ;
#1048 = LINE ( 'NONE', #5428, #1897 ) ;
#1049 = CARTESIAN_POINT ( 'NONE',  ( 2.360000000000001208, 3.699999999999976641, -0.3299999999999978506 ) ) ;
#1050 = EDGE_CURVE ( 'NONE', #9009, #9904, #8051, .T. ) ;
#1051 = LINE ( 'NONE', #3575, #10037 ) ;
#1052 = VECTOR ( 'NONE', #1691, 1000.000000000000000 ) ;
#1053 = VERTEX_POINT ( 'NONE', #4586 ) ;
#1054 = LINE ( 'NONE', #6155, #7600 ) ;
#1055 = ADVANCED_FACE ( 'NONE', ( #2949 ), #9767, .T. ) ;
#1056 = CARTESIAN_POINT ( 'NONE',  ( -8.679999999999999716, 3.699999999999976641, -0.3299999999999978506 ) ) ;
#1057 = ORIENTED_EDGE ( 'NONE', *, *, #7631, .T. ) ;
#1058 = ORIENTED_EDGE ( 'NONE', *, *, #4553, .F. ) ;
#1059 = DIRECTION ( 'NONE',  ( 0.000000000000000000, 0.000000000000000000, -1.000000000000000000 ) ) ;
#1060 = ORIENTED_EDGE ( 'NONE', *, *, #5373, .T. ) ;
#1061 = LINE ( 'NONE', #7894, #2791 ) ;
#1062 = VECTOR ( 'NONE', #22, 1000.000000000000000 ) ;
#1063 = LINE ( 'NONE', #2912, #6980 ) ;
#1064 = ORIENTED_EDGE ( 'NONE', *, *, #7840, .T. ) ;
#1065 = EDGE_CURVE ( 'NONE', #4167, #1693, #4690, .T. ) ;
#1066 = LINE ( 'NONE', #7735, #5946 ) ;
#1067 = DIRECTION ( 'NONE',  ( 0.000000000000000000, -1.000000000000000000, 0.000000000000000000 ) ) ;
#1068 = DIRECTION ( 'NONE',  ( -1.000000000000000000, 0.000000000000000000, 0.000000000000000000 ) ) ;
#1069 = LINE ( 'NONE', #8017, #1503 ) ;
#1070 = ORIENTED_EDGE ( 'NONE', *, *, #120, .F. ) ;
#1071 = VERTEX_POINT ( 'NONE', #10044 ) ;
#1072 = EDGE_LOOP ( 'NONE', ( #822, #8251, #7366, #5268 ) ) ;
#1073 = VECTOR ( 'NONE', #1305, 1000.000000000000000 ) ;
#1074 = ORIENTED_EDGE ( 'NONE', *, *, #4902, .F. ) ;
#1075 = LINE ( 'NONE', #7910, #2963 ) ;
#1076 = VERTEX_POINT ( 'NONE', #9097 ) ;
#1077 = LINE ( 'NONE', #4500, #9271 ) ;
#1078 = DIRECTION ( 'NONE',  ( 1.000000000000000000, 0.000000000000000000, 0.000000000000000000 ) ) ;
#1079 = CARTESIAN_POINT ( 'NONE',  ( -13.35000000000000142, -3.097496087967024359, 5.108005145163001970 ) ) ;
#1080 = EDGE_CURVE ( 'NONE', #9773, #2620, #4857, .T. ) ;
#1081 = DIRECTION ( 'NONE',  ( 0.7071067811865475727, 0.7071067811865475727, 0.000000000000000000 ) ) ;
#1082 = PLANE ( 'NONE',  #7212 ) ;
#1083 = DIRECTION ( 'NONE',  ( 0.000000000000000000, 0.000000000000000000, -1.000000000000000000 ) ) ;
#1084 = VECTOR ( 'NONE', #7109, 1000.000000000000000 ) ;
#1085 = CARTESIAN_POINT ( 'NONE',  ( -12.31999999999999851, -2.820000000000023821, -0.3199999999999982303 ) ) ;
#1086 = DIRECTION ( 'NONE',  ( 1.000000000000000000, 0.000000000000000000, 0.000000000000000000 ) ) ;
#1087 = ORIENTED_EDGE ( 'NONE', *, *, #8231, .T. ) ;
#1088 = VERTEX_POINT ( 'NONE', #5804 ) ;
#1089 = LINE ( 'NONE', #6138, #6101 ) ;
#1090 = LINE ( 'NONE', #5470, #9025 ) ;
#1091 = EDGE_CURVE ( 'NONE', #6998, #7300, #4127, .T. ) ;
#1092 = CARTESIAN_POINT ( 'NONE',  ( -9.320000000000000284, 3.304999999999976179, 0.2700000000000020162 ) ) ;
#1093 = CARTESIAN_POINT ( 'NONE',  ( -0.3199999999999999512, -2.820000000000023821, 0.3200000000000021161 ) ) ;
#1094 = FACE_OUTER_BOUND ( 'NONE', #4222, .T. ) ;
#1095 = EDGE_CURVE ( 'NONE', #2494, #2353, #8211, .T. ) ;
#1096 = VECTOR ( 'NONE', #699, 1000.000000000000000 ) ;
#1097 = CARTESIAN_POINT ( 'NONE',  ( -0.3199999999999999512, 1.554999999999976623, -0.3199999999999982303 ) ) ;
#1098 = VECTOR ( 'NONE', #7521, 1000.000000000000000 ) ;
#1099 = EDGE_LOOP ( 'NONE', ( #3535, #5157, #5437, #800 ) ) ;
#1100 = ORIENTED_EDGE ( 'NONE', *, *, #9139, .T. ) ;
#1101 = EDGE_CURVE ( 'NONE', #7564, #7012, #10879, .T. ) ;
#1102 = DIRECTION ( 'NONE',  ( 1.000000000000000000, 0.000000000000000000, 0.000000000000000000 ) ) ;
#1103 = DIRECTION ( 'NONE',  ( 0.000000000000000000, 0.000000000000000000, 1.000000000000000000 ) ) ;
#1104 = CARTESIAN_POINT ( 'NONE',  ( -7.249999999999999112, 1.879999999999976357, 2.296000000000002039 ) ) ;
#1105 = AXIS2_PLACEMENT_3D ( 'NONE', #9444, #9337, #10950 ) ;
#1106 = VECTOR ( 'NONE', #5642, 1000.000000000000000 ) ;
#1107 = DIRECTION ( 'NONE',  ( 0.000000000000000000, 1.000000000000000000, 0.000000000000000000 ) ) ;
#1108 = EDGE_CURVE ( 'NONE', #707, #5199, #1548, .T. ) ;
#1109 = ORIENTED_EDGE ( 'NONE', *, *, #10441, .F. ) ;
#1110 = CARTESIAN_POINT ( 'NONE',  ( -2.680000000000000160, 3.304999999999976179, 0.2700000000000020162 ) ) ;
#1111 = LINE ( 'NONE', #273, #2764 ) ;
#1112 = ORIENTED_EDGE ( 'NONE', *, *, #1029, .T. ) ;
#1113 = EDGE_CURVE ( 'NONE', #8127, #3712, #6698, .T. ) ;
#1114 = VECTOR ( 'NONE', #5849, 1000.000000000000000 ) ;
#1115 = VECTOR ( 'NONE', #845, 1000.000000000000000 ) ;
#1116 = VERTEX_POINT ( 'NONE', #4018 ) ;
#1117 = PLANE ( 'NONE',  #9968 ) ;
#1118 = CARTESIAN_POINT ( 'NONE',  ( 2.360000000000001208, 4.359999999999976339, 0.7000000000000022871 ) ) ;
#1119 = DIRECTION ( 'NONE',  ( 1.000000000000000000, 0.000000000000000000, 0.000000000000000000 ) ) ;
#1120 = VECTOR ( 'NONE', #8043, 1000.000000000000000 ) ;
#1121 = EDGE_LOOP ( 'NONE', ( #509, #8510, #4552, #9716 ) ) ;
#1122 = PLANE ( 'NONE',  #8808 ) ;
#1123 = CARTESIAN_POINT ( 'NONE',  ( -14.83000000000000007, 2.599999999999976552, 6.500000000000002665 ) ) ;
#1124 = LINE ( 'NONE', #3760, #2797 ) ;
#1125 = EDGE_CURVE ( 'NONE', #3777, #3939, #9156, .T. ) ;
#1126 = CARTESIAN_POINT ( 'NONE',  ( -5.679999999999999716, 3.484999999999976339, -0.3199999999999982303 ) ) ;
#1127 = VERTEX_POINT ( 'NONE', #2389 ) ;
#1128 = ADVANCED_FACE ( 'NONE', ( #2448 ), #7427, .T. ) ;
#1129 = ORIENTED_EDGE ( 'NONE', *, *, #565, .F. ) ;
#1130 = ORIENTED_EDGE ( 'NONE', *, *, #10280, .F. ) ;
#1131 = VECTOR ( 'NONE', #3933, 1000.000000000000000 ) ;
#1132 = EDGE_CURVE ( 'NONE', #1383, #8340, #5023, .T. ) ;
#1133 = ORIENTED_EDGE ( 'NONE', *, *, #6643, .T. ) ;
#1134 = DIRECTION ( 'NONE',  ( 0.000000000000000000, 0.000000000000000000, 1.000000000000000000 ) ) ;
#1135 = ORIENTED_EDGE ( 'NONE', *, *, #8423, .T. ) ;
#1136 = DIRECTION ( 'NONE',  ( 0.3312945782245003690, 0.3312945782245003690, -0.8834522085988016915 ) ) ;
#1137 = CARTESIAN_POINT ( 'NONE',  ( -15.32000000000000028, -2.820000000000023821, -0.3199999999999982303 ) ) ;
#1138 = CARTESIAN_POINT ( 'NONE',  ( -13.35000000000000320, -3.328196656212872639, 4.638710372965576312 ) ) ;
#1139 = LINE ( 'NONE', #916, #2182 ) ;
#1140 = CARTESIAN_POINT ( 'NONE',  ( -1.249999999999999334, 1.179999999999976401, 8.900000000000002132 ) ) ;
#1141 = DIRECTION ( 'NONE',  ( -1.110223024625000030E-14, 1.000000000000000000, 0.000000000000000000 ) ) ;
#1142 = VECTOR ( 'NONE', #10970, 1000.000000000000000 ) ;
#1143 = VERTEX_POINT ( 'NONE', #648 ) ;
#1144 = DIRECTION ( 'NONE',  ( 0.000000000000000000, 0.000000000000000000, -1.000000000000000000 ) ) ;
#1145 = EDGE_CURVE ( 'NONE', #4095, #1621, #480, .T. ) ;
#1146 = DIRECTION ( 'NONE',  ( 0.000000000000000000, -1.000000000000000000, 0.000000000000000000 ) ) ;
#1147 = ORIENTED_EDGE ( 'NONE', *, *, #5909, .T. ) ;
#1148 = ORIENTED_EDGE ( 'NONE', *, *, #9047, .T. ) ;
#1149 = CARTESIAN_POINT ( 'NONE',  ( 3.319999999999999840, 2.316249999999976161, 1.487234067917001967 ) ) ;
#1150 = CARTESIAN_POINT ( 'NONE',  ( 1.959999999999999964, 1.554999999999976623, 0.2700000000000020162 ) ) ;
#1151 = LINE ( 'NONE', #10490, #6466 ) ;
#1152 = CARTESIAN_POINT ( 'NONE',  ( 0.3200000000000008393, 0.7499999999999763522, -0.3199999999999982303 ) ) ;
#1153 = DIRECTION ( 'NONE',  ( 0.3312945782245003690, 0.3312945782245003690, -0.8834522085988016915 ) ) ;
#1154 = LINE ( 'NONE', #259, #9392 ) ;
#1155 = LINE ( 'NONE', #4412, #4975 ) ;
#1156 = VECTOR ( 'NONE', #4203, 1000.000000000000000 ) ;
#1157 = ORIENTED_EDGE ( 'NONE', *, *, #6789, .F. ) ;
#1158 = ORIENTED_EDGE ( 'NONE', *, *, #6306, .T. ) ;
#1159 = EDGE_CURVE ( 'NONE', #4326, #2494, #3899, .T. ) ;
#1160 = ADVANCED_FACE ( 'NONE', ( #6583, #1431 ), #3226, .F. ) ;
#1161 = DIRECTION ( 'NONE',  ( 1.000000000000000000, 0.000000000000000000, 0.000000000000000000 ) ) ;
#1162 = DIRECTION ( 'NONE',  ( -1.000000000000000000, 0.000000000000000000, 0.000000000000000000 ) ) ;
#1163 = CARTESIAN_POINT ( 'NONE',  ( -7.750000000000000000, 1.179999999999976401, 2.296000000000002039 ) ) ;
#1164 = LINE ( 'NONE', #4421, #7901 ) ;
#1165 = VECTOR ( 'NONE', #8725, 1000.000000000000000 ) ;
#1166 = ORIENTED_EDGE ( 'NONE', *, *, #8276, .T. ) ;
#1167 = DIRECTION ( 'NONE',  ( 1.000000000000000000, 0.000000000000000000, 0.000000000000000000 ) ) ;
#1168 = LINE ( 'NONE', #4591, #8126 ) ;
#1169 = VERTEX_POINT ( 'NONE', #7314 ) ;
#1170 = VECTOR ( 'NONE', #6624, 1000.000000000000000 ) ;
#1171 = EDGE_CURVE ( 'NONE', #9542, #8842, #700, .T. ) ;
#1172 = ORIENTED_EDGE ( 'NONE', *, *, #6188, .F. ) ;
#1173 = VECTOR ( 'NONE', #93, 1000.000000000000000 ) ;
#1174 = EDGE_CURVE ( 'NONE', #1016, #3542, #9044, .T. ) ;
#1175 = DIRECTION ( 'NONE',  ( 0.000000000000000000, -1.000000000000000000, 0.000000000000000000 ) ) ;
#1176 = PLANE ( 'NONE',  #2074 ) ;
#1177 = VECTOR ( 'NONE', #9390, 1000.000000000000000 ) ;
#1178 = EDGE_CURVE ( 'NONE', #5489, #5264, #10771, .T. ) ;
#1179 = DIRECTION ( 'NONE',  ( -1.000000000000000000, 0.000000000000000000, 0.000000000000000000 ) ) ;
#1180 = ORIENTED_EDGE ( 'NONE', *, *, #5675, .F. ) ;
#1181 = DIRECTION ( 'NONE',  ( 0.000000000000000000, 0.000000000000000000, 1.000000000000000000 ) ) ;
#1182 = CARTESIAN_POINT ( 'NONE',  ( 3.319999999999999840, 2.472499999999976605, 0.4500000000000020650 ) ) ;
#1183 = CARTESIAN_POINT ( 'NONE',  ( -0.3199999999999999512, 1.159999999999976383, -0.9999999999999983347 ) ) ;
#1184 = EDGE_CURVE ( 'NONE', #1528, #3988, #6529, .T. ) ;
#1185 = CARTESIAN_POINT ( 'NONE',  ( -18.32000000000000028, 1.159999999999976383, -0.3299999999999978506 ) ) ;
#1186 = ORIENTED_EDGE ( 'NONE', *, *, #8260, .T. ) ;
#1187 = ORIENTED_EDGE ( 'NONE', *, *, #5955, .T. ) ;
#1188 = ORIENTED_EDGE ( 'NONE', *, *, #4145, .T. ) ;
#1189 = ADVANCED_FACE ( 'NONE', ( #5695 ), #2327, .T. ) ;
#1190 = ORIENTED_EDGE ( 'NONE', *, *, #6460, .F. ) ;
#1191 = CARTESIAN_POINT ( 'NONE',  ( -16.25000000000000000, 1.179999999999976401, 8.900000000000002132 ) ) ;
#1192 = ORIENTED_EDGE ( 'NONE', *, *, #9250, .F. ) ;
#1193 = CARTESIAN_POINT ( 'NONE',  ( -13.35000000000000675, -3.327524735747535711, 3.958712286385069667 ) ) ;
#1194 = ADVANCED_FACE ( 'NONE', ( #5137 ), #10156, .T. ) ;
#1195 = DIRECTION ( 'NONE',  ( 1.000000000000000000, 0.000000000000000000, 0.000000000000000000 ) ) ;
#1196 = ADVANCED_FACE ( 'NONE', ( #34 ), #1769, .T. ) ;
#1197 = PLANE ( 'NONE',  #2560 ) ;
#1198 = LINE ( 'NONE', #5405, #7674 ) ;
#1199 = AXIS2_PLACEMENT_3D ( 'NONE', #9064, #4766, #2967 ) ;
#1200 = EDGE_CURVE ( 'NONE', #1317, #1053, #9687, .T. ) ;
#1201 = CARTESIAN_POINT ( 'NONE',  ( -16.91999999999999815, 3.679999999999976623, 8.900000000000002132 ) ) ;
#1202 = PLANE ( 'NONE',  #9294 ) ;
#1203 = VERTEX_POINT ( 'NONE', #2713 ) ;
#1204 = ORIENTED_EDGE ( 'NONE', *, *, #10659, .F. ) ;
#1205 = CARTESIAN_POINT ( 'NONE',  ( -8.799999999999998934, 5.564999999999976410, 7.150000000000002132 ) ) ;
#1206 = LINE ( 'NONE', #8040, #275 ) ;
#1207 = DIRECTION ( 'NONE',  ( 1.000000000000000000, 0.000000000000000000, 0.000000000000000000 ) ) ;
#1208 = CARTESIAN_POINT ( 'NONE',  ( -17.35999999999999943, 3.699999999999976641, -0.9999999999999983347 ) ) ;
#1209 = ADVANCED_FACE ( 'NONE', ( #5082 ), #7704, .F. ) ;
#1210 = DIRECTION ( 'NONE',  ( 0.000000000000000000, 0.000000000000000000, -1.000000000000000000 ) ) ;
#1211 = ORIENTED_EDGE ( 'NONE', *, *, #4897, .F. ) ;
#1212 = ORIENTED_EDGE ( 'NONE', *, *, #9036, .F. ) ;
#1213 = AXIS2_PLACEMENT_3D ( 'NONE', #6816, #6702, #10943 ) ;
#1214 = CARTESIAN_POINT ( 'NONE',  ( -13.35000000000000142, -2.341876692568689577E-14, 3.300000000000002043 ) ) ;
#1215 = DIRECTION ( 'NONE',  ( 0.000000000000000000, -1.000000000000000000, 0.000000000000000000 ) ) ;
#1216 = LINE ( 'NONE', #5372, #9850 ) ;
#1217 = DIRECTION ( 'NONE',  ( 2.664535259100000073E-13, 0.000000000000000000, -1.000000000000000000 ) ) ;
#1218 = EDGE_LOOP ( 'NONE', ( #7025, #7487, #10906, #8985 ) ) ;
#1219 = AXIS2_PLACEMENT_3D ( 'NONE', #6993, #5438, #4595 ) ;
#1220 = CARTESIAN_POINT ( 'NONE',  ( -5.679999999999999716, 2.109999999999976339, 0.3200000000000021161 ) ) ;
#1221 = PRESENTATION_LAYER_ASSIGNMENT (  '', '', ( #4085 ) ) ;
#1222 = CARTESIAN_POINT ( 'NONE',  ( -5.679999999999999716, 1.159999999999976383, -0.3299999999999978506 ) ) ;
#1223 = ORIENTED_EDGE ( 'NONE', *, *, #2302, .F. ) ;
#1224 = AXIS2_PLACEMENT_3D ( 'NONE', #2174, #4444, #1333 ) ;
#1225 = ORIENTED_EDGE ( 'NONE', *, *, #6722, .T. ) ;
#1226 = LINE ( 'NONE', #9109, #2827 ) ;
#1227 = DIRECTION ( 'NONE',  ( 0.000000000000000000, 0.000000000000000000, -1.000000000000000000 ) ) ;
#1228 = FACE_OUTER_BOUND ( 'NONE', #264, .T. ) ;
#1229 = EDGE_LOOP ( 'NONE', ( #1112, #6281, #10018, #2976 ) ) ;
#1230 = LINE ( 'NONE', #8900, #10408 ) ;
#1231 = DIRECTION ( 'NONE',  ( 1.000000000000000000, 0.000000000000000000, 0.000000000000000000 ) ) ;
#1232 = CARTESIAN_POINT ( 'NONE',  ( -2.680000000000000160, 0.7499999999999763522, -0.9999999999999983347 ) ) ;
#1233 = EDGE_CURVE ( 'NONE', #7690, #6264, #7758, .T. ) ;
#1234 = CARTESIAN_POINT ( 'NONE',  ( -3.319999999999999840, 3.304999999999976179, -0.3199999999999982303 ) ) ;
#1235 = VERTEX_POINT ( 'NONE', #8652 ) ;
#1236 = VECTOR ( 'NONE', #6950, 1000.000000000000000 ) ;
#1237 = VERTEX_POINT ( 'NONE', #10271 ) ;
#1238 = ORIENTED_EDGE ( 'NONE', *, *, #4808, .T. ) ;
#1239 = ORIENTED_EDGE ( 'NONE', *, *, #10046, .T. ) ;
#1240 = CARTESIAN_POINT ( 'NONE',  ( -0.1700000000000000122, 2.599999999999976552, 6.500000000000002665 ) ) ;
#1241 = ORIENTED_EDGE ( 'NONE', *, *, #7923, .T. ) ;
#1242 = EDGE_CURVE ( 'NONE', #2128, #5772, #9486, .T. ) ;
#1243 = CARTESIAN_POINT ( 'NONE',  ( -13.35000000000000142, -3.339472861426674655, 4.156876333970376258 ) ) ;
#1244 = LINE ( 'NONE', #5457, #1296 ) ;
#1245 = DIRECTION ( 'NONE',  ( -0.000000000000000000, 1.000000000000000000, 0.000000000000000000 ) ) ;
#1246 = CARTESIAN_POINT ( 'NONE',  ( -0.3199999999999999512, 4.359999999999976339, 0.3500000000000021982 ) ) ;
#1247 = AXIS2_PLACEMENT_3D ( 'NONE', #838, #3310, #10905 ) ;
#1248 = DIRECTION ( 'NONE',  ( 0.000000000000000000, -1.000000000000000000, 0.000000000000000000 ) ) ;
#1249 = EDGE_CURVE ( 'NONE', #7394, #8088, #10377, .T. ) ;
#1250 = LINE ( 'NONE', #1362, #1073 ) ;
#1251 = EDGE_CURVE ( 'NONE', #2933, #3767, #5915, .T. ) ;
#1252 = ORIENTED_EDGE ( 'NONE', *, *, #10536, .T. ) ;
#1253 = ORIENTED_EDGE ( 'NONE', *, *, #9639, .T. ) ;
#1254 = DIRECTION ( 'NONE',  ( -0.000000000000000000, 1.000000000000000000, 0.000000000000000000 ) ) ;
#1255 = DIRECTION ( 'NONE',  ( 0.000000000000000000, 1.000000000000000000, 0.000000000000000000 ) ) ;
#1256 = VECTOR ( 'NONE', #3112, 1000.000000000000000 ) ;
#1257 = PLANE ( 'NONE',  #7732 ) ;
#1258 = ADVANCED_FACE ( 'NONE', ( #88 ), #4350, .T. ) ;
#1259 = DIRECTION ( 'NONE',  ( 0.9363291775690363306, -0.3511234415884135762, 0.000000000000000000 ) ) ;
#1260 = AXIS2_PLACEMENT_3D ( 'NONE', #6781, #10243, #7626 ) ;
#1261 = EDGE_CURVE ( 'NONE', #4094, #4376, #139, .T. ) ;
#1262 = LINE ( 'NONE', #9762, #6761 ) ;
#1263 = ORIENTED_EDGE ( 'NONE', *, *, #5967, .F. ) ;
#1264 = ORIENTED_EDGE ( 'NONE', *, *, #1604, .F. ) ;
#1265 = FACE_OUTER_BOUND ( 'NONE', #1218, .T. ) ;
#1266 = CARTESIAN_POINT ( 'NONE',  ( -11.67999999999999972, 2.749999999999976463, 2.296000000000002039 ) ) ;
#1267 = DIRECTION ( 'NONE',  ( 0.000000000000000000, 0.000000000000000000, -1.000000000000000000 ) ) ;
#1268 = AXIS2_PLACEMENT_3D ( 'NONE', #1660, #8324, #10878 ) ;
#1269 = LINE ( 'NONE', #9159, #37 ) ;
#1270 = AXIS2_PLACEMENT_3D ( 'NONE', #76, #1756, #4335 ) ;
#1271 = VERTEX_POINT ( 'NONE', #9545 ) ;
#1272 = CARTESIAN_POINT ( 'NONE',  ( -11.83000000000000007, 2.599999999999976552, 6.500000000000002665 ) ) ;
#1273 = LINE ( 'NONE', #6587, #1752 ) ;
#1274 = ORIENTED_EDGE ( 'NONE', *, *, #7776, .F. ) ;
#1275 = ORIENTED_EDGE ( 'NONE', *, *, #9859, .T. ) ;
#1276 = VECTOR ( 'NONE', #5862, 1000.000000000000000 ) ;
#1277 = CARTESIAN_POINT ( 'NONE',  ( 0.3200000000000008393, 3.484999999999976339, 0.3500000000000021982 ) ) ;
#1278 = EDGE_CURVE ( 'NONE', #5940, #4494, #3345, .T. ) ;
#1279 = VECTOR ( 'NONE', #9601, 1000.000000000000000 ) ;
#1280 = FACE_OUTER_BOUND ( 'NONE', #10965, .T. ) ;
#1281 = VECTOR ( 'NONE', #5300, 1000.000000000000114 ) ;
#1282 = ORIENTED_EDGE ( 'NONE', *, *, #3505, .F. ) ;
#1283 = CARTESIAN_POINT ( 'NONE',  ( -1.683323839231995134, -3.088021493513021909, 3.468281803488502124 ) ) ;
#1284 = CARTESIAN_POINT ( 'NONE',  ( -3.319999999999999840, 1.159999999999976383, -0.3299999999999978506 ) ) ;
#1285 = LINE ( 'NONE', #5767, #7805 ) ;
#1286 = VECTOR ( 'NONE', #7976, 1000.000000000000000 ) ;
#1287 = DIRECTION ( 'NONE',  ( 0.000000000000000000, 0.000000000000000000, 1.000000000000000000 ) ) ;
#1288 = ORIENTED_EDGE ( 'NONE', *, *, #5623, .T. ) ;
#1289 = ORIENTED_EDGE ( 'NONE', *, *, #9557, .T. ) ;
#1290 = ORIENTED_EDGE ( 'NONE', *, *, #10772, .T. ) ;
#1291 = VERTEX_POINT ( 'NONE', #6921 ) ;
#1292 = CARTESIAN_POINT ( 'NONE',  ( -1.649999999999999467, -3.338689446744974365, 4.114587865475697548 ) ) ;
#1293 = ORIENTED_EDGE ( 'NONE', *, *, #10006, .F. ) ;
#1294 = EDGE_CURVE ( 'NONE', #707, #4076, #6082, .T. ) ;
#1295 = EDGE_CURVE ( 'NONE', #8375, #4095, #1881, .T. ) ;
#1296 = VECTOR ( 'NONE', #512, 1000.000000000000000 ) ;
#1297 = LINE ( 'NONE', #9072, #9130 ) ;
#1298 = DIRECTION ( 'NONE',  ( -0.6635381078444798630, 0.3455927645022893180, -0.6635381078444798630 ) ) ;
#1299 = CARTESIAN_POINT ( 'NONE',  ( -11.44999999999999929, 1.179999999999976401, 8.900000000000002132 ) ) ;
#1300 = CARTESIAN_POINT ( 'NONE',  ( -0.3199999999999999512, 3.699999999999976641, -0.3299999999999978506 ) ) ;
#1301 = VECTOR ( 'NONE', #6085, 1000.000000000000000 ) ;
#1302 = ORIENTED_EDGE ( 'NONE', *, *, #3244, .F. ) ;
#1303 = VERTEX_POINT ( 'NONE', #815 ) ;
#1304 = EDGE_CURVE ( 'NONE', #5809, #2654, #4241, .T. ) ;
#1305 = DIRECTION ( 'NONE',  ( -1.000000000000000000, 0.000000000000000000, 0.000000000000000000 ) ) ;
#1306 = ORIENTED_EDGE ( 'NONE', *, *, #120, .T. ) ;
#1307 = ORIENTED_EDGE ( 'NONE', *, *, #10286, .T. ) ;
#1308 = DIRECTION ( 'NONE',  ( 0.000000000000000000, 0.000000000000000000, -1.000000000000000000 ) ) ;
#1309 = CARTESIAN_POINT ( 'NONE',  ( -0.3199999999999999512, 2.109999999999976339, 2.296000000000002039 ) ) ;
#1310 = AXIS2_PLACEMENT_3D ( 'NONE', #8813, #1245, #7236 ) ;
#1311 = EDGE_CURVE ( 'NONE', #6420, #5613, #10488, .T. ) ;
#1312 = FACE_OUTER_BOUND ( 'NONE', #9615, .T. ) ;
#1313 = PLANE ( 'NONE',  #9876 ) ;
#1314 = EDGE_CURVE ( 'NONE', #3435, #10626, #7246, .T. ) ;
#1315 = DIRECTION ( 'NONE',  ( -0.9363291775690363306, 0.000000000000000000, 0.3511234415884135762 ) ) ;
#1316 = ORIENTED_EDGE ( 'NONE', *, *, #7692, .F. ) ;
#1317 = VERTEX_POINT ( 'NONE', #10642 ) ;
#1318 = LINE ( 'NONE', #4740, #3764 ) ;
#1319 = CARTESIAN_POINT ( 'NONE',  ( -10.24999999999999822, 3.679999999999976623, 8.900000000000002132 ) ) ;
#1320 = DIRECTION ( 'NONE',  ( 0.000000000000000000, 0.000000000000000000, -1.000000000000000000 ) ) ;
#1321 = DIRECTION ( 'NONE',  ( 0.000000000000000000, 1.000000000000000000, 0.000000000000000000 ) ) ;
#1322 = EDGE_CURVE ( 'NONE', #2430, #7862, #2774, .T. ) ;
#1323 = ORIENTED_EDGE ( 'NONE', *, *, #4964, .T. ) ;
#1324 = EDGE_CURVE ( 'NONE', #7046, #6390, #7193, .T. ) ;
#1325 = DIRECTION ( 'NONE',  ( -1.000000000000000000, 0.000000000000000000, 0.000000000000000000 ) ) ;
#1326 = VECTOR ( 'NONE', #9008, 1000.000000000000000 ) ;
#1327 = ADVANCED_FACE ( 'NONE', ( #1992 ), #10590, .T. ) ;
#1328 = FACE_OUTER_BOUND ( 'NONE', #2711, .T. ) ;
#1329 = EDGE_LOOP ( 'NONE', ( #8745, #10588, #8125, #10320 ) ) ;
#1330 = ORIENTED_EDGE ( 'NONE', *, *, #4636, .T. ) ;
#1331 = FACE_BOUND ( 'NONE', #10557, .T. ) ;
#1332 = DIRECTION ( 'NONE',  ( 0.000000000000000000, 1.000000000000000000, 0.000000000000000000 ) ) ;
#1333 = DIRECTION ( 'NONE',  ( 0.000000000000000000, 0.000000000000000000, -1.000000000000000000 ) ) ;
#1334 = VECTOR ( 'NONE', #834, 1000.000000000000000 ) ;
#1335 = CARTESIAN_POINT ( 'NONE',  ( -8.799999999999998934, 5.564999999999976410, 7.150000000000002132 ) ) ;
#1336 = DIRECTION ( 'NONE',  ( 0.000000000000000000, 0.000000000000000000, -1.000000000000000000 ) ) ;
#1337 = ORIENTED_EDGE ( 'NONE', *, *, #2984, .F. ) ;
#1338 = CARTESIAN_POINT ( 'NONE',  ( -1.534497938536995454, -3.339878673556024413, 4.496261818611301919 ) ) ;
#1339 = DIRECTION ( 'NONE',  ( 0.000000000000000000, 1.000000000000000000, 0.000000000000000000 ) ) ;
#1340 = DIRECTION ( 'NONE',  ( 0.000000000000000000, -1.000000000000000000, 0.000000000000000000 ) ) ;
#1341 = VECTOR ( 'NONE', #6235, 1000.000000000000000 ) ;
#1342 = CARTESIAN_POINT ( 'NONE',  ( -18.32000000000000028, 1.159999999999976383, 0.2700000000000020162 ) ) ;
#1343 = ADVANCED_FACE ( 'NONE', ( #2884 ), #8925, .T. ) ;
#1344 = ORIENTED_EDGE ( 'NONE', *, *, #9098, .T. ) ;
#1345 = AXIS2_PLACEMENT_3D ( 'NONE', #10881, #5980, #4131 ) ;
#1346 = VERTEX_POINT ( 'NONE', #7027 ) ;
#1347 = ORIENTED_EDGE ( 'NONE', *, *, #5488, .F. ) ;
#1348 = ORIENTED_EDGE ( 'NONE', *, *, #6279, .F. ) ;
#1349 = CARTESIAN_POINT ( 'NONE',  ( -1.649999999999999911, -3.129482729609618819, 3.520279187409522947 ) ) ;
#1350 = ORIENTED_EDGE ( 'NONE', *, *, #248, .F. ) ;
#1351 = FACE_OUTER_BOUND ( 'NONE', #5621, .T. ) ;
#1352 = VERTEX_POINT ( 'NONE', #1150 ) ;
#1353 = CARTESIAN_POINT ( 'NONE',  ( -11.67999999999999972, 3.304999999999976179, -0.3299999999999978506 ) ) ;
#1354 = CARTESIAN_POINT ( 'NONE',  ( -6.319999999999999396, 4.359999999999976339, 0.3500000000000021982 ) ) ;
#1355 = CARTESIAN_POINT ( 'NONE',  ( -12.16999999999999993, 2.259999999999976250, 6.500000000000002665 ) ) ;
#1356 = VECTOR ( 'NONE', #547, 1000.000000000000000 ) ;
#1357 = DIRECTION ( 'NONE',  ( 1.000000000000000000, 0.000000000000000000, 0.000000000000000000 ) ) ;
#1358 = VECTOR ( 'NONE', #5271, 1000.000000000000000 ) ;
#1359 = VERTEX_POINT ( 'NONE', #7085 ) ;
#1360 = EDGE_CURVE ( 'NONE', #9652, #4330, #5361, .T. ) ;
#1361 = ORIENTED_EDGE ( 'NONE', *, *, #5415, .T. ) ;
#1362 = CARTESIAN_POINT ( 'NONE',  ( 3.319999999999999840, 2.159999999999976605, 1.513829809427001960 ) ) ;
#1363 = VERTEX_POINT ( 'NONE', #5305 ) ;
#1364 = ORIENTED_EDGE ( 'NONE', *, *, #10520, .F. ) ;
#1365 = DIRECTION ( 'NONE',  ( 0.000000000000000000, -1.000000000000000000, 0.000000000000000000 ) ) ;
#1366 = CARTESIAN_POINT ( 'NONE',  ( -18.32000000000000028, 3.304999999999976179, -0.3299999999999978506 ) ) ;
#1367 = AXIS2_PLACEMENT_3D ( 'NONE', #1507, #10671, #9007 ) ;
#1368 = LINE ( 'NONE', #5574, #6475 ) ;
#1369 = CARTESIAN_POINT ( 'NONE',  ( -18.32000000000000028, 1.159999999999976383, -0.9999999999999983347 ) ) ;
#1370 = DIRECTION ( 'NONE',  ( -1.000000000000000000, 0.000000000000000000, 0.000000000000000000 ) ) ;
#1371 = EDGE_CURVE ( 'NONE', #7862, #8515, #6194, .T. ) ;
#1372 = DIRECTION ( 'NONE',  ( 0.000000000000000000, -0.9363291775690363306, 0.3511234415884135762 ) ) ;
#1373 = EDGE_CURVE ( 'NONE', #1016, #2572, #413, .T. ) ;
#1374 = ORIENTED_EDGE ( 'NONE', *, *, #9177, .F. ) ;
#1375 = ORIENTED_EDGE ( 'NONE', *, *, #8223, .F. ) ;
#1376 = DIRECTION ( 'NONE',  ( 0.000000000000000000, 1.000000000000000000, 0.000000000000000000 ) ) ;
#1377 = DIRECTION ( 'NONE',  ( 0.000000000000000000, 1.000000000000000000, 0.000000000000000000 ) ) ;
#1378 = CARTESIAN_POINT ( 'NONE',  ( -16.25000000000000000, 3.679999999999976623, 8.900000000000002132 ) ) ;
#1379 = FACE_OUTER_BOUND ( 'NONE', #1453, .T. ) ;
#1380 = ORIENTED_EDGE ( 'NONE', *, *, #4191, .T. ) ;
#1381 = DIRECTION ( 'NONE',  ( -0.000000000000000000, 1.000000000000000000, 0.000000000000000000 ) ) ;
#1382 = PLANE ( 'NONE',  #7121 ) ;
#1383 = VERTEX_POINT ( 'NONE', #2936 ) ;
#1384 = ORIENTED_EDGE ( 'NONE', *, *, #8413, .F. ) ;
#1385 = EDGE_CURVE ( 'NONE', #9399, #4264, #6407, .T. ) ;
#1386 = DIRECTION ( 'NONE',  ( 1.000000000000000000, 0.000000000000000000, 0.000000000000000000 ) ) ;
#1387 = CARTESIAN_POINT ( 'NONE',  ( -1.649999999999999467, -2.915727861385023267, 3.333811976901002172 ) ) ;
#1388 = PLANE ( 'NONE',  #1948 ) ;
#1389 = AXIS2_PLACEMENT_3D ( 'NONE', #6104, #6271, #3752 ) ;
#1390 = PLANE ( 'NONE',  #7715 ) ;
#1391 = CARTESIAN_POINT ( 'NONE',  ( -13.10633400735200205, -3.339878673358019245, 4.654606741753001486 ) ) ;
#1392 = EDGE_CURVE ( 'NONE', #5899, #10296, #2050, .T. ) ;
#1393 = VECTOR ( 'NONE', #4012, 1000.000000000000000 ) ;
#1394 = VERTEX_POINT ( 'NONE', #10437 ) ;
#1395 = CARTESIAN_POINT ( 'NONE',  ( -8.679999999999999716, 2.749999999999976463, 2.296000000000002039 ) ) ;
#1396 = DIRECTION ( 'NONE',  ( 1.000000000000000000, 0.000000000000000000, 0.000000000000000000 ) ) ;
#1397 = CARTESIAN_POINT ( 'NONE',  ( -14.67999999999999794, 1.554999999999976623, 0.2700000000000020162 ) ) ;
#1398 = CARTESIAN_POINT ( 'NONE',  ( 0.1700000000000000122, -3.220000000000023288, 0.1700000000000021771 ) ) ;
#1399 = ORIENTED_EDGE ( 'NONE', *, *, #8111, .F. ) ;
#1400 = ORIENTED_EDGE ( 'NONE', *, *, #3838, .T. ) ;
#1401 = ORIENTED_EDGE ( 'NONE', *, *, #2479, .F. ) ;
#1402 = ORIENTED_EDGE ( 'NONE', *, *, #8893, .F. ) ;
#1403 = DIRECTION ( 'NONE',  ( 0.000000000000000000, 1.000000000000000000, 0.000000000000000000 ) ) ;
#1404 = EDGE_LOOP ( 'NONE', ( #10570, #7268, #3728, #1918, #881, #5119, #10793, #7336 ) ) ;
#1405 = CARTESIAN_POINT ( 'NONE',  ( -10.24999999999999822, 3.679999999999976623, 8.900000000000002132 ) ) ;
#1406 = ORIENTED_EDGE ( 'NONE', *, *, #7069, .T. ) ;
#1407 = DIRECTION ( 'NONE',  ( 1.000000000000000000, 0.000000000000000000, 0.000000000000000000 ) ) ;
#1408 = CARTESIAN_POINT ( 'NONE',  ( 0.5500000000000001554, 1.179999999999976401, 2.296000000000002039 ) ) ;
#1409 = DIRECTION ( 'NONE',  ( 8.881784197000999888E-14, -1.110223024625000030E-14, -1.000000000000000000 ) ) ;
#1410 = VECTOR ( 'NONE', #8357, 1000.000000000000000 ) ;
#1411 = LINE ( 'NONE', #10805, #8142 ) ;
#1412 = ORIENTED_EDGE ( 'NONE', *, *, #4668, .T. ) ;
#1413 = ORIENTED_EDGE ( 'NONE', *, *, #10142, .F. ) ;
#1414 = ORIENTED_EDGE ( 'NONE', *, *, #2196, .T. ) ;
#1415 = ORIENTED_EDGE ( 'NONE', *, *, #10062, .T. ) ;
#1416 = EDGE_CURVE ( 'NONE', #206, #868, #1090, .T. ) ;
#1417 = LINE ( 'NONE', #6300, #6631 ) ;
#1418 = CARTESIAN_POINT ( 'NONE',  ( -5.679999999999999716, 3.304999999999976179, 0.2700000000000020162 ) ) ;
#1419 = VECTOR ( 'NONE', #8566, 1000.000000000000000 ) ;
#1420 = PLANE ( 'NONE',  #2718 ) ;
#1421 = LINE ( 'NONE', #4847, #5256 ) ;
#1422 = CARTESIAN_POINT ( 'NONE',  ( -6.200000000000000178, 5.564999999999976410, 6.400000000000002132 ) ) ;
#1423 = LINE ( 'NONE', #10595, #7829 ) ;
#1424 = ORIENTED_EDGE ( 'NONE', *, *, #987, .F. ) ;
#1425 = ORIENTED_EDGE ( 'NONE', *, *, #4662, .T. ) ;
#1426 = VECTOR ( 'NONE', #9554, 1000.000000000000000 ) ;
#1427 = EDGE_CURVE ( 'NONE', #10575, #9137, #6249, .T. ) ;
#1428 = DIRECTION ( 'NONE',  ( 1.000000000000000000, 0.000000000000000000, 0.000000000000000000 ) ) ;
#1429 = DIRECTION ( 'NONE',  ( 0.000000000000000000, -1.000000000000000000, 0.000000000000000000 ) ) ;
#1430 = DIRECTION ( 'NONE',  ( 1.000000000000000000, 0.000000000000000000, 0.000000000000000000 ) ) ;
#1431 = FACE_OUTER_BOUND ( 'NONE', #10677, .T. ) ;
#1432 = EDGE_CURVE ( 'NONE', #4456, #6478, #4518, .T. ) ;
#1433 = CARTESIAN_POINT ( 'NONE',  ( -6.319999999999999396, -2.820000000000023821, 0.3200000000000021161 ) ) ;
#1434 = ORIENTED_EDGE ( 'NONE', *, *, #3836, .F. ) ;
#1435 = CARTESIAN_POINT ( 'NONE',  ( -16.96000000000000085, 0.7499999999999763522, -0.9999999999999983347 ) ) ;
#1436 = LINE ( 'NONE', #4863, #2285 ) ;
#1437 = ORIENTED_EDGE ( 'NONE', *, *, #8927, .F. ) ;
#1438 = VECTOR ( 'NONE', #3088, 1000.000000000000114 ) ;
#1439 = EDGE_LOOP ( 'NONE', ( #4238, #6588, #2075, #1133, #723, #3282 ) ) ;
#1440 = CARTESIAN_POINT ( 'NONE',  ( -7.750000000000000000, 3.679999999999976623, 8.900000000000002132 ) ) ;
#1441 = LINE ( 'NONE', #1498, #6363 ) ;
#1442 = FACE_OUTER_BOUND ( 'NONE', #8576, .T. ) ;
#1443 = EDGE_CURVE ( 'NONE', #8384, #1657, #1206, .T. ) ;
#1444 = CARTESIAN_POINT ( 'NONE',  ( -18.32000000000000028, 3.699999999999976641, -0.3299999999999978506 ) ) ;
#1445 = CARTESIAN_POINT ( 'NONE',  ( -18.32000000000000028, 3.699999999999976641, -0.9999999999999983347 ) ) ;
#1446 = ORIENTED_EDGE ( 'NONE', *, *, #10489, .F. ) ;
#1447 = LINE ( 'NONE', #6714, #44 ) ;
#1448 = LINE ( 'NONE', #8287, #7061 ) ;
#1449 = CARTESIAN_POINT ( 'NONE',  ( 1.919999999999999929, 1.679999999999976401, 8.900000000000002132 ) ) ;
#1450 = CARTESIAN_POINT ( 'NONE',  ( -3.319999999999999840, 3.304999999999976179, -0.3199999999999982303 ) ) ;
#1451 = ORIENTED_EDGE ( 'NONE', *, *, #10430, .F. ) ;
#1452 = VECTOR ( 'NONE', #9002, 1000.000000000000000 ) ;
#1453 = EDGE_LOOP ( 'NONE', ( #5677, #2568, #9632, #4642 ) ) ;
#1454 = ORIENTED_EDGE ( 'NONE', *, *, #8712, .F. ) ;
#1455 = VERTEX_POINT ( 'NONE', #3781 ) ;
#1456 = CARTESIAN_POINT ( 'NONE',  ( -1.649999999999999467, -3.097496087967024359, 3.491994854836502071 ) ) ;
#1457 = ORIENTED_EDGE ( 'NONE', *, *, #10123, .T. ) ;
#1458 = CARTESIAN_POINT ( 'NONE',  ( -11.67999999999999972, 4.359999999999976339, 0.3500000000000021982 ) ) ;
#1459 = VECTOR ( 'NONE', #9817, 1000.000000000000000 ) ;
#1460 = ORIENTED_EDGE ( 'NONE', *, *, #1145, .T. ) ;
#1461 = PLANE ( 'NONE',  #5769 ) ;
#1462 = LINE ( 'NONE', #623, #7387 ) ;
#1463 = LINE ( 'NONE', #624, #10518 ) ;
#1464 = ADVANCED_FACE ( 'NONE', ( #3679 ), #2829, .T. ) ;
#1465 = PLANE ( 'NONE',  #4747 ) ;
#1466 = AXIS2_PLACEMENT_3D ( 'NONE', #6077, #4454, #5355 ) ;
#1467 = ORIENTED_EDGE ( 'NONE', *, *, #506, .F. ) ;
#1468 = ADVANCED_FACE ( 'NONE', ( #4676 ), #4006, .F. ) ;
#1469 = ORIENTED_EDGE ( 'NONE', *, *, #8770, .F. ) ;
#1470 = VECTOR ( 'NONE', #8145, 1000.000000000000114 ) ;
#1471 = AXIS2_PLACEMENT_3D ( 'NONE', #7455, #3204, #10021 ) ;
#1472 = ORIENTED_EDGE ( 'NONE', *, *, #8208, .F. ) ;
#1473 = ORIENTED_EDGE ( 'NONE', *, *, #3982, .T. ) ;
#1474 = CARTESIAN_POINT ( 'NONE',  ( -5.679999999999999716, 3.699999999999976641, -0.9999999999999983347 ) ) ;
#1475 = DIRECTION ( 'NONE',  ( -0.000000000000000000, 0.9363291775690363306, 0.3511234415884135762 ) ) ;
#1476 = DIRECTION ( 'NONE',  ( 0.000000000000000000, 0.000000000000000000, 1.000000000000000000 ) ) ;
#1477 = CARTESIAN_POINT ( 'NONE',  ( 1.250000000000001110, 1.879999999999976357, 2.296000000000002039 ) ) ;
#1478 = CARTESIAN_POINT ( 'NONE',  ( 3.319999999999999840, 1.159999999999976383, -0.3299999999999978506 ) ) ;
#1479 = VECTOR ( 'NONE', #472, 1000.000000000000000 ) ;
#1480 = DIRECTION ( 'NONE',  ( -0.000000000000000000, 1.000000000000000000, 0.000000000000000000 ) ) ;
#1481 = EDGE_CURVE ( 'NONE', #1802, #5038, #7522, .T. ) ;
#1482 = ADVANCED_FACE ( 'NONE', ( #469 ), #4904, .T. ) ;
#1483 = ADVANCED_FACE ( 'NONE', ( #9922 ), #9202, .T. ) ;
#1484 = CARTESIAN_POINT ( 'NONE',  ( -13.35000000000000142, -3.097496087967024359, 3.491994854836502071 ) ) ;
#1485 = EDGE_LOOP ( 'NONE', ( #2586, #7569, #9363, #6445 ) ) ;
#1486 = CARTESIAN_POINT ( 'NONE',  ( -13.35000000000000142, -2.876112710120023674, 5.300000000000002487 ) ) ;
#1487 = VECTOR ( 'NONE', #676, 1000.000000000000000 ) ;
#1488 = PLANE ( 'NONE',  #887 ) ;
#1489 = PLANE ( 'NONE',  #24 ) ;
#1490 = DIRECTION ( 'NONE',  ( -1.000000000000000000, 0.000000000000000000, 0.000000000000000000 ) ) ;
#1491 = LINE ( 'NONE', #2950, #8258 ) ;
#1492 = DIRECTION ( 'NONE',  ( 0.000000000000000000, 0.000000000000000000, -1.000000000000000000 ) ) ;
#1493 = CARTESIAN_POINT ( 'NONE',  ( -5.679999999999999716, -2.820000000000023821, 0.3200000000000021161 ) ) ;
#1494 = ORIENTED_EDGE ( 'NONE', *, *, #75, .F. ) ;
#1495 = ORIENTED_EDGE ( 'NONE', *, *, #10224, .F. ) ;
#1496 = ADVANCED_FACE ( 'NONE', ( #3041 ), #4730, .T. ) ;
#1497 = CARTESIAN_POINT ( 'NONE',  ( -6.319999999999999396, 1.554999999999976623, 0.2700000000000020162 ) ) ;
#1498 = CARTESIAN_POINT ( 'NONE',  ( -17.35999999999999943, 1.159999999999976383, -0.9999999999999983347 ) ) ;
#1499 = FACE_OUTER_BOUND ( 'NONE', #2483, .T. ) ;
#1500 = CARTESIAN_POINT ( 'NONE',  ( 3.319999999999999840, 1.554999999999976623, -0.3299999999999978506 ) ) ;
#1501 = LINE ( 'NONE', #6052, #3185 ) ;
#1502 = DIRECTION ( 'NONE',  ( 0.000000000000000000, 0.000000000000000000, -1.000000000000000000 ) ) ;
#1503 = VECTOR ( 'NONE', #5447, 1000.000000000000000 ) ;
#1504 = ORIENTED_EDGE ( 'NONE', *, *, #5449, .F. ) ;
#1505 = DIRECTION ( 'NONE',  ( 0.000000000000000000, 0.000000000000000000, 1.000000000000000000 ) ) ;
#1506 = DIRECTION ( 'NONE',  ( 0.000000000000000000, 0.000000000000000000, 1.000000000000000000 ) ) ;
#1507 = CARTESIAN_POINT ( 'NONE',  ( -8.679999999999999716, 4.359999999999976339, 0.3500000000000021982 ) ) ;
#1508 = DIRECTION ( 'NONE',  ( 0.000000000000000000, -0.9363291775690363306, 0.3511234415884135762 ) ) ;
#1509 = ORIENTED_EDGE ( 'NONE', *, *, #848, .T. ) ;
#1510 = EDGE_CURVE ( 'NONE', #10152, #6736, #4060, .T. ) ;
#1511 = ORIENTED_EDGE ( 'NONE', *, *, #9923, .T. ) ;
#1512 = ADVANCED_FACE ( 'NONE', ( #2148 ), #524, .F. ) ;
#1513 = EDGE_LOOP ( 'NONE', ( #539, #10519, #667, #11, #2868 ) ) ;
#1514 = VECTOR ( 'NONE', #284, 1000.000000000000000 ) ;
#1515 = DIRECTION ( 'NONE',  ( 0.000000000000000000, 1.000000000000000000, 0.000000000000000000 ) ) ;
#1516 = VERTEX_POINT ( 'NONE', #10925 ) ;
#1517 = DIRECTION ( 'NONE',  ( 0.000000000000000000, 0.6428711427641899956, 0.7659743427824879936 ) ) ;
#1518 = ORIENTED_EDGE ( 'NONE', *, *, #1095, .T. ) ;
#1519 = CARTESIAN_POINT ( 'NONE',  ( -5.679999999999999716, 2.109999999999976339, 0.3500000000000021982 ) ) ;
#1520 = ORIENTED_EDGE ( 'NONE', *, *, #530, .T. ) ;
#1521 = PRESENTATION_STYLE_ASSIGNMENT (( #1576 ) ) ;
#1522 = CARTESIAN_POINT ( 'NONE',  ( -12.16999999999999993, -3.220000000000023288, -0.1699999999999982636 ) ) ;
#1523 = DIRECTION ( 'NONE',  ( 0.000000000000000000, -1.000000000000000000, 0.000000000000000000 ) ) ;
#1524 = AXIS2_PLACEMENT_3D ( 'NONE', #7842, #172, #6167 ) ;
#1525 = DIRECTION ( 'NONE',  ( 0.000000000000000000, 0.000000000000000000, 1.000000000000000000 ) ) ;
#1526 = EDGE_LOOP ( 'NONE', ( #10237, #841, #3039, #1509 ) ) ;
#1527 = ADVANCED_FACE ( 'NONE', ( #4114 ), #5683, .T. ) ;
#1528 = VERTEX_POINT ( 'NONE', #2314 ) ;
#1529 = EDGE_LOOP ( 'NONE', ( #6029, #7459, #4055, #9229, #9995, #6116, #6837, #2301, #6136, #10060 ) ) ;
#1530 = ORIENTED_EDGE ( 'NONE', *, *, #6938, .F. ) ;
#1531 = AXIS2_PLACEMENT_3D ( 'NONE', #5485, #3903, #6479 ) ;
#1532 = EDGE_CURVE ( 'NONE', #1007, #10456, #3275, .T. ) ;
#1533 = EDGE_CURVE ( 'NONE', #10311, #6501, #5573, .T. ) ;
#1534 = DIRECTION ( 'NONE',  ( 0.000000000000000000, 1.000000000000000000, 0.000000000000000000 ) ) ;
#1535 = DIRECTION ( 'NONE',  ( 0.000000000000000000, 1.000000000000000000, 0.000000000000000000 ) ) ;
#1536 = AXIS2_PLACEMENT_3D ( 'NONE', #2398, #1556, #3237 ) ;
#1537 = EDGE_CURVE ( 'NONE', #684, #10300, #2259, .T. ) ;
#1538 = LINE ( 'NONE', #6745, #6307 ) ;
#1539 = LINE ( 'NONE', #7415, #8815 ) ;
#1540 = LINE ( 'NONE', #5014, #831 ) ;
#1541 = VECTOR ( 'NONE', #10576, 1000.000000000000000 ) ;
#1542 = DIRECTION ( 'NONE',  ( 1.000000000000000000, 0.000000000000000000, 0.000000000000000000 ) ) ;
#1543 = ORIENTED_EDGE ( 'NONE', *, *, #1934, .F. ) ;
#1544 = VECTOR ( 'NONE', #8066, 1000.000000000000000 ) ;
#1545 = ORIENTED_EDGE ( 'NONE', *, *, #10013, .F. ) ;
#1546 = LINE ( 'NONE', #10101, #6788 ) ;
#1547 = FACE_OUTER_BOUND ( 'NONE', #3110, .T. ) ;
#1548 = LINE ( 'NONE', #5860, #1106 ) ;
#1549 = EDGE_CURVE ( 'NONE', #4264, #5484, #5628, .T. ) ;
#1550 = LINE ( 'NONE', #10880, #1276 ) ;
#1551 = DIRECTION ( 'NONE',  ( 0.000000000000000000, -1.000000000000000000, 0.000000000000000000 ) ) ;
#1552 = LINE ( 'NONE', #2502, #2472 ) ;
#1553 = ORIENTED_EDGE ( 'NONE', *, *, #4668, .F. ) ;
#1554 = ORIENTED_EDGE ( 'NONE', *, *, #1033, .T. ) ;
#1555 = CARTESIAN_POINT ( 'NONE',  ( -7.249999999999999112, 3.679999999999976623, 8.900000000000002132 ) ) ;
#1556 = DIRECTION ( 'NONE',  ( 0.9363291775690363306, 0.000000000000000000, 0.3511234415884135762 ) ) ;
#1557 = DIRECTION ( 'NONE',  ( 1.000000000000000000, 0.000000000000000000, 0.000000000000000000 ) ) ;
#1558 = CARTESIAN_POINT ( 'NONE',  ( -0.3199999999999999512, 4.359999999999976339, 0.3500000000000021982 ) ) ;
#1559 = ORIENTED_EDGE ( 'NONE', *, *, #486, .F. ) ;
#1560 = DIRECTION ( 'NONE',  ( 1.000000000000000000, 0.000000000000000000, 0.000000000000000000 ) ) ;
#1561 = DIRECTION ( 'NONE',  ( -1.000000000000000000, 0.000000000000000000, 0.000000000000000000 ) ) ;
#1562 = LINE ( 'NONE', #5041, #7953 ) ;
#1563 = ORIENTED_EDGE ( 'NONE', *, *, #9990, .T. ) ;
#1564 = ORIENTED_EDGE ( 'NONE', *, *, #8431, .F. ) ;
#1565 = ORIENTED_EDGE ( 'NONE', *, *, #5797, .F. ) ;
#1566 = LINE ( 'NONE', #8398, #2140 ) ;
#1567 = CARTESIAN_POINT ( 'NONE',  ( -7.750000000000000000, 3.679999999999976623, 8.900000000000002132 ) ) ;
#1568 = ORIENTED_EDGE ( 'NONE', *, *, #5615, .F. ) ;
#1569 = DIRECTION ( 'NONE',  ( 0.000000000000000000, -0.3511234415884135762, -0.9363291775690363306 ) ) ;
#1570 = EDGE_CURVE ( 'NONE', #1608, #1974, #635, .T. ) ;
#1571 = EDGE_LOOP ( 'NONE', ( #5501, #1274, #396, #8582, #9427 ) ) ;
#1572 = VECTOR ( 'NONE', #3048, 1000.000000000000000 ) ;
#1573 = DIRECTION ( 'NONE',  ( 1.000000000000000000, 0.000000000000000000, 0.000000000000000000 ) ) ;
#1574 = EDGE_CURVE ( 'NONE', #2241, #946, #9144, .T. ) ;
#1575 = ORIENTED_EDGE ( 'NONE', *, *, #2896, .T. ) ;
#1576 = SURFACE_STYLE_USAGE ( .BOTH. , #6730 ) ;
#1577 = CARTESIAN_POINT ( 'NONE',  ( -17.35999999999999943, 4.359999999999976339, -0.9999999999999983347 ) ) ;
#1578 = DIRECTION ( 'NONE',  ( 0.000000000000000000, 0.000000000000000000, -1.000000000000000000 ) ) ;
#1579 = VECTOR ( 'NONE', #4136, 1000.000000000000000 ) ;
#1580 = CARTESIAN_POINT ( 'NONE',  ( -1.070204102886999298, -2.341876692568689577E-14, 3.300000000000002043 ) ) ;
#1581 = ORIENTED_EDGE ( 'NONE', *, *, #2687, .T. ) ;
#1582 = AXIS2_PLACEMENT_3D ( 'NONE', #6540, #9890, #2399 ) ;
#1583 = VERTEX_POINT ( 'NONE', #3888 ) ;
#1584 = EDGE_CURVE ( 'NONE', #6375, #10960, #7302, .T. ) ;
#1585 = ORIENTED_EDGE ( 'NONE', *, *, #6872, .F. ) ;
#1586 = EDGE_LOOP ( 'NONE', ( #1032, #9465, #7875, #7279, #8759 ) ) ;
#1587 = CARTESIAN_POINT ( 'NONE',  ( -11.67999999999999972, 4.359999999999976339, -0.9999999999999983347 ) ) ;
#1588 = CARTESIAN_POINT ( 'NONE',  ( 0.3200000000000008393, 4.359999999999976339, -0.9999999999999983347 ) ) ;
#1589 = VECTOR ( 'NONE', #570, 1000.000000000000000 ) ;
#1590 = EDGE_CURVE ( 'NONE', #10100, #7835, #3213, .T. ) ;
#1591 = CARTESIAN_POINT ( 'NONE',  ( 1.959999999999999964, 0.7499999999999763522, 0.7000000000000022871 ) ) ;
#1592 = DIRECTION ( 'NONE',  ( 0.000000000000000000, -1.000000000000000000, 0.000000000000000000 ) ) ;
#1593 = LINE ( 'NONE', #2209, #10480 ) ;
#1594 = EDGE_CURVE ( 'NONE', #3437, #10137, #10033, .T. ) ;
#1595 = EDGE_CURVE ( 'NONE', #6105, #722, #8478, .T. ) ;
#1596 = CARTESIAN_POINT ( 'NONE',  ( -6.319999999999999396, 3.484999999999976339, 0.3500000000000021982 ) ) ;
#1597 = ORIENTED_EDGE ( 'NONE', *, *, #3522, .T. ) ;
#1598 = ORIENTED_EDGE ( 'NONE', *, *, #4473, .T. ) ;
#1599 = DIRECTION ( 'NONE',  ( -1.000000000000000000, 0.000000000000000000, 0.000000000000000000 ) ) ;
#1600 = ADVANCED_FACE ( 'NONE', ( #10199 ), #9421, .T. ) ;
#1601 = CARTESIAN_POINT ( 'NONE',  ( 2.360000000000001208, 1.159999999999976383, -0.9999999999999983347 ) ) ;
#1602 = DIRECTION ( 'NONE',  ( -0.000000000000000000, 1.000000000000000000, 0.000000000000000000 ) ) ;
#1603 = DIRECTION ( 'NONE',  ( -0.3511234415884135762, 0.9363291775690363306, 0.000000000000000000 ) ) ;
#1604 = EDGE_CURVE ( 'NONE', #10607, #5201, #2486, .T. ) ;
#1605 = CARTESIAN_POINT ( 'NONE',  ( -6.319999999999999396, 0.7499999999999763522, -0.9999999999999983347 ) ) ;
#1606 = EDGE_CURVE ( 'NONE', #7845, #9180, #5237, .T. ) ;
#1607 = CARTESIAN_POINT ( 'NONE',  ( -15.16999999999999993, 2.599999999999976552, 6.500000000000002665 ) ) ;
#1608 = VERTEX_POINT ( 'NONE', #9365 ) ;
#1609 = VECTOR ( 'NONE', #7983, 1000.000000000000114 ) ;
#1610 = ORIENTED_EDGE ( 'NONE', *, *, #9187, .T. ) ;
#1611 = FACE_OUTER_BOUND ( 'NONE', #1229, .T. ) ;
#1612 = DIRECTION ( 'NONE',  ( 1.000000000000000000, 0.000000000000000000, 0.000000000000000000 ) ) ;
#1613 = DIRECTION ( 'NONE',  ( 1.000000000000000000, 0.000000000000000000, 0.000000000000000000 ) ) ;
#1614 = LINE ( 'NONE', #5037, #566 ) ;
#1615 = AXIS2_PLACEMENT_3D ( 'NONE', #5033, #10947, #8445 ) ;
#1616 = VERTEX_POINT ( 'NONE', #11036 ) ;
#1617 = CARTESIAN_POINT ( 'NONE',  ( -9.320000000000000284, 2.109999999999976339, 6.100000000000002309 ) ) ;
#1618 = DIRECTION ( 'NONE',  ( 1.000000000000000000, 0.000000000000000000, 0.000000000000000000 ) ) ;
#1619 = LINE ( 'NONE', #9397, #3833 ) ;
#1620 = VECTOR ( 'NONE', #9680, 1000.000000000000000 ) ;
#1621 = VERTEX_POINT ( 'NONE', #7747 ) ;
#1622 = EDGE_CURVE ( 'NONE', #8458, #7288, #3331, .T. ) ;
#1623 = ORIENTED_EDGE ( 'NONE', *, *, #2008, .F. ) ;
#1624 = ORIENTED_EDGE ( 'NONE', *, *, #2630, .F. ) ;
#1625 = DIRECTION ( 'NONE',  ( 0.000000000000000000, 0.000000000000000000, 1.000000000000000000 ) ) ;
#1626 = ORIENTED_EDGE ( 'NONE', *, *, #3520, .F. ) ;
#1627 = PLANE ( 'NONE',  #3336 ) ;
#1628 = ORIENTED_EDGE ( 'NONE', *, *, #1970, .T. ) ;
#1629 = LINE ( 'NONE', #11021, #543 ) ;
#1630 = AXIS2_PLACEMENT_3D ( 'NONE', #10708, #1215, #2107 ) ;
#1631 = VERTEX_POINT ( 'NONE', #5069 ) ;
#1632 = PLANE ( 'NONE',  #5064 ) ;
#1633 = CARTESIAN_POINT ( 'NONE',  ( -8.679999999999999716, 3.304999999999976179, -0.3299999999999978506 ) ) ;
#1634 = CARTESIAN_POINT ( 'NONE',  ( -14.67999999999999794, 0.7499999999999763522, 0.3200000000000021161 ) ) ;
#1635 = VECTOR ( 'NONE', #5599, 1000.000000000000000 ) ;
#1636 = DIRECTION ( 'NONE',  ( 0.000000000000000000, 1.000000000000000000, 0.000000000000000000 ) ) ;
#1637 = ORIENTED_EDGE ( 'NONE', *, *, #6436, .T. ) ;
#1638 = ORIENTED_EDGE ( 'NONE', *, *, #10427, .T. ) ;
#1639 = EDGE_CURVE ( 'NONE', #8113, #2273, #4392, .T. ) ;
#1640 = ADVANCED_FACE ( 'NONE', ( #10315 ), #7642, .T. ) ;
#1641 = ORIENTED_EDGE ( 'NONE', *, *, #10343, .F. ) ;
#1642 = EDGE_LOOP ( 'NONE', ( #1157, #4383, #3311, #4299, #7421 ) ) ;
#1643 = AXIS2_PLACEMENT_3D ( 'NONE', #7481, #7598, #7706 ) ;
#1644 = AXIS2_PLACEMENT_3D ( 'NONE', #3399, #980, #2606 ) ;
#1645 = DIRECTION ( 'NONE',  ( 0.000000000000000000, -1.000000000000000000, 0.000000000000000000 ) ) ;
#1646 = CARTESIAN_POINT ( 'NONE',  ( 0.3200000000000008393, 1.159999999999976383, -0.3299999999999978506 ) ) ;
#1647 = DIRECTION ( 'NONE',  ( 0.000000000000000000, 0.000000000000000000, 1.000000000000000000 ) ) ;
#1648 = CARTESIAN_POINT ( 'NONE',  ( -16.25000000000000000, 1.179999999999976401, 8.900000000000002132 ) ) ;
#1649 = CARTESIAN_POINT ( 'NONE',  ( -11.75499999999999901, -3.020000000000023554, 1.734723475976807094E-15 ) ) ;
#1650 = VECTOR ( 'NONE', #8702, 1000.000000000000000 ) ;
#1651 = EDGE_CURVE ( 'NONE', #2353, #8375, #5125, .T. ) ;
#1652 = VECTOR ( 'NONE', #2378, 1000.000000000000000 ) ;
#1653 = VECTOR ( 'NONE', #10801, 1000.000000000000114 ) ;
#1654 = CARTESIAN_POINT ( 'NONE',  ( -18.32000000000000028, 3.304999999999976179, -0.3299999999999978506 ) ) ;
#1655 = PLANE ( 'NONE',  #9855 ) ;
#1656 = ORIENTED_EDGE ( 'NONE', *, *, #3306, .F. ) ;
#1657 = VERTEX_POINT ( 'NONE', #6857 ) ;
#1658 = DIRECTION ( 'NONE',  ( 0.000000000000000000, -1.000000000000000000, 0.000000000000000000 ) ) ;
#1659 = EDGE_CURVE ( 'NONE', #4582, #5753, #10259, .T. ) ;
#1660 = CARTESIAN_POINT ( 'NONE',  ( -3.319999999999999840, 4.359999999999976339, -0.9999999999999983347 ) ) ;
#1661 = CARTESIAN_POINT ( 'NONE',  ( -13.83885734973299897, -2.548662488189023190, 3.300000000000002043 ) ) ;
#1662 = VECTOR ( 'NONE', #4521, 1000.000000000000000 ) ;
#1663 = DIRECTION ( 'NONE',  ( 0.000000000000000000, -0.3511234415884135762, -0.9363291775690363306 ) ) ;
#1664 = EDGE_CURVE ( 'NONE', #2572, #1018, #8531, .T. ) ;
#1665 = LINE ( 'NONE', #4972, #10812 ) ;
#1666 = CARTESIAN_POINT ( 'NONE',  ( -13.25000000000000000, 1.179999999999976401, 8.900000000000002132 ) ) ;
#1667 = ORIENTED_EDGE ( 'NONE', *, *, #3838, .F. ) ;
#1668 = VECTOR ( 'NONE', #1039, 1000.000000000000000 ) ;
#1669 = ORIENTED_EDGE ( 'NONE', *, *, #3516, .T. ) ;
#1670 = CARTESIAN_POINT ( 'NONE',  ( -17.35999999999999943, 1.159999999999976383, -0.3299999999999978506 ) ) ;
#1671 = CARTESIAN_POINT ( 'NONE',  ( -8.830000000000000071, -3.220000000000023288, 0.1700000000000021771 ) ) ;
#1672 = PLANE ( 'NONE',  #9972 ) ;
#1673 = EDGE_CURVE ( 'NONE', #2842, #7661, #6021, .T. ) ;
#1674 = DIRECTION ( 'NONE',  ( 1.000000000000000000, 0.000000000000000000, 0.000000000000000000 ) ) ;
#1675 = EDGE_CURVE ( 'NONE', #783, #1528, #8584, .T. ) ;
#1676 = VECTOR ( 'NONE', #1816, 1000.000000000000000 ) ;
#1677 = ORIENTED_EDGE ( 'NONE', *, *, #9853, .T. ) ;
#1678 = CARTESIAN_POINT ( 'NONE',  ( -11.67999999999999972, 3.304999999999976179, 0.2700000000000020162 ) ) ;
#1679 = PLANE ( 'NONE',  #2585 ) ;
#1680 = VERTEX_POINT ( 'NONE', #9309 ) ;
#1681 = EDGE_LOOP ( 'NONE', ( #3258, #9125, #7686, #10849 ) ) ;
#1682 = VECTOR ( 'NONE', #6187, 1000.000000000000000 ) ;
#1683 = CARTESIAN_POINT ( 'NONE',  ( -18.32000000000000028, 1.159999999999976383, -0.3299999999999978506 ) ) ;
#1684 = EDGE_LOOP ( 'NONE', ( #4033, #6439, #559, #6774, #2335, #3543, #8354, #1087 ) ) ;
#1685 = CARTESIAN_POINT ( 'NONE',  ( 1.919999999999999929, 3.679999999999976623, 7.500000000000002665 ) ) ;
#1686 = ORIENTED_EDGE ( 'NONE', *, *, #3008, .T. ) ;
#1687 = LINE ( 'NONE', #6839, #6812 ) ;
#1688 = ORIENTED_EDGE ( 'NONE', *, *, #7144, .F. ) ;
#1689 = EDGE_CURVE ( 'NONE', #10255, #7036, #6796, .T. ) ;
#1690 = CARTESIAN_POINT ( 'NONE',  ( 0.3200000000000008393, 1.554999999999976623, -0.3299999999999978506 ) ) ;
#1691 = DIRECTION ( 'NONE',  ( 0.000000000000000000, -1.000000000000000000, 0.000000000000000000 ) ) ;
#1692 = CARTESIAN_POINT ( 'NONE',  ( 0.3200000000000008393, 1.159999999999976383, -0.3299999999999978506 ) ) ;
#1693 = VERTEX_POINT ( 'NONE', #5901 ) ;
#1694 = VECTOR ( 'NONE', #6496, 1000.000000000000000 ) ;
#1695 = ORIENTED_EDGE ( 'NONE', *, *, #1999, .F. ) ;
#1696 = ORIENTED_EDGE ( 'NONE', *, *, #4751, .F. ) ;
#1697 = EDGE_LOOP ( 'NONE', ( #8529, #5369, #150, #10416 ) ) ;
#1698 = CARTESIAN_POINT ( 'NONE',  ( -8.679999999999999716, 3.304999999999976179, 0.2700000000000020162 ) ) ;
#1699 = ORIENTED_EDGE ( 'NONE', *, *, #974, .F. ) ;
#1700 = DIRECTION ( 'NONE',  ( 1.000000000000000000, 0.000000000000000000, 0.000000000000000000 ) ) ;
#1701 = DIRECTION ( 'NONE',  ( 0.000000000000000000, 0.000000000000000000, 1.000000000000000000 ) ) ;
#1702 = VECTOR ( 'NONE', #6987, 1000.000000000000000 ) ;
#1703 = EDGE_CURVE ( 'NONE', #8456, #6375, #2646, .T. ) ;
#1704 = LINE ( 'NONE', #8479, #575 ) ;
#1705 = CARTESIAN_POINT ( 'NONE',  ( -16.91999999999999815, 3.679999999999976623, 7.500000000000002665 ) ) ;
#1706 = LINE ( 'NONE', #4232, #4466 ) ;
#1707 = VECTOR ( 'NONE', #10144, 1000.000000000000000 ) ;
#1708 = LINE ( 'NONE', #10038, #2840 ) ;
#1709 = VECTOR ( 'NONE', #9433, 1000.000000000000114 ) ;
#1710 = LINE ( 'NONE', #922, #1650 ) ;
#1711 = ORIENTED_EDGE ( 'NONE', *, *, #2255, .F. ) ;
#1712 = VECTOR ( 'NONE', #827, 1000.000000000000000 ) ;
#1713 = ORIENTED_EDGE ( 'NONE', *, *, #9369, .F. ) ;
#1714 = PLANE ( 'NONE',  #7150 ) ;
#1715 = DIRECTION ( 'NONE',  ( 0.000000000000000000, 0.000000000000000000, -1.000000000000000000 ) ) ;
#1716 = DIRECTION ( 'NONE',  ( 0.000000000000000000, 0.000000000000000000, -1.000000000000000000 ) ) ;
#1717 = CARTESIAN_POINT ( 'NONE',  ( -0.3199999999999999512, 2.749999999999976463, 2.296000000000002039 ) ) ;
#1718 = CARTESIAN_POINT ( 'NONE',  ( -15.32000000000000028, 0.7499999999999763522, 0.3500000000000021982 ) ) ;
#1719 = ADVANCED_FACE ( 'NONE', ( #8640 ), #10089, .F. ) ;
#1720 = LINE ( 'NONE', #7484, #633 ) ;
#1721 = DIRECTION ( 'NONE',  ( -1.000000000000000000, 0.000000000000000000, 0.000000000000000000 ) ) ;
#1722 = ORIENTED_EDGE ( 'NONE', *, *, #4792, .F. ) ;
#1723 = LINE ( 'NONE', #5145, #7125 ) ;
#1724 = ORIENTED_EDGE ( 'NONE', *, *, #1923, .T. ) ;
#1725 = CARTESIAN_POINT ( 'NONE',  ( -14.83000000000000007, -3.220000000000023288, 0.1700000000000021771 ) ) ;
#1726 = CARTESIAN_POINT ( 'NONE',  ( 0.3200000000000008393, 2.749999999999976463, 2.296000000000002039 ) ) ;
#1727 = CARTESIAN_POINT ( 'NONE',  ( -18.32000000000000028, -0.04000000000002352368, -0.9999999999999983347 ) ) ;
#1728 = DIRECTION ( 'NONE',  ( 0.000000000000000000, -1.000000000000000000, 0.000000000000000000 ) ) ;
#1729 = VECTOR ( 'NONE', #4848, 1000.000000000000000 ) ;
#1730 = ORIENTED_EDGE ( 'NONE', *, *, #319, .F. ) ;
#1731 = CARTESIAN_POINT ( 'NONE',  ( 2.360000000000001208, -0.04000000000002352368, 0.8500000000000021982 ) ) ;
#1732 = CARTESIAN_POINT ( 'NONE',  ( -8.679999999999999716, 2.109999999999976339, 6.100000000000002309 ) ) ;
#1733 = VERTEX_POINT ( 'NONE', #4174 ) ;
#1734 = EDGE_CURVE ( 'NONE', #274, #5489, #5010, .T. ) ;
#1735 = VERTEX_POINT ( 'NONE', #7584 ) ;
#1736 = EDGE_CURVE ( 'NONE', #3328, #10028, #5508, .T. ) ;
#1737 = CARTESIAN_POINT ( 'NONE',  ( -11.44999999999999929, 1.179999999999976401, 2.296000000000002039 ) ) ;
#1738 = ORIENTED_EDGE ( 'NONE', *, *, #481, .F. ) ;
#1739 = PLANE ( 'NONE',  #4405 ) ;
#1740 = ORIENTED_EDGE ( 'NONE', *, *, #6293, .F. ) ;
#1741 = EDGE_CURVE ( 'NONE', #3141, #3515, #6287, .T. ) ;
#1742 = DIRECTION ( 'NONE',  ( -1.000000000000000000, 0.000000000000000000, 0.000000000000000000 ) ) ;
#1743 = ORIENTED_EDGE ( 'NONE', *, *, #954, .T. ) ;
#1744 = LINE ( 'NONE', #10352, #3803 ) ;
#1745 = PLANE ( 'NONE',  #5972 ) ;
#1746 = CARTESIAN_POINT ( 'NONE',  ( -9.320000000000000284, 2.749999999999976463, 2.296000000000002039 ) ) ;
#1747 = EDGE_CURVE ( 'NONE', #8686, #4264, #10476, .T. ) ;
#1748 = CARTESIAN_POINT ( 'NONE',  ( -5.679999999999999716, -3.220000000000023288, 0.3200000000000021161 ) ) ;
#1749 = ORIENTED_EDGE ( 'NONE', *, *, #1983, .T. ) ;
#1750 = ORIENTED_EDGE ( 'NONE', *, *, #261, .F. ) ;
#1751 = ORIENTED_EDGE ( 'NONE', *, *, #7187, .F. ) ;
#1752 = VECTOR ( 'NONE', #431, 1000.000000000000000 ) ;
#1753 = VERTEX_POINT ( 'NONE', #7072 ) ;
#1754 = CARTESIAN_POINT ( 'NONE',  ( -14.67999999999999794, 2.109999999999976339, 0.3200000000000021161 ) ) ;
#1755 = ORIENTED_EDGE ( 'NONE', *, *, #8016, .F. ) ;
#1756 = DIRECTION ( 'NONE',  ( 0.000000000000000000, 0.000000000000000000, -1.000000000000000000 ) ) ;
#1757 = CARTESIAN_POINT ( 'NONE',  ( -16.96000000000000085, 1.159999999999976383, -0.3299999999999978506 ) ) ;
#1758 = VECTOR ( 'NONE', #4872, 1000.000000000000000 ) ;
#1759 = CARTESIAN_POINT ( 'NONE',  ( 1.250000000000001110, 3.679999999999976623, 8.900000000000002132 ) ) ;
#1760 = CARTESIAN_POINT ( 'NONE',  ( -2.049999999999999822, -1.790000000000023350, 4.300000000000001599 ) ) ;
#1761 = CARTESIAN_POINT ( 'NONE',  ( -1.649999999999999467, -2.341876692568689577E-14, 5.300000000000002487 ) ) ;
#1762 = MECHANICAL_DESIGN_GEOMETRIC_PRESENTATION_REPRESENTATION (  '', ( #4085 ), #3739 ) ;
#1763 = AXIS2_PLACEMENT_3D ( 'NONE', #10284, #6095, #5321 ) ;
#1764 = EDGE_CURVE ( 'NONE', #2769, #6817, #2815, .T. ) ;
#1765 = CARTESIAN_POINT ( 'NONE',  ( -9.320000000000000284, -2.820000000000023821, -0.3199999999999982303 ) ) ;
#1766 = ORIENTED_EDGE ( 'NONE', *, *, #310, .T. ) ;
#1767 = EDGE_LOOP ( 'NONE', ( #8006, #4769, #8704, #3083 ) ) ;
#1768 = CARTESIAN_POINT ( 'NONE',  ( 3.319999999999999840, 3.304999999999976179, 0.2700000000000020162 ) ) ;
#1769 = PLANE ( 'NONE',  #7903 ) ;
#1770 = DIRECTION ( 'NONE',  ( 0.000000000000000000, -0.9363291775690363306, 0.3511234415884135762 ) ) ;
#1771 = DIRECTION ( 'NONE',  ( 0.000000000000000000, -1.000000000000000000, 0.000000000000000000 ) ) ;
#1772 = DIRECTION ( 'NONE',  ( 0.000000000000000000, 1.000000000000000000, 0.000000000000000000 ) ) ;
#1773 = CIRCLE ( 'NONE', #515, 1.400000000000000133 ) ;
#1774 = CARTESIAN_POINT ( 'NONE',  ( -2.830000000000000071, -3.220000000000023288, -0.1699999999999982636 ) ) ;
#1775 = ORIENTED_EDGE ( 'NONE', *, *, #2302, .T. ) ;
#1776 = ADVANCED_FACE ( 'NONE', ( #6961 ), #2700, .T. ) ;
#1777 = ORIENTED_EDGE ( 'NONE', *, *, #5075, .T. ) ;
#1778 = EDGE_CURVE ( 'NONE', #2035, #74, #3353, .T. ) ;
#1779 = CARTESIAN_POINT ( 'NONE',  ( 2.360000000000001208, 1.554999999999976623, -0.3299999999999978506 ) ) ;
#1780 = CARTESIAN_POINT ( 'NONE',  ( -15.32000000000000028, 2.749999999999976463, 6.100000000000002309 ) ) ;
#1781 = LINE ( 'NONE', #5093, #10392 ) ;
#1782 = LINE ( 'NONE', #5929, #9848 ) ;
#1783 = ORIENTED_EDGE ( 'NONE', *, *, #3463, .T. ) ;
#1784 = VECTOR ( 'NONE', #10962, 1000.000000000000000 ) ;
#1785 = CARTESIAN_POINT ( 'NONE',  ( -3.319999999999999840, 3.699999999999976641, -0.3299999999999978506 ) ) ;
#1786 = FACE_BOUND ( 'NONE', #1099, .T. ) ;
#1787 = ORIENTED_EDGE ( 'NONE', *, *, #8893, .T. ) ;
#1788 = VERTEX_POINT ( 'NONE', #9907 ) ;
#1789 = EDGE_CURVE ( 'NONE', #7970, #6622, #3203, .T. ) ;
#1790 = DIRECTION ( 'NONE',  ( 0.000000000000000000, 1.000000000000000000, 0.000000000000000000 ) ) ;
#1791 = VERTEX_POINT ( 'NONE', #10854 ) ;
#1792 = DIRECTION ( 'NONE',  ( 0.000000000000000000, 1.000000000000000000, 0.000000000000000000 ) ) ;
#1793 = VECTOR ( 'NONE', #6928, 1000.000000000000000 ) ;
#1794 = ORIENTED_EDGE ( 'NONE', *, *, #183, .T. ) ;
#1795 = EDGE_CURVE ( 'NONE', #2128, #4167, #3822, .T. ) ;
#1796 = DIRECTION ( 'NONE',  ( 0.9363291775690363306, -0.3511234415884135762, 0.000000000000000000 ) ) ;
#1797 = VERTEX_POINT ( 'NONE', #1519 ) ;
#1798 = CARTESIAN_POINT ( 'NONE',  ( -0.3199999999999999512, 0.7499999999999763522, 0.3200000000000021161 ) ) ;
#1799 = CARTESIAN_POINT ( 'NONE',  ( -8.679999999999999716, 1.159999999999976383, -0.9999999999999983347 ) ) ;
#1800 = LINE ( 'NONE', #3539, #6072 ) ;
#1801 = DIRECTION ( 'NONE',  ( -1.000000000000000000, 0.000000000000000000, 0.000000000000000000 ) ) ;
#1802 = VERTEX_POINT ( 'NONE', #4833 ) ;
#1803 = EDGE_LOOP ( 'NONE', ( #2471, #5105, #3140, #9264, #3468 ) ) ;
#1804 = ORIENTED_EDGE ( 'NONE', *, *, #6704, .F. ) ;
#1805 = VERTEX_POINT ( 'NONE', #3930 ) ;
#1806 = DIRECTION ( 'NONE',  ( 1.000000000000000000, 0.000000000000000000, 0.000000000000000000 ) ) ;
#1807 = VERTEX_POINT ( 'NONE', #9847 ) ;
#1808 = LINE ( 'NONE', #1022, #10861 ) ;
#1809 = VECTOR ( 'NONE', #1034, 1000.000000000000000 ) ;
#1810 = CARTESIAN_POINT ( 'NONE',  ( -6.319999999999999396, 3.304999999999976179, 0.2700000000000020162 ) ) ;
#1811 = DIRECTION ( 'NONE',  ( 1.000000000000000000, 0.000000000000000000, 0.000000000000000000 ) ) ;
#1812 = ADVANCED_FACE ( 'NONE', ( #7453 ), #4946, .T. ) ;
#1813 = VECTOR ( 'NONE', #2049, 1000.000000000000000 ) ;
#1814 = DIRECTION ( 'NONE',  ( 0.000000000000000000, 0.000000000000000000, -1.000000000000000000 ) ) ;
#1815 = EDGE_CURVE ( 'NONE', #5911, #614, #8352, .T. ) ;
#1816 = DIRECTION ( 'NONE',  ( 0.000000000000000000, 0.000000000000000000, -1.000000000000000000 ) ) ;
#1817 = DIRECTION ( 'NONE',  ( 0.9363291775690363306, -0.3511234415884135762, 0.000000000000000000 ) ) ;
#1818 = ADVANCED_FACE ( 'NONE', ( #6395 ), #7233, .F. ) ;
#1819 = AXIS2_PLACEMENT_3D ( 'NONE', #538, #10773, #2272 ) ;
#1820 = FACE_OUTER_BOUND ( 'NONE', #9395, .T. ) ;
#1821 = AXIS2_PLACEMENT_3D ( 'NONE', #4531, #10499, #6261 ) ;
#1822 = EDGE_LOOP ( 'NONE', ( #5537, #3716, #2517, #1990 ) ) ;
#1823 = VERTEX_POINT ( 'NONE', #5616 ) ;
#1824 = CARTESIAN_POINT ( 'NONE',  ( -9.000000000000000000, -3.020000000000023554, -0.2449999999999978306 ) ) ;
#1825 = CARTESIAN_POINT ( 'NONE',  ( -14.26421553712699897, -2.151796988462024274, 3.300000000000002043 ) ) ;
#1826 = CARTESIAN_POINT ( 'NONE',  ( -9.169999999999999929, -3.220000000000023288, -0.1699999999999982636 ) ) ;
#1827 = FACE_BOUND ( 'NONE', #10164, .T. ) ;
#1828 = AXIS2_PLACEMENT_3D ( 'NONE', #1201, #302, #191 ) ;
#1829 = DIRECTION ( 'NONE',  ( 1.000000000000000000, 0.000000000000000000, 0.000000000000000000 ) ) ;
#1830 = VECTOR ( 'NONE', #8888, 1000.000000000000000 ) ;
#1831 = ADVANCED_FACE ( 'NONE', ( #5671 ), #3876, .T. ) ;
#1832 = FACE_OUTER_BOUND ( 'NONE', #3486, .T. ) ;
#1833 = FILL_AREA_STYLE_COLOUR ( '', #6934 ) ;
#1834 = ORIENTED_EDGE ( 'NONE', *, *, #9514, .F. ) ;
#1835 = ORIENTED_EDGE ( 'NONE', *, *, #1171, .T. ) ;
#1836 = VECTOR ( 'NONE', #8255, 1000.000000000000000 ) ;
#1837 = COLOUR_RGB ( '',0.7921568627450980005, 0.8196078431372548767, 0.9333333333333333481 ) ;
#1838 = FACE_OUTER_BOUND ( 'NONE', #4134, .T. ) ;
#1839 = DIRECTION ( 'NONE',  ( 1.000000000000000000, 0.000000000000000000, 0.000000000000000000 ) ) ;
#1840 = CARTESIAN_POINT ( 'NONE',  ( -9.320000000000000284, 3.304999999999976179, -0.3199999999999982303 ) ) ;
#1841 = FACE_OUTER_BOUND ( 'NONE', #4827, .T. ) ;
#1842 = ORIENTED_EDGE ( 'NONE', *, *, #2394, .F. ) ;
#1843 = CARTESIAN_POINT ( 'NONE',  ( -8.799999999999998934, 5.564999999999976410, 6.400000000000002132 ) ) ;
#1844 = VECTOR ( 'NONE', #5978, 1000.000000000000114 ) ;
#1845 = DIRECTION ( 'NONE',  ( 1.000000000000000000, 0.000000000000000000, 0.000000000000000000 ) ) ;
#1846 = ORIENTED_EDGE ( 'NONE', *, *, #2799, .F. ) ;
#1847 = EDGE_CURVE ( 'NONE', #10311, #10310, #2135, .T. ) ;
#1848 = VERTEX_POINT ( 'NONE', #8961 ) ;
#1849 = CARTESIAN_POINT ( 'NONE',  ( 0.5500000000000001554, 1.179999999999976401, 8.900000000000002132 ) ) ;
#1850 = ORIENTED_EDGE ( 'NONE', *, *, #10253, .T. ) ;
#1851 = LINE ( 'NONE', #1118, #5129 ) ;
#1852 = VECTOR ( 'NONE', #2304, 1000.000000000000000 ) ;
#1853 = DIRECTION ( 'NONE',  ( 0.000000000000000000, -1.000000000000000000, 0.000000000000000000 ) ) ;
#1854 = ORIENTED_EDGE ( 'NONE', *, *, #405, .T. ) ;
#1855 = CARTESIAN_POINT ( 'NONE',  ( 2.360000000000001208, 0.4999999999999763522, 8.460000000000002629 ) ) ;
#1856 = DIRECTION ( 'NONE',  ( 0.000000000000000000, 1.000000000000000000, 0.000000000000000000 ) ) ;
#1857 = CARTESIAN_POINT ( 'NONE',  ( -3.319999999999999840, 2.109999999999976339, 0.3500000000000021982 ) ) ;
#1858 = EDGE_CURVE ( 'NONE', #4039, #8072, #1297, .T. ) ;
#1859 = DIRECTION ( 'NONE',  ( 0.000000000000000000, -1.000000000000000000, 0.000000000000000000 ) ) ;
#1860 = ORIENTED_EDGE ( 'NONE', *, *, #1159, .F. ) ;
#1861 = EDGE_CURVE ( 'NONE', #6470, #7845, #6446, .T. ) ;
#1862 = ORIENTED_EDGE ( 'NONE', *, *, #4841, .T. ) ;
#1863 = EDGE_LOOP ( 'NONE', ( #7321, #5668, #10126, #1545, #8747, #2409 ) ) ;
#1864 = VERTEX_POINT ( 'NONE', #1405 ) ;
#1865 = CARTESIAN_POINT ( 'NONE',  ( 3.319999999999999840, 1.679999999999976401, 7.500000000000002665 ) ) ;
#1866 = EDGE_LOOP ( 'NONE', ( #9338, #2825, #7996, #3021 ) ) ;
#1867 = CARTESIAN_POINT ( 'NONE',  ( -14.67999999999999794, -2.820000000000023821, 0.3200000000000021161 ) ) ;
#1868 = CARTESIAN_POINT ( 'NONE',  ( -9.320000000000000284, 2.109999999999976339, 6.100000000000002309 ) ) ;
#1869 = CARTESIAN_POINT ( 'NONE',  ( -13.35000000000000142, -3.323614006679098676, 4.668657229214886684 ) ) ;
#1870 = LINE ( 'NONE', #1025, #1286 ) ;
#1871 = DIRECTION ( 'NONE',  ( -0.3312945782245003690, 0.3312945782245003690, -0.8834522085988016915 ) ) ;
#1872 = CARTESIAN_POINT ( 'NONE',  ( -16.96000000000000085, 3.304999999999976179, 0.2700000000000020162 ) ) ;
#1873 = VECTOR ( 'NONE', #6099, 1000.000000000000114 ) ;
#1874 = ADVANCED_FACE ( 'NONE', ( #5724 ), #8240, .T. ) ;
#1875 = ADVANCED_FACE ( 'NONE', ( #10683 ), #564, .T. ) ;
#1876 = CARTESIAN_POINT ( 'NONE',  ( -9.320000000000000284, 1.554999999999976623, 0.2700000000000020162 ) ) ;
#1877 = EDGE_LOOP ( 'NONE', ( #9039, #5880, #9975, #6298, #1135, #393 ) ) ;
#1878 = ORIENTED_EDGE ( 'NONE', *, *, #1673, .T. ) ;
#1879 = AXIS2_PLACEMENT_3D ( 'NONE', #4931, #1339, #4765 ) ;
#1880 = FACE_OUTER_BOUND ( 'NONE', #2574, .T. ) ;
#1881 = LINE ( 'NONE', #8433, #6115 ) ;
#1882 = EDGE_CURVE ( 'NONE', #8099, #10409, #3146, .T. ) ;
#1883 = DIRECTION ( 'NONE',  ( 0.000000000000000000, 0.000000000000000000, -1.000000000000000000 ) ) ;
#1884 = CARTESIAN_POINT ( 'NONE',  ( -3.319999999999999840, 1.554999999999976623, 0.2700000000000020162 ) ) ;
#1885 = VECTOR ( 'NONE', #2760, 1000.000000000000000 ) ;
#1886 = LINE ( 'NONE', #7031, #3634 ) ;
#1887 = DIRECTION ( 'NONE',  ( -0.3312945782245003690, 0.8834522085988016915, -0.3312945782245003690 ) ) ;
#1888 = VECTOR ( 'NONE', #7761, 1000.000000000000000 ) ;
#1889 = CARTESIAN_POINT ( 'NONE',  ( -5.679999999999999716, 0.7499999999999763522, -0.3199999999999982303 ) ) ;
#1890 = ORIENTED_EDGE ( 'NONE', *, *, #6805, .F. ) ;
#1891 = ORIENTED_EDGE ( 'NONE', *, *, #5783, .T. ) ;
#1892 = FACE_OUTER_BOUND ( 'NONE', #3460, .T. ) ;
#1893 = ADVANCED_FACE ( 'NONE', ( #1351 ), #6557, .F. ) ;
#1894 = CARTESIAN_POINT ( 'NONE',  ( -0.3499999999999996447, -2.341876692568689577E-14, 3.300000000000002043 ) ) ;
#1895 = CARTESIAN_POINT ( 'NONE',  ( 0.3200000000000008393, 1.554999999999976623, -0.3199999999999982303 ) ) ;
#1896 = CARTESIAN_POINT ( 'NONE',  ( -9.169999999999999929, 2.259999999999976250, 6.500000000000002665 ) ) ;
#1897 = VECTOR ( 'NONE', #8605, 1000.000000000000000 ) ;
#1898 = ORIENTED_EDGE ( 'NONE', *, *, #10180, .F. ) ;
#1899 = CARTESIAN_POINT ( 'NONE',  ( -2.680000000000000160, 1.554999999999976623, -0.3299999999999978506 ) ) ;
#1900 = VECTOR ( 'NONE', #5215, 1000.000000000000000 ) ;
#1901 = CARTESIAN_POINT ( 'NONE',  ( -7.249999999999999112, 3.679999999999976623, 2.296000000000002039 ) ) ;
#1902 = ORIENTED_EDGE ( 'NONE', *, *, #2474, .F. ) ;
#1903 = ORIENTED_EDGE ( 'NONE', *, *, #2271, .F. ) ;
#1904 = CARTESIAN_POINT ( 'NONE',  ( -5.679999999999999716, -2.820000000000023821, -0.3199999999999982303 ) ) ;
#1905 = ADVANCED_FACE ( 'NONE', ( #8299 ), #10019, .T. ) ;
#1906 = EDGE_LOOP ( 'NONE', ( #8782, #3036, #9832, #5551 ) ) ;
#1907 = CARTESIAN_POINT ( 'NONE',  ( 1.919999999999999929, 1.679999999999976401, 7.500000000000002665 ) ) ;
#1908 = VECTOR ( 'NONE', #6689, 1000.000000000000000 ) ;
#1909 = DIRECTION ( 'NONE',  ( 0.000000000000000000, 0.000000000000000000, 1.000000000000000000 ) ) ;
#1910 = ORIENTED_EDGE ( 'NONE', *, *, #6346, .F. ) ;
#1911 = CARTESIAN_POINT ( 'NONE',  ( -3.319999999999999840, -2.820000000000023821, -0.3199999999999982303 ) ) ;
#1912 = LINE ( 'NONE', #5335, #8320 ) ;
#1913 = PLANE ( 'NONE',  #8160 ) ;
#1914 = CARTESIAN_POINT ( 'NONE',  ( -6.319999999999999396, 0.7499999999999763522, 0.3500000000000021982 ) ) ;
#1915 = ORIENTED_EDGE ( 'NONE', *, *, #9122, .T. ) ;
#1916 = VERTEX_POINT ( 'NONE', #9457 ) ;
#1917 = EDGE_CURVE ( 'NONE', #9542, #1303, #4266, .T. ) ;
#1918 = ORIENTED_EDGE ( 'NONE', *, *, #1373, .F. ) ;
#1919 = VERTEX_POINT ( 'NONE', #7571 ) ;
#1920 = CARTESIAN_POINT ( 'NONE',  ( -17.35999999999999943, 3.699999999999976641, -0.3299999999999978506 ) ) ;
#1921 = ORIENTED_EDGE ( 'NONE', *, *, #7855, .F. ) ;
#1922 = CARTESIAN_POINT ( 'NONE',  ( 3.319999999999999840, 1.159999999999976383, -0.3299999999999978506 ) ) ;
#1923 = EDGE_CURVE ( 'NONE', #868, #9770, #1687, .T. ) ;
#1924 = CARTESIAN_POINT ( 'NONE',  ( -9.244999999999999218, -3.020000000000023554, 1.734723475976807094E-15 ) ) ;
#1925 = CARTESIAN_POINT ( 'NONE',  ( -11.67999999999999972, -2.820000000000023821, 0.3200000000000021161 ) ) ;
#1926 = CARTESIAN_POINT ( 'NONE',  ( -14.67999999999999794, 2.109999999999976339, 0.3500000000000021982 ) ) ;
#1927 = CARTESIAN_POINT ( 'NONE',  ( -14.67999999999999794, 2.109999999999976339, 6.100000000000002309 ) ) ;
#1928 = DIRECTION ( 'NONE',  ( 1.000000000000000000, 0.000000000000000000, 0.000000000000000000 ) ) ;
#1929 = ADVANCED_FACE ( 'NONE', ( #3371 ), #4997, .T. ) ;
#1930 = CARTESIAN_POINT ( 'NONE',  ( 3.270000000000000462, 2.472499999999976605, 1.700000000000002398 ) ) ;
#1931 = LINE ( 'NONE', #8591, #178 ) ;
#1932 = ORIENTED_EDGE ( 'NONE', *, *, #3391, .T. ) ;
#1933 = VERTEX_POINT ( 'NONE', #1 ) ;
#1934 = EDGE_CURVE ( 'NONE', #7926, #6806, #6894, .T. ) ;
#1935 = VECTOR ( 'NONE', #1790, 1000.000000000000000 ) ;
#1936 = CARTESIAN_POINT ( 'NONE',  ( -3.319999999999999840, 4.359999999999976339, 0.3500000000000021982 ) ) ;
#1937 = CARTESIAN_POINT ( 'NONE',  ( -9.169999999999999929, 2.259999999999976250, 6.500000000000002665 ) ) ;
#1938 = VECTOR ( 'NONE', #7417, 1000.000000000000000 ) ;
#1939 = LINE ( 'NONE', #309, #3077 ) ;
#1940 = CARTESIAN_POINT ( 'NONE',  ( -14.83000000000000007, -3.220000000000023288, 0.1700000000000021771 ) ) ;
#1941 = EDGE_CURVE ( 'NONE', #6674, #1974, #673, .T. ) ;
#1942 = CARTESIAN_POINT ( 'NONE',  ( -16.96000000000000085, 1.554999999999976623, -0.3299999999999978506 ) ) ;
#1943 = EDGE_CURVE ( 'NONE', #5381, #3777, #4215, .T. ) ;
#1944 = DIRECTION ( 'NONE',  ( 0.000000000000000000, 0.000000000000000000, 1.000000000000000000 ) ) ;
#1945 = LINE ( 'NONE', #3568, #10324 ) ;
#1946 = ORIENTED_EDGE ( 'NONE', *, *, #8275, .F. ) ;
#1947 = ORIENTED_EDGE ( 'NONE', *, *, #9370, .T. ) ;
#1948 = AXIS2_PLACEMENT_3D ( 'NONE', #4081, #4813, #2339 ) ;
#1949 = CARTESIAN_POINT ( 'NONE',  ( 0.3200000000000008393, 1.554999999999976623, 0.2700000000000020162 ) ) ;
#1950 = CARTESIAN_POINT ( 'NONE',  ( -8.679999999999999716, 1.554999999999976623, -0.3299999999999978506 ) ) ;
#1951 = CARTESIAN_POINT ( 'NONE',  ( -8.679999999999999716, -2.820000000000023821, 0.3200000000000021161 ) ) ;
#1952 = EDGE_CURVE ( 'NONE', #9662, #4212, #2577, .T. ) ;
#1953 = DIRECTION ( 'NONE',  ( 0.000000000000000000, -1.000000000000000000, 0.000000000000000000 ) ) ;
#1954 = AXIS2_PLACEMENT_3D ( 'NONE', #5513, #246, #10529 ) ;
#1955 = ADVANCED_FACE ( 'NONE', ( #7509 ), #5834, .F. ) ;
#1956 = ORIENTED_EDGE ( 'NONE', *, *, #46, .F. ) ;
#1957 = CARTESIAN_POINT ( 'NONE',  ( 3.319999999999999840, 2.159999999999976605, 1.513829809427001960 ) ) ;
#1958 = CARTESIAN_POINT ( 'NONE',  ( -18.32000000000000028, 1.159999999999976383, -0.9999999999999983347 ) ) ;
#1959 = EDGE_LOOP ( 'NONE', ( #7721, #2987, #3821, #4544 ) ) ;
#1960 = EDGE_LOOP ( 'NONE', ( #9343, #3958, #4369, #2722 ) ) ;
#1961 = CARTESIAN_POINT ( 'NONE',  ( -6.169999999999999929, 2.259999999999976250, 6.500000000000002665 ) ) ;
#1962 = LINE ( 'NONE', #9512, #7791 ) ;
#1963 = VECTOR ( 'NONE', #11017, 1000.000000000000000 ) ;
#1964 = LINE ( 'NONE', #2858, #8239 ) ;
#1965 = EDGE_LOOP ( 'NONE', ( #3372, #7215, #1100, #2095, #854, #10068 ) ) ;
#1966 = CARTESIAN_POINT ( 'NONE',  ( -5.679999999999999716, 3.699999999999976641, -0.3299999999999978506 ) ) ;
#1967 = DIRECTION ( 'NONE',  ( 0.000000000000000000, -1.000000000000000000, 0.000000000000000000 ) ) ;
#1968 = CARTESIAN_POINT ( 'NONE',  ( 0.5500000000000001554, 1.179999999999976401, 8.900000000000002132 ) ) ;
#1969 = DIRECTION ( 'NONE',  ( 1.000000000000000000, 0.000000000000000000, 0.000000000000000000 ) ) ;
#1970 = EDGE_CURVE ( 'NONE', #6998, #614, #1629, .T. ) ;
#1971 = ORIENTED_EDGE ( 'NONE', *, *, #353, .F. ) ;
#1972 = ORIENTED_EDGE ( 'NONE', *, *, #3862, .T. ) ;
#1973 = ORIENTED_EDGE ( 'NONE', *, *, #6771, .T. ) ;
#1974 = VERTEX_POINT ( 'NONE', #5217 ) ;
#1975 = CARTESIAN_POINT ( 'NONE',  ( -0.3199999999999999512, 4.359999999999976339, -0.9999999999999983347 ) ) ;
#1976 = ORIENTED_EDGE ( 'NONE', *, *, #183, .F. ) ;
#1977 = CARTESIAN_POINT ( 'NONE',  ( -11.67999999999999972, 3.484999999999976339, 0.3500000000000021982 ) ) ;
#1978 = DIRECTION ( 'NONE',  ( 1.000000000000000000, 0.000000000000000000, 0.000000000000000000 ) ) ;
#1979 = CARTESIAN_POINT ( 'NONE',  ( 3.319999999999999840, 4.359999999999976339, 7.500000000000002665 ) ) ;
#1980 = DIRECTION ( 'NONE',  ( -1.000000000000000000, 0.000000000000000000, 0.000000000000000000 ) ) ;
#1981 = CARTESIAN_POINT ( 'NONE',  ( -1.649999999999999467, 0.4999999999999763522, 0.8500000000000021982 ) ) ;
#1982 = CARTESIAN_POINT ( 'NONE',  ( -11.67999999999999972, -2.820000000000023821, -0.3199999999999982303 ) ) ;
#1983 = EDGE_CURVE ( 'NONE', #614, #5132, #789, .T. ) ;
#1984 = EDGE_CURVE ( 'NONE', #2430, #3292, #9350, .T. ) ;
#1986 = VERTEX_POINT ( 'NONE', #9295 ) ;
#1985 = VECTOR ( 'NONE', #8848, 1000.000000000000000 ) ;
#1987 = LINE ( 'NONE', #1930, #5167 ) ;
#1988 = FACE_OUTER_BOUND ( 'NONE', #8539, .T. ) ;
#1989 = ORIENTED_EDGE ( 'NONE', *, *, #2038, .T. ) ;
#1990 = ORIENTED_EDGE ( 'NONE', *, *, #432, .T. ) ;
#1991 = FACE_OUTER_BOUND ( 'NONE', #8442, .T. ) ;
#1992 = FACE_OUTER_BOUND ( 'NONE', #2964, .T. ) ;
#1993 = DIRECTION ( 'NONE',  ( 1.000000000000000000, 0.000000000000000000, 0.000000000000000000 ) ) ;
#1994 = FACE_OUTER_BOUND ( 'NONE', #5122, .T. ) ;
#1995 = LINE ( 'NONE', #7990, #4704 ) ;
#1996 = EDGE_CURVE ( 'NONE', #9123, #5316, #10967, .T. ) ;
#1997 = VECTOR ( 'NONE', #3052, 1000.000000000000000 ) ;
#1998 = DIRECTION ( 'NONE',  ( 0.000000000000000000, 1.000000000000000000, 0.000000000000000000 ) ) ;
#1999 = EDGE_CURVE ( 'NONE', #8849, #1986, #9243, .T. ) ;
#2000 = AXIS2_PLACEMENT_3D ( 'NONE', #9364, #9256, #6568 ) ;
#2001 = DIRECTION ( 'NONE',  ( 0.000000000000000000, 0.000000000000000000, -1.000000000000000000 ) ) ;
#2002 = EDGE_CURVE ( 'NONE', #3369, #5201, #63, .T. ) ;
#2003 = EDGE_LOOP ( 'NONE', ( #4901, #9412, #2429, #8858 ) ) ;
#2004 = EDGE_LOOP ( 'NONE', ( #179, #1263, #2266, #5971 ) ) ;
#2005 = DIRECTION ( 'NONE',  ( 0.000000000000000000, 0.000000000000000000, -1.000000000000000000 ) ) ;
#2006 = DIRECTION ( 'NONE',  ( -1.000000000000000000, 0.000000000000000000, 0.000000000000000000 ) ) ;
#2007 = DIRECTION ( 'NONE',  ( 0.000000000000000000, -0.7071067811865474617, 0.7071067811865474617 ) ) ;
#2008 = EDGE_CURVE ( 'NONE', #2511, #2430, #729, .T. ) ;
#2009 = VECTOR ( 'NONE', #7208, 1000.000000000000000 ) ;
#2010 = VECTOR ( 'NONE', #3115, 1000.000000000000000 ) ;
#2011 = CARTESIAN_POINT ( 'NONE',  ( -13.57600067389299880, -2.748337080617024419, 5.300000000000002487 ) ) ;
#2012 = ORIENTED_EDGE ( 'NONE', *, *, #6803, .F. ) ;
#2013 = LINE ( 'NONE', #8840, #4925 ) ;
#2014 = CARTESIAN_POINT ( 'NONE',  ( -16.91999999999999815, 0.4999999999999763522, 8.900000000000002132 ) ) ;
#2015 = ORIENTED_EDGE ( 'NONE', *, *, #3782, .T. ) ;
#2016 = ADVANCED_FACE ( 'NONE', ( #8464 ), #5110, .F. ) ;
#2017 = VECTOR ( 'NONE', #2099, 1000.000000000000000 ) ;
#2018 = VECTOR ( 'NONE', #4874, 1000.000000000000000 ) ;
#2019 = ORIENTED_EDGE ( 'NONE', *, *, #4390, .F. ) ;
#2020 = EDGE_CURVE ( 'NONE', #7288, #2794, #8570, .T. ) ;
#2021 = DIRECTION ( 'NONE',  ( 0.000000000000000000, 0.000000000000000000, -1.000000000000000000 ) ) ;
#2022 = EDGE_CURVE ( 'NONE', #2623, #3122, #8621, .T. ) ;
#2023 = DIRECTION ( 'NONE',  ( -1.000000000000000000, 0.000000000000000000, 0.000000000000000000 ) ) ;
#2024 = PLANE ( 'NONE',  #13 ) ;
#2025 = AXIS2_PLACEMENT_3D ( 'NONE', #3564, #7760, #6972 ) ;
#2026 = ORIENTED_EDGE ( 'NONE', *, *, #7419, .F. ) ;
#2027 = DIRECTION ( 'NONE',  ( 0.000000000000000000, 1.000000000000000000, 0.000000000000000000 ) ) ;
#2028 = LINE ( 'NONE', #6111, #3839 ) ;
#2029 = DIRECTION ( 'NONE',  ( -5.921189464668000530E-14, 0.000000000000000000, 1.000000000000000000 ) ) ;
#2030 = CARTESIAN_POINT ( 'NONE',  ( -9.320000000000000284, 3.699999999999976641, -0.3299999999999978506 ) ) ;
#2031 = ORIENTED_EDGE ( 'NONE', *, *, #5290, .T. ) ;
#2032 = ORIENTED_EDGE ( 'NONE', *, *, #7344, .F. ) ;
#2033 = ORIENTED_EDGE ( 'NONE', *, *, #9507, .T. ) ;
#2034 = VECTOR ( 'NONE', #8367, 1000.000000000000000 ) ;
#2035 = VERTEX_POINT ( 'NONE', #5273 ) ;
#2036 = DIRECTION ( 'NONE',  ( 0.000000000000000000, 1.000000000000000000, 0.000000000000000000 ) ) ;
#2037 = ORIENTED_EDGE ( 'NONE', *, *, #6039, .F. ) ;
#2038 = EDGE_CURVE ( 'NONE', #6066, #1116, #1063, .T. ) ;
#2039 = CARTESIAN_POINT ( 'NONE',  ( -13.35000000000000497, -3.338964686199551224, 4.125600591776271031 ) ) ;
#2040 = DIRECTION ( 'NONE',  ( 0.000000000000000000, 1.000000000000000000, 0.000000000000000000 ) ) ;
#2041 = FACE_OUTER_BOUND ( 'NONE', #4441, .T. ) ;
#2042 = CARTESIAN_POINT ( 'NONE',  ( -12.31999999999999851, 3.484999999999976339, 0.3500000000000021982 ) ) ;
#2043 = ORIENTED_EDGE ( 'NONE', *, *, #1549, .T. ) ;
#2044 = CARTESIAN_POINT ( 'NONE',  ( -5.679999999999999716, 0.7499999999999763522, -0.9999999999999983347 ) ) ;
#2045 = CARTESIAN_POINT ( 'NONE',  ( -5.679999999999999716, 2.109999999999976339, 6.100000000000002309 ) ) ;
#2046 = ORIENTED_EDGE ( 'NONE', *, *, #10825, .F. ) ;
#2047 = ORIENTED_EDGE ( 'NONE', *, *, #6306, .F. ) ;
#2048 = EDGE_CURVE ( 'NONE', #5899, #956, #4487, .T. ) ;
#2049 = DIRECTION ( 'NONE',  ( 0.000000000000000000, 1.000000000000000000, 0.000000000000000000 ) ) ;
#2050 = LINE ( 'NONE', #8762, #2947 ) ;
#2051 = DIRECTION ( 'NONE',  ( 0.000000000000000000, 0.000000000000000000, -1.000000000000000000 ) ) ;
#2052 = LINE ( 'NONE', #1152, #5426 ) ;
#2053 = CARTESIAN_POINT ( 'NONE',  ( -14.67999999999999794, 3.304999999999976179, 0.2700000000000020162 ) ) ;
#2054 = VECTOR ( 'NONE', #53, 1000.000000000000114 ) ;
#2055 = LINE ( 'NONE', #8931, #3972 ) ;
#2056 = ORIENTED_EDGE ( 'NONE', *, *, #23, .F. ) ;
#2057 = CARTESIAN_POINT ( 'NONE',  ( -18.32000000000000028, 1.159999999999976383, -0.9999999999999983347 ) ) ;
#2058 = CARTESIAN_POINT ( 'NONE',  ( -14.67999999999999794, 1.159999999999976383, -0.3299999999999978506 ) ) ;
#2059 = CARTESIAN_POINT ( 'NONE',  ( -2.680000000000000160, 3.699999999999976641, -0.3299999999999978506 ) ) ;
#2060 = EDGE_CURVE ( 'NONE', #7564, #9210, #6273, .T. ) ;
#2061 = CARTESIAN_POINT ( 'NONE',  ( -15.32000000000000028, -2.820000000000023821, 0.3200000000000021161 ) ) ;
#2062 = VECTOR ( 'NONE', #9063, 1000.000000000000000 ) ;
#2063 = VERTEX_POINT ( 'NONE', #6333 ) ;
#2064 = DIRECTION ( 'NONE',  ( 0.000000000000000000, 0.000000000000000000, 1.000000000000000000 ) ) ;
#2065 = CARTESIAN_POINT ( 'NONE',  ( -15.32000000000000028, 0.7499999999999763522, 0.3200000000000021161 ) ) ;
#2066 = ORIENTED_EDGE ( 'NONE', *, *, #1639, .F. ) ;
#2067 = EDGE_CURVE ( 'NONE', #1735, #10668, #953, .T. ) ;
#2068 = ORIENTED_EDGE ( 'NONE', *, *, #3324, .T. ) ;
#2069 = VECTOR ( 'NONE', #2250, 1000.000000000000000 ) ;
#2070 = FACE_BOUND ( 'NONE', #1513, .T. ) ;
#2071 = DIRECTION ( 'NONE',  ( 1.000000000000000000, 0.000000000000000000, 0.000000000000000000 ) ) ;
#2072 = VECTOR ( 'NONE', #2456, 1000.000000000000000 ) ;
#2073 = CARTESIAN_POINT ( 'NONE',  ( -12.31999999999999851, -2.820000000000023821, 0.3200000000000021161 ) ) ;
#2074 = AXIS2_PLACEMENT_3D ( 'NONE', #4596, #4429, #1227 ) ;
#2075 = ORIENTED_EDGE ( 'NONE', *, *, #2556, .T. ) ;
#2076 = DIRECTION ( 'NONE',  ( 0.000000000000000000, -1.000000000000000000, 0.000000000000000000 ) ) ;
#2077 = DIRECTION ( 'NONE',  ( -0.3312945782245003690, -0.3312945782245003690, -0.8834522085988016915 ) ) ;
#2078 = LINE ( 'NONE', #8795, #6552 ) ;
#2079 = EDGE_CURVE ( 'NONE', #1797, #6050, #6108, .T. ) ;
#2080 = CARTESIAN_POINT ( 'NONE',  ( -13.35000000000000142, -2.992257168453023031, 3.399603067315601912 ) ) ;
#2081 = EDGE_CURVE ( 'NONE', #788, #7519, #1964, .T. ) ;
#2082 = EDGE_LOOP ( 'NONE', ( #6192, #5721, #4207, #10835, #2753, #6605 ) ) ;
#2083 = ORIENTED_EDGE ( 'NONE', *, *, #379, .T. ) ;
#2084 = ORIENTED_EDGE ( 'NONE', *, *, #3633, .T. ) ;
#2085 = ORIENTED_EDGE ( 'NONE', *, *, #6293, .T. ) ;
#2086 = LINE ( 'NONE', #6284, #290 ) ;
#2087 = EDGE_LOOP ( 'NONE', ( #517, #2037, #1264, #1511 ) ) ;
#2088 = CARTESIAN_POINT ( 'NONE',  ( -13.35000000000000142, -3.340002996152906078, 4.256735502261710380 ) ) ;
#2089 = EDGE_CURVE ( 'NONE', #10291, #8894, #5384, .T. ) ;
#2090 = LINE ( 'NONE', #5510, #3078 ) ;
#2091 = PLANE ( 'NONE',  #3461 ) ;
#2092 = PLANE ( 'NONE',  #1954 ) ;
#2093 = LINE ( 'NONE', #8918, #6472 ) ;
#2094 = DIRECTION ( 'NONE',  ( 0.000000000000000000, -1.000000000000000000, 0.000000000000000000 ) ) ;
#2095 = ORIENTED_EDGE ( 'NONE', *, *, #9310, .F. ) ;
#2096 = ORIENTED_EDGE ( 'NONE', *, *, #3732, .T. ) ;
#2097 = DIRECTION ( 'NONE',  ( 0.000000000000000000, -1.000000000000000000, 0.000000000000000000 ) ) ;
#2098 = CARTESIAN_POINT ( 'NONE',  ( -13.35000000000000142, -2.341876692568689577E-14, 3.300000000000002043 ) ) ;
#2099 = DIRECTION ( 'NONE',  ( 0.000000000000000000, 0.000000000000000000, -1.000000000000000000 ) ) ;
#2100 = CARTESIAN_POINT ( 'NONE',  ( -17.35999999999999943, 4.359999999999976339, -0.9999999999999983347 ) ) ;
#2101 = DIRECTION ( 'NONE',  ( 0.4436585190537987722, 0.000000000000000000, -0.8961959152277977347 ) ) ;
#2102 = ADVANCED_FACE ( 'NONE', ( #8791 ), #2024, .T. ) ;
#2103 = ORIENTED_EDGE ( 'NONE', *, *, #1178, .F. ) ;
#2104 = ORIENTED_EDGE ( 'NONE', *, *, #8827, .F. ) ;
#2105 = PRESENTATION_LAYER_ASSIGNMENT (  '', '', ( #2995 ) ) ;
#2106 = DIRECTION ( 'NONE',  ( 0.000000000000000000, 1.000000000000000000, 0.000000000000000000 ) ) ;
#2107 = DIRECTION ( 'NONE',  ( 0.000000000000000000, 0.000000000000000000, -1.000000000000000000 ) ) ;
#2108 = CARTESIAN_POINT ( 'NONE',  ( -15.24499999999999922, -3.020000000000023554, 1.734723475976807094E-15 ) ) ;
#2109 = DIRECTION ( 'NONE',  ( 1.000000000000000000, 0.000000000000000000, 0.000000000000000000 ) ) ;
#2110 = ORIENTED_EDGE ( 'NONE', *, *, #7960, .T. ) ;
#2111 = VECTOR ( 'NONE', #3909, 1000.000000000000000 ) ;
#2112 = CARTESIAN_POINT ( 'NONE',  ( -13.75000000000000000, 1.879999999999976357, 8.900000000000002132 ) ) ;
#2113 = CARTESIAN_POINT ( 'NONE',  ( -2.680000000000000160, -2.820000000000023821, -0.3199999999999982303 ) ) ;
#2114 = ORIENTED_EDGE ( 'NONE', *, *, #1261, .F. ) ;
#2115 = VECTOR ( 'NONE', #352, 1000.000000000000000 ) ;
#2116 = ADVANCED_FACE ( 'NONE', ( #114 ), #7167, .T. ) ;
#2117 = EDGE_CURVE ( 'NONE', #10755, #932, #7895, .T. ) ;
#2118 = ORIENTED_EDGE ( 'NONE', *, *, #8701, .T. ) ;
#2119 = LINE ( 'NONE', #5595, #4981 ) ;
#2120 = CARTESIAN_POINT ( 'NONE',  ( 3.319999999999999840, 1.679999999999976401, 7.500000000000002665 ) ) ;
#2121 = CARTESIAN_POINT ( 'NONE',  ( 2.360000000000001208, 4.359999999999976339, -0.9999999999999983347 ) ) ;
#2122 = ORIENTED_EDGE ( 'NONE', *, *, #3782, .F. ) ;
#2123 = DIRECTION ( 'NONE',  ( 1.000000000000000000, 0.000000000000000000, 0.000000000000000000 ) ) ;
#2124 = DIRECTION ( 'NONE',  ( -1.776356839400000049E-13, 0.000000000000000000, -1.000000000000000000 ) ) ;
#2125 = LINE ( 'NONE', #10727, #300 ) ;
#2126 = EDGE_CURVE ( 'NONE', #9181, #3085, #7955, .T. ) ;
#2127 = DIRECTION ( 'NONE',  ( 0.000000000000000000, 1.000000000000000000, 0.000000000000000000 ) ) ;
#2128 = VERTEX_POINT ( 'NONE', #225 ) ;
#2129 = ORIENTED_EDGE ( 'NONE', *, *, #8137, .T. ) ;
#2130 = ORIENTED_EDGE ( 'NONE', *, *, #2240, .F. ) ;
#2131 = EDGE_CURVE ( 'NONE', #2359, #8003, #5442, .T. ) ;
#2132 = ORIENTED_EDGE ( 'NONE', *, *, #7315, .T. ) ;
#2133 = CARTESIAN_POINT ( 'NONE',  ( -13.75000000000000000, 3.679999999999976623, 8.900000000000002132 ) ) ;
#2134 = ORIENTED_EDGE ( 'NONE', *, *, #3326, .T. ) ;
#2135 = LINE ( 'NONE', #2360, #9304 ) ;
#2136 = EDGE_CURVE ( 'NONE', #9839, #7546, #7878, .T. ) ;
#2137 = CARTESIAN_POINT ( 'NONE',  ( -11.67999999999999972, 2.749999999999976463, 6.100000000000002309 ) ) ;
#2138 = DIRECTION ( 'NONE',  ( 1.000000000000000000, 0.000000000000000000, 0.000000000000000000 ) ) ;
#2139 = LINE ( 'NONE', #1982, #6246 ) ;
#2140 = VECTOR ( 'NONE', #7565, 1000.000000000000000 ) ;
#2141 = ORIENTED_EDGE ( 'NONE', *, *, #5011, .F. ) ;
#2142 = DIRECTION ( 'NONE',  ( 0.000000000000000000, -1.000000000000000000, 0.000000000000000000 ) ) ;
#2143 = VERTEX_POINT ( 'NONE', #2073 ) ;
#2144 = ORIENTED_EDGE ( 'NONE', *, *, #1416, .F. ) ;
#2145 = EDGE_CURVE ( 'NONE', #3660, #2375, #6945, .T. ) ;
#2146 = ADVANCED_FACE ( 'NONE', ( #8677 ), #1010, .F. ) ;
#2147 = CARTESIAN_POINT ( 'NONE',  ( -9.169999999999999929, 2.599999999999976552, 6.500000000000002665 ) ) ;
#2148 = FACE_OUTER_BOUND ( 'NONE', #10375, .T. ) ;
#2149 = CIRCLE ( 'NONE', #9114, 1.400000000000000133 ) ;
#2150 = EDGE_CURVE ( 'NONE', #9506, #3072, #2742, .T. ) ;
#2151 = DIRECTION ( 'NONE',  ( 0.000000000000000000, 1.000000000000000000, 0.000000000000000000 ) ) ;
#2152 = EDGE_CURVE ( 'NONE', #7851, #7826, #5332, .T. ) ;
#2153 = DIRECTION ( 'NONE',  ( 0.000000000000000000, 0.000000000000000000, 1.000000000000000000 ) ) ;
#2154 = VECTOR ( 'NONE', #1179, 1000.000000000000000 ) ;
#2155 = FACE_OUTER_BOUND ( 'NONE', #9426, .T. ) ;
#2156 = ORIENTED_EDGE ( 'NONE', *, *, #9054, .T. ) ;
#2157 = EDGE_LOOP ( 'NONE', ( #6994, #6792, #3973, #6893, #6027, #8158 ) ) ;
#2158 = CARTESIAN_POINT ( 'NONE',  ( -9.320000000000000284, 4.359999999999976339, 0.3500000000000021982 ) ) ;
#2159 = DIRECTION ( 'NONE',  ( 0.000000000000000000, 0.000000000000000000, -1.000000000000000000 ) ) ;
#2160 = CARTESIAN_POINT ( 'NONE',  ( 1.959999999999999964, 1.554999999999976623, -0.3299999999999978506 ) ) ;
#2161 = VECTOR ( 'NONE', #979, 1000.000000000000000 ) ;
#2162 = EDGE_CURVE ( 'NONE', #9956, #10860, #6542, .T. ) ;
#2163 = DIRECTION ( 'NONE',  ( 0.3312945782245003690, 0.8834522085988016915, 0.3312945782245003690 ) ) ;
#2164 = VECTOR ( 'NONE', #658, 1000.000000000000114 ) ;
#2165 = VERTEX_POINT ( 'NONE', #9830 ) ;
#2166 = FACE_OUTER_BOUND ( 'NONE', #3675, .T. ) ;
#2167 = PLANE ( 'NONE',  #4265 ) ;
#2168 = EDGE_LOOP ( 'NONE', ( #3305, #6566, #8359, #9560 ) ) ;
#2169 = ORIENTED_EDGE ( 'NONE', *, *, #8968, .F. ) ;
#2170 = VECTOR ( 'NONE', #11061, 1000.000000000000000 ) ;
#2171 = FACE_OUTER_BOUND ( 'NONE', #573, .T. ) ;
#2172 = VECTOR ( 'NONE', #4635, 1000.000000000000000 ) ;
#2173 = DIRECTION ( 'NONE',  ( 0.000000000000000000, -1.000000000000000000, 0.000000000000000000 ) ) ;
#2174 = CARTESIAN_POINT ( 'NONE',  ( -18.32000000000000028, 3.699999999999976641, -0.3299999999999978506 ) ) ;
#2175 = DIRECTION ( 'NONE',  ( 0.000000000000000000, 1.000000000000000000, 0.000000000000000000 ) ) ;
#2176 = DIRECTION ( 'NONE',  ( 0.000000000000000000, -1.000000000000000000, 0.000000000000000000 ) ) ;
#2177 = ORIENTED_EDGE ( 'NONE', *, *, #7923, .F. ) ;
#2178 = CARTESIAN_POINT ( 'NONE',  ( 3.319999999999999840, 0.9999999999999763522, 0.8500000000000021982 ) ) ;
#2179 = DIRECTION ( 'NONE',  ( 1.000000000000000000, 0.000000000000000000, 0.000000000000000000 ) ) ;
#2180 = PLANE ( 'NONE',  #2444 ) ;
#2181 = ADVANCED_FACE ( 'NONE', ( #1228 ), #4647, .T. ) ;
#2182 = VECTOR ( 'NONE', #4337, 1000.000000000000000 ) ;
#2183 = CARTESIAN_POINT ( 'NONE',  ( -7.750000000000000000, 3.679999999999976623, 2.296000000000002039 ) ) ;
#2184 = ORIENTED_EDGE ( 'NONE', *, *, #5842, .T. ) ;
#2185 = ORIENTED_EDGE ( 'NONE', *, *, #1594, .T. ) ;
#2186 = VERTEX_POINT ( 'NONE', #6489 ) ;
#2187 = VERTEX_POINT ( 'NONE', #3015 ) ;
#2188 = DIRECTION ( 'NONE',  ( -1.000000000000000000, 0.000000000000000000, 0.000000000000000000 ) ) ;
#2189 = VERTEX_POINT ( 'NONE', #8062 ) ;
#2190 = AXIS2_PLACEMENT_3D ( 'NONE', #5874, #8228, #4930 ) ;
#2191 = CARTESIAN_POINT ( 'NONE',  ( 2.620000000000000995, 2.429999999999976623, 8.200000000000002842 ) ) ;
#2192 = EDGE_CURVE ( 'NONE', #4782, #6264, #5710, .T. ) ;
#2193 = CARTESIAN_POINT ( 'NONE',  ( 2.360000000000001208, 3.304999999999976179, -0.3299999999999978506 ) ) ;
#2194 = CARTESIAN_POINT ( 'NONE',  ( -16.96000000000000085, 0.7499999999999763522, 0.7000000000000022871 ) ) ;
#2195 = LINE ( 'NONE', #4721, #1589 ) ;
#2196 = EDGE_CURVE ( 'NONE', #2189, #10231, #605, .T. ) ;
#2197 = CARTESIAN_POINT ( 'NONE',  ( -16.25000000000000000, 3.679999999999976623, 8.900000000000002132 ) ) ;
#2198 = VECTOR ( 'NONE', #588, 1000.000000000000000 ) ;
#2199 = ORIENTED_EDGE ( 'NONE', *, *, #6127, .T. ) ;
#2200 = ORIENTED_EDGE ( 'NONE', *, *, #6691, .T. ) ;
#2201 = CARTESIAN_POINT ( 'NONE',  ( 2.360000000000001208, 0.4999999999999763522, 8.460000000000002629 ) ) ;
#2202 = EDGE_LOOP ( 'NONE', ( #5554, #9886, #8552, #2696 ) ) ;
#2203 = ORIENTED_EDGE ( 'NONE', *, *, #4626, .T. ) ;
#2204 = DIRECTION ( 'NONE',  ( 1.000000000000000000, 0.000000000000000000, 0.000000000000000000 ) ) ;
#2205 = CARTESIAN_POINT ( 'NONE',  ( 0.1700000000000000122, -3.220000000000023288, 0.1700000000000021771 ) ) ;
#2206 = VECTOR ( 'NONE', #6185, 1000.000000000000000 ) ;
#2207 = DIRECTION ( 'NONE',  ( 0.000000000000000000, -1.000000000000000000, 0.000000000000000000 ) ) ;
#2208 = LINE ( 'NONE', #4117, #2913 ) ;
#2209 = CARTESIAN_POINT ( 'NONE',  ( -5.679999999999999716, 1.159999999999976383, -0.9999999999999983347 ) ) ;
#2210 = ADVANCED_FACE ( 'NONE', ( #494 ), #10723, .T. ) ;
#2211 = CARTESIAN_POINT ( 'NONE',  ( -12.31999999999999851, 1.554999999999976623, 0.2700000000000020162 ) ) ;
#2212 = EDGE_LOOP ( 'NONE', ( #4739, #3179, #1581, #10394, #1288 ) ) ;
#2213 = ORIENTED_EDGE ( 'NONE', *, *, #32, .T. ) ;
#2214 = ADVANCED_FACE ( 'NONE', ( #3915 ), #9892, .T. ) ;
#2215 = CARTESIAN_POINT ( 'NONE',  ( 1.959999999999999964, 0.7499999999999763522, -0.9999999999999983347 ) ) ;
#2216 = DIRECTION ( 'NONE',  ( 0.000000000000000000, 1.000000000000000000, 0.000000000000000000 ) ) ;
#2217 = DIRECTION ( 'NONE',  ( -0.3312945782245003690, 0.3312945782245003690, 0.8834522085988016915 ) ) ;
#2218 = DIRECTION ( 'NONE',  ( -0.9363291775690363306, 0.000000000000000000, 0.3511234415884135762 ) ) ;
#2219 = ORIENTED_EDGE ( 'NONE', *, *, #8628, .F. ) ;
#2220 = CARTESIAN_POINT ( 'NONE',  ( -14.67999999999999794, 0.7499999999999763522, 0.3200000000000021161 ) ) ;
#2221 = VECTOR ( 'NONE', #1287, 1000.000000000000000 ) ;
#2222 = DIRECTION ( 'NONE',  ( -0.000000000000000000, 1.000000000000000000, 0.000000000000000000 ) ) ;
#2223 = EDGE_LOOP ( 'NONE', ( #449, #8875, #2294, #1413 ) ) ;
#2224 = ADVANCED_FACE ( 'NONE', ( #6596 ), #5440, .T. ) ;
#2225 = VERTEX_POINT ( 'NONE', #5494 ) ;
#2226 = LINE ( 'NONE', #382, #2111 ) ;
#2227 = PLANE ( 'NONE',  #5825 ) ;
#2228 = DIRECTION ( 'NONE',  ( 0.000000000000000000, 1.000000000000000000, 0.000000000000000000 ) ) ;
#2229 = VECTOR ( 'NONE', #5155, 1000.000000000000000 ) ;
#2230 = DIRECTION ( 'NONE',  ( 0.000000000000000000, 0.000000000000000000, 1.000000000000000000 ) ) ;
#2231 = CARTESIAN_POINT ( 'NONE',  ( -14.67999999999999794, 0.7499999999999763522, -0.9999999999999983347 ) ) ;
#2232 = ORIENTED_EDGE ( 'NONE', *, *, #1533, .F. ) ;
#2233 = CARTESIAN_POINT ( 'NONE',  ( 2.360000000000001208, 4.359999999999976339, -0.9999999999999983347 ) ) ;
#2234 = CARTESIAN_POINT ( 'NONE',  ( -8.679999999999999716, 3.304999999999976179, -0.3299999999999978506 ) ) ;
#2235 = FACE_OUTER_BOUND ( 'NONE', #3025, .T. ) ;
#2236 = VECTOR ( 'NONE', #859, 1000.000000000000114 ) ;
#2237 = LINE ( 'NONE', #5662, #8487 ) ;
#2238 = ORIENTED_EDGE ( 'NONE', *, *, #8016, .T. ) ;
#2239 = VECTOR ( 'NONE', #10106, 1000.000000000000000 ) ;
#2240 = EDGE_CURVE ( 'NONE', #5484, #8219, #8225, .T. ) ;
#2241 = VERTEX_POINT ( 'NONE', #6380 ) ;
#2242 = ORIENTED_EDGE ( 'NONE', *, *, #595, .T. ) ;
#2243 = ORIENTED_EDGE ( 'NONE', *, *, #7083, .T. ) ;
#2244 = LINE ( 'NONE', #4885, #5832 ) ;
#2245 = ORIENTED_EDGE ( 'NONE', *, *, #10387, .F. ) ;
#2246 = DIRECTION ( 'NONE',  ( 0.000000000000000000, 1.000000000000000000, 0.000000000000000000 ) ) ;
#2247 = CARTESIAN_POINT ( 'NONE',  ( -5.679999999999999716, 3.304999999999976179, -0.3299999999999978506 ) ) ;
#2248 = DIRECTION ( 'NONE',  ( -0.000000000000000000, 1.000000000000000000, 0.000000000000000000 ) ) ;
#2249 = CARTESIAN_POINT ( 'NONE',  ( -14.44999999999999929, 1.179999999999976401, 8.900000000000002132 ) ) ;
#2250 = DIRECTION ( 'NONE',  ( 0.000000000000000000, 0.000000000000000000, -1.000000000000000000 ) ) ;
#2251 = VECTOR ( 'NONE', #4263, 1000.000000000000000 ) ;
#2252 = ADVANCED_FACE ( 'NONE', ( #2284 ), #9779, .T. ) ;
#2253 = ORIENTED_EDGE ( 'NONE', *, *, #2422, .F. ) ;
#2254 = ORIENTED_EDGE ( 'NONE', *, *, #6565, .F. ) ;
#2255 = EDGE_CURVE ( 'NONE', #2921, #11033, #8283, .T. ) ;
#2256 = ORIENTED_EDGE ( 'NONE', *, *, #8923, .F. ) ;
#2257 = ORIENTED_EDGE ( 'NONE', *, *, #1789, .F. ) ;
#2258 = CARTESIAN_POINT ( 'NONE',  ( -15.32000000000000028, 0.7499999999999763522, 0.3200000000000021161 ) ) ;
#2259 = LINE ( 'NONE', #3943, #2417 ) ;
#2260 = VECTOR ( 'NONE', #3812, 1000.000000000000000 ) ;
#2261 = CARTESIAN_POINT ( 'NONE',  ( -18.32000000000000028, 1.159999999999976383, 0.2700000000000020162 ) ) ;
#2262 = LINE ( 'NONE', #9034, #2034 ) ;
#2263 = DIRECTION ( 'NONE',  ( 0.000000000000000000, 0.000000000000000000, -1.000000000000000000 ) ) ;
#2264 = DIRECTION ( 'NONE',  ( 0.000000000000000000, 1.000000000000000000, 0.000000000000000000 ) ) ;
#2265 = EDGE_CURVE ( 'NONE', #4236, #10124, #3129, .T. ) ;
#2266 = ORIENTED_EDGE ( 'NONE', *, *, #3512, .F. ) ;
#2267 = ORIENTED_EDGE ( 'NONE', *, *, #9036, .T. ) ;
#2268 = FACE_OUTER_BOUND ( 'NONE', #10675, .T. ) ;
#2269 = CARTESIAN_POINT ( 'NONE',  ( -14.67999999999999794, 1.554999999999976623, -0.3299999999999978506 ) ) ;
#2270 = DIRECTION ( 'NONE',  ( 0.000000000000000000, 1.000000000000000000, 0.000000000000000000 ) ) ;
#2271 = EDGE_CURVE ( 'NONE', #8792, #7622, #440, .T. ) ;
#2272 = DIRECTION ( 'NONE',  ( 0.000000000000000000, 0.000000000000000000, 1.000000000000000000 ) ) ;
#2273 = VERTEX_POINT ( 'NONE', #4927 ) ;
#2274 = DIRECTION ( 'NONE',  ( 0.000000000000000000, 1.000000000000000000, 0.000000000000000000 ) ) ;
#2275 = CARTESIAN_POINT ( 'NONE',  ( -11.67999999999999972, 2.429999999999976623, 3.950000000000001954 ) ) ;
#2276 = ORIENTED_EDGE ( 'NONE', *, *, #7692, .T. ) ;
#2277 = ORIENTED_EDGE ( 'NONE', *, *, #5575, .F. ) ;
#2278 = CARTESIAN_POINT ( 'NONE',  ( -11.67999999999999972, 1.554999999999976623, -0.3299999999999978506 ) ) ;
#2279 = DIRECTION ( 'NONE',  ( 1.000000000000000000, 0.000000000000000000, 0.000000000000000000 ) ) ;
#2280 = DIRECTION ( 'NONE',  ( 0.000000000000000000, -1.000000000000000000, 0.000000000000000000 ) ) ;
#2281 = EDGE_CURVE ( 'NONE', #8088, #8899, #10892, .T. ) ;
#2282 = VECTOR ( 'NONE', #7270, 1000.000000000000000 ) ;
#2283 = CARTESIAN_POINT ( 'NONE',  ( -11.67999999999999972, 1.159999999999976383, -0.3299999999999978506 ) ) ;
#2284 = FACE_OUTER_BOUND ( 'NONE', #9129, .T. ) ;
#2285 = VECTOR ( 'NONE', #4023, 1000.000000000000000 ) ;
#2286 = ORIENTED_EDGE ( 'NONE', *, *, #8002, .F. ) ;
#2287 = CARTESIAN_POINT ( 'NONE',  ( -12.31999999999999851, -2.820000000000023821, -0.3199999999999982303 ) ) ;
#2288 = ADVANCED_FACE ( 'NONE', ( #4084 ), #5761, .T. ) ;
#2289 = DIRECTION ( 'NONE',  ( 0.000000000000000000, -1.000000000000000000, 0.000000000000000000 ) ) ;
#2290 = DIRECTION ( 'NONE',  ( 1.000000000000000000, 0.000000000000000000, 0.000000000000000000 ) ) ;
#2291 = AXIS2_PLACEMENT_3D ( 'NONE', #6592, #7608, #9281 ) ;
#2292 = DIRECTION ( 'NONE',  ( 0.000000000000000000, 0.000000000000000000, 1.000000000000000000 ) ) ;
#2293 = ORIENTED_EDGE ( 'NONE', *, *, #3632, .T. ) ;
#2294 = ORIENTED_EDGE ( 'NONE', *, *, #9572, .T. ) ;
#2295 = ORIENTED_EDGE ( 'NONE', *, *, #1584, .F. ) ;
#2296 = VECTOR ( 'NONE', #5796, 1000.000000000000114 ) ;
#2297 = ORIENTED_EDGE ( 'NONE', *, *, #9668, .T. ) ;
#2298 = CARTESIAN_POINT ( 'NONE',  ( -1.649999999999999245, -3.339073374179540199, 4.469173615085841433 ) ) ;
#2299 = ORIENTED_EDGE ( 'NONE', *, *, #2265, .T. ) ;
#2300 = DIRECTION ( 'NONE',  ( 0.000000000000000000, -1.000000000000000000, 0.000000000000000000 ) ) ;
#2301 = ORIENTED_EDGE ( 'NONE', *, *, #3249, .F. ) ;
#2302 = EDGE_CURVE ( 'NONE', #2620, #8686, #1501, .T. ) ;
#2303 = PLANE ( 'NONE',  #1471 ) ;
#2304 = DIRECTION ( 'NONE',  ( -1.000000000000000000, 0.000000000000000000, 0.000000000000000000 ) ) ;
#2305 = CARTESIAN_POINT ( 'NONE',  ( -0.6499999999999995781, -2.341876692568689577E-14, 4.300000000000001599 ) ) ;
#2306 = VECTOR ( 'NONE', #10078, 1000.000000000000000 ) ;
#2307 = ADVANCED_FACE ( 'NONE', ( #8674 ), #8008, .T. ) ;
#2308 = DIRECTION ( 'NONE',  ( 0.000000000000000000, 0.000000000000000000, -1.000000000000000000 ) ) ;
#2309 = ORIENTED_EDGE ( 'NONE', *, *, #231, .F. ) ;
#2310 = VERTEX_POINT ( 'NONE', #3701 ) ;
#2311 = ORIENTED_EDGE ( 'NONE', *, *, #1174, .T. ) ;
#2312 = ORIENTED_EDGE ( 'NONE', *, *, #6172, .T. ) ;
#2313 = CARTESIAN_POINT ( 'NONE',  ( -3.319999999999999840, 2.429999999999976623, 3.950000000000001954 ) ) ;
#2314 = CARTESIAN_POINT ( 'NONE',  ( -2.680000000000000160, 0.7499999999999763522, -0.3199999999999982303 ) ) ;
#2315 = VECTOR ( 'NONE', #7593, 1000.000000000000000 ) ;
#2316 = DIRECTION ( 'NONE',  ( -1.000000000000000000, 0.000000000000000000, 0.000000000000000000 ) ) ;
#2317 = CARTESIAN_POINT ( 'NONE',  ( -14.67999999999999794, 2.429999999999976623, 3.950000000000001954 ) ) ;
#2318 = DIRECTION ( 'NONE',  ( 0.000000000000000000, 0.000000000000000000, -1.000000000000000000 ) ) ;
#2319 = ADVANCED_FACE ( 'NONE', ( #5213 ), #328, .F. ) ;
#2320 = LINE ( 'NONE', #8880, #1042 ) ;
#2321 = DIRECTION ( 'NONE',  ( -0.000000000000000000, 1.000000000000000000, 0.000000000000000000 ) ) ;
#2322 = ORIENTED_EDGE ( 'NONE', *, *, #6132, .T. ) ;
#2323 = AXIS2_PLACEMENT_3D ( 'NONE', #4250, #10113, #5925 ) ;
#2324 = CARTESIAN_POINT ( 'NONE',  ( -8.679999999999999716, 1.554999999999976623, 0.2700000000000020162 ) ) ;
#2325 = DIRECTION ( 'NONE',  ( 0.000000000000000000, 1.000000000000000000, 0.000000000000000000 ) ) ;
#2326 = FACE_OUTER_BOUND ( 'NONE', #1877, .T. ) ;
#2327 = PLANE ( 'NONE',  #4683 ) ;
#2328 = EDGE_CURVE ( 'NONE', #8907, #3545, #10458, .T. ) ;
#2329 = CARTESIAN_POINT ( 'NONE',  ( -12.24499999999999922, 2.429999999999976623, 6.300000000000001599 ) ) ;
#2330 = ADVANCED_FACE ( 'NONE', ( #9510 ), #7892, .T. ) ;
#2331 = LINE ( 'NONE', #3290, #100 ) ;
#2332 = EDGE_CURVE ( 'NONE', #5809, #932, #7165, .T. ) ;
#2333 = FACE_OUTER_BOUND ( 'NONE', #375, .T. ) ;
#2334 = VERTEX_POINT ( 'NONE', #7107 ) ;
#2335 = ORIENTED_EDGE ( 'NONE', *, *, #6144, .T. ) ;
#2336 = EDGE_CURVE ( 'NONE', #1346, #3437, #223, .T. ) ;
#2337 = PLANE ( 'NONE',  #9478 ) ;
#2338 = PLANE ( 'NONE',  #998 ) ;
#2339 = DIRECTION ( 'NONE',  ( 1.000000000000000000, 0.000000000000000000, 0.000000000000000000 ) ) ;
#2340 = CARTESIAN_POINT ( 'NONE',  ( -11.67999999999999972, 1.554999999999976623, 0.2700000000000020162 ) ) ;
#2341 = DIRECTION ( 'NONE',  ( 0.000000000000000000, 1.000000000000000000, 0.000000000000000000 ) ) ;
#2342 = CARTESIAN_POINT ( 'NONE',  ( -8.830000000000000071, -3.220000000000023288, 0.1700000000000021771 ) ) ;
#2343 = ORIENTED_EDGE ( 'NONE', *, *, #4851, .F. ) ;
#2344 = DIRECTION ( 'NONE',  ( 0.000000000000000000, 0.000000000000000000, -1.000000000000000000 ) ) ;
#2345 = CARTESIAN_POINT ( 'NONE',  ( -16.96000000000000085, 0.7499999999999763522, -0.9999999999999983347 ) ) ;
#2346 = EDGE_CURVE ( 'NONE', #8538, #738, #10508, .T. ) ;
#2347 = PLANE ( 'NONE',  #1367 ) ;
#2348 = CARTESIAN_POINT ( 'NONE',  ( -1.649999999999999467, 0.4999999999999763522, 8.050000000000000711 ) ) ;
#2349 = ORIENTED_EDGE ( 'NONE', *, *, #6525, .F. ) ;
#2350 = ADVANCED_FACE ( 'NONE', ( #6214 ), #110, .F. ) ;
#2351 = VECTOR ( 'NONE', #3730, 1000.000000000000000 ) ;
#2352 = VECTOR ( 'NONE', #10993, 1000.000000000000000 ) ;
#2353 = VERTEX_POINT ( 'NONE', #1849 ) ;
#2354 = EDGE_CURVE ( 'NONE', #8731, #4479, #7834, .T. ) ;
#2355 = EDGE_LOOP ( 'NONE', ( #1211, #8660, #1598, #1688 ) ) ;
#2356 = ADVANCED_FACE ( 'NONE', ( #8617 ), #1117, .F. ) ;
#2357 = ORIENTED_EDGE ( 'NONE', *, *, #912, .T. ) ;
#2358 = DIRECTION ( 'NONE',  ( 0.000000000000000000, 0.000000000000000000, -1.000000000000000000 ) ) ;
#2359 = VERTEX_POINT ( 'NONE', #2795 ) ;
#2360 = CARTESIAN_POINT ( 'NONE',  ( -0.3199999999999999512, 2.109999999999976339, 2.296000000000002039 ) ) ;
#2361 = VECTOR ( 'NONE', #3467, 1000.000000000000000 ) ;
#2362 = ORIENTED_EDGE ( 'NONE', *, *, #3086, .F. ) ;
#2363 = PLANE ( 'NONE',  #4170 ) ;
#2364 = LINE ( 'NONE', #4948, #1487 ) ;
#2365 = CARTESIAN_POINT ( 'NONE',  ( 3.319999999999999840, 2.472499999999976605, 1.700000000000002398 ) ) ;
#2366 = CARTESIAN_POINT ( 'NONE',  ( -18.32000000000000028, 3.304999999999976179, -0.3299999999999978506 ) ) ;
#2367 = VECTOR ( 'NONE', #28, 1000.000000000000000 ) ;
#2368 = ORIENTED_EDGE ( 'NONE', *, *, #8554, .T. ) ;
#2369 = PRODUCT_DEFINITION_SHAPE ( 'NONE', 'NONE',  #504 ) ;
#2370 = VERTEX_POINT ( 'NONE', #948 ) ;
#2371 = VECTOR ( 'NONE', #2648, 1000.000000000000000 ) ;
#2372 = VECTOR ( 'NONE', #442, 1000.000000000000000 ) ;
#2373 = EDGE_CURVE ( 'NONE', #7718, #8515, #4370, .T. ) ;
#2374 = ORIENTED_EDGE ( 'NONE', *, *, #6129, .T. ) ;
#2375 = VERTEX_POINT ( 'NONE', #7779 ) ;
#2376 = CARTESIAN_POINT ( 'NONE',  ( -9.320000000000000284, 3.304999999999976179, 0.2700000000000020162 ) ) ;
#2377 = CARTESIAN_POINT ( 'NONE',  ( -16.96000000000000085, 0.4999999999999763522, 0.8500000000000021982 ) ) ;
#2378 = DIRECTION ( 'NONE',  ( 0.000000000000000000, -1.000000000000000000, 0.000000000000000000 ) ) ;
#2379 = DIRECTION ( 'NONE',  ( 0.000000000000000000, 0.000000000000000000, 1.000000000000000000 ) ) ;
#2380 = DIRECTION ( 'NONE',  ( 0.000000000000000000, -1.000000000000000000, 0.000000000000000000 ) ) ;
#2381 = VECTOR ( 'NONE', #4409, 1000.000000000000000 ) ;
#2382 = CARTESIAN_POINT ( 'NONE',  ( -9.320000000000000284, 4.359999999999976339, -0.9999999999999983347 ) ) ;
#2383 = PLANE ( 'NONE',  #1466 ) ;
#2384 = ORIENTED_EDGE ( 'NONE', *, *, #1533, .T. ) ;
#2385 = ORIENTED_EDGE ( 'NONE', *, *, #9054, .F. ) ;
#2386 = VECTOR ( 'NONE', #9749, 1000.000000000000114 ) ;
#2387 = FACE_OUTER_BOUND ( 'NONE', #7120, .T. ) ;
#2388 = CARTESIAN_POINT ( 'NONE',  ( -11.67999999999999972, 3.304999999999976179, -0.3199999999999982303 ) ) ;
#2389 = CARTESIAN_POINT ( 'NONE',  ( -17.35999999999999943, 1.554999999999976623, 0.2700000000000020162 ) ) ;
#2390 = DIRECTION ( 'NONE',  ( 0.000000000000000000, 0.000000000000000000, 1.000000000000000000 ) ) ;
#2391 = PLANE ( 'NONE',  #4937 ) ;
#2392 = CARTESIAN_POINT ( 'NONE',  ( -0.3199999999999999512, 3.304999999999976179, -0.3199999999999982303 ) ) ;
#2393 = EDGE_LOOP ( 'NONE', ( #767, #8973, #2505, #10705 ) ) ;
#2394 = EDGE_CURVE ( 'NONE', #7400, #10132, #3530, .T. ) ;
#2395 = VERTEX_POINT ( 'NONE', #1961 ) ;
#2396 = EDGE_CURVE ( 'NONE', #9653, #162, #3585, .T. ) ;
#2397 = DIRECTION ( 'NONE',  ( 1.000000000000000000, 0.000000000000000000, 0.000000000000000000 ) ) ;
#2398 = CARTESIAN_POINT ( 'NONE',  ( -14.75500000000000078, 2.429999999999976623, 6.300000000000001599 ) ) ;
#2399 = DIRECTION ( 'NONE',  ( 0.000000000000000000, 1.000000000000000000, 0.000000000000000000 ) ) ;
#2400 = FACE_OUTER_BOUND ( 'NONE', #4554, .T. ) ;
#2401 = VECTOR ( 'NONE', #7885, 1000.000000000000114 ) ;
#2402 = ORIENTED_EDGE ( 'NONE', *, *, #8646, .T. ) ;
#2403 = LINE ( 'NONE', #2460, #2725 ) ;
#2404 = CARTESIAN_POINT ( 'NONE',  ( -11.67999999999999972, 0.7499999999999763522, 0.3200000000000021161 ) ) ;
#2405 = EDGE_CURVE ( 'NONE', #5264, #3035, #5329, .T. ) ;
#2406 = CARTESIAN_POINT ( 'NONE',  ( -12.31999999999999851, -2.820000000000023821, 0.3200000000000021161 ) ) ;
#2407 = EDGE_LOOP ( 'NONE', ( #2735, #4002, #5286, #7936 ) ) ;
#2408 = ORIENTED_EDGE ( 'NONE', *, *, #10274, .T. ) ;
#2409 = ORIENTED_EDGE ( 'NONE', *, *, #10610, .F. ) ;
#2410 = EDGE_CURVE ( 'NONE', #6713, #8301, #8788, .T. ) ;
#2411 = VECTOR ( 'NONE', #8004, 1000.000000000000000 ) ;
#2412 = CARTESIAN_POINT ( 'NONE',  ( -4.750000000000000000, 1.179999999999976401, 8.900000000000002132 ) ) ;
#2413 = LINE ( 'NONE', #1567, #7504 ) ;
#2414 = ORIENTED_EDGE ( 'NONE', *, *, #8289, .T. ) ;
#2415 = CARTESIAN_POINT ( 'NONE',  ( -6.319999999999999396, 2.109999999999976339, 0.3200000000000021161 ) ) ;
#2416 = ORIENTED_EDGE ( 'NONE', *, *, #7454, .F. ) ;
#2417 = VECTOR ( 'NONE', #580, 1000.000000000000000 ) ;
#2418 = DIRECTION ( 'NONE',  ( 0.000000000000000000, 0.6428711427641899956, 0.7659743427824879936 ) ) ;
#2419 = EDGE_CURVE ( 'NONE', #10421, #10544, #5539, .T. ) ;
#2420 = EDGE_LOOP ( 'NONE', ( #7944, #3327, #9287, #4568, #1375, #4098, #126, #6510 ) ) ;
#2421 = DIRECTION ( 'NONE',  ( 0.000000000000000000, 0.000000000000000000, -1.000000000000000000 ) ) ;
#2422 = EDGE_CURVE ( 'NONE', #2744, #10141, #2226, .T. ) ;
#2423 = PLANE ( 'NONE',  #8109 ) ;
#2424 = PLANE ( 'NONE',  #3387 ) ;
#2425 = VECTOR ( 'NONE', #2501, 1000.000000000000000 ) ;
#2426 = DIRECTION ( 'NONE',  ( -0.000000000000000000, 1.000000000000000000, 0.000000000000000000 ) ) ;
#2427 = ORIENTED_EDGE ( 'NONE', *, *, #2336, .F. ) ;
#2428 = ADVANCED_FACE ( 'NONE', ( #2171 ), #2910, .F. ) ;
#2429 = ORIENTED_EDGE ( 'NONE', *, *, #7499, .F. ) ;
#2430 = VERTEX_POINT ( 'NONE', #8220 ) ;
#2431 = ORIENTED_EDGE ( 'NONE', *, *, #1882, .F. ) ;
#2432 = VECTOR ( 'NONE', #7738, 1000.000000000000000 ) ;
#2433 = EDGE_CURVE ( 'NONE', #434, #7673, #5652, .T. ) ;
#2434 = CARTESIAN_POINT ( 'NONE',  ( -9.169999999999999929, 2.599999999999976552, 6.500000000000002665 ) ) ;
#2435 = CARTESIAN_POINT ( 'NONE',  ( 0.3200000000000008393, 2.109999999999976339, 6.100000000000002309 ) ) ;
#2436 = VECTOR ( 'NONE', #8336, 1000.000000000000000 ) ;
#2437 = FACE_OUTER_BOUND ( 'NONE', #8007, .T. ) ;
#2438 = DIRECTION ( 'NONE',  ( -0.7071067811865474617, -0.7071067811865474617, 0.000000000000000000 ) ) ;
#2439 = CARTESIAN_POINT ( 'NONE',  ( -18.32000000000000028, 1.159999999999976383, 0.2700000000000020162 ) ) ;
#2440 = AXIS2_PLACEMENT_3D ( 'NONE', #8023, #3603, #3820 ) ;
#2441 = FILL_AREA_STYLE ('',( #641 ) ) ;
#2442 = CARTESIAN_POINT ( 'NONE',  ( -6.319999999999999396, 2.749999999999976463, 2.296000000000002039 ) ) ;
#2443 = ORIENTED_EDGE ( 'NONE', *, *, #4048, .T. ) ;
#2444 = AXIS2_PLACEMENT_3D ( 'NONE', #5605, #8288, #554 ) ;
#2445 = VERTEX_POINT ( 'NONE', #2278 ) ;
#2446 = DIRECTION ( 'NONE',  ( 0.000000000000000000, -1.000000000000000000, 0.000000000000000000 ) ) ;
#2447 = CARTESIAN_POINT ( 'NONE',  ( -18.32000000000000028, 0.4999999999999763522, 0.8500000000000021982 ) ) ;
#2448 = FACE_OUTER_BOUND ( 'NONE', #9804, .T. ) ;
#2449 = FACE_OUTER_BOUND ( 'NONE', #9786, .T. ) ;
#2450 = ADVANCED_FACE ( 'NONE', ( #6329, #9055, #1331, #9728, #601, #2070, #8165 ), #10719, .T. ) ;
#2451 = LINE ( 'NONE', #5919, #10623 ) ;
#2452 = FACE_OUTER_BOUND ( 'NONE', #2882, .T. ) ;
#2453 = ORIENTED_EDGE ( 'NONE', *, *, #3886, .F. ) ;
#2454 = ORIENTED_EDGE ( 'NONE', *, *, #5711, .T. ) ;
#2455 = LINE ( 'NONE', #11058, #3405 ) ;
#2456 = DIRECTION ( 'NONE',  ( 0.000000000000000000, 0.000000000000000000, 1.000000000000000000 ) ) ;
#2457 = CARTESIAN_POINT ( 'NONE',  ( -14.67999999999999794, 3.484999999999976339, 0.3500000000000021982 ) ) ;
#2458 = DIRECTION ( 'NONE',  ( 0.000000000000000000, -1.000000000000000000, 0.000000000000000000 ) ) ;
#2459 = VERTEX_POINT ( 'NONE', #8895 ) ;
#2460 = CARTESIAN_POINT ( 'NONE',  ( -2.680000000000000160, 0.7499999999999763522, -0.9999999999999983347 ) ) ;
#2461 = DIRECTION ( 'NONE',  ( 0.000000000000000000, 0.000000000000000000, -1.000000000000000000 ) ) ;
#2462 = EDGE_CURVE ( 'NONE', #9082, #8298, #1226, .T. ) ;
#2463 = EDGE_CURVE ( 'NONE', #4974, #2925, #8059, .T. ) ;
#2464 = LINE ( 'NONE', #2513, #8847 ) ;
#2465 = EDGE_LOOP ( 'NONE', ( #4817, #5330, #9950, #1699, #464 ) ) ;
#2466 = ORIENTED_EDGE ( 'NONE', *, *, #702, .T. ) ;
#2467 = ORIENTED_EDGE ( 'NONE', *, *, #1251, .T. ) ;
#2468 = LINE ( 'NONE', #9290, #6080 ) ;
#2469 = ORIENTED_EDGE ( 'NONE', *, *, #163, .F. ) ;
#2470 = CARTESIAN_POINT ( 'NONE',  ( -12.31999999999999851, 4.359999999999976339, -0.9999999999999983347 ) ) ;
#2471 = ORIENTED_EDGE ( 'NONE', *, *, #10649, .F. ) ;
#2472 = VECTOR ( 'NONE', #4973, 1000.000000000000000 ) ;
#2473 = DIRECTION ( 'NONE',  ( 0.000000000000000000, -1.000000000000000000, 0.000000000000000000 ) ) ;
#2474 = EDGE_CURVE ( 'NONE', #3515, #5940, #490, .T. ) ;
#2475 = EDGE_LOOP ( 'NONE', ( #10908, #1316, #10852, #1457 ) ) ;
#2476 = LINE ( 'NONE', #9409, #10776 ) ;
#2477 = DIRECTION ( 'NONE',  ( 1.000000000000000000, 0.000000000000000000, 0.000000000000000000 ) ) ;
#2478 = PLANE ( 'NONE',  #10105 ) ;
#2479 = EDGE_CURVE ( 'NONE', #1363, #8954, #10611, .T. ) ;
#2480 = EDGE_LOOP ( 'NONE', ( #3360, #8351, #4843, #9732 ) ) ;
#2481 = VECTOR ( 'NONE', #6042, 1000.000000000000000 ) ;
#2482 = VERTEX_POINT ( 'NONE', #1440 ) ;
#2483 = EDGE_LOOP ( 'NONE', ( #8073, #1361, #3272, #905 ) ) ;
#2484 = ORIENTED_EDGE ( 'NONE', *, *, #5026, .T. ) ;
#2485 = FACE_OUTER_BOUND ( 'NONE', #59, .T. ) ;
#2486 = LINE ( 'NONE', #1646, #7604 ) ;
#2487 = VECTOR ( 'NONE', #2029, 1000.000000000000000 ) ;
#2488 = LINE ( 'NONE', #690, #1114 ) ;
#2489 = LINE ( 'NONE', #3554, #5785 ) ;
#2490 = DIRECTION ( 'NONE',  ( 1.000000000000000000, 0.000000000000000000, 0.000000000000000000 ) ) ;
#2491 = EDGE_CURVE ( 'NONE', #7659, #3475, #6378, .T. ) ;
#2492 = CARTESIAN_POINT ( 'NONE',  ( 3.319999999999999840, 2.316249999999976161, 1.487234067917001967 ) ) ;
#2493 = ADVANCED_FACE ( 'NONE', ( #8999 ), #4811, .T. ) ;
#2494 = VERTEX_POINT ( 'NONE', #546 ) ;
#2495 = ORIENTED_EDGE ( 'NONE', *, *, #3920, .T. ) ;
#2496 = DIRECTION ( 'NONE',  ( 0.000000000000000000, 0.000000000000000000, -1.000000000000000000 ) ) ;
#2497 = VECTOR ( 'NONE', #188, 1000.000000000000114 ) ;
#2498 = CARTESIAN_POINT ( 'NONE',  ( -2.049999999999999822, -2.593748043984022811, 4.300000000000001599 ) ) ;
#2499 = CARTESIAN_POINT ( 'NONE',  ( 3.319999999999999840, 3.699999999999976641, -0.9999999999999983347 ) ) ;
#2500 = FACE_OUTER_BOUND ( 'NONE', #8620, .T. ) ;
#2501 = DIRECTION ( 'NONE',  ( 0.000000000000000000, 1.000000000000000000, 0.000000000000000000 ) ) ;
#2502 = CARTESIAN_POINT ( 'NONE',  ( -11.67999999999999972, 2.109999999999976339, 0.3500000000000021982 ) ) ;
#2503 = ORIENTED_EDGE ( 'NONE', *, *, #6520, .T. ) ;
#2504 = VECTOR ( 'NONE', #6297, 1000.000000000000000 ) ;
#2505 = ORIENTED_EDGE ( 'NONE', *, *, #5918, .F. ) ;
#2506 = DIRECTION ( 'NONE',  ( 0.000000000000000000, 0.000000000000000000, -1.000000000000000000 ) ) ;
#2507 = EDGE_CURVE ( 'NONE', #9180, #574, #2119, .T. ) ;
#2508 = DIRECTION ( 'NONE',  ( -1.000000000000000000, 0.000000000000000000, 0.000000000000000000 ) ) ;
#2509 = FACE_OUTER_BOUND ( 'NONE', #6895, .T. ) ;
#2510 = CARTESIAN_POINT ( 'NONE',  ( -18.32000000000000028, 1.159999999999976383, -0.3299999999999978506 ) ) ;
#2511 = VERTEX_POINT ( 'NONE', #10661 ) ;
#2512 = CARTESIAN_POINT ( 'NONE',  ( 3.319999999999999840, 2.159999999999976605, 1.301063802838002159 ) ) ;
#2513 = CARTESIAN_POINT ( 'NONE',  ( -5.679999999999999716, 4.359999999999976339, -0.9999999999999983347 ) ) ;
#2514 = VECTOR ( 'NONE', #1573, 1000.000000000000000 ) ;
#2515 = ORIENTED_EDGE ( 'NONE', *, *, #4093, .F. ) ;
#2516 = ORIENTED_EDGE ( 'NONE', *, *, #165, .F. ) ;
#2517 = ORIENTED_EDGE ( 'NONE', *, *, #9038, .F. ) ;
#2518 = ADVANCED_FACE ( 'NONE', ( #8279 ), #3009, .F. ) ;
#2519 = CARTESIAN_POINT ( 'NONE',  ( -12.31999999999999851, 1.554999999999976623, -0.3199999999999982303 ) ) ;
#2520 = ORIENTED_EDGE ( 'NONE', *, *, #10489, .T. ) ;
#2521 = CARTESIAN_POINT ( 'NONE',  ( -17.35999999999999943, 3.304999999999976179, -0.3299999999999978506 ) ) ;
#2522 = ORIENTED_EDGE ( 'NONE', *, *, #1532, .T. ) ;
#2523 = CARTESIAN_POINT ( 'NONE',  ( 3.319999999999999840, 3.304999999999976179, 0.2700000000000020162 ) ) ;
#2524 = AXIS2_PLACEMENT_3D ( 'NONE', #2498, #757, #1715 ) ;
#2525 = ORIENTED_EDGE ( 'NONE', *, *, #5377, .T. ) ;
#2526 = CARTESIAN_POINT ( 'NONE',  ( -8.679999999999999716, 3.699999999999976641, -0.9999999999999983347 ) ) ;
#2527 = CARTESIAN_POINT ( 'NONE',  ( -5.679999999999999716, 4.359999999999976339, -0.9999999999999983347 ) ) ;
#2528 = VECTOR ( 'NONE', #8477, 1000.000000000000000 ) ;
#2529 = CARTESIAN_POINT ( 'NONE',  ( -14.67999999999999794, 0.7499999999999763522, -0.9999999999999983347 ) ) ;
#2530 = EDGE_LOOP ( 'NONE', ( #6355, #8602, #8462, #2520 ) ) ;
#2531 = VERTEX_POINT ( 'NONE', #3123 ) ;
#2532 = ORIENTED_EDGE ( 'NONE', *, *, #2145, .F. ) ;
#2533 = ORIENTED_EDGE ( 'NONE', *, *, #2405, .F. ) ;
#2534 = CARTESIAN_POINT ( 'NONE',  ( -13.35000000000000142, -2.915870530662023175, 5.266066253268001596 ) ) ;
#2535 = VERTEX_POINT ( 'NONE', #4755 ) ;
#2536 = EDGE_CURVE ( 'NONE', #7572, #3894, #6538, .T. ) ;
#2537 = VECTOR ( 'NONE', #3846, 1000.000000000000000 ) ;
#2538 = VECTOR ( 'NONE', #9270, 1000.000000000000000 ) ;
#2539 = LINE ( 'NONE', #11035, #4860 ) ;
#2540 = DIRECTION ( 'NONE',  ( 1.000000000000000000, 0.000000000000000000, 0.000000000000000000 ) ) ;
#2541 = DIRECTION ( 'NONE',  ( -1.000000000000000000, 0.000000000000000000, 0.000000000000000000 ) ) ;
#2542 = PLANE ( 'NONE',  #3997 ) ;
#2543 = CARTESIAN_POINT ( 'NONE',  ( -15.32000000000000028, 4.359999999999976339, -0.9999999999999983347 ) ) ;
#2544 = VECTOR ( 'NONE', #2547, 1000.000000000000000 ) ;
#2545 = VECTOR ( 'NONE', #2657, 1000.000000000000000 ) ;
#2546 = AXIS2_PLACEMENT_3D ( 'NONE', #5220, #8625, #957 ) ;
#2547 = DIRECTION ( 'NONE',  ( -1.000000000000000000, 0.000000000000000000, 0.000000000000000000 ) ) ;
#2548 = VERTEX_POINT ( 'NONE', #710 ) ;
#2549 = ORIENTED_EDGE ( 'NONE', *, *, #8026, .F. ) ;
#2550 = DIRECTION ( 'NONE',  ( 0.000000000000000000, -1.000000000000000000, 0.000000000000000000 ) ) ;
#2551 = LINE ( 'NONE', #4240, #6286 ) ;
#2552 = CARTESIAN_POINT ( 'NONE',  ( 1.959999999999999964, 3.304999999999976179, -0.3299999999999978506 ) ) ;
#2553 = VECTOR ( 'NONE', #582, 1000.000000000000000 ) ;
#2554 = LINE ( 'NONE', #10049, #5234 ) ;
#2555 = LINE ( 'NONE', #90, #1844 ) ;
#2556 = EDGE_CURVE ( 'NONE', #9839, #7024, #11003, .T. ) ;
#2557 = PLANE ( 'NONE',  #1345 ) ;
#2558 = FACE_OUTER_BOUND ( 'NONE', #10901, .T. ) ;
#2559 = ORIENTED_EDGE ( 'NONE', *, *, #9859, .F. ) ;
#2560 = AXIS2_PLACEMENT_3D ( 'NONE', #8916, #10528, #3773 ) ;
#2561 = EDGE_CURVE ( 'NONE', #8063, #722, #9278, .T. ) ;
#2562 = ORIENTED_EDGE ( 'NONE', *, *, #9027, .F. ) ;
#2563 = CARTESIAN_POINT ( 'NONE',  ( -9.549999999999998934, 1.179999999999976401, 8.900000000000002132 ) ) ;
#2564 = LINE ( 'NONE', #5813, #10107 ) ;
#2565 = CARTESIAN_POINT ( 'NONE',  ( -5.754999999999999893, 2.429999999999976623, 6.300000000000001599 ) ) ;
#2566 = DIRECTION ( 'NONE',  ( -1.000000000000000000, 0.000000000000000000, 0.000000000000000000 ) ) ;
#2567 = VECTOR ( 'NONE', #4321, 1000.000000000000000 ) ;
#2568 = ORIENTED_EDGE ( 'NONE', *, *, #1294, .F. ) ;
#2569 = CARTESIAN_POINT ( 'NONE',  ( -1.649999999999999467, 0.4999999999999763522, 0.8500000000000021982 ) ) ;
#2570 = CARTESIAN_POINT ( 'NONE',  ( -14.67999999999999794, 1.554999999999976623, 0.2700000000000020162 ) ) ;
#2571 = ORIENTED_EDGE ( 'NONE', *, *, #5967, .T. ) ;
#2572 = VERTEX_POINT ( 'NONE', #5148 ) ;
#2573 = DIRECTION ( 'NONE',  ( 0.000000000000000000, -1.000000000000000000, 0.000000000000000000 ) ) ;
#2574 = EDGE_LOOP ( 'NONE', ( #9737, #5827, #9093, #5005 ) ) ;
#2575 = FACE_OUTER_BOUND ( 'NONE', #8191, .T. ) ;
#2576 = ORIENTED_EDGE ( 'NONE', *, *, #306, .F. ) ;
#2577 = LINE ( 'NONE', #4101, #4849 ) ;
#2578 = ORIENTED_EDGE ( 'NONE', *, *, #8701, .F. ) ;
#2579 = CARTESIAN_POINT ( 'NONE',  ( -1.297691182843999647, -2.657957046956024083, 5.300000000000002487 ) ) ;
#2580 = DIRECTION ( 'NONE',  ( 0.000000000000000000, 0.000000000000000000, -1.000000000000000000 ) ) ;
#2581 = PLANE ( 'NONE',  #10161 ) ;
#2582 = CARTESIAN_POINT ( 'NONE',  ( -6.319999999999999396, 2.109999999999976339, 6.100000000000002309 ) ) ;
#2583 = ADVANCED_FACE ( 'NONE', ( #1611 ), #9224, .F. ) ;
#2584 = ORIENTED_EDGE ( 'NONE', *, *, #7542, .F. ) ;
#2585 = AXIS2_PLACEMENT_3D ( 'NONE', #718, #4256, #7670 ) ;
#2586 = ORIENTED_EDGE ( 'NONE', *, *, #10030, .F. ) ;
#2587 = ORIENTED_EDGE ( 'NONE', *, *, #10877, .T. ) ;
#2588 = ORIENTED_EDGE ( 'NONE', *, *, #6263, .F. ) ;
#2589 = DIRECTION ( 'NONE',  ( 1.000000000000000000, 0.000000000000000000, 0.000000000000000000 ) ) ;
#2590 = ORIENTED_EDGE ( 'NONE', *, *, #10571, .F. ) ;
#2591 = CARTESIAN_POINT ( 'NONE',  ( -11.67999999999999972, 2.109999999999976339, 0.3500000000000021982 ) ) ;
#2592 = DIRECTION ( 'NONE',  ( 0.000000000000000000, 1.000000000000000000, 0.000000000000000000 ) ) ;
#2593 = VECTOR ( 'NONE', #2274, 1000.000000000000000 ) ;
#2594 = FACE_OUTER_BOUND ( 'NONE', #3057, .T. ) ;
#2595 = CARTESIAN_POINT ( 'NONE',  ( 2.360000000000001208, 4.359999999999976339, 0.7000000000000022871 ) ) ;
#2596 = CARTESIAN_POINT ( 'NONE',  ( -12.94999999999999929, 0.1669999999999766394, 4.300000000000001599 ) ) ;
#2597 = ADVANCED_FACE ( 'NONE', ( #4977 ), #6763, .T. ) ;
#2598 = VECTOR ( 'NONE', #5183, 1000.000000000000000 ) ;
#2599 = EDGE_CURVE ( 'NONE', #6532, #951, #5868, .T. ) ;
#2600 = AXIS2_PLACEMENT_3D ( 'NONE', #9549, #7871, #202 ) ;
#2601 = DIRECTION ( 'NONE',  ( 0.000000000000000000, 1.000000000000000000, 0.000000000000000000 ) ) ;
#2602 = VERTEX_POINT ( 'NONE', #769 ) ;
#2603 = VECTOR ( 'NONE', #4530, 1000.000000000000000 ) ;
#2604 = ORIENTED_EDGE ( 'NONE', *, *, #7266, .T. ) ;
#2605 = DIRECTION ( 'NONE',  ( 0.000000000000000000, 0.000000000000000000, -1.000000000000000000 ) ) ;
#2606 = DIRECTION ( 'NONE',  ( 0.000000000000000000, 0.000000000000000000, -1.000000000000000000 ) ) ;
#2607 = CARTESIAN_POINT ( 'NONE',  ( -11.83000000000000007, 2.599999999999976552, 6.500000000000002665 ) ) ;
#2608 = CARTESIAN_POINT ( 'NONE',  ( -11.67999999999999972, 0.7499999999999763522, -0.9999999999999983347 ) ) ;
#2609 = CARTESIAN_POINT ( 'NONE',  ( -5.679999999999999716, 2.109999999999976339, 6.100000000000002309 ) ) ;
#2610 = ADVANCED_FACE ( 'NONE', ( #6590 ), #4195, .F. ) ;
#2611 = LINE ( 'NONE', #4298, #3180 ) ;
#2612 = EDGE_LOOP ( 'NONE', ( #7179, #2692, #4086, #9637, #10534, #5154 ) ) ;
#2613 = EDGE_CURVE ( 'NONE', #6443, #8058, #2455, .T. ) ;
#2614 = ORIENTED_EDGE ( 'NONE', *, *, #2507, .T. ) ;
#2615 = CARTESIAN_POINT ( 'NONE',  ( -12.94999999999999929, -1.790000000000023350, 4.300000000000001599 ) ) ;
#2616 = DIRECTION ( 'NONE',  ( 1.000000000000000000, 0.000000000000000000, 0.000000000000000000 ) ) ;
#2617 = CARTESIAN_POINT ( 'NONE',  ( -6.319999999999999396, 2.109999999999976339, 6.100000000000002309 ) ) ;
#2618 = DIRECTION ( 'NONE',  ( 0.000000000000000000, 1.000000000000000000, 0.000000000000000000 ) ) ;
#2619 = VECTOR ( 'NONE', #4602, 1000.000000000000000 ) ;
#2620 = VERTEX_POINT ( 'NONE', #10836 ) ;
#2621 = CARTESIAN_POINT ( 'NONE',  ( -10.24999999999999822, 3.679999999999976623, 2.296000000000002039 ) ) ;
#2622 = CARTESIAN_POINT ( 'NONE',  ( 3.319999999999999840, 4.359999999999976339, 2.296000000000002039 ) ) ;
#2623 = VERTEX_POINT ( 'NONE', #3352 ) ;
#2624 = ORIENTED_EDGE ( 'NONE', *, *, #4019, .T. ) ;
#2625 = EDGE_CURVE ( 'NONE', #9253, #7661, #7606, .T. ) ;
#2626 = CARTESIAN_POINT ( 'NONE',  ( -6.319999999999999396, 3.304999999999976179, 0.2700000000000020162 ) ) ;
#2627 = ORIENTED_EDGE ( 'NONE', *, *, #7991, .F. ) ;
#2628 = CARTESIAN_POINT ( 'NONE',  ( -6.319999999999999396, 3.699999999999976641, -0.3299999999999978506 ) ) ;
#2629 = ORIENTED_EDGE ( 'NONE', *, *, #4267, .T. ) ;
#2630 = EDGE_CURVE ( 'NONE', #8942, #4076, #826, .T. ) ;
#2631 = CARTESIAN_POINT ( 'NONE',  ( -8.679999999999999716, 4.359999999999976339, 0.3500000000000021982 ) ) ;
#2632 = ORIENTED_EDGE ( 'NONE', *, *, #1861, .F. ) ;
#2633 = FACE_OUTER_BOUND ( 'NONE', #7296, .T. ) ;
#2634 = LINE ( 'NONE', #958, #8831 ) ;
#2635 = DIRECTION ( 'NONE',  ( 1.000000000000000000, 0.000000000000000000, 0.000000000000000000 ) ) ;
#2636 = LINE ( 'NONE', #1692, #9216 ) ;
#2637 = ORIENTED_EDGE ( 'NONE', *, *, #2405, .T. ) ;
#2638 = EDGE_LOOP ( 'NONE', ( #115, #6285, #301, #4171 ) ) ;
#2639 = EDGE_LOOP ( 'NONE', ( #4643, #2402, #6589, #2467, #1713 ) ) ;
#2640 = AXIS2_PLACEMENT_3D ( 'NONE', #2275, #10833, #3120 ) ;
#2641 = ORIENTED_EDGE ( 'NONE', *, *, #842, .F. ) ;
#2642 = DIRECTION ( 'NONE',  ( 0.000000000000000000, 0.000000000000000000, -1.000000000000000000 ) ) ;
#2643 = VERTEX_POINT ( 'NONE', #1670 ) ;
#2644 = EDGE_CURVE ( 'NONE', #9293, #3181, #10227, .T. ) ;
#2645 = LINE ( 'NONE', #6020, #921 ) ;
#2646 = LINE ( 'NONE', #9474, #5285 ) ;
#2647 = VECTOR ( 'NONE', #2738, 1000.000000000000000 ) ;
#2648 = DIRECTION ( 'NONE',  ( 0.000000000000000000, -1.000000000000000000, 0.000000000000000000 ) ) ;
#2649 = CARTESIAN_POINT ( 'NONE',  ( -2.680000000000000160, -2.820000000000023821, 0.3200000000000021161 ) ) ;
#2650 = FACE_OUTER_BOUND ( 'NONE', #9211, .T. ) ;
#2651 = VECTOR ( 'NONE', #3673, 1000.000000000000000 ) ;
#2652 = FACE_OUTER_BOUND ( 'NONE', #9011, .T. ) ;
#2653 = VERTEX_POINT ( 'NONE', #3407 ) ;
#2654 = VERTEX_POINT ( 'NONE', #1497 ) ;
#2655 = PLANE ( 'NONE',  #9316 ) ;
#2656 = CARTESIAN_POINT ( 'NONE',  ( -14.14765880547099997, -2.267901452916023519, 3.300000000000002043 ) ) ;
#2657 = DIRECTION ( 'NONE',  ( 0.000000000000000000, 0.000000000000000000, -1.000000000000000000 ) ) ;
#2658 = CARTESIAN_POINT ( 'NONE',  ( -15.32000000000000028, 4.359999999999976339, 0.3500000000000021982 ) ) ;
#2659 = EDGE_CURVE ( 'NONE', #10751, #10279, #6820, .T. ) ;
#2660 = LINE ( 'NONE', #2717, #3279 ) ;
#2661 = DIRECTION ( 'NONE',  ( 0.000000000000000000, 0.000000000000000000, 1.000000000000000000 ) ) ;
#2662 = SURFACE_SIDE_STYLE ('',( #7993 ) ) ;
#2663 = ORIENTED_EDGE ( 'NONE', *, *, #9124, .T. ) ;
#2664 = CARTESIAN_POINT ( 'NONE',  ( -2.680000000000000160, 4.359999999999976339, 0.3500000000000021982 ) ) ;
#2665 = LINE ( 'NONE', #938, #10815 ) ;
#2666 = DIRECTION ( 'NONE',  ( 0.000000000000000000, 0.000000000000000000, -1.000000000000000000 ) ) ;
#2667 = EDGE_CURVE ( 'NONE', #4204, #8416, #5986, .T. ) ;
#2668 = LINE ( 'NONE', #6096, #3793 ) ;
#2669 = ADVANCED_FACE ( 'NONE', ( #7435 ), #2337, .F. ) ;
#2670 = EDGE_LOOP ( 'NONE', ( #9598, #3872, #9081, #1559 ) ) ;
#2671 = VECTOR ( 'NONE', #4941, 1000.000000000000000 ) ;
#2672 = DIRECTION ( 'NONE',  ( 0.000000000000000000, 1.000000000000000000, 0.000000000000000000 ) ) ;
#2673 = CARTESIAN_POINT ( 'NONE',  ( -6.169999999999999929, -3.220000000000023288, -0.1699999999999982636 ) ) ;
#2674 = EDGE_LOOP ( 'NONE', ( #2905, #3426, #9357, #8998 ) ) ;
#2675 = ORIENTED_EDGE ( 'NONE', *, *, #1125, .F. ) ;
#2676 = CARTESIAN_POINT ( 'NONE',  ( 3.319999999999999840, 2.472499999999976605, 0.4500000000000020650 ) ) ;
#2677 = VERTEX_POINT ( 'NONE', #4079 ) ;
#2678 = CARTESIAN_POINT ( 'NONE',  ( -1.649999999999999467, -3.097496087967024359, 3.491994854836502071 ) ) ;
#2679 = AXIS2_PLACEMENT_3D ( 'NONE', #7877, #2005, #45 ) ;
#2680 = ADVANCED_FACE ( 'NONE', ( #7489 ), #3235, .F. ) ;
#2681 = CARTESIAN_POINT ( 'NONE',  ( -11.83000000000000007, -3.220000000000023288, 0.1700000000000021771 ) ) ;
#2682 = ORIENTED_EDGE ( 'NONE', *, *, #10821, .T. ) ;
#2683 = CARTESIAN_POINT ( 'NONE',  ( -6.169999999999999929, -3.220000000000023288, -0.1699999999999982636 ) ) ;
#2684 = VECTOR ( 'NONE', #10909, 1000.000000000000000 ) ;
#2685 = FACE_OUTER_BOUND ( 'NONE', #10473, .T. ) ;
#2686 = LINE ( 'NONE', #5446, #5314 ) ;
#2687 = EDGE_CURVE ( 'NONE', #136, #10512, #5812, .T. ) ;
#2688 = CARTESIAN_POINT ( 'NONE',  ( -4.750000000000000000, 3.679999999999976623, 8.900000000000002132 ) ) ;
#2689 = ADVANCED_FACE ( 'NONE', ( #1892 ), #4302, .T. ) ;
#2690 = ORIENTED_EDGE ( 'NONE', *, *, #1091, .F. ) ;
#2691 = ORIENTED_EDGE ( 'NONE', *, *, #7209, .F. ) ;
#2692 = ORIENTED_EDGE ( 'NONE', *, *, #9923, .F. ) ;
#2693 = ADVANCED_FACE ( 'NONE', ( #3572 ), #265, .T. ) ;
#2694 = ORIENTED_EDGE ( 'NONE', *, *, #7327, .F. ) ;
#2695 = CARTESIAN_POINT ( 'NONE',  ( -10.24999999999999822, 3.679999999999976623, 8.900000000000002132 ) ) ;
#2696 = ORIENTED_EDGE ( 'NONE', *, *, #2, .T. ) ;
#2697 = CARTESIAN_POINT ( 'NONE',  ( -11.67999999999999972, -2.820000000000023821, -0.3199999999999982303 ) ) ;
#2698 = VECTOR ( 'NONE', #4349, 1000.000000000000000 ) ;
#2699 = DIRECTION ( 'NONE',  ( 0.000000000000000000, 1.000000000000000000, 0.000000000000000000 ) ) ;
#2700 = PLANE ( 'NONE',  #6275 ) ;
#2701 = VECTOR ( 'NONE', #10423, 1000.000000000000000 ) ;
#2702 = CARTESIAN_POINT ( 'NONE',  ( -3.319999999999999840, 2.109999999999976339, 6.100000000000002309 ) ) ;
#2703 = DIRECTION ( 'NONE',  ( 1.000000000000000000, 0.000000000000000000, 0.000000000000000000 ) ) ;
#2704 = CARTESIAN_POINT ( 'NONE',  ( 0.3200000000000008393, -2.820000000000023821, -0.3199999999999982303 ) ) ;
#2705 = ADVANCED_FACE ( 'NONE', ( #3690 ), #5319, .T. ) ;
#2706 = ADVANCED_BREP_SHAPE_REPRESENTATION ( '436500600', ( #7157, #10765, #6239 ), #7667 ) ;
#2707 = VECTOR ( 'NONE', #8491, 1000.000000000000000 ) ;
#2708 = DIRECTION ( 'NONE',  ( -1.000000000000000000, 0.000000000000000000, 0.000000000000000000 ) ) ;
#2709 = VECTOR ( 'NONE', #2270, 1000.000000000000000 ) ;
#2710 = ORIENTED_EDGE ( 'NONE', *, *, #2599, .F. ) ;
#2711 = EDGE_LOOP ( 'NONE', ( #3200, #2276, #1696, #3209 ) ) ;
#2712 = LINE ( 'NONE', #9654, #9490 ) ;
#2713 = CARTESIAN_POINT ( 'NONE',  ( -4.250000000000000000, 1.179999999999976401, 8.900000000000002132 ) ) ;
#2714 = CARTESIAN_POINT ( 'NONE',  ( -0.6499999999999995781, 0.4999999999999763522, 8.050000000000000711 ) ) ;
#2715 = CARTESIAN_POINT ( 'NONE',  ( -9.549999999999998934, 1.179999999999976401, 8.900000000000002132 ) ) ;
#2716 = VECTOR ( 'NONE', #10069, 1000.000000000000000 ) ;
#2717 = CARTESIAN_POINT ( 'NONE',  ( -1.649999999999999467, 0.4999999999999763522, 8.050000000000000711 ) ) ;
#2718 = AXIS2_PLACEMENT_3D ( 'NONE', #10644, #8977, #6517 ) ;
#2719 = LINE ( 'NONE', #1097, #3686 ) ;
#2720 = CARTESIAN_POINT ( 'NONE',  ( -15.32000000000000028, 1.554999999999976623, -0.3199999999999982303 ) ) ;
#2721 = EDGE_CURVE ( 'NONE', #1018, #2781, #1047, .T. ) ;
#2722 = ORIENTED_EDGE ( 'NONE', *, *, #6731, .F. ) ;
#2723 = ORIENTED_EDGE ( 'NONE', *, *, #5420, .F. ) ;
#2724 = VECTOR ( 'NONE', #4778, 1000.000000000000000 ) ;
#2725 = VECTOR ( 'NONE', #776, 1000.000000000000000 ) ;
#2726 = LINE ( 'NONE', #1949, #9656 ) ;
#2727 = PLANE ( 'NONE',  #5475 ) ;
#2728 = LINE ( 'NONE', #1895, #7307 ) ;
#2729 = CARTESIAN_POINT ( 'NONE',  ( -13.98717890578799938, -2.418823822681023472, 5.300000000000002487 ) ) ;
#2730 = ORIENTED_EDGE ( 'NONE', *, *, #1795, .T. ) ;
#2731 = LINE ( 'NONE', #105, #94 ) ;
#2732 = EDGE_CURVE ( 'NONE', #7024, #1657, #2149, .T. ) ;
#2733 = AXIS2_PLACEMENT_3D ( 'NONE', #3626, #6305, #143 ) ;
#2734 = CARTESIAN_POINT ( 'NONE',  ( 0.3200000000000008393, 0.7499999999999763522, 0.3200000000000021161 ) ) ;
#2735 = ORIENTED_EDGE ( 'NONE', *, *, #3795, .T. ) ;
#2736 = ADVANCED_FACE ( 'NONE', ( #1838 ), #993, .F. ) ;
#2737 = ORIENTED_EDGE ( 'NONE', *, *, #4793, .F. ) ;
#2738 = DIRECTION ( 'NONE',  ( 8.881784197000999888E-14, 0.000000000000000000, -1.000000000000000000 ) ) ;
#2739 = ORIENTED_EDGE ( 'NONE', *, *, #1594, .F. ) ;
#2740 = LINE ( 'NONE', #9569, #8330 ) ;
#2741 = VECTOR ( 'NONE', #6060, 1000.000000000000000 ) ;
#2742 = LINE ( 'NONE', #9570, #6759 ) ;
#2743 = ADVANCED_FACE ( 'NONE', ( #3635 ), #10335, .T. ) ;
#2744 = VERTEX_POINT ( 'NONE', #8604 ) ;
#2745 = DIRECTION ( 'NONE',  ( -0.3312945782245003690, 0.8834522085988016915, -0.3312945782245003690 ) ) ;
#2746 = CARTESIAN_POINT ( 'NONE',  ( 1.250000000000001110, 3.679999999999976623, 2.296000000000002039 ) ) ;
#2747 = CARTESIAN_POINT ( 'NONE',  ( -11.83000000000000007, 2.599999999999976552, 6.500000000000002665 ) ) ;
#2748 = PLANE ( 'NONE',  #262 ) ;
#2749 = ORIENTED_EDGE ( 'NONE', *, *, #9266, .F. ) ;
#2750 = EDGE_CURVE ( 'NONE', #5718, #9959, #5552, .T. ) ;
#2751 = ORIENTED_EDGE ( 'NONE', *, *, #6387, .F. ) ;
#2752 = ORIENTED_EDGE ( 'NONE', *, *, #6034, .T. ) ;
#2753 = ORIENTED_EDGE ( 'NONE', *, *, #9739, .F. ) ;
#2754 = LINE ( 'NONE', #6230, #3861 ) ;
#2755 = ORIENTED_EDGE ( 'NONE', *, *, #10610, .T. ) ;
#2756 = CARTESIAN_POINT ( 'NONE',  ( -5.830000000000000071, -3.220000000000023288, -0.1699999999999982636 ) ) ;
#2757 = EDGE_CURVE ( 'NONE', #10231, #3700, #7515, .T. ) ;
#2758 = EDGE_CURVE ( 'NONE', #956, #1823, #2726, .T. ) ;
#2759 = LINE ( 'NONE', #2591, #6459 ) ;
#2760 = DIRECTION ( 'NONE',  ( 0.000000000000000000, 0.000000000000000000, -1.000000000000000000 ) ) ;
#2761 = FACE_OUTER_BOUND ( 'NONE', #11029, .T. ) ;
#2762 = CARTESIAN_POINT ( 'NONE',  ( -1.070204102886999298, -2.341876692568689577E-14, 5.300000000000002487 ) ) ;
#2763 = CARTESIAN_POINT ( 'NONE',  ( -6.319999999999999396, -2.820000000000023821, -0.3199999999999982303 ) ) ;
#2764 = VECTOR ( 'NONE', #7045, 1000.000000000000000 ) ;
#2765 = EDGE_CURVE ( 'NONE', #3198, #1071, #2783, .T. ) ;
#2766 = DIRECTION ( 'NONE',  ( 0.000000000000000000, 1.000000000000000000, 0.000000000000000000 ) ) ;
#2767 = EDGE_CURVE ( 'NONE', #8486, #4329, #4529, .T. ) ;
#2768 = CARTESIAN_POINT ( 'NONE',  ( 0.1700000000000000122, -3.220000000000023288, 0.1700000000000021771 ) ) ;
#2769 = VERTEX_POINT ( 'NONE', #6259 ) ;
#2770 = ORIENTED_EDGE ( 'NONE', *, *, #7323, .F. ) ;
#2771 = VECTOR ( 'NONE', #4423, 1000.000000000000000 ) ;
#2772 = EDGE_CURVE ( 'NONE', #7671, #10860, #7821, .T. ) ;
#2773 = DIRECTION ( 'NONE',  ( 0.000000000000000000, -0.3511234415884135762, -0.9363291775690363306 ) ) ;
#2774 = LINE ( 'NONE', #1035, #3314 ) ;
#2775 = DIRECTION ( 'NONE',  ( 0.000000000000000000, 1.000000000000000000, 0.000000000000000000 ) ) ;
#2776 = DIRECTION ( 'NONE',  ( -1.000000000000000000, 0.000000000000000000, 0.000000000000000000 ) ) ;
#2777 = VECTOR ( 'NONE', #7864, 1000.000000000000000 ) ;
#2778 = CARTESIAN_POINT ( 'NONE',  ( -11.67999999999999972, 1.159999999999976383, -0.9999999999999983347 ) ) ;
#2779 = LINE ( 'NONE', #8829, #278 ) ;
#2780 = VECTOR ( 'NONE', #9078, 1000.000000000000000 ) ;
#2781 = VERTEX_POINT ( 'NONE', #2664 ) ;
#2782 = ORIENTED_EDGE ( 'NONE', *, *, #9639, .F. ) ;
#2783 = LINE ( 'NONE', #4417, #7873 ) ;
#2784 = DIRECTION ( 'NONE',  ( 0.000000000000000000, 1.000000000000000000, 0.000000000000000000 ) ) ;
#2785 = CARTESIAN_POINT ( 'NONE',  ( -0.6499999999999995781, 0.4999999999999763522, 0.8500000000000021982 ) ) ;
#2786 = ADVANCED_FACE ( 'NONE', ( #5370 ), #6092, .T. ) ;
#2787 = DIRECTION ( 'NONE',  ( 0.000000000000000000, 0.000000000000000000, -1.000000000000000000 ) ) ;
#2788 = CIRCLE ( 'NONE', #8149, 0.9015943182001004974 ) ;
#2789 = ORIENTED_EDGE ( 'NONE', *, *, #10571, .T. ) ;
#2790 = LINE ( 'NONE', #1110, #9021 ) ;
#2791 = VECTOR ( 'NONE', #2071, 1000.000000000000000 ) ;
#2792 = CARTESIAN_POINT ( 'NONE',  ( -14.67999999999999794, 2.109999999999976339, 0.3500000000000021982 ) ) ;
#2793 = ORIENTED_EDGE ( 'NONE', *, *, #1595, .T. ) ;
#2794 = VERTEX_POINT ( 'NONE', #1779 ) ;
#2795 = CARTESIAN_POINT ( 'NONE',  ( -18.32000000000000028, 1.679999999999976401, 7.500000000000002665 ) ) ;
#2796 = DIRECTION ( 'NONE',  ( 0.000000000000000000, -1.000000000000000000, 0.000000000000000000 ) ) ;
#2797 = VECTOR ( 'NONE', #10515, 1000.000000000000000 ) ;
#2798 = CARTESIAN_POINT ( 'NONE',  ( 3.319999999999999840, 2.316249999999976161, 1.700000000000002398 ) ) ;
#2799 = EDGE_CURVE ( 'NONE', #4204, #5392, #4359, .T. ) ;
#2800 = EDGE_CURVE ( 'NONE', #5772, #9652, #5259, .T. ) ;
#2801 = ORIENTED_EDGE ( 'NONE', *, *, #7890, .T. ) ;
#2802 = CARTESIAN_POINT ( 'NONE',  ( -8.679999999999999716, 3.484999999999976339, -0.3199999999999982303 ) ) ;
#2803 = CARTESIAN_POINT ( 'NONE',  ( -5.679999999999999716, 1.159999999999976383, -0.9999999999999983347 ) ) ;
#2804 = CARTESIAN_POINT ( 'NONE',  ( 0.3200000000000008393, 3.304999999999976179, -0.3299999999999978506 ) ) ;
#2805 = DIRECTION ( 'NONE',  ( 0.000000000000000000, 0.000000000000000000, -1.000000000000000000 ) ) ;
#2806 = ORIENTED_EDGE ( 'NONE', *, *, #4746, .T. ) ;
#2807 = ORIENTED_EDGE ( 'NONE', *, *, #8631, .F. ) ;
#2808 = ORIENTED_EDGE ( 'NONE', *, *, #3177, .T. ) ;
#2809 = ORIENTED_EDGE ( 'NONE', *, *, #6737, .F. ) ;
#2810 = DIRECTION ( 'NONE',  ( -0.3312945782245003690, -0.8834522085988016915, 0.3312945782245003690 ) ) ;
#2811 = ORIENTED_EDGE ( 'NONE', *, *, #1970, .F. ) ;
#2812 = DIRECTION ( 'NONE',  ( -0.8869140841669709285, 0.4619344188369849391, 0.000000000000000000 ) ) ;
#2813 = ADVANCED_FACE ( 'NONE', ( #7257 ), #4584, .F. ) ;
#2814 = CARTESIAN_POINT ( 'NONE',  ( -8.679999999999999716, 3.304999999999976179, -0.3199999999999982303 ) ) ;
#2815 = LINE ( 'NONE', #9643, #7705 ) ;
#2816 = EDGE_CURVE ( 'NONE', #9127, #3369, #7997, .T. ) ;
#2817 = FACE_OUTER_BOUND ( 'NONE', #8724, .T. ) ;
#2818 = CARTESIAN_POINT ( 'NONE',  ( -14.67999999999999794, 2.109999999999976339, 0.3200000000000021161 ) ) ;
#2819 = CARTESIAN_POINT ( 'NONE',  ( -6.319999999999999396, 3.304999999999976179, -0.3199999999999982303 ) ) ;
#2820 = ADVANCED_FACE ( 'NONE', ( #2893 ), #8933, .T. ) ;
#2821 = ORIENTED_EDGE ( 'NONE', *, *, #6520, .F. ) ;
#2822 = FACE_OUTER_BOUND ( 'NONE', #6751, .T. ) ;
#2823 = ADVANCED_FACE ( 'NONE', ( #1265 ), #6526, .T. ) ;
#2824 = FACE_OUTER_BOUND ( 'NONE', #6513, .T. ) ;
#2825 = ORIENTED_EDGE ( 'NONE', *, *, #10158, .F. ) ;
#2826 = ORIENTED_EDGE ( 'NONE', *, *, #5630, .F. ) ;
#2827 = VECTOR ( 'NONE', #4644, 1000.000000000000000 ) ;
#2828 = LINE ( 'NONE', #8761, #2161 ) ;
#2829 = PLANE ( 'NONE',  #4214 ) ;
#2830 = AXIS2_PLACEMENT_3D ( 'NONE', #9091, #1372, #5527 ) ;
#2831 = CARTESIAN_POINT ( 'NONE',  ( -8.679999999999999716, 2.749999999999976463, 6.100000000000002309 ) ) ;
#2832 = ADVANCED_FACE ( 'NONE', ( #2268 ), #4799, .T. ) ;
#2833 = DIRECTION ( 'NONE',  ( 1.000000000000000000, 0.000000000000000000, 0.000000000000000000 ) ) ;
#2834 = CARTESIAN_POINT ( 'NONE',  ( -3.319999999999999840, 0.7499999999999763522, -0.3199999999999982303 ) ) ;
#2835 = CARTESIAN_POINT ( 'NONE',  ( -9.320000000000000284, -2.820000000000023821, 0.3200000000000021161 ) ) ;
#2836 = EDGE_CURVE ( 'NONE', #274, #1753, #7367, .T. ) ;
#2837 = CARTESIAN_POINT ( 'NONE',  ( -7.249999999999999112, 3.679999999999976623, 8.900000000000002132 ) ) ;
#2838 = EDGE_CURVE ( 'NONE', #1071, #6674, #369, .T. ) ;
#2839 = ADVANCED_FACE ( 'NONE', ( #10650 ), #3742, .T. ) ;
#2840 = VECTOR ( 'NONE', #9371, 1000.000000000000000 ) ;
#2841 = VERTEX_POINT ( 'NONE', #8101 ) ;
#2842 = VERTEX_POINT ( 'NONE', #9931 ) ;
#2843 = DIRECTION ( 'NONE',  ( 0.000000000000000000, 0.000000000000000000, 1.000000000000000000 ) ) ;
#2844 = PRODUCT_DEFINITION_CONTEXT ( 'detailed design', #7374, 'design' ) ;
#2845 = LINE ( 'NONE', #7154, #6720 ) ;
#2846 = CARTESIAN_POINT ( 'NONE',  ( -6.319999999999999396, 3.304999999999976179, -0.3199999999999982303 ) ) ;
#2847 = CARTESIAN_POINT ( 'NONE',  ( -18.32000000000000028, -0.04000000000002352368, 0.8500000000000021982 ) ) ;
#2848 = AXIS2_PLACEMENT_3D ( 'NONE', #8304, #1523, #6560 ) ;
#2849 = ORIENTED_EDGE ( 'NONE', *, *, #7890, .F. ) ;
#2850 = CARTESIAN_POINT ( 'NONE',  ( -8.799999999999998934, 4.364999999999976232, 5.900000000000002132 ) ) ;
#2851 = LINE ( 'NONE', #1222, #9013 ) ;
#2852 = ORIENTED_EDGE ( 'NONE', *, *, #2081, .T. ) ;
#2853 = EDGE_CURVE ( 'NONE', #1788, #6415, #10707, .T. ) ;
#2854 = ORIENTED_EDGE ( 'NONE', *, *, #8653, .T. ) ;
#2855 = DIRECTION ( 'NONE',  ( 1.000000000000000000, 0.000000000000000000, 0.000000000000000000 ) ) ;
#2856 = DIRECTION ( 'NONE',  ( 0.000000000000000000, 0.000000000000000000, 1.000000000000000000 ) ) ;
#2857 = VECTOR ( 'NONE', #1599, 1000.000000000000000 ) ;
#2858 = CARTESIAN_POINT ( 'NONE',  ( -8.679999999999999716, 2.109999999999976339, 2.296000000000002039 ) ) ;
#2859 = VERTEX_POINT ( 'NONE', #2996 ) ;
#2860 = LINE ( 'NONE', #9682, #3270 ) ;
#2861 = LINE ( 'NONE', #1013, #4570 ) ;
#2862 = DIRECTION ( 'NONE',  ( 1.000000000000000000, 0.000000000000000000, 0.000000000000000000 ) ) ;
#2863 = DIRECTION ( 'NONE',  ( 1.000000000000000000, 0.000000000000000000, 0.000000000000000000 ) ) ;
#2864 = ORIENTED_EDGE ( 'NONE', *, *, #9709, .F. ) ;
#2865 = EDGE_CURVE ( 'NONE', #6432, #1016, #9814, .T. ) ;
#2866 = EDGE_LOOP ( 'NONE', ( #1846, #5697, #4455, #7648 ) ) ;
#2867 = VECTOR ( 'NONE', #4632, 1000.000000000000000 ) ;
#2868 = ORIENTED_EDGE ( 'NONE', *, *, #91, .T. ) ;
#2869 = ORIENTED_EDGE ( 'NONE', *, *, #3724, .F. ) ;
#2870 = DIRECTION ( 'NONE',  ( 1.000000000000000000, 0.000000000000000000, 0.000000000000000000 ) ) ;
#2871 = ORIENTED_EDGE ( 'NONE', *, *, #5748, .T. ) ;
#2872 = CARTESIAN_POINT ( 'NONE',  ( -13.35000000000000497, -3.339008417825791941, 4.127650293618186694 ) ) ;
#2873 = DIRECTION ( 'NONE',  ( 0.000000000000000000, 0.000000000000000000, -1.000000000000000000 ) ) ;
#2874 = FACE_OUTER_BOUND ( 'NONE', #10139, .T. ) ;
#2875 = DIRECTION ( 'NONE',  ( 0.000000000000000000, 1.000000000000000000, 0.000000000000000000 ) ) ;
#2877 = EDGE_LOOP ( 'NONE', ( #218, #6190, #7909, #1976 ) ) ;
#2876 = AXIS2_PLACEMENT_3D ( 'NONE', #2191, #454, #6504 ) ;
#2878 = CARTESIAN_POINT ( 'NONE',  ( -0.3199999999999999512, 2.109999999999976339, 6.100000000000002309 ) ) ;
#2879 = EDGE_CURVE ( 'NONE', #71, #9864, #5693, .T. ) ;
#2880 = FACE_OUTER_BOUND ( 'NONE', #8192, .T. ) ;
#2881 = ORIENTED_EDGE ( 'NONE', *, *, #1432, .T. ) ;
#2882 = EDGE_LOOP ( 'NONE', ( #9331, #7741, #6401, #6177 ) ) ;
#2883 = LINE ( 'NONE', #9031, #2351 ) ;
#2884 = FACE_OUTER_BOUND ( 'NONE', #3809, .T. ) ;
#2885 = CARTESIAN_POINT ( 'NONE',  ( -0.3199999999999999512, 0.7499999999999763522, 0.3200000000000021161 ) ) ;
#2886 = CARTESIAN_POINT ( 'NONE',  ( -3.319999999999999840, 2.749999999999976463, 6.100000000000002309 ) ) ;
#2887 = EDGE_CURVE ( 'NONE', #8715, #4648, #3897, .T. ) ;
#2888 = CARTESIAN_POINT ( 'NONE',  ( -2.680000000000000160, 4.359999999999976339, 0.3500000000000021982 ) ) ;
#2889 = VECTOR ( 'NONE', #10665, 1000.000000000000000 ) ;
#2890 = PLANE ( 'NONE',  #5341 ) ;
#2891 = EDGE_LOOP ( 'NONE', ( #7158, #4763, #1902 ) ) ;
#2892 = ORIENTED_EDGE ( 'NONE', *, *, #1324, .T. ) ;
#2893 = FACE_OUTER_BOUND ( 'NONE', #8624, .T. ) ;
#2894 = CARTESIAN_POINT ( 'NONE',  ( -8.679999999999999716, -2.820000000000023821, 0.3200000000000021161 ) ) ;
#2895 = LINE ( 'NONE', #371, #3967 ) ;
#2896 = EDGE_CURVE ( 'NONE', #4456, #6415, #5583, .T. ) ;
#2897 = VECTOR ( 'NONE', #593, 1000.000000000000114 ) ;
#2898 = CARTESIAN_POINT ( 'NONE',  ( -18.32000000000000028, 1.679999999999976401, 7.500000000000002665 ) ) ;
#2899 = EDGE_CURVE ( 'NONE', #7006, #4920, #7204, .T. ) ;
#2900 = ORIENTED_EDGE ( 'NONE', *, *, #155, .F. ) ;
#2901 = CARTESIAN_POINT ( 'NONE',  ( -14.67999999999999794, 1.554999999999976623, -0.3199999999999982303 ) ) ;
#2902 = EDGE_CURVE ( 'NONE', #5817, #9303, #1318, .T. ) ;
#2903 = AXIS2_PLACEMENT_3D ( 'NONE', #7807, #4512, #867 ) ;
#2904 = DIRECTION ( 'NONE',  ( 1.973729821556000071E-14, 1.000000000000000000, 0.000000000000000000 ) ) ;
#2905 = ORIENTED_EDGE ( 'NONE', *, *, #5344, .T. ) ;
#2906 = VECTOR ( 'NONE', #4905, 1000.000000000000000 ) ;
#2907 = VECTOR ( 'NONE', #3147, 1000.000000000000000 ) ;
#2908 = ORIENTED_EDGE ( 'NONE', *, *, #10889, .T. ) ;
#2909 = EDGE_CURVE ( 'NONE', #121, #8349, #478, .T. ) ;
#2910 = PLANE ( 'NONE',  #9616 ) ;
#2911 = DIRECTION ( 'NONE',  ( 1.000000000000000000, 0.000000000000000000, 0.000000000000000000 ) ) ;
#2912 = CARTESIAN_POINT ( 'NONE',  ( -4.250000000000000000, 3.679999999999976623, 2.296000000000002039 ) ) ;
#2913 = VECTOR ( 'NONE', #5685, 1000.000000000000000 ) ;
#2914 = EDGE_LOOP ( 'NONE', ( #9040, #8884, #7138, #9014 ) ) ;
#2915 = FACE_OUTER_BOUND ( 'NONE', #6884, .T. ) ;
#2916 = DIRECTION ( 'NONE',  ( 1.000000000000000000, 0.000000000000000000, 0.000000000000000000 ) ) ;
#2917 = CARTESIAN_POINT ( 'NONE',  ( 3.319999999999999840, 1.554999999999976623, 0.2700000000000020162 ) ) ;
#2918 = DIRECTION ( 'NONE',  ( -1.000000000000000000, 0.000000000000000000, 0.000000000000000000 ) ) ;
#2919 = EDGE_LOOP ( 'NONE', ( #2144, #9436, #453, #6927 ) ) ;
#2920 = ORIENTED_EDGE ( 'NONE', *, *, #1537, .T. ) ;
#2921 = VERTEX_POINT ( 'NONE', #6471 ) ;
#2922 = VECTOR ( 'NONE', #846, 1000.000000000000000 ) ;
#2923 = ORIENTED_EDGE ( 'NONE', *, *, #940, .F. ) ;
#2924 = CARTESIAN_POINT ( 'NONE',  ( -11.67999999999999972, 0.7499999999999763522, 0.3200000000000021161 ) ) ;
#2925 = VERTEX_POINT ( 'NONE', #9877 ) ;
#2926 = CARTESIAN_POINT ( 'NONE',  ( -13.35000000000000142, -3.303577995096774522, 3.828970099848407305 ) ) ;
#2927 = ADVANCED_FACE ( 'NONE', ( #5639 ), #590, .F. ) ;
#2928 = FACE_OUTER_BOUND ( 'NONE', #7373, .T. ) ;
#2929 = DIRECTION ( 'NONE',  ( 0.000000000000000000, 0.000000000000000000, 1.000000000000000000 ) ) ;
#2930 = CARTESIAN_POINT ( 'NONE',  ( -8.679999999999999716, 2.109999999999976339, 0.3200000000000021161 ) ) ;
#2931 = DIRECTION ( 'NONE',  ( 0.000000000000000000, 0.000000000000000000, 1.000000000000000000 ) ) ;
#2932 = CARTESIAN_POINT ( 'NONE',  ( -18.32000000000000028, -2.341876692568689577E-14, 8.900000000000002132 ) ) ;
#2933 = VERTEX_POINT ( 'NONE', #3284 ) ;
#2934 = ORIENTED_EDGE ( 'NONE', *, *, #10525, .T. ) ;
#2935 = LINE ( 'NONE', #4729, #9142 ) ;
#2936 = CARTESIAN_POINT ( 'NONE',  ( 3.319999999999999840, 1.679999999999976401, 7.500000000000002665 ) ) ;
#2937 = AXIS2_PLACEMENT_3D ( 'NONE', #1185, #2805, #9631 ) ;
#2938 = CARTESIAN_POINT ( 'NONE',  ( -8.679999999999999716, 4.359999999999976339, -0.9999999999999983347 ) ) ;
#2939 = DIRECTION ( 'NONE',  ( 1.000000000000000000, 0.000000000000000000, 0.000000000000000000 ) ) ;
#2940 = EDGE_CURVE ( 'NONE', #10398, #7062, #4185, .T. ) ;
#2941 = ADVANCED_FACE ( 'NONE', ( #2387 ), #9154, .T. ) ;
#2942 = CARTESIAN_POINT ( 'NONE',  ( -17.35999999999999943, 1.554999999999976623, -0.3299999999999978506 ) ) ;
#2943 = VECTOR ( 'NONE', #3132, 1000.000000000000000 ) ;
#2944 = EDGE_LOOP ( 'NONE', ( #2983, #4364, #11023, #9179, #3688 ) ) ;
#2945 = EDGE_LOOP ( 'NONE', ( #10302, #3049, #5450, #9061 ) ) ;
#2946 = DIRECTION ( 'NONE',  ( 1.000000000000000000, 0.000000000000000000, 0.000000000000000000 ) ) ;
#2947 = VECTOR ( 'NONE', #8823, 1000.000000000000000 ) ;
#2948 = PLANE ( 'NONE',  #5032 ) ;
#2949 = FACE_OUTER_BOUND ( 'NONE', #3253, .T. ) ;
#2950 = CARTESIAN_POINT ( 'NONE',  ( -13.92979589711299937, -1.790000000000023350, 5.300000000000002487 ) ) ;
#2951 = VECTOR ( 'NONE', #4244, 1000.000000000000000 ) ;
#2952 = ORIENTED_EDGE ( 'NONE', *, *, #7597, .F. ) ;
#2953 = LINE ( 'NONE', #484, #6531 ) ;
#2954 = LINE ( 'NONE', #6374, #8011 ) ;
#2955 = EDGE_CURVE ( 'NONE', #6817, #6064, #5802, .T. ) ;
#2956 = ORIENTED_EDGE ( 'NONE', *, *, #6268, .F. ) ;
#2957 = ORIENTED_EDGE ( 'NONE', *, *, #3512, .T. ) ;
#2958 = VECTOR ( 'NONE', #10050, 1000.000000000000000 ) ;
#2959 = CARTESIAN_POINT ( 'NONE',  ( -2.680000000000000160, 3.484999999999976339, -0.3199999999999982303 ) ) ;
#2960 = CARTESIAN_POINT ( 'NONE',  ( -3.319999999999999840, 1.554999999999976623, -0.3299999999999978506 ) ) ;
#2961 = VECTOR ( 'NONE', #10056, 1000.000000000000000 ) ;
#2962 = CARTESIAN_POINT ( 'NONE',  ( -13.26579872257700288, -3.253451369400023552, 5.016314754284002753 ) ) ;
#2963 = VECTOR ( 'NONE', #2810, 1000.000000000000114 ) ;
#2964 = EDGE_LOOP ( 'NONE', ( #3487, #6097, #10834, #9899 ) ) ;
#2965 = DIRECTION ( 'NONE',  ( 0.000000000000000000, 1.000000000000000000, 0.000000000000000000 ) ) ;
#2966 = CARTESIAN_POINT ( 'NONE',  ( -7.750000000000000000, 1.179999999999976401, 2.296000000000002039 ) ) ;
#2967 = DIRECTION ( 'NONE',  ( 1.000000000000000000, 0.000000000000000000, 0.000000000000000000 ) ) ;
#2968 = DIRECTION ( 'NONE',  ( 0.000000000000000000, 0.000000000000000000, -1.000000000000000000 ) ) ;
#2969 = ORIENTED_EDGE ( 'NONE', *, *, #5563, .F. ) ;
#2970 = EDGE_CURVE ( 'NONE', #790, #2925, #10826, .T. ) ;
#2971 = ORIENTED_EDGE ( 'NONE', *, *, #2644, .T. ) ;
#2972 = EDGE_CURVE ( 'NONE', #7288, #660, #1546, .T. ) ;
#2973 = AXIS2_PLACEMENT_3D ( 'NONE', #4932, #9784, #1340 ) ;
#2974 = ORIENTED_EDGE ( 'NONE', *, *, #7149, .T. ) ;
#2975 = EDGE_CURVE ( 'NONE', #6817, #10132, #813, .T. ) ;
#2976 = ORIENTED_EDGE ( 'NONE', *, *, #10569, .T. ) ;
#2977 = DIRECTION ( 'NONE',  ( 1.000000000000000000, 0.000000000000000000, 0.000000000000000000 ) ) ;
#2978 = EDGE_LOOP ( 'NONE', ( #7516, #10501, #2293, #5625 ) ) ;
#2979 = DIRECTION ( 'NONE',  ( 1.000000000000000000, 0.000000000000000000, 0.000000000000000000 ) ) ;
#2980 = DIRECTION ( 'NONE',  ( 0.000000000000000000, -1.000000000000000000, 0.000000000000000000 ) ) ;
#2981 = PLANE ( 'NONE',  #247 ) ;
#2982 = LINE ( 'NONE', #1027, #8754 ) ;
#2983 = ORIENTED_EDGE ( 'NONE', *, *, #4759, .T. ) ;
#2984 = EDGE_CURVE ( 'NONE', #7046, #71, #5858, .T. ) ;
#2985 = DIRECTION ( 'NONE',  ( 0.000000000000000000, 0.000000000000000000, -1.000000000000000000 ) ) ;
#2986 = VERTEX_POINT ( 'NONE', #4016 ) ;
#2987 = ORIENTED_EDGE ( 'NONE', *, *, #6268, .T. ) ;
#2988 = CARTESIAN_POINT ( 'NONE',  ( -0.3199999999999999512, 2.109999999999976339, 0.3500000000000021982 ) ) ;
#2989 = DIRECTION ( 'NONE',  ( 0.000000000000000000, 0.000000000000000000, -1.000000000000000000 ) ) ;
#2990 = LINE ( 'NONE', #5523, #399 ) ;
#2991 = DIRECTION ( 'NONE',  ( 0.000000000000000000, 0.000000000000000000, -1.000000000000000000 ) ) ;
#2992 = LINE ( 'NONE', #4629, #1393 ) ;
#2993 = ORIENTED_EDGE ( 'NONE', *, *, #6639, .T. ) ;
#2994 = EDGE_LOOP ( 'NONE', ( #6680, #7839, #4414, #3672 ) ) ;
#2995 = STYLED_ITEM ( 'NONE', ( #10330 ), #10765 ) ;
#2996 = CARTESIAN_POINT ( 'NONE',  ( -5.679999999999999716, 3.699999999999976641, -0.3299999999999978506 ) ) ;
#2997 = FACE_OUTER_BOUND ( 'NONE', #7122, .T. ) ;
#2998 = CARTESIAN_POINT ( 'NONE',  ( -2.680000000000000160, 4.359999999999976339, -0.9999999999999983347 ) ) ;
#2999 = EDGE_CURVE ( 'NONE', #707, #9402, #697, .T. ) ;
#3000 = DIRECTION ( 'NONE',  ( 1.000000000000000000, 0.000000000000000000, 0.000000000000000000 ) ) ;
#3001 = ORIENTED_EDGE ( 'NONE', *, *, #7280, .F. ) ;
#3002 = VECTOR ( 'NONE', #8500, 1000.000000000000000 ) ;
#3003 = DIRECTION ( 'NONE',  ( 1.000000000000000000, 0.000000000000000000, 0.000000000000000000 ) ) ;
#3004 = CARTESIAN_POINT ( 'NONE',  ( -8.679999999999999716, 2.749999999999976463, 6.100000000000002309 ) ) ;
#3005 = ORIENTED_EDGE ( 'NONE', *, *, #3046, .T. ) ;
#3006 = VECTOR ( 'NONE', #6486, 1000.000000000000000 ) ;
#3007 = ORIENTED_EDGE ( 'NONE', *, *, #2281, .T. ) ;
#3008 = EDGE_CURVE ( 'NONE', #5942, #5817, #10154, .T. ) ;
#3009 = PLANE ( 'NONE',  #147 ) ;
#3010 = DIRECTION ( 'NONE',  ( -0.7071067811865475727, 0.000000000000000000, 0.7071067811865475727 ) ) ;
#3011 = CARTESIAN_POINT ( 'NONE',  ( -9.320000000000000284, 0.7499999999999763522, 0.3200000000000021161 ) ) ;
#3012 = EDGE_CURVE ( 'NONE', #6457, #136, #10934, .T. ) ;
#3013 = VECTOR ( 'NONE', #4165, 1000.000000000000000 ) ;
#3014 = LINE ( 'NONE', #1335, #10558 ) ;
#3015 = CARTESIAN_POINT ( 'NONE',  ( -0.3199999999999999512, 3.699999999999976641, -0.9999999999999983347 ) ) ;
#3016 = VERTEX_POINT ( 'NONE', #9267 ) ;
#3017 = DIRECTION ( 'NONE',  ( 0.000000000000000000, 0.000000000000000000, 1.000000000000000000 ) ) ;
#3018 = FACE_OUTER_BOUND ( 'NONE', #7242, .T. ) ;
#3019 = DIRECTION ( 'NONE',  ( 0.000000000000000000, 0.000000000000000000, -1.000000000000000000 ) ) ;
#3020 = CARTESIAN_POINT ( 'NONE',  ( -12.31999999999999851, -2.820000000000023821, -0.3199999999999982303 ) ) ;
#3021 = ORIENTED_EDGE ( 'NONE', *, *, #11002, .F. ) ;
#3022 = ORIENTED_EDGE ( 'NONE', *, *, #2131, .F. ) ;
#3023 = ORIENTED_EDGE ( 'NONE', *, *, #9307, .F. ) ;
#3024 = EDGE_CURVE ( 'NONE', #6888, #6381, #6581, .T. ) ;
#3025 = EDGE_LOOP ( 'NONE', ( #9599, #3197, #5175, #797 ) ) ;
#3026 = CARTESIAN_POINT ( 'NONE',  ( -1.649999999999999689, -3.338809399200616035, 4.119096519569521497 ) ) ;
#3027 = ORIENTED_EDGE ( 'NONE', *, *, #6840, .F. ) ;
#3028 = CARTESIAN_POINT ( 'NONE',  ( -0.3199999999999999512, -2.820000000000023821, 0.3200000000000021161 ) ) ;
#3029 = ADVANCED_FACE ( 'NONE', ( #5745 ), #1488, .F. ) ;
#3030 = DIRECTION ( 'NONE',  ( 0.000000000000000000, 0.000000000000000000, 1.000000000000000000 ) ) ;
#3031 = FACE_OUTER_BOUND ( 'NONE', #6610, .T. ) ;
#3032 = CARTESIAN_POINT ( 'NONE',  ( -1.649999999999999467, -3.063475425431024135, 5.138088069914002354 ) ) ;
#3033 = FACE_OUTER_BOUND ( 'NONE', #3741, .T. ) ;
#3034 = EDGE_CURVE ( 'NONE', #6064, #5923, #7476, .T. ) ;
#3035 = VERTEX_POINT ( 'NONE', #6752 ) ;
#3036 = ORIENTED_EDGE ( 'NONE', *, *, #7975, .F. ) ;
#3037 = CARTESIAN_POINT ( 'NONE',  ( -1.649999999999999467, 0.4999999999999763522, 8.050000000000000711 ) ) ;
#3038 = ORIENTED_EDGE ( 'NONE', *, *, #2765, .F. ) ;
#3039 = ORIENTED_EDGE ( 'NONE', *, *, #3962, .T. ) ;
#3040 = CARTESIAN_POINT ( 'NONE',  ( -18.32000000000000028, 1.159999999999976383, -0.3299999999999978506 ) ) ;
#3041 = FACE_OUTER_BOUND ( 'NONE', #7255, .T. ) ;
#3042 = AXIS2_PLACEMENT_3D ( 'NONE', #937, #8773, #1102 ) ;
#3043 = PLANE ( 'NONE',  #4342 ) ;
#3044 = DIRECTION ( 'NONE',  ( 0.000000000000000000, 1.000000000000000000, 0.000000000000000000 ) ) ;
#3045 = PLANE ( 'NONE',  #4770 ) ;
#3046 = EDGE_CURVE ( 'NONE', #3988, #9318, #4912, .T. ) ;
#3047 = AXIS2_PLACEMENT_3D ( 'NONE', #10561, #6997, #330 ) ;
#3048 = DIRECTION ( 'NONE',  ( 1.000000000000000000, 0.000000000000000000, 0.000000000000000000 ) ) ;
#3049 = ORIENTED_EDGE ( 'NONE', *, *, #4249, .F. ) ;
#3050 = EDGE_LOOP ( 'NONE', ( #1738, #9071, #6633, #10902, #4952, #10027, #4422, #10351 ) ) ;
#3051 = DIRECTION ( 'NONE',  ( 0.000000000000000000, 0.000000000000000000, 1.000000000000000000 ) ) ;
#3052 = DIRECTION ( 'NONE',  ( 0.000000000000000000, 0.000000000000000000, 1.000000000000000000 ) ) ;
#3053 = CARTESIAN_POINT ( 'NONE',  ( -10.75000000000000000, 3.679999999999976623, 8.900000000000002132 ) ) ;
#3054 = VECTOR ( 'NONE', #10600, 1000.000000000000000 ) ;
#3055 = DIRECTION ( 'NONE',  ( 0.000000000000000000, 1.000000000000000000, 0.000000000000000000 ) ) ;
#3056 = AXIS2_PLACEMENT_3D ( 'NONE', #5682, #3780, #2097 ) ;
#3057 = EDGE_LOOP ( 'NONE', ( #1947, #3570, #5912, #8234 ) ) ;
#3058 = ADVANCED_FACE ( 'NONE', ( #3343 ), #3224, .T. ) ;
#3059 = CARTESIAN_POINT ( 'NONE',  ( -17.35999999999999943, -0.04000000000002352368, -0.9999999999999983347 ) ) ;
#3060 = CARTESIAN_POINT ( 'NONE',  ( -6.319999999999999396, 3.699999999999976641, -0.9999999999999983347 ) ) ;
#3061 = ORIENTED_EDGE ( 'NONE', *, *, #3913, .F. ) ;
#3062 = ORIENTED_EDGE ( 'NONE', *, *, #6938, .T. ) ;
#3063 = VECTOR ( 'NONE', #10540, 1000.000000000000114 ) ;
#3064 = DIRECTION ( 'NONE',  ( 1.000000000000000000, 0.000000000000000000, 0.000000000000000000 ) ) ;
#3065 = VECTOR ( 'NONE', #2007, 1000.000000000000114 ) ;
#3066 = LINE ( 'NONE', #7382, #9579 ) ;
#3067 = LINE ( 'NONE', #2697, #3006 ) ;
#3068 = CARTESIAN_POINT ( 'NONE',  ( 0.3200000000000008393, 3.304999999999976179, 0.2700000000000020162 ) ) ;
#3069 = DIRECTION ( 'NONE',  ( 0.000000000000000000, 0.000000000000000000, 1.000000000000000000 ) ) ;
#3070 = EDGE_CURVE ( 'NONE', #5318, #2359, #4069, .T. ) ;
#3071 = CIRCLE ( 'NONE', #2903, 1.400000000000000133 ) ;
#3072 = VERTEX_POINT ( 'NONE', #756 ) ;
#3073 = CARTESIAN_POINT ( 'NONE',  ( -11.67999999999999972, 3.699999999999976641, -0.9999999999999983347 ) ) ;
#3074 = PLANE ( 'NONE',  #6173 ) ;
#3075 = CARTESIAN_POINT ( 'NONE',  ( 3.319999999999999840, 1.159999999999976383, -0.9999999999999983347 ) ) ;
#3076 = ADVANCED_FACE ( 'NONE', ( #10042 ), #1714, .T. ) ;
#3077 = VECTOR ( 'NONE', #7759, 1000.000000000000000 ) ;
#3078 = VECTOR ( 'NONE', #8915, 1000.000000000000000 ) ;
#3079 = DIRECTION ( 'NONE',  ( 1.000000000000000000, 0.000000000000000000, 0.000000000000000000 ) ) ;
#3080 = ORIENTED_EDGE ( 'NONE', *, *, #1736, .F. ) ;
#3081 = ORIENTED_EDGE ( 'NONE', *, *, #8755, .F. ) ;
#3082 = ORIENTED_EDGE ( 'NONE', *, *, #2373, .T. ) ;
#3083 = ORIENTED_EDGE ( 'NONE', *, *, #10809, .F. ) ;
#3084 = CARTESIAN_POINT ( 'NONE',  ( -1.649999999999999467, -3.337992360254502078, 4.092339896070136263 ) ) ;
#3085 = VERTEX_POINT ( 'NONE', #871 ) ;
#3086 = EDGE_CURVE ( 'NONE', #8839, #2165, #5973, .T. ) ;
#3087 = AXIS2_PLACEMENT_3D ( 'NONE', #2658, #9488, #982 ) ;
#3088 = DIRECTION ( 'NONE',  ( 0.3312945782245003690, 0.3312945782245003690, -0.8834522085988016915 ) ) ;
#3089 = EDGE_LOOP ( 'NONE', ( #3558, #3740, #2641, #1337, #1187, #4539, #2571, #54, #5270, #812, #505, #10647, #9740, #7782, #7533, #4861 ) ) ;
#3090 = LINE ( 'NONE', #1353, #2724 ) ;
#3091 = FACE_OUTER_BOUND ( 'NONE', #6441, .T. ) ;
#3092 = DIRECTION ( 'NONE',  ( 0.000000000000000000, 1.000000000000000000, 0.000000000000000000 ) ) ;
#3093 = ADVANCED_FACE ( 'NONE', ( #785 ), #5048, .T. ) ;
#3094 = CARTESIAN_POINT ( 'NONE',  ( -16.96000000000000085, 0.7499999999999763522, 5.400000000000002132 ) ) ;
#3095 = VECTOR ( 'NONE', #9423, 1000.000000000000000 ) ;
#3096 = ORIENTED_EDGE ( 'NONE', *, *, #6639, .F. ) ;
#3097 = ORIENTED_EDGE ( 'NONE', *, *, #3236, .F. ) ;
#3098 = EDGE_CURVE ( 'NONE', #5257, #4212, #58, .T. ) ;
#3099 = ORIENTED_EDGE ( 'NONE', *, *, #2800, .F. ) ;
#3100 = VERTEX_POINT ( 'NONE', #2519 ) ;
#3101 = LINE ( 'NONE', #8975, #381 ) ;
#3102 = CARTESIAN_POINT ( 'NONE',  ( -5.830000000000000071, -3.220000000000023288, 0.1700000000000021771 ) ) ;
#3103 = AXIS2_PLACEMENT_3D ( 'NONE', #513, #4104, #3878 ) ;
#3104 = FACE_OUTER_BOUND ( 'NONE', #9240, .T. ) ;
#3105 = CARTESIAN_POINT ( 'NONE',  ( -18.32000000000000028, 3.304999999999976179, -0.3299999999999978506 ) ) ;
#3106 = LINE ( 'NONE', #6519, #3703 ) ;
#3107 = EDGE_CURVE ( 'NONE', #9511, #2548, #5939, .T. ) ;
#3108 = CARTESIAN_POINT ( 'NONE',  ( -8.679999999999999716, 1.159999999999976383, -0.9999999999999983347 ) ) ;
#3109 = EDGE_CURVE ( 'NONE', #7283, #946, #668, .T. ) ;
#3110 = EDGE_LOOP ( 'NONE', ( #4832, #1623, #6481, #9458, #1302, #1597, #7889, #4673, #7848, #949, #327, #104 ) ) ;
#3111 = ORIENTED_EDGE ( 'NONE', *, *, #3694, .F. ) ;
#3112 = DIRECTION ( 'NONE',  ( 0.000000000000000000, -1.000000000000000000, 0.000000000000000000 ) ) ;
#3113 = ADVANCED_FACE ( 'NONE', ( #5160 ), #725, .F. ) ;
#3114 = DIRECTION ( 'NONE',  ( 1.000000000000000000, 0.000000000000000000, 0.000000000000000000 ) ) ;
#3115 = DIRECTION ( 'NONE',  ( 0.000000000000000000, 1.000000000000000000, 0.000000000000000000 ) ) ;
#3116 = LINE ( 'NONE', #6371, #8086 ) ;
#3117 = ORIENTED_EDGE ( 'NONE', *, *, #214, .T. ) ;
#3118 = LINE ( 'NONE', #7430, #2593 ) ;
#3119 = AXIS2_PLACEMENT_3D ( 'NONE', #8455, #10956, #3414 ) ;
#3120 = DIRECTION ( 'NONE',  ( 0.000000000000000000, 1.000000000000000000, 0.000000000000000000 ) ) ;
#3121 = ORIENTED_EDGE ( 'NONE', *, *, #9370, .F. ) ;
#3122 = VERTEX_POINT ( 'NONE', #1737 ) ;
#3123 = CARTESIAN_POINT ( 'NONE',  ( -15.32000000000000028, -2.820000000000023821, -0.3199999999999982303 ) ) ;
#3124 = EDGE_CURVE ( 'NONE', #6645, #8416, #10238, .T. ) ;
#3125 = DIRECTION ( 'NONE',  ( -0.000000000000000000, 1.000000000000000000, 0.000000000000000000 ) ) ;
#3126 = CARTESIAN_POINT ( 'NONE',  ( -2.680000000000000160, 0.7499999999999763522, -0.9999999999999983347 ) ) ;
#3127 = VECTOR ( 'NONE', #9834, 1000.000000000000000 ) ;
#3128 = DIRECTION ( 'NONE',  ( 0.000000000000000000, 0.000000000000000000, -1.000000000000000000 ) ) ;
#3129 = LINE ( 'NONE', #7440, #3729 ) ;
#3130 = ORIENTED_EDGE ( 'NONE', *, *, #8710, .F. ) ;
#3131 = PLANE ( 'NONE',  #2190 ) ;
#3132 = DIRECTION ( 'NONE',  ( 0.000000000000000000, 0.000000000000000000, 1.000000000000000000 ) ) ;
#3133 = CARTESIAN_POINT ( 'NONE',  ( 1.959999999999999964, 4.359999999999976339, 0.7000000000000022871 ) ) ;
#3134 = VECTOR ( 'NONE', #9977, 1000.000000000000000 ) ;
#3135 = CARTESIAN_POINT ( 'NONE',  ( -0.6499999999999995781, -2.341876692568689577E-14, 8.050000000000000711 ) ) ;
#3136 = ORIENTED_EDGE ( 'NONE', *, *, #4820, .F. ) ;
#3137 = VECTOR ( 'NONE', #3003, 1000.000000000000000 ) ;
#3138 = ORIENTED_EDGE ( 'NONE', *, *, #6144, .F. ) ;
#3139 = VECTOR ( 'NONE', #5320, 1000.000000000000000 ) ;
#3140 = ORIENTED_EDGE ( 'NONE', *, *, #9941, .F. ) ;
#3141 = VERTEX_POINT ( 'NONE', #7505 ) ;
#3142 = CARTESIAN_POINT ( 'NONE',  ( -16.25000000000000000, 1.179999999999976401, 8.900000000000002132 ) ) ;
#3143 = ORIENTED_EDGE ( 'NONE', *, *, #9090, .T. ) ;
#3144 = EDGE_CURVE ( 'NONE', #5412, #8899, #8348, .T. ) ;
#3145 = ADVANCED_FACE ( 'NONE', ( #6834 ), #6890, .T. ) ;
#3146 = LINE ( 'NONE', #3028, #3415 ) ;
#3147 = DIRECTION ( 'NONE',  ( -1.000000000000000000, 0.000000000000000000, 0.000000000000000000 ) ) ;
#3148 = DIRECTION ( 'NONE',  ( 0.000000000000000000, 0.000000000000000000, -1.000000000000000000 ) ) ;
#3149 = DIRECTION ( 'NONE',  ( 1.000000000000000000, 0.000000000000000000, 0.000000000000000000 ) ) ;
#3150 = CARTESIAN_POINT ( 'NONE',  ( 0.1700000000000000122, 2.599999999999976552, 6.500000000000002665 ) ) ;
#3151 = ORIENTED_EDGE ( 'NONE', *, *, #2346, .F. ) ;
#3152 = ORIENTED_EDGE ( 'NONE', *, *, #6487, .T. ) ;
#3153 = ADVANCED_FACE ( 'NONE', ( #5104 ), #8511, .T. ) ;
#3154 = ORIENTED_EDGE ( 'NONE', *, *, #7163, .T. ) ;
#3155 = ORIENTED_EDGE ( 'NONE', *, *, #7662, .F. ) ;
#3156 = EDGE_CURVE ( 'NONE', #992, #9542, #6667, .T. ) ;
#3157 = PLANE ( 'NONE',  #203 ) ;
#3158 = DIRECTION ( 'NONE',  ( -0.000000000000000000, 1.000000000000000000, 0.000000000000000000 ) ) ;
#3159 = VECTOR ( 'NONE', #8368, 1000.000000000000000 ) ;
#3160 = EDGE_CURVE ( 'NONE', #2482, #7152, #2413, .T. ) ;
#3161 = CARTESIAN_POINT ( 'NONE',  ( -5.679999999999999716, 2.109999999999976339, 6.100000000000002309 ) ) ;
#3162 = DIRECTION ( 'NONE',  ( 0.000000000000000000, 0.000000000000000000, -1.000000000000000000 ) ) ;
#3163 = PLANE ( 'NONE',  #470 ) ;
#3164 = EDGE_CURVE ( 'NONE', #8942, #4715, #7675, .T. ) ;
#3165 = LINE ( 'NONE', #6362, #5699 ) ;
#3166 = CARTESIAN_POINT ( 'NONE',  ( -10.75000000000000000, 1.879999999999976357, 8.900000000000002132 ) ) ;
#3167 = EDGE_LOOP ( 'NONE', ( #6511, #5505, #9283, #976 ) ) ;
#3168 = LINE ( 'NONE', #6793, #9163 ) ;
#3169 = DIRECTION ( 'NONE',  ( 1.000000000000000000, 0.000000000000000000, 0.000000000000000000 ) ) ;
#3170 = ADVANCED_FACE ( 'NONE', ( #5829, #5774 ), #893, .F. ) ;
#3171 = DIRECTION ( 'NONE',  ( 1.000000000000000000, 0.000000000000000000, 0.000000000000000000 ) ) ;
#3172 = DIRECTION ( 'NONE',  ( 0.000000000000000000, -1.000000000000000000, 0.000000000000000000 ) ) ;
#3173 = CARTESIAN_POINT ( 'NONE',  ( -18.32000000000000028, 1.159999999999976383, -0.3299999999999978506 ) ) ;
#3174 = EDGE_CURVE ( 'NONE', #1291, #6849, #6723, .T. ) ;
#3175 = EDGE_CURVE ( 'NONE', #3816, #8525, #4313, .T. ) ;
#3176 = PLANE ( 'NONE',  #1531 ) ;
#3177 = EDGE_CURVE ( 'NONE', #10946, #3586, #2468, .T. ) ;
#3178 = CARTESIAN_POINT ( 'NONE',  ( -0.3199999999999999512, 1.159999999999976383, -0.3299999999999978506 ) ) ;
#3179 = ORIENTED_EDGE ( 'NONE', *, *, #3012, .T. ) ;
#3180 = VECTOR ( 'NONE', #5981, 1000.000000000000000 ) ;
#3181 = VERTEX_POINT ( 'NONE', #7804 ) ;
#3182 = CARTESIAN_POINT ( 'NONE',  ( 3.270000000000000462, 2.472499999999976605, 0.4500000000000020650 ) ) ;
#3183 = CARTESIAN_POINT ( 'NONE',  ( -1.649999999999999467, -3.063334912956023448, 3.461787681294302033 ) ) ;
#3184 = DIRECTION ( 'NONE',  ( -0.000000000000000000, 1.000000000000000000, 0.000000000000000000 ) ) ;
#3185 = VECTOR ( 'NONE', #2021, 1000.000000000000000 ) ;
#3186 = CARTESIAN_POINT ( 'NONE',  ( -0.3199999999999999512, 2.109999999999976339, 0.3200000000000021161 ) ) ;
#3187 = CARTESIAN_POINT ( 'NONE',  ( -18.32000000000000028, 1.159999999999976383, -0.9999999999999983347 ) ) ;
#3188 = DIRECTION ( 'NONE',  ( -0.000000000000000000, 1.000000000000000000, 0.000000000000000000 ) ) ;
#3189 = VECTOR ( 'NONE', #4065, 1000.000000000000000 ) ;
#3190 = ORIENTED_EDGE ( 'NONE', *, *, #3463, .F. ) ;
#3191 = DIRECTION ( 'NONE',  ( 0.000000000000000000, -1.000000000000000000, 0.000000000000000000 ) ) ;
#3192 = CARTESIAN_POINT ( 'NONE',  ( -17.35999999999999943, 1.159999999999976383, -0.3299999999999978506 ) ) ;
#3193 = CARTESIAN_POINT ( 'NONE',  ( -14.32477270848700002, -1.790000000000023350, 5.300000000000002487 ) ) ;
#3194 = AXIS2_PLACEMENT_3D ( 'NONE', #8693, #6180, #10721 ) ;
#3195 = CARTESIAN_POINT ( 'NONE',  ( -2.680000000000000160, 1.159999999999976383, -0.9999999999999983347 ) ) ;
#3196 = ADVANCED_FACE ( 'NONE', ( #2650 ), #9313, .T. ) ;
#3197 = ORIENTED_EDGE ( 'NONE', *, *, #8712, .T. ) ;
#3198 = VERTEX_POINT ( 'NONE', #807 ) ;
#3199 = VERTEX_POINT ( 'NONE', #3555 ) ;
#3200 = ORIENTED_EDGE ( 'NONE', *, *, #5743, .T. ) ;
#3201 = CARTESIAN_POINT ( 'NONE',  ( -1.649999999999999689, -3.215239418948199646, 3.629623393245936747 ) ) ;
#3202 = VERTEX_POINT ( 'NONE', #8534 ) ;
#3203 = LINE ( 'NONE', #9186, #1438 ) ;
#3204 = DIRECTION ( 'NONE',  ( 1.000000000000000000, 0.000000000000000000, 0.000000000000000000 ) ) ;
#3205 = LINE ( 'NONE', #7456, #6323 ) ;
#3206 = LINE ( 'NONE', #4836, #4991 ) ;
#3207 = PLANE ( 'NONE',  #3499 ) ;
#3208 = ORIENTED_EDGE ( 'NONE', *, *, #9089, .T. ) ;
#3209 = ORIENTED_EDGE ( 'NONE', *, *, #4296, .F. ) ;
#3210 = ORIENTED_EDGE ( 'NONE', *, *, #3922, .F. ) ;
#3211 = ORIENTED_EDGE ( 'NONE', *, *, #10891, .F. ) ;
#3212 = DIRECTION ( 'NONE',  ( 0.000000000000000000, 0.000000000000000000, -1.000000000000000000 ) ) ;
#3213 = LINE ( 'NONE', #8254, #1170 ) ;
#3214 = VECTOR ( 'NONE', #9320, 1000.000000000000000 ) ;
#3215 = CARTESIAN_POINT ( 'NONE',  ( -11.67999999999999972, 3.304999999999976179, -0.3299999999999978506 ) ) ;
#3216 = FACE_OUTER_BOUND ( 'NONE', #2639, .T. ) ;
#3217 = FACE_OUTER_BOUND ( 'NONE', #7780, .T. ) ;
#3218 = ADVANCED_FACE ( 'NONE', ( #6799 ), #5240, .T. ) ;
#3219 = FACE_OUTER_BOUND ( 'NONE', #8571, .T. ) ;
#3220 = CARTESIAN_POINT ( 'NONE',  ( -7.249999999999999112, 3.679999999999976623, 8.900000000000002132 ) ) ;
#3221 = ORIENTED_EDGE ( 'NONE', *, *, #9539, .F. ) ;
#3222 = AXIS2_PLACEMENT_3D ( 'NONE', #6696, #10991, #4239 ) ;
#3223 = ORIENTED_EDGE ( 'NONE', *, *, #7361, .F. ) ;
#3224 = PLANE ( 'NONE',  #8577 ) ;
#3225 = CARTESIAN_POINT ( 'NONE',  ( -9.320000000000000284, 0.7499999999999763522, -0.3199999999999982303 ) ) ;
#3226 = PLANE ( 'NONE',  #6468 ) ;
#3227 = ADVANCED_FACE ( 'NONE', ( #3390 ), #9424, .T. ) ;
#3228 = PLANE ( 'NONE',  #10566 ) ;
#3229 = DIRECTION ( 'NONE',  ( 0.000000000000000000, -1.000000000000000000, 0.000000000000000000 ) ) ;
#3230 = LINE ( 'NONE', #3403, #4077 ) ;
#3231 = ORIENTED_EDGE ( 'NONE', *, *, #7405, .F. ) ;
#3232 = ORIENTED_EDGE ( 'NONE', *, *, #4073, .F. ) ;
#3233 = EDGE_CURVE ( 'NONE', #1616, #1088, #6964, .T. ) ;
#3234 = AXIS2_PLACEMENT_3D ( 'NONE', #7084, #8651, #2605 ) ;
#3235 = PLANE ( 'NONE',  #714 ) ;
#3236 = EDGE_CURVE ( 'NONE', #6952, #3, #5072, .T. ) ;
#3237 = DIRECTION ( 'NONE',  ( 0.000000000000000000, -1.000000000000000000, 0.000000000000000000 ) ) ;
#3238 = FACE_OUTER_BOUND ( 'NONE', #4495, .T. ) ;
#3239 = VECTOR ( 'NONE', #5009, 1000.000000000000000 ) ;
#3240 = FACE_OUTER_BOUND ( 'NONE', #2465, .T. ) ;
#3241 = DIRECTION ( 'NONE',  ( 0.000000000000000000, 1.000000000000000000, 0.000000000000000000 ) ) ;
#3242 = ORIENTED_EDGE ( 'NONE', *, *, #7939, .F. ) ;
#3243 = FACE_OUTER_BOUND ( 'NONE', #8233, .T. ) ;
#3244 = EDGE_CURVE ( 'NONE', #4839, #3248, #4339, .T. ) ;
#3245 = FACE_OUTER_BOUND ( 'NONE', #5007, .T. ) ;
#3246 = CARTESIAN_POINT ( 'NONE',  ( -1.249999999999999334, 3.679999999999976623, 2.296000000000002039 ) ) ;
#3247 = PLANE ( 'NONE',  #7764 ) ;
#3248 = VERTEX_POINT ( 'NONE', #132 ) ;
#3249 = EDGE_CURVE ( 'NONE', #7883, #9689, #6131, .T. ) ;
#3250 = VECTOR ( 'NONE', #2109, 1000.000000000000000 ) ;
#3251 = VECTOR ( 'NONE', #3172, 1000.000000000000000 ) ;
#3252 = ORIENTED_EDGE ( 'NONE', *, *, #6901, .F. ) ;
#3253 = EDGE_LOOP ( 'NONE', ( #674, #9360, #4161, #2238 ) ) ;
#3254 = DIRECTION ( 'NONE',  ( -1.000000000000000000, 0.000000000000000000, 0.000000000000000000 ) ) ;
#3255 = DIRECTION ( 'NONE',  ( 0.000000000000000000, -1.000000000000000000, 0.000000000000000000 ) ) ;
#3256 = ORIENTED_EDGE ( 'NONE', *, *, #4234, .F. ) ;
#3257 = DIRECTION ( 'NONE',  ( 0.000000000000000000, 0.000000000000000000, -1.000000000000000000 ) ) ;
#3258 = ORIENTED_EDGE ( 'NONE', *, *, #8208, .T. ) ;
#3259 = DIRECTION ( 'NONE',  ( 1.000000000000000000, 0.000000000000000000, 0.000000000000000000 ) ) ;
#3260 = VECTOR ( 'NONE', #9258, 1000.000000000000000 ) ;
#3261 = ORIENTED_EDGE ( 'NONE', *, *, #866, .T. ) ;
#3262 = CARTESIAN_POINT ( 'NONE',  ( -18.32000000000000028, 1.159999999999976383, -0.9999999999999983347 ) ) ;
#3263 = FACE_OUTER_BOUND ( 'NONE', #1121, .T. ) ;
#3264 = DIRECTION ( 'NONE',  ( -1.000000000000000000, 0.000000000000000000, 0.000000000000000000 ) ) ;
#3265 = CARTESIAN_POINT ( 'NONE',  ( -12.31999999999999851, 1.554999999999976623, -0.3199999999999982303 ) ) ;
#3266 = ORIENTED_EDGE ( 'NONE', *, *, #9445, .F. ) ;
#3267 = PRODUCT ( '436500600', '436500600', '', ( #9479 ) ) ;
#3268 = VERTEX_POINT ( 'NONE', #11041 ) ;
#3269 = AXIS2_PLACEMENT_3D ( 'NONE', #6141, #8764, #7029 ) ;
#3270 = VECTOR ( 'NONE', #2027, 1000.000000000000000 ) ;
#3271 = ORIENTED_EDGE ( 'NONE', *, *, #8565, .T. ) ;
#3272 = ORIENTED_EDGE ( 'NONE', *, *, #10783, .T. ) ;
#3273 = EDGE_CURVE ( 'NONE', #3542, #2187, #10203, .T. ) ;
#3274 = CARTESIAN_POINT ( 'NONE',  ( -0.3199999999999999512, 3.304999999999976179, -0.3199999999999982303 ) ) ;
#3275 = LINE ( 'NONE', #4845, #4575 ) ;
#3276 = DIRECTION ( 'NONE',  ( -1.000000000000000000, 0.000000000000000000, 0.000000000000000000 ) ) ;
#3277 = FACE_OUTER_BOUND ( 'NONE', #4753, .T. ) ;
#3278 = LINE ( 'NONE', #4118, #1908 ) ;
#3279 = VECTOR ( 'NONE', #5309, 1000.000000000000000 ) ;
#3280 = FACE_OUTER_BOUND ( 'NONE', #2420, .T. ) ;
#3281 = EDGE_LOOP ( 'NONE', ( #9788, #8760, #5111, #1504 ) ) ;
#3282 = ORIENTED_EDGE ( 'NONE', *, *, #8292, .F. ) ;
#3283 = VECTOR ( 'NONE', #5113, 1000.000000000000000 ) ;
#3284 = CARTESIAN_POINT ( 'NONE',  ( 1.959999999999999964, 3.304999999999976179, -0.3299999999999978506 ) ) ;
#3285 = DIRECTION ( 'NONE',  ( 0.9363291775690363306, 0.000000000000000000, 0.3511234415884135762 ) ) ;
#3286 = CARTESIAN_POINT ( 'NONE',  ( -7.750000000000000000, 1.179999999999976401, 8.900000000000002132 ) ) ;
#3287 = EDGE_CURVE ( 'NONE', #7637, #9917, #9537, .T. ) ;
#3288 = EDGE_CURVE ( 'NONE', #10862, #6050, #748, .T. ) ;
#3289 = CARTESIAN_POINT ( 'NONE',  ( -2.680000000000000160, 2.109999999999976339, 0.3200000000000021161 ) ) ;
#3290 = CARTESIAN_POINT ( 'NONE',  ( -11.67999999999999972, 2.109999999999976339, 6.100000000000002309 ) ) ;
#3291 = DIRECTION ( 'NONE',  ( 1.000000000000000000, 0.000000000000000000, 0.000000000000000000 ) ) ;
#3292 = VERTEX_POINT ( 'NONE', #2543 ) ;
#3293 = ORIENTED_EDGE ( 'NONE', *, *, #7635, .F. ) ;
#3294 = ADVANCED_FACE ( 'NONE', ( #3335 ), #7751, .T. ) ;
#3295 = DIRECTION ( 'NONE',  ( -1.000000000000000000, 0.000000000000000000, 0.000000000000000000 ) ) ;
#3296 = LINE ( 'NONE', #1726, #6191 ) ;
#3297 = CARTESIAN_POINT ( 'NONE',  ( -18.32000000000000028, 1.159999999999976383, -0.9999999999999983347 ) ) ;
#3298 = LINE ( 'NONE', #1558, #8079 ) ;
#3299 = AXIS2_PLACEMENT_3D ( 'NONE', #3431, #7004, #10414 ) ;
#3300 = ORIENTED_EDGE ( 'NONE', *, *, #9456, .F. ) ;
#3301 = CARTESIAN_POINT ( 'NONE',  ( -0.6499999999999995781, -2.341876692568689577E-14, 4.300000000000001599 ) ) ;
#3302 = ADVANCED_FACE ( 'NONE', ( #918 ), #6747, .F. ) ;
#3303 = LINE ( 'NONE', #10172, #9738 ) ;
#3304 = DIRECTION ( 'NONE',  ( 1.000000000000000000, 0.000000000000000000, 0.000000000000000000 ) ) ;
#3305 = ORIENTED_EDGE ( 'NONE', *, *, #9307, .T. ) ;
#3306 = EDGE_CURVE ( 'NONE', #8717, #10545, #1706, .T. ) ;
#3307 = ORIENTED_EDGE ( 'NONE', *, *, #6205, .T. ) ;
#3308 = ORIENTED_EDGE ( 'NONE', *, *, #5210, .F. ) ;
#3309 = AXIS2_PLACEMENT_3D ( 'NONE', #9447, #6715, #8342 ) ;
#3310 = DIRECTION ( 'NONE',  ( 0.000000000000000000, -1.000000000000000000, 0.000000000000000000 ) ) ;
#3311 = ORIENTED_EDGE ( 'NONE', *, *, #6215, .F. ) ;
#3312 = CYLINDRICAL_SURFACE ( 'NONE', #823, 1.400000000000000133 ) ;
#3313 = ORIENTED_EDGE ( 'NONE', *, *, #6476, .F. ) ;
#3314 = VECTOR ( 'NONE', #9806, 1000.000000000000000 ) ;
#3315 = CARTESIAN_POINT ( 'NONE',  ( -16.96000000000000085, 3.699999999999976641, -0.9999999999999983347 ) ) ;
#3316 = ORIENTED_EDGE ( 'NONE', *, *, #3827, .F. ) ;
#3317 = FILL_AREA_STYLE_COLOUR ( '', #1837 ) ;
#3318 = DIRECTION ( 'NONE',  ( 0.3312945782245003690, 0.8834522085988016915, 0.3312945782245003690 ) ) ;
#3319 = FACE_OUTER_BOUND ( 'NONE', #8562, .T. ) ;
#3320 = VECTOR ( 'NONE', #9912, 1000.000000000000000 ) ;
#3321 = EDGE_CURVE ( 'NONE', #8874, #3604, #5905, .T. ) ;
#3322 = LINE ( 'NONE', #7684, #7251 ) ;
#3323 = EDGE_CURVE ( 'NONE', #3072, #9856, #5128, .T. ) ;
#3324 = EDGE_CURVE ( 'NONE', #3869, #8523, #10318, .T. ) ;
#3325 = ORIENTED_EDGE ( 'NONE', *, *, #6039, .T. ) ;
#3326 = EDGE_CURVE ( 'NONE', #6148, #844, #2982, .T. ) ;
#3327 = ORIENTED_EDGE ( 'NONE', *, *, #8289, .F. ) ;
#3328 = VERTEX_POINT ( 'NONE', #9700 ) ;
#3329 = ORIENTED_EDGE ( 'NONE', *, *, #6158, .T. ) ;
#3330 = DIRECTION ( 'NONE',  ( 0.000000000000000000, 1.000000000000000000, 0.000000000000000000 ) ) ;
#3331 = LINE ( 'NONE', #9257, #5811 ) ;
#3332 = AXIS2_PLACEMENT_3D ( 'NONE', #9000, #3010, #5540 ) ;
#3333 = CARTESIAN_POINT ( 'NONE',  ( -9.320000000000000284, 1.554999999999976623, -0.3199999999999982303 ) ) ;
#3334 = LINE ( 'NONE', #5186, #10591 ) ;
#3335 = FACE_OUTER_BOUND ( 'NONE', #3695, .T. ) ;
#3336 = AXIS2_PLACEMENT_3D ( 'NONE', #10510, #2911, #7108 ) ;
#3337 = SURFACE_STYLE_FILL_AREA ( #2441 ) ;
#3338 = EDGE_CURVE ( 'NONE', #121, #4483, #1773, .T. ) ;
#3339 = CARTESIAN_POINT ( 'NONE',  ( -7.750000000000000000, 1.179999999999976401, 8.900000000000002132 ) ) ;
#3340 = ORIENTED_EDGE ( 'NONE', *, *, #1200, .F. ) ;
#3341 = VECTOR ( 'NONE', #10928, 1000.000000000000000 ) ;
#3342 = ORIENTED_EDGE ( 'NONE', *, *, #2750, .T. ) ;
#3343 = FACE_OUTER_BOUND ( 'NONE', #10531, .T. ) ;
#3344 = DIRECTION ( 'NONE',  ( 1.776356839400000049E-13, -1.110223024625000030E-14, -1.000000000000000000 ) ) ;
#3345 = LINE ( 'NONE', #5249, #383 ) ;
#3346 = CARTESIAN_POINT ( 'NONE',  ( -14.67999999999999794, 4.359999999999976339, 0.3500000000000021982 ) ) ;
#3347 = LINE ( 'NONE', #9992, #8503 ) ;
#3348 = CARTESIAN_POINT ( 'NONE',  ( -2.680000000000000160, 2.109999999999976339, 0.3200000000000021161 ) ) ;
#3349 = ORIENTED_EDGE ( 'NONE', *, *, #6716, .T. ) ;
#3350 = ORIENTED_EDGE ( 'NONE', *, *, #4916, .F. ) ;
#3351 = ADVANCED_FACE ( 'NONE', ( #10429 ), #299, .F. ) ;
#3352 = CARTESIAN_POINT ( 'NONE',  ( -10.75000000000000000, 1.879999999999976357, 2.296000000000002039 ) ) ;
#3353 = B_SPLINE_CURVE_WITH_KNOTS ( 'NONE', 3,
 ( #1079, #6126, #10366, #9534, #9589, #7854, #5348, #1024, #7973, #185, #8027, #4504, #8811, #1869, #1138, #4446, #3608, #8750, #7016, #10424, #243, #296, #7916, #7128, #2088, #10526, #1243, #4612, #3665, #2872, #2039, #9696, #5456, #4661, #8865, #1193, #345, #3771, #7180, #10580, #2926, #6347, #9746, #8913, #8078, #401, #10630, #10739 ),
 .UNSPECIFIED., .F., .F.,
 ( 4, 1, 1, 2, 2, 1, 1, 1, 2, 2, 1, 1, 1, 1, 2, 2, 2, 1, 1, 1, 1, 2, 2, 1, 1, 1, 2, 2, 1, 1, 2, 2, 4 ),
 ( 0.000000000000000000, 0.06249999999996017075, 0.09374999999994025612, 0.1093749999999308192, 0.1249999999999213962, 0.1874999999998812061, 0.2187499999998617217, 0.2343749999998526179, 0.2421874999998485933, 0.2499999999998446243, 0.3124999999998070432, 0.3437499999997883360, 0.3593749999997789546, 0.3671874999997743472, 0.3710937499997727373, 0.3749999999997711275, 0.4999999999997645217, 0.5624999999997605249, 0.5937499999997586375, 0.6093749999997576383, 0.6171874999997585265, 0.6210937499997606359, 0.6249999999997626343, 0.6874999999997998268, 0.7187499999998174793, 0.7343749999998263611, 0.7421874999998316902, 0.7499999999998370193, 0.8124999999998790967, 0.8437499999998998579, 0.8593749999999097389, 0.8749999999999196199, 1.000000000000000000 ),
 .UNSPECIFIED. ) ;
#3354 = CARTESIAN_POINT ( 'NONE',  ( -3.319999999999999840, 2.429999999999976623, 3.950000000000001954 ) ) ;
#3355 = FACE_OUTER_BOUND ( 'NONE', #10609, .T. ) ;
#3356 = PLANE ( 'NONE',  #8615 ) ;
#3357 = ORIENTED_EDGE ( 'NONE', *, *, #2644, .F. ) ;
#3358 = CARTESIAN_POINT ( 'NONE',  ( -0.3199999999999999512, 3.304999999999976179, -0.3199999999999982303 ) ) ;
#3359 = CARTESIAN_POINT ( 'NONE',  ( 1.919999999999999929, 3.679999999999976623, 8.900000000000002132 ) ) ;
#3360 = ORIENTED_EDGE ( 'NONE', *, *, #7876, .F. ) ;
#3361 = ADVANCED_FACE ( 'NONE', ( #7979 ), #3612, .F. ) ;
#3362 = ORIENTED_EDGE ( 'NONE', *, *, #10821, .F. ) ;
#3363 = EDGE_CURVE ( 'NONE', #2310, #3712, #7919, .T. ) ;
#3364 = ORIENTED_EDGE ( 'NONE', *, *, #6613, .T. ) ;
#3365 = VECTOR ( 'NONE', #4482, 1000.000000000000000 ) ;
#3366 = DIRECTION ( 'NONE',  ( 0.3312945782245003690, 0.3312945782245003690, -0.8834522085988016915 ) ) ;
#3367 = VERTEX_POINT ( 'NONE', #2763 ) ;
#3368 = LINE ( 'NONE', #7568, #8153 ) ;
#3369 = VERTEX_POINT ( 'NONE', #5459 ) ;
#3370 = VECTOR ( 'NONE', #5474, 1000.000000000000000 ) ;
#3371 = FACE_OUTER_BOUND ( 'NONE', #2877, .T. ) ;
#3372 = ORIENTED_EDGE ( 'NONE', *, *, #10612, .F. ) ;
#3373 = LINE ( 'NONE', #10187, #2567 ) ;
#3374 = CARTESIAN_POINT ( 'NONE',  ( -14.32477270848700002, -1.790000000000023350, 5.300000000000002487 ) ) ;
#3375 = PLANE ( 'NONE',  #7051 ) ;
#3376 = B_SPLINE_CURVE_WITH_KNOTS ( 'NONE', 3,
 ( #1456, #1349, #10797, #3201, #9903, #8297, #6555, #10907, #9960, #618, #3987, #5669, #5776, #5555, #8237, #9184, #670, #3084, #4045, #1292, #3026, #7451, #562, #452, #10851, #3928, #9792, #6609, #2298, #8350, #4099, #6393, #8959, #10680, #8128, #508, #3873, #4773, #8180, #7340, #6502, #8461, #11072, #9347, #4156, #10240, #8619, #9454 ),
 .UNSPECIFIED., .F., .F.,
 ( 4, 1, 1, 2, 2, 1, 1, 1, 2, 2, 1, 1, 1, 1, 2, 2, 2, 1, 1, 1, 1, 2, 2, 1, 1, 1, 2, 2, 1, 1, 2, 2, 4 ),
 ( 0.000000000000000000, 0.06250000000003758105, 0.09375000000005662137, 0.1093750000000661415, 0.1250000000000756617, 0.1875000000001131317, 0.2187500000001314782, 0.2343750000001405542, 0.2421875000001445788, 0.2500000000001485478, 0.3125000000001725842, 0.3437500000001854628, 0.3593750000001927347, 0.3671875000001962874, 0.3710937500001981193, 0.3750000000001998957, 0.5000000000002126077, 0.5625000000002182698, 0.5937500000002211564, 0.6093750000002212674, 0.6171875000002200462, 0.6210937500002178258, 0.6250000000002156053, 0.6875000000001753042, 0.7187500000001552092, 0.7343750000001459943, 0.7421875000001414424, 0.7500000000001367795, 0.8125000000001029177, 0.8437500000000854872, 0.8593750000000766054, 0.8750000000000678346, 1.000000000000000000 ),
 .UNSPECIFIED. ) ;
#3377 = PRODUCT_DEFINITION_FORMATION_WITH_SPECIFIED_SOURCE ( 'ANY', '', #3267, .NOT_KNOWN. ) ;
#3378 = ORIENTED_EDGE ( 'NONE', *, *, #10800, .F. ) ;
#3379 = AXIS2_PLACEMENT_3D ( 'NONE', #4028, #9336, #5988 ) ;
#3380 = ORIENTED_EDGE ( 'NONE', *, *, #6881, .T. ) ;
#3381 = ORIENTED_EDGE ( 'NONE', *, *, #6091, .F. ) ;
#3382 = CARTESIAN_POINT ( 'NONE',  ( -13.35000000000000142, -2.992540750664023363, 5.200151309580002490 ) ) ;
#3383 = ORIENTED_EDGE ( 'NONE', *, *, #1373, .T. ) ;
#3384 = ADVANCED_FACE ( 'NONE', ( #8870 ), #2092, .T. ) ;
#3385 = LINE ( 'NONE', #8313, #4674 ) ;
#3386 = DIRECTION ( 'NONE',  ( 1.000000000000000000, 0.000000000000000000, 0.000000000000000000 ) ) ;
#3387 = AXIS2_PLACEMENT_3D ( 'NONE', #6785, #5950, #734 ) ;
#3388 = CARTESIAN_POINT ( 'NONE',  ( -12.31999999999999851, 0.7499999999999763522, -0.9999999999999983347 ) ) ;
#3389 = DIRECTION ( 'NONE',  ( 0.000000000000000000, 0.000000000000000000, -1.000000000000000000 ) ) ;
#3390 = FACE_OUTER_BOUND ( 'NONE', #4999, .T. ) ;
#3391 = EDGE_CURVE ( 'NONE', #951, #2273, #1198, .T. ) ;
#3392 = DIRECTION ( 'NONE',  ( 0.000000000000000000, 0.000000000000000000, 1.000000000000000000 ) ) ;
#3393 = LINE ( 'NONE', #6804, #5416 ) ;
#3394 = ORIENTED_EDGE ( 'NONE', *, *, #4191, .F. ) ;
#3395 = ORIENTED_EDGE ( 'NONE', *, *, #3566, .T. ) ;
#3396 = CARTESIAN_POINT ( 'NONE',  ( -11.67999999999999972, 1.159999999999976383, -0.3299999999999978506 ) ) ;
#3397 = VECTOR ( 'NONE', #1658, 1000.000000000000000 ) ;
#3398 = LINE ( 'NONE', #6810, #10910 ) ;
#3399 = CARTESIAN_POINT ( 'NONE',  ( -2.680000000000000160, -3.220000000000023288, 0.3200000000000021161 ) ) ;
#3400 = CARTESIAN_POINT ( 'NONE',  ( -6.245000000000000107, -3.020000000000023554, 1.734723475976807094E-15 ) ) ;
#3401 = FACE_OUTER_BOUND ( 'NONE', #1906, .T. ) ;
#3402 = FACE_OUTER_BOUND ( 'NONE', #5679, .T. ) ;
#3403 = CARTESIAN_POINT ( 'NONE',  ( 3.319999999999999840, 2.159999999999976605, 1.301063802838002159 ) ) ;
#3404 = VERTEX_POINT ( 'NONE', #9592 ) ;
#3405 = VECTOR ( 'NONE', #9334, 1000.000000000000000 ) ;
#3406 = VERTEX_POINT ( 'NONE', #7237 ) ;
#3407 = CARTESIAN_POINT ( 'NONE',  ( -3.319999999999999840, 3.484999999999976339, 0.3500000000000021982 ) ) ;
#3408 = CARTESIAN_POINT ( 'NONE',  ( -14.67999999999999794, 3.699999999999976641, -0.3299999999999978506 ) ) ;
#3409 = DIRECTION ( 'NONE',  ( 0.000000000000000000, 0.000000000000000000, -1.000000000000000000 ) ) ;
#3410 = EDGE_CURVE ( 'NONE', #9715, #2986, #8814, .T. ) ;
#3411 = DIRECTION ( 'NONE',  ( 0.000000000000000000, 0.000000000000000000, -1.000000000000000000 ) ) ;
#3412 = EDGE_LOOP ( 'NONE', ( #8569, #4752, #8684, #2495 ) ) ;
#3413 = CARTESIAN_POINT ( 'NONE',  ( 1.959999999999999964, 0.7499999999999763522, -0.9999999999999983347 ) ) ;
#3414 = DIRECTION ( 'NONE',  ( 0.000000000000000000, 0.000000000000000000, 1.000000000000000000 ) ) ;
#3415 = VECTOR ( 'NONE', #6447, 1000.000000000000114 ) ;
#3416 = VERTEX_POINT ( 'NONE', #9646 ) ;
#3417 = ORIENTED_EDGE ( 'NONE', *, *, #2816, .T. ) ;
#3418 = CARTESIAN_POINT ( 'NONE',  ( -18.32000000000000028, 4.359999999999976339, -0.9999999999999983347 ) ) ;
#3419 = ORIENTED_EDGE ( 'NONE', *, *, #3070, .T. ) ;
#3420 = DIRECTION ( 'NONE',  ( -1.000000000000000000, 0.000000000000000000, 0.000000000000000000 ) ) ;
#3421 = EDGE_CURVE ( 'NONE', #5283, #6066, #5351, .T. ) ;
#3422 = ORIENTED_EDGE ( 'NONE', *, *, #9873, .T. ) ;
#3423 = CARTESIAN_POINT ( 'NONE',  ( -11.67999999999999972, 2.109999999999976339, 2.296000000000002039 ) ) ;
#3424 = EDGE_CURVE ( 'NONE', #10512, #31, #8753, .T. ) ;
#3425 = VECTOR ( 'NONE', #8822, 1000.000000000000000 ) ;
#3426 = ORIENTED_EDGE ( 'NONE', *, *, #10929, .F. ) ;
#3427 = LINE ( 'NONE', #1855, #3448 ) ;
#3428 = CARTESIAN_POINT ( 'NONE',  ( -16.25000000000000000, 3.679999999999976623, 8.900000000000002132 ) ) ;
#3429 = CARTESIAN_POINT ( 'NONE',  ( -12.31999999999999851, 3.484999999999976339, -0.3199999999999982303 ) ) ;
#3430 = AXIS2_PLACEMENT_3D ( 'NONE', #1924, #5347, #5709 ) ;
#3431 = CARTESIAN_POINT ( 'NONE',  ( -5.679999999999999716, 3.484999999999976339, -0.3199999999999982303 ) ) ;
#3432 = ORIENTED_EDGE ( 'NONE', *, *, #5787, .T. ) ;
#3433 = ORIENTED_EDGE ( 'NONE', *, *, #1549, .F. ) ;
#3434 = ORIENTED_EDGE ( 'NONE', *, *, #3977, .T. ) ;
#3435 = VERTEX_POINT ( 'NONE', #4508 ) ;
#3436 = DIRECTION ( 'NONE',  ( 1.000000000000000000, 0.000000000000000000, 0.000000000000000000 ) ) ;
#3437 = VERTEX_POINT ( 'NONE', #3669 ) ;
#3438 = VECTOR ( 'NONE', #3000, 1000.000000000000000 ) ;
#3439 = AXIS2_PLACEMENT_3D ( 'NONE', #758, #7595, #7652 ) ;
#3440 = DIRECTION ( 'NONE',  ( 0.000000000000000000, 1.000000000000000000, 0.000000000000000000 ) ) ;
#3441 = DIRECTION ( 'NONE',  ( -1.000000000000000000, 0.000000000000000000, 0.000000000000000000 ) ) ;
#3442 = EDGE_CURVE ( 'NONE', #932, #5719, #10583, .T. ) ;
#3443 = CARTESIAN_POINT ( 'NONE',  ( 3.319999999999999840, 0.9999999999999763522, 0.8500000000000021982 ) ) ;
#3444 = CARTESIAN_POINT ( 'NONE',  ( -14.67999999999999794, 3.304999999999976179, -0.3199999999999982303 ) ) ;
#3445 = CARTESIAN_POINT ( 'NONE',  ( -6.319999999999999396, 4.359999999999976339, 0.3500000000000021982 ) ) ;
#3446 = AXIS2_PLACEMENT_3D ( 'NONE', #4067, #6632, #7589 ) ;
#3447 = VECTOR ( 'NONE', #2151, 1000.000000000000000 ) ;
#3448 = VECTOR ( 'NONE', #6110, 1000.000000000000000 ) ;
#3449 = CARTESIAN_POINT ( 'NONE',  ( -11.67999999999999972, 2.109999999999976339, 0.3200000000000021161 ) ) ;
#3450 = ORIENTED_EDGE ( 'NONE', *, *, #7582, .F. ) ;
#3451 = ORIENTED_EDGE ( 'NONE', *, *, #10123, .F. ) ;
#3452 = PLANE ( 'NONE',  #3234 ) ;
#3453 = DIRECTION ( 'NONE',  ( 1.000000000000000000, 0.000000000000000000, 0.000000000000000000 ) ) ;
#3454 = VECTOR ( 'NONE', #6304, 1000.000000000000000 ) ;
#3455 = CARTESIAN_POINT ( 'NONE',  ( 3.319999999999999840, 3.304999999999976179, -0.3299999999999978506 ) ) ;
#3456 = PLANE ( 'NONE',  #8463 ) ;
#3457 = CARTESIAN_POINT ( 'NONE',  ( -6.319999999999999396, 2.109999999999976339, 6.100000000000002309 ) ) ;
#3458 = EDGE_CURVE ( 'NONE', #5997, #5844, #10634, .T. ) ;
#3459 = CARTESIAN_POINT ( 'NONE',  ( -3.169999999999999929, 2.599999999999976552, 6.500000000000002665 ) ) ;
#3460 = EDGE_LOOP ( 'NONE', ( #3927, #10733, #8429, #2934 ) ) ;
#3461 = AXIS2_PLACEMENT_3D ( 'NONE', #2818, #9699, #10428 ) ;
#3462 = ORIENTED_EDGE ( 'NONE', *, *, #5420, .T. ) ;
#3463 = EDGE_CURVE ( 'NONE', #8063, #726, #9799, .T. ) ;
#3464 = DIRECTION ( 'NONE',  ( 0.000000000000000000, 1.000000000000000000, 0.000000000000000000 ) ) ;
#3465 = LINE ( 'NONE', #8556, #1177 ) ;
#3466 = LINE ( 'NONE', #2617, #4150 ) ;
#3467 = DIRECTION ( 'NONE',  ( 0.000000000000000000, 0.000000000000000000, 1.000000000000000000 ) ) ;
#3468 = ORIENTED_EDGE ( 'NONE', *, *, #1050, .F. ) ;
#3469 = CARTESIAN_POINT ( 'NONE',  ( -8.679999999999999716, 3.304999999999976179, -0.3199999999999982303 ) ) ;
#3470 = FACE_OUTER_BOUND ( 'NONE', #578, .T. ) ;
#3471 = VERTEX_POINT ( 'NONE', #2930 ) ;
#3472 = EDGE_CURVE ( 'NONE', #6888, #1116, #6238, .T. ) ;
#3473 = ORIENTED_EDGE ( 'NONE', *, *, #1314, .F. ) ;
#3474 = DIRECTION ( 'NONE',  ( 0.000000000000000000, 1.000000000000000000, 0.000000000000000000 ) ) ;
#3475 = VERTEX_POINT ( 'NONE', #8917 ) ;
#3476 = CARTESIAN_POINT ( 'NONE',  ( -12.94999999999999929, 0.1669999999999766394, 4.300000000000001599 ) ) ;
#3477 = VERTEX_POINT ( 'NONE', #9750 ) ;
#3478 = DIRECTION ( 'NONE',  ( 0.000000000000000000, 1.000000000000000000, 0.000000000000000000 ) ) ;
#3479 = ORIENTED_EDGE ( 'NONE', *, *, #8978, .F. ) ;
#3480 = CARTESIAN_POINT ( 'NONE',  ( -1.160976592378999417, -2.548524879648023767, 5.300000000000002487 ) ) ;
#3481 = LINE ( 'NONE', #10134, #1142 ) ;
#3482 = PLANE ( 'NONE',  #10872 ) ;
#3483 = DIRECTION ( 'NONE',  ( -1.000000000000000000, 0.000000000000000000, 0.000000000000000000 ) ) ;
#3484 = ORIENTED_EDGE ( 'NONE', *, *, #1952, .F. ) ;
#3485 = VECTOR ( 'NONE', #2863, 1000.000000000000000 ) ;
#3486 = EDGE_LOOP ( 'NONE', ( #11018, #1750, #8362, #2084 ) ) ;
#3487 = ORIENTED_EDGE ( 'NONE', *, *, #6916, .T. ) ;
#3488 = ORIENTED_EDGE ( 'NONE', *, *, #10653, .T. ) ;
#3489 = DIRECTION ( 'NONE',  ( 0.000000000000000000, 0.000000000000000000, 1.000000000000000000 ) ) ;
#3490 = EDGE_CURVE ( 'NONE', #10028, #447, #2139, .T. ) ;
#3491 = ORIENTED_EDGE ( 'NONE', *, *, #1080, .F. ) ;
#3492 = CARTESIAN_POINT ( 'NONE',  ( 1.959999999999999964, 4.359999999999976339, -0.9999999999999983347 ) ) ;
#3493 = DIRECTION ( 'NONE',  ( 0.000000000000000000, 0.000000000000000000, 1.000000000000000000 ) ) ;
#3494 = VECTOR ( 'NONE', #4035, 1000.000000000000000 ) ;
#3495 = LINE ( 'NONE', #9422, #9508 ) ;
#3496 = DIRECTION ( 'NONE',  ( -1.776356839400000049E-13, -1.110223024625000030E-14, -1.000000000000000000 ) ) ;
#3497 = DIRECTION ( 'NONE',  ( 1.000000000000000000, 0.000000000000000000, 0.000000000000000000 ) ) ;
#3498 = ADVANCED_FACE ( 'NONE', ( #4667 ), #677, .T. ) ;
#3499 = AXIS2_PLACEMENT_3D ( 'NONE', #679, #9193, #1525 ) ;
#3500 = EDGE_CURVE ( 'NONE', #4330, #2395, #3206, .T. ) ;
#3501 = PLANE ( 'NONE',  #7908 ) ;
#3502 = ORIENTED_EDGE ( 'NONE', *, *, #9941, .T. ) ;
#3503 = VECTOR ( 'NONE', #5706, 1000.000000000000000 ) ;
#3504 = EDGE_LOOP ( 'NONE', ( #1711, #4538, #4996, #3451 ) ) ;
#3505 = EDGE_CURVE ( 'NONE', #1735, #6499, #2195, .T. ) ;
#3506 = CARTESIAN_POINT ( 'NONE',  ( -12.31999999999999851, 3.699999999999976641, -0.9999999999999983347 ) ) ;
#3507 = DIRECTION ( 'NONE',  ( 0.000000000000000000, -1.000000000000000000, 0.000000000000000000 ) ) ;
#3508 = VECTOR ( 'NONE', #112, 1000.000000000000000 ) ;
#3509 = DIRECTION ( 'NONE',  ( -1.000000000000000000, 0.000000000000000000, 0.000000000000000000 ) ) ;
#3510 = CARTESIAN_POINT ( 'NONE',  ( -18.32000000000000028, 0.9999999999999763522, 0.8500000000000021982 ) ) ;
#3511 = DIRECTION ( 'NONE',  ( 0.000000000000000000, -0.3511234415884135762, 0.9363291775690363306 ) ) ;
#3512 = EDGE_CURVE ( 'NONE', #3777, #2375, #9910, .T. ) ;
#3513 = FACE_OUTER_BOUND ( 'NONE', #4796, .T. ) ;
#3514 = CARTESIAN_POINT ( 'NONE',  ( -3.319999999999999840, 2.109999999999976339, 0.3500000000000021982 ) ) ;
#3515 = VERTEX_POINT ( 'NONE', #8967 ) ;
#3516 = EDGE_CURVE ( 'NONE', #7546, #10191, #7513, .T. ) ;
#3517 = DIRECTION ( 'NONE',  ( -0.8086898285216348459, 0.000000000000000000, -0.5882352941176249850 ) ) ;
#3518 = LINE ( 'NONE', #3636, #10996 ) ;
#3519 = FACE_OUTER_BOUND ( 'NONE', #7176, .T. ) ;
#3520 = EDGE_CURVE ( 'NONE', #2841, #3369, #4894, .T. ) ;
#3521 = DIRECTION ( 'NONE',  ( 0.000000000000000000, 0.000000000000000000, -1.000000000000000000 ) ) ;
#3522 = EDGE_CURVE ( 'NONE', #4839, #9253, #1463, .T. ) ;
#3523 = EDGE_CURVE ( 'NONE', #857, #5484, #9192, .T. ) ;
#3524 = EDGE_LOOP ( 'NONE', ( #10848, #5607, #3711, #10694 ) ) ;
#3525 = LINE ( 'NONE', #5207, #8495 ) ;
#3526 = LINE ( 'NONE', #8507, #4374 ) ;
#3527 = ORIENTED_EDGE ( 'NONE', *, *, #3321, .F. ) ;
#3528 = B_SPLINE_CURVE_WITH_KNOTS ( 'NONE', 3,
 ( #8572, #8736, #4269, #228, #3480, #2579, #3537, #901, #6166, #6008 ),
 .UNSPECIFIED., .F., .F.,
 ( 4, 1, 1, 1, 1, 1, 1, 4 ),
 ( 0.000000000000000000, 0.1428571428570999946, 0.2857142857143000203, 0.4285714285713999594, 0.5714285714286000406, 0.7142857142856999797, 0.8571428571429000609, 1.000000000000000000 ),
 .UNSPECIFIED. ) ;
#3529 = VERTEX_POINT ( 'NONE', #4949 ) ;
#3530 = LINE ( 'NONE', #9623, #5689 ) ;
#3531 = ORIENTED_EDGE ( 'NONE', *, *, #2150, .F. ) ;
#3532 = CARTESIAN_POINT ( 'NONE',  ( -1.649999999999999467, -2.341876692568689577E-14, 3.300000000000002043 ) ) ;
#3533 = EDGE_LOOP ( 'NONE', ( #10736, #4921, #3874, #4121 ) ) ;
#3534 = DIRECTION ( 'NONE',  ( 0.000000000000000000, 1.000000000000000000, 0.000000000000000000 ) ) ;
#3535 = ORIENTED_EDGE ( 'NONE', *, *, #5871, .F. ) ;
#3536 = EDGE_CURVE ( 'NONE', #10968, #684, #6450, .T. ) ;
#3537 = CARTESIAN_POINT ( 'NONE',  ( -1.423999326107000307, -2.748337080617024419, 5.300000000000002487 ) ) ;
#3538 = LINE ( 'NONE', #7958, #5467 ) ;
#3539 = CARTESIAN_POINT ( 'NONE',  ( 0.3200000000000008393, -2.820000000000023821, 0.3200000000000021161 ) ) ;
#3540 = CARTESIAN_POINT ( 'NONE',  ( -8.830000000000000071, 2.599999999999976552, 6.500000000000002665 ) ) ;
#3541 = ORIENTED_EDGE ( 'NONE', *, *, #2799, .T. ) ;
#3542 = VERTEX_POINT ( 'NONE', #1300 ) ;
#3543 = ORIENTED_EDGE ( 'NONE', *, *, #2150, .T. ) ;
#3544 = VECTOR ( 'NONE', #2001, 1000.000000000000000 ) ;
#3545 = VERTEX_POINT ( 'NONE', #2365 ) ;
#3546 = LINE ( 'NONE', #7639, #3989 ) ;
#3547 = ORIENTED_EDGE ( 'NONE', *, *, #3321, .T. ) ;
#3548 = CARTESIAN_POINT ( 'NONE',  ( -6.549999999999999822, 1.179999999999976401, 8.900000000000002132 ) ) ;
#3549 = LINE ( 'NONE', #1868, #4324 ) ;
#3550 = DIRECTION ( 'NONE',  ( 0.000000000000000000, 1.000000000000000000, 0.000000000000000000 ) ) ;
#3551 = B_SPLINE_CURVE_WITH_KNOTS ( 'NONE', 3,
 ( #5322, #7881, #7943, #2729, #373, #6320, #2011, #10500, #8052, #9501 ),
 .UNSPECIFIED., .F., .F.,
 ( 4, 1, 1, 1, 1, 1, 1, 4 ),
 ( 0.000000000000000000, 0.1428571428570999946, 0.2857142857143000203, 0.4285714285713999594, 0.5714285714286000406, 0.7142857142856999797, 0.8571428571429000609, 1.000000000000000000 ),
 .UNSPECIFIED. ) ;
#3552 = AXIS2_PLACEMENT_3D ( 'NONE', #8845, #6940, #1175 ) ;
#3553 = CARTESIAN_POINT ( 'NONE',  ( 3.270000000000000462, 2.316249999999976161, 1.700000000000002398 ) ) ;
#3554 = CARTESIAN_POINT ( 'NONE',  ( -15.32000000000000028, 3.304999999999976179, -0.3199999999999982303 ) ) ;
#3555 = CARTESIAN_POINT ( 'NONE',  ( -17.35999999999999943, 1.159999999999976383, -0.9999999999999983347 ) ) ;
#3556 = AXIS2_PLACEMENT_3D ( 'NONE', #10663, #7799, #3717 ) ;
#3557 = CARTESIAN_POINT ( 'NONE',  ( -1.249999999999999334, 3.679999999999976623, 8.900000000000002132 ) ) ;
#3558 = ORIENTED_EDGE ( 'NONE', *, *, #7464, .F. ) ;
#3559 = ORIENTED_EDGE ( 'NONE', *, *, #231, .T. ) ;
#3560 = CARTESIAN_POINT ( 'NONE',  ( 3.319999999999999840, 4.359999999999976339, 2.296000000000002039 ) ) ;
#3561 = CARTESIAN_POINT ( 'NONE',  ( -18.32000000000000028, -0.04000000000002352368, -0.9999999999999983347 ) ) ;
#3562 = ADVANCED_FACE ( 'NONE', ( #5562 ), #3934, .T. ) ;
#3563 = LINE ( 'NONE', #3944, #8268 ) ;
#3564 = CARTESIAN_POINT ( 'NONE',  ( 3.319999999999999840, 2.429999999999976623, 3.950000000000001954 ) ) ;
#3565 = CARTESIAN_POINT ( 'NONE',  ( -6.319999999999999396, 1.159999999999976383, -0.9999999999999983347 ) ) ;
#3566 = EDGE_CURVE ( 'NONE', #2677, #9245, #9076, .T. ) ;
#3567 = CARTESIAN_POINT ( 'NONE',  ( -18.32000000000000028, 3.304999999999976179, 0.2700000000000020162 ) ) ;
#3568 = CARTESIAN_POINT ( 'NONE',  ( -0.1700000000000000122, 2.599999999999976552, 6.500000000000002665 ) ) ;
#3569 = ORIENTED_EDGE ( 'NONE', *, *, #2089, .F. ) ;
#3570 = ORIENTED_EDGE ( 'NONE', *, *, #3144, .T. ) ;
#3571 = EDGE_CURVE ( 'NONE', #162, #4713, #5619, .T. ) ;
#3572 = FACE_OUTER_BOUND ( 'NONE', #9004, .T. ) ;
#3573 = CARTESIAN_POINT ( 'NONE',  ( -8.679999999999999716, 4.359999999999976339, -0.9999999999999983347 ) ) ;
#3574 = CARTESIAN_POINT ( 'NONE',  ( -6.319999999999999396, 0.7499999999999763522, -0.9999999999999983347 ) ) ;
#3575 = CARTESIAN_POINT ( 'NONE',  ( -14.67999999999999794, 0.7499999999999763522, -0.9999999999999983347 ) ) ;
#3576 = EDGE_CURVE ( 'NONE', #6390, #5381, #8133, .T. ) ;
#3577 = ORIENTED_EDGE ( 'NONE', *, *, #7797, .F. ) ;
#3578 = FACE_OUTER_BOUND ( 'NONE', #630, .T. ) ;
#3579 = VECTOR ( 'NONE', #724, 1000.000000000000000 ) ;
#3580 = DIRECTION ( 'NONE',  ( 0.000000000000000000, 0.000000000000000000, -1.000000000000000000 ) ) ;
#3581 = ORIENTED_EDGE ( 'NONE', *, *, #8978, .T. ) ;
#3582 = EDGE_CURVE ( 'NONE', #4123, #9745, #10803, .T. ) ;
#3583 = ORIENTED_EDGE ( 'NONE', *, *, #2758, .T. ) ;
#3584 = EDGE_CURVE ( 'NONE', #8374, #3, #3589, .T. ) ;
#3585 = LINE ( 'NONE', #10402, #2647 ) ;
#3586 = VERTEX_POINT ( 'NONE', #4780 ) ;
#3587 = DIRECTION ( 'NONE',  ( 1.000000000000000000, 0.000000000000000000, 0.000000000000000000 ) ) ;
#3588 = VECTOR ( 'NONE', #1161, 1000.000000000000000 ) ;
#3589 = B_SPLINE_CURVE_WITH_KNOTS ( 'NONE', 3,
 ( #7347, #3032, #10746, #4052, #5727 ),
 .UNSPECIFIED., .F., .F.,
 ( 4, 1, 4 ),
 ( 0.000000000000000000, 0.5000000000000000000, 1.000000000000000000 ),
 .UNSPECIFIED. ) ;
#3590 = EDGE_CURVE ( 'NONE', #9318, #6432, #8187, .T. ) ;
#3591 = DIRECTION ( 'NONE',  ( 0.000000000000000000, 1.000000000000000000, 0.000000000000000000 ) ) ;
#3592 = ORIENTED_EDGE ( 'NONE', *, *, #10290, .F. ) ;
#3593 = CARTESIAN_POINT ( 'NONE',  ( -9.320000000000000284, 3.699999999999976641, -0.9999999999999983347 ) ) ;
#3594 = AXIS2_PLACEMENT_3D ( 'NONE', #620, #9131, #4888 ) ;
#3595 = DIRECTION ( 'NONE',  ( -1.000000000000000000, 0.000000000000000000, 0.000000000000000000 ) ) ;
#3596 = DIRECTION ( 'NONE',  ( 0.000000000000000000, 0.000000000000000000, 1.000000000000000000 ) ) ;
#3597 = EDGE_CURVE ( 'NONE', #740, #386, #9135, .T. ) ;
#3598 = FACE_OUTER_BOUND ( 'NONE', #6327, .T. ) ;
#3599 = EDGE_LOOP ( 'NONE', ( #2185, #8914, #1402, #5228, #7299, #380, #9012, #10572, #4254, #10952, #6223, #7581 ) ) ;
#3600 = ORIENTED_EDGE ( 'NONE', *, *, #6387, .T. ) ;
#3601 = ORIENTED_EDGE ( 'NONE', *, *, #6600, .T. ) ;
#3602 = ORIENTED_EDGE ( 'NONE', *, *, #11037, .T. ) ;
#3603 = DIRECTION ( 'NONE',  ( 0.000000000000000000, 0.000000000000000000, 1.000000000000000000 ) ) ;
#3604 = VERTEX_POINT ( 'NONE', #6616 ) ;
#3605 = DIRECTION ( 'NONE',  ( -0.3312945782245003690, -0.3312945782245003690, -0.8834522085988016915 ) ) ;
#3606 = VECTOR ( 'NONE', #254, 1000.000000000000000 ) ;
#3607 = LINE ( 'NONE', #968, #5750 ) ;
#3608 = CARTESIAN_POINT ( 'NONE',  ( -13.35000000000000142, -3.336714052769468530, 4.537869833339923886 ) ) ;
#3609 = VECTOR ( 'NONE', #7972, 1000.000000000000000 ) ;
#3610 = PLANE ( 'NONE',  #7014 ) ;
#3611 = LINE ( 'NONE', #298, #414 ) ;
#3612 = PLANE ( 'NONE',  #4814 ) ;
#3613 = CARTESIAN_POINT ( 'NONE',  ( -8.799999999999998934, 5.564999999999976410, 7.150000000000002132 ) ) ;
#3614 = VECTOR ( 'NONE', #5140, 1000.000000000000000 ) ;
#3615 = EDGE_CURVE ( 'NONE', #5997, #1631, #10023, .T. ) ;
#3616 = LINE ( 'NONE', #7023, #7729 ) ;
#3617 = VECTOR ( 'NONE', #6418, 1000.000000000000000 ) ;
#3618 = EDGE_LOOP ( 'NONE', ( #3630, #1064, #8048, #11030, #3340, #1563 ) ) ;
#3619 = ORIENTED_EDGE ( 'NONE', *, *, #8431, .T. ) ;
#3620 = CARTESIAN_POINT ( 'NONE',  ( -0.1700000000000000122, 2.259999999999976250, 6.500000000000002665 ) ) ;
#3621 = DIRECTION ( 'NONE',  ( 0.000000000000000000, -1.000000000000000000, 0.000000000000000000 ) ) ;
#3622 = VECTOR ( 'NONE', #10988, 1000.000000000000114 ) ;
#3623 = DIRECTION ( 'NONE',  ( 1.000000000000000000, 0.000000000000000000, 0.000000000000000000 ) ) ;
#3624 = CARTESIAN_POINT ( 'NONE',  ( 3.319999999999999840, 2.316249999999976161, 1.487234067917001967 ) ) ;
#3625 = VECTOR ( 'NONE', #9753, 1000.000000000000000 ) ;
#3626 = CARTESIAN_POINT ( 'NONE',  ( -12.31999999999999851, 2.429999999999976623, 3.950000000000001954 ) ) ;
#3627 = VECTOR ( 'NONE', #9978, 1000.000000000000000 ) ;
#3628 = PLANE ( 'NONE',  #986 ) ;
#3629 = CARTESIAN_POINT ( 'NONE',  ( -0.3199999999999999512, 4.359999999999976339, -0.9999999999999983347 ) ) ;
#3630 = ORIENTED_EDGE ( 'NONE', *, *, #4968, .T. ) ;
#3631 = VERTEX_POINT ( 'NONE', #5171 ) ;
#3632 = EDGE_CURVE ( 'NONE', #10471, #1807, #10306, .T. ) ;
#3633 = EDGE_CURVE ( 'NONE', #9764, #6532, #5059, .T. ) ;
#3634 = VECTOR ( 'NONE', #1153, 1000.000000000000114 ) ;
#3635 = FACE_OUTER_BOUND ( 'NONE', #1959, .T. ) ;
#3636 = CARTESIAN_POINT ( 'NONE',  ( -8.679999999999999716, 2.109999999999976339, 6.100000000000002309 ) ) ;
#3637 = LINE ( 'NONE', #2785, #5410 ) ;
#3638 = DIRECTION ( 'NONE',  ( 0.000000000000000000, -1.000000000000000000, 0.000000000000000000 ) ) ;
#3639 = ORIENTED_EDGE ( 'NONE', *, *, #9439, .T. ) ;
#3640 = LINE ( 'NONE', #943, #4382 ) ;
#3641 = AXIS2_PLACEMENT_3D ( 'NONE', #257, #1259, #8094 ) ;
#3642 = DIRECTION ( 'NONE',  ( 1.000000000000000000, 0.000000000000000000, 0.000000000000000000 ) ) ;
#3643 = EDGE_LOOP ( 'NONE', ( #4384, #1467, #5206, #3602 ) ) ;
#3644 = ADVANCED_FACE ( 'NONE', ( #847 ), #4322, .T. ) ;
#3645 = VERTEX_POINT ( 'NONE', #2527 ) ;
#3646 = DIRECTION ( 'NONE',  ( 0.000000000000000000, 1.000000000000000000, 0.000000000000000000 ) ) ;
#3647 = LINE ( 'NONE', #7050, #9041 ) ;
#3648 = AXIS2_PLACEMENT_3D ( 'NONE', #9134, #2248, #2138 ) ;
#3649 = EDGE_CURVE ( 'NONE', #8515, #9048, #8627, .T. ) ;
#3650 = DIRECTION ( 'NONE',  ( 0.000000000000000000, 1.000000000000000000, 0.000000000000000000 ) ) ;
#3651 = ORIENTED_EDGE ( 'NONE', *, *, #4746, .F. ) ;
#3652 = DIRECTION ( 'NONE',  ( 0.000000000000000000, 1.000000000000000000, 0.000000000000000000 ) ) ;
#3653 = DIRECTION ( 'NONE',  ( 0.000000000000000000, 0.000000000000000000, -1.000000000000000000 ) ) ;
#3654 = CARTESIAN_POINT ( 'NONE',  ( 3.319999999999999840, 2.159999999999976605, 1.513829809427001960 ) ) ;
#3655 = ADVANCED_FACE ( 'NONE', ( #5002 ), #118, .T. ) ;
#3656 = LINE ( 'NONE', #8903, #10082 ) ;
#3657 = EDGE_LOOP ( 'NONE', ( #2629, #4594, #4606, #3111 ) ) ;
#3658 = VERTEX_POINT ( 'NONE', #793 ) ;
#3659 = ORIENTED_EDGE ( 'NONE', *, *, #5577, .F. ) ;
#3660 = VERTEX_POINT ( 'NONE', #10247 ) ;
#3661 = LINE ( 'NONE', #7850, #1541 ) ;
#3662 = ORIENTED_EDGE ( 'NONE', *, *, #2757, .T. ) ;
#3663 = DIRECTION ( 'NONE',  ( -0.4619344188369849946, -0.8869140841669710396, 0.000000000000000000 ) ) ;
#3664 = DIRECTION ( 'NONE',  ( 0.000000000000000000, -1.000000000000000000, 0.000000000000000000 ) ) ;
#3665 = CARTESIAN_POINT ( 'NONE',  ( -13.35000000000000142, -3.339072956740343656, 4.130806067753847621 ) ) ;
#3666 = EDGE_CURVE ( 'NONE', #10421, #908, #9248, .T. ) ;
#3667 = DIRECTION ( 'NONE',  ( 0.000000000000000000, -1.000000000000000000, 0.000000000000000000 ) ) ;
#3668 = CARTESIAN_POINT ( 'NONE',  ( -2.680000000000000160, 0.7499999999999763522, 0.3200000000000021161 ) ) ;
#3669 = CARTESIAN_POINT ( 'NONE',  ( -16.96000000000000085, 0.4999999999999763522, 0.8500000000000021982 ) ) ;
#3670 = AXIS2_PLACEMENT_3D ( 'NONE', #8175, #4709, #500 ) ;
#3671 = ADVANCED_FACE ( 'NONE', ( #6061 ), #3482, .T. ) ;
#3672 = ORIENTED_EDGE ( 'NONE', *, *, #8275, .T. ) ;
#3673 = DIRECTION ( 'NONE',  ( 0.000000000000000000, 0.000000000000000000, 1.000000000000000000 ) ) ;
#3674 = CARTESIAN_POINT ( 'NONE',  ( -17.35999999999999943, 3.304999999999976179, -0.3299999999999978506 ) ) ;
#3675 = EDGE_LOOP ( 'NONE', ( #6354, #6203, #9472, #518 ) ) ;
#3676 = ORIENTED_EDGE ( 'NONE', *, *, #8107, .F. ) ;
#3677 = VECTOR ( 'NONE', #1067, 1000.000000000000000 ) ;
#3678 = LINE ( 'NONE', #9485, #9837 ) ;
#3679 = FACE_OUTER_BOUND ( 'NONE', #4929, .T. ) ;
#3680 = FACE_OUTER_BOUND ( 'NONE', #10401, .T. ) ;
#3681 = CARTESIAN_POINT ( 'NONE',  ( -15.32000000000000028, 2.749999999999976463, 2.296000000000002039 ) ) ;
#3682 = VECTOR ( 'NONE', #2540, 1000.000000000000000 ) ;
#3683 = DIRECTION ( 'NONE',  ( -1.000000000000000000, 0.000000000000000000, 0.000000000000000000 ) ) ;
#3684 = EDGE_CURVE ( 'NONE', #8485, #1616, #1800, .T. ) ;
#3685 = FACE_OUTER_BOUND ( 'NONE', #3819, .T. ) ;
#3686 = VECTOR ( 'NONE', #7933, 1000.000000000000000 ) ;
#3687 = CARTESIAN_POINT ( 'NONE',  ( 1.959999999999999964, 3.304999999999976179, 0.2700000000000020162 ) ) ;
#3688 = ORIENTED_EDGE ( 'NONE', *, *, #8585, .T. ) ;
#3689 = ORIENTED_EDGE ( 'NONE', *, *, #7900, .F. ) ;
#3690 = FACE_OUTER_BOUND ( 'NONE', #8346, .T. ) ;
#3691 = CARTESIAN_POINT ( 'NONE',  ( -9.320000000000000284, 2.429999999999976623, 3.950000000000001954 ) ) ;
#3692 = DIRECTION ( 'NONE',  ( 0.000000000000000000, -1.000000000000000000, 0.000000000000000000 ) ) ;
#3693 = LINE ( 'NONE', #8665, #6647 ) ;
#3694 = EDGE_CURVE ( 'NONE', #7734, #9845, #8408, .T. ) ;
#3695 = EDGE_LOOP ( 'NONE', ( #6835, #11071, #9291, #9898 ) ) ;
#3696 = FACE_OUTER_BOUND ( 'NONE', #7904, .T. ) ;
#3697 = VECTOR ( 'NONE', #4498, 1000.000000000000000 ) ;
#3698 = LINE ( 'NONE', #2065, #5460 ) ;
#3699 = ORIENTED_EDGE ( 'NONE', *, *, #9932, .F. ) ;
#3700 = VERTEX_POINT ( 'NONE', #3374 ) ;
#3701 = CARTESIAN_POINT ( 'NONE',  ( -12.31999999999999851, 3.484999999999976339, 0.3500000000000021982 ) ) ;
#3702 = DIRECTION ( 'NONE',  ( 1.000000000000000000, 0.000000000000000000, 0.000000000000000000 ) ) ;
#3703 = VECTOR ( 'NONE', #2263, 1000.000000000000000 ) ;
#3704 = CARTESIAN_POINT ( 'NONE',  ( -6.319999999999999396, 0.7499999999999763522, 0.3200000000000021161 ) ) ;
#3705 = ORIENTED_EDGE ( 'NONE', *, *, #9775, .F. ) ;
#3706 = PLANE ( 'NONE',  #10048 ) ;
#3707 = DIRECTION ( 'NONE',  ( 1.000000000000000000, 0.000000000000000000, 0.000000000000000000 ) ) ;
#3708 = DIRECTION ( 'NONE',  ( 0.000000000000000000, -1.000000000000000000, 0.000000000000000000 ) ) ;
#3709 = ADVANCED_FACE ( 'NONE', ( #3319 ), #2424, .T. ) ;
#3710 = DIRECTION ( 'NONE',  ( -1.000000000000000000, 0.000000000000000000, 0.000000000000000000 ) ) ;
#3711 = ORIENTED_EDGE ( 'NONE', *, *, #912, .F. ) ;
#3712 = VERTEX_POINT ( 'NONE', #3429 ) ;
#3713 = ORIENTED_EDGE ( 'NONE', *, *, #1427, .F. ) ;
#3714 = ORIENTED_EDGE ( 'NONE', *, *, #5920, .F. ) ;
#3715 = CARTESIAN_POINT ( 'NONE',  ( 1.959999999999999964, 0.7499999999999763522, 0.7000000000000022871 ) ) ;
#3716 = ORIENTED_EDGE ( 'NONE', *, *, #5703, .F. ) ;
#3717 = DIRECTION ( 'NONE',  ( 1.000000000000000000, 0.000000000000000000, 0.000000000000000000 ) ) ;
#3718 = DIRECTION ( 'NONE',  ( 1.000000000000000000, 0.000000000000000000, 0.000000000000000000 ) ) ;
#3719 = LINE ( 'NONE', #970, #8095 ) ;
#3720 = FACE_OUTER_BOUND ( 'NONE', #8785, .T. ) ;
#3721 = DIRECTION ( 'NONE',  ( 1.000000000000000000, 0.000000000000000000, 0.000000000000000000 ) ) ;
#3722 = ORIENTED_EDGE ( 'NONE', *, *, #1778, .F. ) ;
#3723 = FACE_OUTER_BOUND ( 'NONE', #6683, .T. ) ;
#3724 = EDGE_CURVE ( 'NONE', #3406, #7519, #8574, .T. ) ;
#3725 = FACE_OUTER_BOUND ( 'NONE', #6218, .T. ) ;
#3726 = ADVANCED_FACE ( 'NONE', ( #7575 ), #9299, .T. ) ;
#3727 = EDGE_LOOP ( 'NONE', ( #10444, #4402, #9083, #6089 ) ) ;
#3728 = ORIENTED_EDGE ( 'NONE', *, *, #1664, .F. ) ;
#3729 = VECTOR ( 'NONE', #8116, 1000.000000000000000 ) ;
#3730 = DIRECTION ( 'NONE',  ( 1.000000000000000000, 0.000000000000000000, 0.000000000000000000 ) ) ;
#3731 = CARTESIAN_POINT ( 'NONE',  ( -13.25000000000000000, 3.679999999999976623, 8.900000000000002132 ) ) ;
#3732 = EDGE_CURVE ( 'NONE', #7671, #726, #5892, .T. ) ;
#3733 = AXIS2_PLACEMENT_3D ( 'NONE', #4525, #5255, #9661 ) ;
#3734 = FACE_OUTER_BOUND ( 'NONE', #10467, .T. ) ;
#3735 = DIRECTION ( 'NONE',  ( 0.000000000000000000, 0.000000000000000000, -1.000000000000000000 ) ) ;
#3736 = AXIS2_PLACEMENT_3D ( 'NONE', #1727, #3409, #9442 ) ;
#3737 = CARTESIAN_POINT ( 'NONE',  ( -18.32000000000000028, 1.159999999999976383, -0.3299999999999978506 ) ) ;
#3738 = LINE ( 'NONE', #931, #10667 ) ;
#3739 =( GEOMETRIC_REPRESENTATION_CONTEXT ( 3 ) GLOBAL_UNCERTAINTY_ASSIGNED_CONTEXT ( ( #7097 ) ) GLOBAL_UNIT_ASSIGNED_CONTEXT ( ( #4287, #25, #8483 ) ) REPRESENTATION_CONTEXT ( 'NONE', 'WORKASPACE' ) );
#3740 = ORIENTED_EDGE ( 'NONE', *, *, #5748, .F. ) ;
#3741 = EDGE_LOOP ( 'NONE', ( #6001, #3362, #6919, #6175 ) ) ;
#3742 = PLANE ( 'NONE',  #9821 ) ;
#3743 = CARTESIAN_POINT ( 'NONE',  ( -12.31999999999999851, 4.359999999999976339, -0.9999999999999983347 ) ) ;
#3744 = DIRECTION ( 'NONE',  ( 0.000000000000000000, -1.000000000000000000, 0.000000000000000000 ) ) ;
#3745 = DIRECTION ( 'NONE',  ( 0.000000000000000000, 1.000000000000000000, 0.000000000000000000 ) ) ;
#3746 = VECTOR ( 'NONE', #8030, 1000.000000000000114 ) ;
#3747 = ORIENTED_EDGE ( 'NONE', *, *, #5090, .F. ) ;
#3748 = LINE ( 'NONE', #159, #2771 ) ;
#3749 = CARTESIAN_POINT ( 'NONE',  ( -4.750000000000000000, 3.679999999999976623, 8.900000000000002132 ) ) ;
#3750 = ORIENTED_EDGE ( 'NONE', *, *, #8196, .T. ) ;
#3751 = EDGE_LOOP ( 'NONE', ( #7755, #6937, #3450, #3062 ) ) ;
#3752 = DIRECTION ( 'NONE',  ( 0.000000000000000000, 0.000000000000000000, -1.000000000000000000 ) ) ;
#3753 = EDGE_CURVE ( 'NONE', #235, #5873, #6846, .T. ) ;
#3754 = DIRECTION ( 'NONE',  ( 1.000000000000000000, 0.000000000000000000, 0.000000000000000000 ) ) ;
#3755 = VECTOR ( 'NONE', #10177, 1000.000000000000000 ) ;
#3756 = DIRECTION ( 'NONE',  ( 1.000000000000000000, 0.000000000000000000, 0.000000000000000000 ) ) ;
#3757 = VERTEX_POINT ( 'NONE', #7683 ) ;
#3758 = LINE ( 'NONE', #4545, #7199 ) ;
#3759 = LINE ( 'NONE', #7000, #597 ) ;
#3760 = CARTESIAN_POINT ( 'NONE',  ( -14.83000000000000007, 2.599999999999976552, 6.500000000000002665 ) ) ;
#3761 = CARTESIAN_POINT ( 'NONE',  ( -18.32000000000000028, 3.699999999999976641, -0.3299999999999978506 ) ) ;
#3762 = EDGE_LOOP ( 'NONE', ( #215, #7874, #6739, #5507 ) ) ;
#3763 = ORIENTED_EDGE ( 'NONE', *, *, #8276, .F. ) ;
#3764 = VECTOR ( 'NONE', #8154, 1000.000000000000000 ) ;
#3765 = ADVANCED_FACE ( 'NONE', ( #6 ), #2581, .F. ) ;
#3766 = VERTEX_POINT ( 'NONE', #9520 ) ;
#3767 = VERTEX_POINT ( 'NONE', #9630 ) ;
#3768 = FACE_OUTER_BOUND ( 'NONE', #2393, .T. ) ;
#3769 = ORIENTED_EDGE ( 'NONE', *, *, #1675, .F. ) ;
#3770 = EDGE_CURVE ( 'NONE', #10471, #1271, #4434, .T. ) ;
#3771 = CARTESIAN_POINT ( 'NONE',  ( -13.35000000000000142, -3.325130881893208379, 3.941417311181761640 ) ) ;
#3772 = LINE ( 'NONE', #3932, #10937 ) ;
#3773 = DIRECTION ( 'NONE',  ( 1.000000000000000000, 0.000000000000000000, 0.000000000000000000 ) ) ;
#3774 = CARTESIAN_POINT ( 'NONE',  ( -12.94999999999999929, -2.341876692568689577E-14, 4.300000000000001599 ) ) ;
#3775 = LINE ( 'NONE', #10585, #5352 ) ;
#3776 = FACE_OUTER_BOUND ( 'NONE', #923, .T. ) ;
#3777 = VERTEX_POINT ( 'NONE', #2917 ) ;
#3778 = VERTEX_POINT ( 'NONE', #7115 ) ;
#3779 = EDGE_CURVE ( 'NONE', #3545, #10279, #10354, .T. ) ;
#3780 = DIRECTION ( 'NONE',  ( 0.000000000000000000, 0.000000000000000000, -1.000000000000000000 ) ) ;
#3781 = CARTESIAN_POINT ( 'NONE',  ( -3.319999999999999840, 3.699999999999976641, -0.3299999999999978506 ) ) ;
#3782 = EDGE_CURVE ( 'NONE', #9511, #8057, #1124, .T. ) ;
#3783 = DIRECTION ( 'NONE',  ( 0.000000000000000000, 0.000000000000000000, -1.000000000000000000 ) ) ;
#3784 = CARTESIAN_POINT ( 'NONE',  ( -5.754999999999999893, -3.020000000000023554, 1.734723475976807094E-15 ) ) ;
#3785 = VECTOR ( 'NONE', #1978, 1000.000000000000000 ) ;
#3786 = CARTESIAN_POINT ( 'NONE',  ( -2.049999999999999822, -3.097496087967024359, 4.300000000000001599 ) ) ;
#3787 = VECTOR ( 'NONE', #2217, 1000.000000000000114 ) ;
#3788 = PLANE ( 'NONE',  #6119 ) ;
#3789 = ORIENTED_EDGE ( 'NONE', *, *, #2800, .T. ) ;
#3790 = DIRECTION ( 'NONE',  ( 1.000000000000000000, 0.000000000000000000, 0.000000000000000000 ) ) ;
#3791 = DIRECTION ( 'NONE',  ( 0.000000000000000000, 0.000000000000000000, -1.000000000000000000 ) ) ;
#3792 = CARTESIAN_POINT ( 'NONE',  ( 0.3200000000000008393, 1.554999999999976623, 0.2700000000000020162 ) ) ;
#3793 = VECTOR ( 'NONE', #268, 1000.000000000000000 ) ;
#3794 = PLANE ( 'NONE',  #211 ) ;
#3795 = EDGE_CURVE ( 'NONE', #2353, #8603, #8015, .T. ) ;
#3796 = ORIENTED_EDGE ( 'NONE', *, *, #7100, .T. ) ;
#3797 = EDGE_CURVE ( 'NONE', #7808, #790, #2686, .T. ) ;
#3798 = FACE_OUTER_BOUND ( 'NONE', #3657, .T. ) ;
#3799 = DIRECTION ( 'NONE',  ( 0.000000000000000000, -1.000000000000000000, 0.000000000000000000 ) ) ;
#3800 = EDGE_CURVE ( 'NONE', #8907, #10751, #2078, .T. ) ;
#3801 = ORIENTED_EDGE ( 'NONE', *, *, #2975, .T. ) ;
#3802 = VECTOR ( 'NONE', #1993, 1000.000000000000000 ) ;
#3803 = VECTOR ( 'NONE', #3652, 1000.000000000000000 ) ;
#3804 = ORIENTED_EDGE ( 'NONE', *, *, #4205, .T. ) ;
#3805 = CARTESIAN_POINT ( 'NONE',  ( -16.91999999999999815, 1.679999999999976401, 8.900000000000002132 ) ) ;
#3806 = DIRECTION ( 'NONE',  ( -1.000000000000000000, 0.000000000000000000, 0.000000000000000000 ) ) ;
#3807 = CARTESIAN_POINT ( 'NONE',  ( -13.99132741799599877, -3.253451369400031545, 4.696453919593903237 ) ) ;
#3808 = VECTOR ( 'NONE', #6084, 1000.000000000000000 ) ;
#3809 = EDGE_LOOP ( 'NONE', ( #3488, #4738, #7685, #1794 ) ) ;
#3810 = CARTESIAN_POINT ( 'NONE',  ( -18.32000000000000028, 3.699999999999976641, -0.9999999999999983347 ) ) ;
#3811 = DIRECTION ( 'NONE',  ( 1.000000000000000000, 0.000000000000000000, 0.000000000000000000 ) ) ;
#3812 = DIRECTION ( 'NONE',  ( 0.000000000000000000, 0.000000000000000000, -1.000000000000000000 ) ) ;
#3813 = CARTESIAN_POINT ( 'NONE',  ( -12.31999999999999851, 3.484999999999976339, 0.3500000000000021982 ) ) ;
#3814 = ADVANCED_FACE ( 'NONE', ( #173 ), #1913, .F. ) ;
#3815 = ORIENTED_EDGE ( 'NONE', *, *, #2970, .T. ) ;
#3816 = VERTEX_POINT ( 'NONE', #2804 ) ;
#3817 = ORIENTED_EDGE ( 'NONE', *, *, #5514, .T. ) ;
#3818 = VECTOR ( 'NONE', #8146, 1000.000000000000000 ) ;
#3819 = EDGE_LOOP ( 'NONE', ( #2532, #5786, #4347, #2957 ) ) ;
#3820 = DIRECTION ( 'NONE',  ( 1.000000000000000000, 0.000000000000000000, 0.000000000000000000 ) ) ;
#3821 = ORIENTED_EDGE ( 'NONE', *, *, #8827, .T. ) ;
#3822 = LINE ( 'NONE', #8183, #4310 ) ;
#3823 = DIRECTION ( 'NONE',  ( 0.000000000000000000, -1.000000000000000000, 0.000000000000000000 ) ) ;
#3824 = CARTESIAN_POINT ( 'NONE',  ( -12.00000000000000000, -3.020000000000023554, 0.2450000000000021605 ) ) ;
#3825 = DIRECTION ( 'NONE',  ( 0.000000000000000000, 0.000000000000000000, -1.000000000000000000 ) ) ;
#3826 = DIRECTION ( 'NONE',  ( 0.000000000000000000, 1.000000000000000000, 0.000000000000000000 ) ) ;
#3827 = EDGE_CURVE ( 'NONE', #2535, #1271, #6112, .T. ) ;
#3828 = DIRECTION ( 'NONE',  ( 0.000000000000000000, 1.000000000000000000, 0.000000000000000000 ) ) ;
#3829 = ORIENTED_EDGE ( 'NONE', *, *, #3442, .T. ) ;
#3830 = ORIENTED_EDGE ( 'NONE', *, *, #6996, .T. ) ;
#3831 = LINE ( 'NONE', #523, #5036 ) ;
#3832 = CARTESIAN_POINT ( 'NONE',  ( -2.680000000000000160, 3.699999999999976641, -0.3299999999999978506 ) ) ;
#3833 = VECTOR ( 'NONE', #3304, 1000.000000000000000 ) ;
#3834 = LINE ( 'NONE', #581, #9860 ) ;
#3835 = CARTESIAN_POINT ( 'NONE',  ( -8.679999999999999716, 2.429999999999976623, 3.950000000000001954 ) ) ;
#3836 = EDGE_CURVE ( 'NONE', #2548, #4920, #4547, .T. ) ;
#3837 = LINE ( 'NONE', #8045, #7660 ) ;
#3838 = EDGE_CURVE ( 'NONE', #1045, #10544, #8852, .T. ) ;
#3839 = VECTOR ( 'NONE', #1231, 1000.000000000000000 ) ;
#3840 = ORIENTED_EDGE ( 'NONE', *, *, #6855, .T. ) ;
#3841 = ORIENTED_EDGE ( 'NONE', *, *, #6805, .T. ) ;
#3842 = DIRECTION ( 'NONE',  ( 1.000000000000000000, 0.000000000000000000, 0.000000000000000000 ) ) ;
#3843 = VECTOR ( 'NONE', #3493, 1000.000000000000000 ) ;
#3844 = CARTESIAN_POINT ( 'NONE',  ( -8.679999999999999716, 3.304999999999976179, 0.2700000000000020162 ) ) ;
#3845 = CARTESIAN_POINT ( 'NONE',  ( 0.3200000000000008393, 1.554999999999976623, -0.3299999999999978506 ) ) ;
#3846 = DIRECTION ( 'NONE',  ( 0.000000000000000000, 0.000000000000000000, -1.000000000000000000 ) ) ;
#3847 = AXIS2_PLACEMENT_3D ( 'NONE', #4577, #10493, #8713 ) ;
#3848 = ORIENTED_EDGE ( 'NONE', *, *, #7069, .F. ) ;
#3849 = DIRECTION ( 'NONE',  ( 0.3312945782245003690, 0.3312945782245003690, -0.8834522085988016915 ) ) ;
#3850 = LINE ( 'NONE', #8273, #6573 ) ;
#3851 = ORIENTED_EDGE ( 'NONE', *, *, #655, .T. ) ;
#3852 = ADVANCED_FACE ( 'NONE', ( #9735 ), #285, .T. ) ;
#3853 = ORIENTED_EDGE ( 'NONE', *, *, #7556, .F. ) ;
#3854 = VECTOR ( 'NONE', #3483, 1000.000000000000000 ) ;
#3855 = EDGE_CURVE ( 'NONE', #783, #3950, #6277, .T. ) ;
#3856 = CARTESIAN_POINT ( 'NONE',  ( 3.319999999999999840, 3.679999999999976623, 7.500000000000002665 ) ) ;
#3857 = FACE_OUTER_BOUND ( 'NONE', #6818, .T. ) ;
#3858 = VECTOR ( 'NONE', #10228, 1000.000000000000000 ) ;
#3859 = LINE ( 'NONE', #1444, #1452 ) ;
#3860 = CARTESIAN_POINT ( 'NONE',  ( -14.44999999999999929, 1.179999999999976401, 2.296000000000002039 ) ) ;
#3861 = VECTOR ( 'NONE', #397, 1000.000000000000000 ) ;
#3862 = EDGE_CURVE ( 'NONE', #5690, #2370, #5336, .T. ) ;
#3863 = VERTEX_POINT ( 'NONE', #8681 ) ;
#3864 = CARTESIAN_POINT ( 'NONE',  ( -0.3199999999999999512, 0.7499999999999763522, 0.3500000000000021982 ) ) ;
#3865 = LINE ( 'NONE', #1284, #2062 ) ;
#3866 = CARTESIAN_POINT ( 'NONE',  ( -6.319999999999999396, 4.359999999999976339, -0.9999999999999983347 ) ) ;
#3867 = DIRECTION ( 'NONE',  ( 1.000000000000000000, 0.000000000000000000, 0.000000000000000000 ) ) ;
#3868 = EDGE_LOOP ( 'NONE', ( #613, #1878, #9885, #5775 ) ) ;
#3869 = VERTEX_POINT ( 'NONE', #9576 ) ;
#3870 = VECTOR ( 'NONE', #6657, 1000.000000000000000 ) ;
#3871 = ORIENTED_EDGE ( 'NONE', *, *, #6196, .T. ) ;
#3872 = ORIENTED_EDGE ( 'NONE', *, *, #6704, .T. ) ;
#3873 = CARTESIAN_POINT ( 'NONE',  ( -1.649999999999999911, -3.326107157792162816, 4.651682964639408446 ) ) ;
#3874 = ORIENTED_EDGE ( 'NONE', *, *, #1371, .T. ) ;
#3875 = EDGE_CURVE ( 'NONE', #10241, #6403, #335, .T. ) ;
#3876 = PLANE ( 'NONE',  #9665 ) ;
#3877 = CARTESIAN_POINT ( 'NONE',  ( -16.96000000000000085, 3.699999999999976641, -0.9999999999999983347 ) ) ;
#3878 = DIRECTION ( 'NONE',  ( 0.000000000000000000, 0.000000000000000000, 1.000000000000000000 ) ) ;
#3879 = DIRECTION ( 'NONE',  ( -0.3312945782245003690, -0.3312945782245003690, -0.8834522085988016915 ) ) ;
#3880 = CARTESIAN_POINT ( 'NONE',  ( -2.049999999999999822, 0.1669999999999766394, 4.300000000000001599 ) ) ;
#3881 = ORIENTED_EDGE ( 'NONE', *, *, #5909, .F. ) ;
#3882 = EDGE_LOOP ( 'NONE', ( #9276, #6213, #7896, #5771 ) ) ;
#3883 = PLANE ( 'NONE',  #8763 ) ;
#3884 = ORIENTED_EDGE ( 'NONE', *, *, #5431, .T. ) ;
#3885 = ORIENTED_EDGE ( 'NONE', *, *, #4390, .T. ) ;
#3886 = EDGE_CURVE ( 'NONE', #10015, #8894, #10565, .T. ) ;
#3887 = LINE ( 'NONE', #8090, #1813 ) ;
#3888 = CARTESIAN_POINT ( 'NONE',  ( 1.959999999999999964, 3.699999999999976641, -0.9999999999999983347 ) ) ;
#3889 = LINE ( 'NONE', #6570, #3447 ) ;
#3890 = LINE ( 'NONE', #9205, #7742 ) ;
#3891 = CARTESIAN_POINT ( 'NONE',  ( -8.799999999999998934, 5.564999999999976410, 6.400000000000002132 ) ) ;
#3892 = FACE_OUTER_BOUND ( 'NONE', #1404, .T. ) ;
#3893 = VERTEX_POINT ( 'NONE', #8738 ) ;
#3894 = VERTEX_POINT ( 'NONE', #7001 ) ;
#3895 = EDGE_CURVE ( 'NONE', #6452, #9245, #10412, .T. ) ;
#3896 = VECTOR ( 'NONE', #5423, 1000.000000000000000 ) ;
#3897 = LINE ( 'NONE', #9042, #4122 ) ;
#3898 = LINE ( 'NONE', #9043, #1997 ) ;
#3899 = LINE ( 'NONE', #4071, #3251 ) ;
#3900 = EDGE_CURVE ( 'NONE', #9904, #892, #7899, .T. ) ;
#3901 = DIRECTION ( 'NONE',  ( 0.000000000000000000, -1.000000000000000000, 0.000000000000000000 ) ) ;
#3902 = ORIENTED_EDGE ( 'NONE', *, *, #8783, .T. ) ;
#3903 = DIRECTION ( 'NONE',  ( 1.000000000000000000, 0.000000000000000000, 0.000000000000000000 ) ) ;
#3904 = LINE ( 'NONE', #8995, #864 ) ;
#3905 = ORIENTED_EDGE ( 'NONE', *, *, #10328, .F. ) ;
#3906 = VECTOR ( 'NONE', #995, 1000.000000000000000 ) ;
#3907 = ADVANCED_FACE ( 'NONE', ( #2235 ), #2347, .F. ) ;
#3908 = EDGE_LOOP ( 'NONE', ( #709, #5855, #6341, #10552 ) ) ;
#3909 = DIRECTION ( 'NONE',  ( 0.000000000000000000, -1.000000000000000000, 0.000000000000000000 ) ) ;
#3910 = DIRECTION ( 'NONE',  ( 1.000000000000000000, 0.000000000000000000, 0.000000000000000000 ) ) ;
#3911 = DIRECTION ( 'NONE',  ( 0.000000000000000000, 0.000000000000000000, -1.000000000000000000 ) ) ;
#3912 = VECTOR ( 'NONE', #2875, 1000.000000000000000 ) ;
#3913 = EDGE_CURVE ( 'NONE', #3700, #1076, #3919, .T. ) ;
#3914 = LINE ( 'NONE', #4815, #3609 ) ;
#3915 = FACE_OUTER_BOUND ( 'NONE', #9640, .T. ) ;
#3916 = ORIENTED_EDGE ( 'NONE', *, *, #3244, .T. ) ;
#3917 = CARTESIAN_POINT ( 'NONE',  ( -0.8409072696130005520, -3.088021493513020577, 3.839674511752802832 ) ) ;
#3918 = CARTESIAN_POINT ( 'NONE',  ( -8.679999999999999716, 2.109999999999976339, 0.3500000000000021982 ) ) ;
#3919 = LINE ( 'NONE', #3193, #9413 ) ;
#3920 = EDGE_CURVE ( 'NONE', #8508, #5702, #610, .T. ) ;
#3921 = PLANE ( 'NONE',  #10795 ) ;
#3922 = EDGE_CURVE ( 'NONE', #7450, #1007, #1285, .T. ) ;
#3923 = ORIENTED_EDGE ( 'NONE', *, *, #9873, .F. ) ;
#3924 = ORIENTED_EDGE ( 'NONE', *, *, #3963, .F. ) ;
#3925 = ORIENTED_EDGE ( 'NONE', *, *, #2332, .F. ) ;
#3926 = VECTOR ( 'NONE', #10876, 1000.000000000000000 ) ;
#3927 = ORIENTED_EDGE ( 'NONE', *, *, #5615, .T. ) ;
#3928 = CARTESIAN_POINT ( 'NONE',  ( -1.649999999999999467, -3.339867812236873679, 4.397732658188733268 ) ) ;
#3929 = ORIENTED_EDGE ( 'NONE', *, *, #7597, .T. ) ;
#3930 = CARTESIAN_POINT ( 'NONE',  ( -1.249999999999999334, 1.179999999999976401, 2.296000000000002039 ) ) ;
#3931 = ADVANCED_FACE ( 'NONE', ( #6494 ), #5661, .F. ) ;
#3932 = CARTESIAN_POINT ( 'NONE',  ( -0.3199999999999999512, 3.304999999999976179, 0.2700000000000020162 ) ) ;
#3933 = DIRECTION ( 'NONE',  ( 0.000000000000000000, 0.000000000000000000, -1.000000000000000000 ) ) ;
#3934 = CYLINDRICAL_SURFACE ( 'NONE', #2848, 1.400000000000000133 ) ;
#3935 = ADVANCED_FACE ( 'NONE', ( #6384 ), #10844, .T. ) ;
#3936 = LINE ( 'NONE', #7458, #6183 ) ;
#3937 = AXIS2_PLACEMENT_3D ( 'NONE', #9704, #465, #9802 ) ;
#3938 = VERTEX_POINT ( 'NONE', #6602 ) ;
#3939 = VERTEX_POINT ( 'NONE', #10619 ) ;
#3940 = ORIENTED_EDGE ( 'NONE', *, *, #10413, .T. ) ;
#3941 = EDGE_LOOP ( 'NONE', ( #1932, #2066, #1225, #5117 ) ) ;
#3942 = CARTESIAN_POINT ( 'NONE',  ( -8.679999999999999716, 2.749999999999976463, 1.500000000000002220 ) ) ;
#3943 = CARTESIAN_POINT ( 'NONE',  ( 1.919999999999999929, 4.359999999999976339, 8.900000000000002132 ) ) ;
#3944 = CARTESIAN_POINT ( 'NONE',  ( -12.31999999999999851, 0.7499999999999763522, 0.3200000000000021161 ) ) ;
#3945 = LINE ( 'NONE', #7469, #10431 ) ;
#3946 = CARTESIAN_POINT ( 'NONE',  ( -14.34999999999999964, 0.4999999999999763522, 0.8500000000000021982 ) ) ;
#3947 = VECTOR ( 'NONE', #3591, 1000.000000000000000 ) ;
#3948 = DIRECTION ( 'NONE',  ( 0.000000000000000000, 0.000000000000000000, -1.000000000000000000 ) ) ;
#3949 = EDGE_CURVE ( 'NONE', #1919, #2225, #9119, .T. ) ;
#3950 = VERTEX_POINT ( 'NONE', #663 ) ;
#3951 = ORIENTED_EDGE ( 'NONE', *, *, #955, .F. ) ;
#3952 = DIRECTION ( 'NONE',  ( 0.000000000000000000, 0.000000000000000000, 1.000000000000000000 ) ) ;
#3953 = FACE_OUTER_BOUND ( 'NONE', #2612, .T. ) ;
#3954 = DIRECTION ( 'NONE',  ( 1.000000000000000000, 0.000000000000000000, 0.000000000000000000 ) ) ;
#3955 = VECTOR ( 'NONE', #8541, 1000.000000000000114 ) ;
#3956 = CARTESIAN_POINT ( 'NONE',  ( -13.75000000000000000, 3.679999999999976623, 8.900000000000002132 ) ) ;
#3957 = AXIS2_PLACEMENT_3D ( 'NONE', #8224, #3970, #10722 ) ;
#3958 = ORIENTED_EDGE ( 'NONE', *, *, #6091, .T. ) ;
#3959 = LINE ( 'NONE', #7376, #5115 ) ;
#3960 = LINE ( 'NONE', #1493, #5866 ) ;
#3961 = EDGE_LOOP ( 'NONE', ( #2309, #5582, #2770, #7226 ) ) ;
#3962 = EDGE_CURVE ( 'NONE', #10339, #3404, #9896, .T. ) ;
#3963 = EDGE_CURVE ( 'NONE', #6069, #11033, #8230, .T. ) ;
#3964 = ORIENTED_EDGE ( 'NONE', *, *, #10819, .F. ) ;
#3965 = AXIS2_PLACEMENT_3D ( 'NONE', #2847, #9614, #5483 ) ;
#3966 = CARTESIAN_POINT ( 'NONE',  ( -7.500000000000000000, 0.7499999999999763522, 3.950000000000001954 ) ) ;
#3967 = VECTOR ( 'NONE', #1320, 1000.000000000000000 ) ;
#3968 = CARTESIAN_POINT ( 'NONE',  ( -17.62000000000000099, 2.429999999999976623, 8.200000000000002842 ) ) ;
#3969 = LINE ( 'NONE', #5035, #8553 ) ;
#3970 = DIRECTION ( 'NONE',  ( -1.000000000000000000, 0.000000000000000000, 0.000000000000000000 ) ) ;
#3971 = DIRECTION ( 'NONE',  ( 0.000000000000000000, -1.000000000000000000, 0.000000000000000000 ) ) ;
#3972 = VECTOR ( 'NONE', #8883, 1000.000000000000000 ) ;
#3973 = ORIENTED_EDGE ( 'NONE', *, *, #7217, .T. ) ;
#3974 = DIRECTION ( 'NONE',  ( -1.000000000000000000, 0.000000000000000000, 0.000000000000000000 ) ) ;
#3975 = DIRECTION ( 'NONE',  ( -0.7071067811865474617, 0.000000000000000000, 0.7071067811865474617 ) ) ;
#3976 = LINE ( 'NONE', #10789, #10643 ) ;
#3977 = EDGE_CURVE ( 'NONE', #6645, #9318, #2125, .T. ) ;
#3978 = VECTOR ( 'NONE', #8200, 1000.000000000000000 ) ;
#3979 = VECTOR ( 'NONE', #3017, 1000.000000000000000 ) ;
#3980 = DIRECTION ( 'NONE',  ( 0.000000000000000000, 1.000000000000000000, 0.000000000000000000 ) ) ;
#3981 = VERTEX_POINT ( 'NONE', #3075 ) ;
#3982 = EDGE_CURVE ( 'NONE', #7081, #8179, #3976, .T. ) ;
#3983 = EDGE_LOOP ( 'NONE', ( #7164, #3659, #9681, #9398 ) ) ;
#3984 = ORIENTED_EDGE ( 'NONE', *, *, #7810, .T. ) ;
#3985 = ADVANCED_FACE ( 'NONE', ( #4708 ), #8120, .F. ) ;
#3986 = ORIENTED_EDGE ( 'NONE', *, *, #10483, .T. ) ;
#3987 = CARTESIAN_POINT ( 'NONE',  ( -1.649999999999999245, -3.317682956848808651, 3.896824211052930309 ) ) ;
#3988 = VERTEX_POINT ( 'NONE', #6435 ) ;
#3989 = VECTOR ( 'NONE', #799, 1000.000000000000000 ) ;
#3990 = B_SPLINE_CURVE_WITH_KNOTS ( 'NONE', 3,
 ( #9152, #5066, #3382, #2534, #1486 ),
 .UNSPECIFIED., .F., .F.,
 ( 4, 1, 4 ),
 ( 0.000000000000000000, 0.5000000000000000000, 1.000000000000000000 ),
 .UNSPECIFIED. ) ;
#3991 = CARTESIAN_POINT ( 'NONE',  ( -12.94999999999999929, -1.790000000000023350, 4.300000000000001599 ) ) ;
#3992 = ADVANCED_FACE ( 'NONE', ( #9835 ), #2180, .T. ) ;
#3993 = DIRECTION ( 'NONE',  ( 0.000000000000000000, -1.000000000000000000, 0.000000000000000000 ) ) ;
#3994 = LINE ( 'NONE', #1522, #6500 ) ;
#3995 = DIRECTION ( 'NONE',  ( 0.000000000000000000, 0.000000000000000000, 1.000000000000000000 ) ) ;
#3996 = DIRECTION ( 'NONE',  ( -1.000000000000000000, 0.000000000000000000, 0.000000000000000000 ) ) ;
#3997 = AXIS2_PLACEMENT_3D ( 'NONE', #10983, #6746, #10146 ) ;
#3998 = ORIENTED_EDGE ( 'NONE', *, *, #7349, .F. ) ;
#3999 = ADVANCED_FACE ( 'NONE', ( #499 ), #7391, .F. ) ;
#4000 = ORIENTED_EDGE ( 'NONE', *, *, #7472, .T. ) ;
#4001 = ORIENTED_EDGE ( 'NONE', *, *, #9255, .T. ) ;
#4002 = ORIENTED_EDGE ( 'NONE', *, *, #5993, .T. ) ;
#4003 = EDGE_CURVE ( 'NONE', #934, #10300, #5715, .T. ) ;
#4004 = EDGE_CURVE ( 'NONE', #1621, #8874, #4036, .T. ) ;
#4005 = CARTESIAN_POINT ( 'NONE',  ( -14.67999999999999794, 4.359999999999976339, 0.3500000000000021982 ) ) ;
#4006 = PLANE ( 'NONE',  #6004 ) ;
#4007 = EDGE_CURVE ( 'NONE', #6832, #740, #10064, .T. ) ;
#4008 = VECTOR ( 'NONE', #9734, 1000.000000000000114 ) ;
#4009 = CARTESIAN_POINT ( 'NONE',  ( 0.1700000000000000122, -3.220000000000023288, -0.1699999999999982636 ) ) ;
#4010 = CARTESIAN_POINT ( 'NONE',  ( -11.67999999999999972, 1.554999999999976623, 0.2700000000000020162 ) ) ;
#4011 = LINE ( 'NONE', #7360, #9940 ) ;
#4012 = DIRECTION ( 'NONE',  ( 0.000000000000000000, 0.000000000000000000, 1.000000000000000000 ) ) ;
#4013 = DIRECTION ( 'NONE',  ( 1.000000000000000000, 0.000000000000000000, 0.000000000000000000 ) ) ;
#4014 = ORIENTED_EDGE ( 'NONE', *, *, #9916, .F. ) ;
#4015 = CARTESIAN_POINT ( 'NONE',  ( -0.3199999999999999512, 2.429999999999976623, 3.950000000000001954 ) ) ;
#4016 = CARTESIAN_POINT ( 'NONE',  ( -12.31999999999999851, 0.7499999999999763522, -0.3199999999999982303 ) ) ;
#4017 = FACE_OUTER_BOUND ( 'NONE', #10244, .T. ) ;
#4018 = CARTESIAN_POINT ( 'NONE',  ( -1.749999999999999778, 3.679999999999976623, 2.296000000000002039 ) ) ;
#4019 = EDGE_CURVE ( 'NONE', #9180, #10124, #7497, .T. ) ;
#4020 = LINE ( 'NONE', #3289, #9148 ) ;
#4021 = LINE ( 'NONE', #8054, #3137 ) ;
#4022 = AXIS2_PLACEMENT_3D ( 'NONE', #4147, #10294, #6047 ) ;
#4023 = DIRECTION ( 'NONE',  ( -1.000000000000000000, 0.000000000000000000, 0.000000000000000000 ) ) ;
#4024 = EDGE_LOOP ( 'NONE', ( #1495, #1166, #3796, #2663, #5406, #1637, #5476, #9881 ) ) ;
#4025 = ORIENTED_EDGE ( 'NONE', *, *, #2687, .F. ) ;
#4026 = DIRECTION ( 'NONE',  ( 1.000000000000000000, 0.000000000000000000, 0.000000000000000000 ) ) ;
#4027 = DIRECTION ( 'NONE',  ( 1.000000000000000000, 0.000000000000000000, 0.000000000000000000 ) ) ;
#4028 = CARTESIAN_POINT ( 'NONE',  ( 1.959999999999999964, -0.6005000000000237925, 5.400000000000002132 ) ) ;
#4029 = AXIS2_PLACEMENT_3D ( 'NONE', #429, #1381, #9102 ) ;
#4030 = ADVANCED_FACE ( 'NONE', ( #3217 ), #3163, .T. ) ;
#4031 = DIRECTION ( 'NONE',  ( 0.000000000000000000, -1.000000000000000000, 0.000000000000000000 ) ) ;
#4032 = CARTESIAN_POINT ( 'NONE',  ( -13.92979589711299937, -1.790000000000023350, 3.300000000000002043 ) ) ;
#4033 = ORIENTED_EDGE ( 'NONE', *, *, #3442, .F. ) ;
#4034 = DIRECTION ( 'NONE',  ( 0.000000000000000000, 1.000000000000000000, 0.000000000000000000 ) ) ;
#4035 = DIRECTION ( 'NONE',  ( 1.000000000000000000, 0.000000000000000000, 0.000000000000000000 ) ) ;
#4036 = LINE ( 'NONE', #3246, #3870 ) ;
#4037 = VECTOR ( 'NONE', #2592, 1000.000000000000000 ) ;
#4038 = CARTESIAN_POINT ( 'NONE',  ( -16.96000000000000085, 0.7499999999999763522, 0.8500000000000021982 ) ) ;
#4039 = VERTEX_POINT ( 'NONE', #9980 ) ;
#4040 = VECTOR ( 'NONE', #376, 1000.000000000000000 ) ;
#4041 = ORIENTED_EDGE ( 'NONE', *, *, #9800, .F. ) ;
#4042 = VECTOR ( 'NONE', #7219, 1000.000000000000000 ) ;
#4043 = ORIENTED_EDGE ( 'NONE', *, *, #1943, .F. ) ;
#4044 = ORIENTED_EDGE ( 'NONE', *, *, #9990, .F. ) ;
#4045 = CARTESIAN_POINT ( 'NONE',  ( -1.650000000000000133, -3.338500099589359671, 4.107853461857245314 ) ) ;
#4046 = ORIENTED_EDGE ( 'NONE', *, *, #9572, .F. ) ;
#4047 = CARTESIAN_POINT ( 'NONE',  ( -8.799999999999998934, 4.864999999999977121, 5.900000000000002132 ) ) ;
#4048 = EDGE_CURVE ( 'NONE', #10124, #194, #6627, .T. ) ;
#4049 = ORIENTED_EDGE ( 'NONE', *, *, #9634, .T. ) ;
#4050 = LINE ( 'NONE', #5948, #2907 ) ;
#4051 = DIRECTION ( 'NONE',  ( 0.000000000000000000, 0.000000000000000000, 1.000000000000000000 ) ) ;
#4052 = CARTESIAN_POINT ( 'NONE',  ( -1.649999999999999467, -2.915870530662023175, 5.266066253268001596 ) ) ;
#4053 = DIRECTION ( 'NONE',  ( 0.000000000000000000, 0.000000000000000000, -1.000000000000000000 ) ) ;
#4054 = ORIENTED_EDGE ( 'NONE', *, *, #7542, .T. ) ;
#4055 = ORIENTED_EDGE ( 'NONE', *, *, #10142, .T. ) ;
#4056 = EDGE_CURVE ( 'NONE', #728, #2986, #3278, .T. ) ;
#4057 = ORIENTED_EDGE ( 'NONE', *, *, #3338, .T. ) ;
#4058 = VERTEX_POINT ( 'NONE', #10762 ) ;
#4059 = DIRECTION ( 'NONE',  ( 1.000000000000000000, 0.000000000000000000, 0.000000000000000000 ) ) ;
#4060 = LINE ( 'NONE', #2205, #9207 ) ;
#4061 = CARTESIAN_POINT ( 'NONE',  ( -5.830000000000000071, -3.220000000000023288, -0.1699999999999982636 ) ) ;
#4062 = DIRECTION ( 'NONE',  ( 0.000000000000000000, 0.000000000000000000, -1.000000000000000000 ) ) ;
#4063 = LINE ( 'NONE', #7470, #5666 ) ;
#4064 = ADVANCED_FACE ( 'NONE', ( #10093 ), #3045, .T. ) ;
#4065 = DIRECTION ( 'NONE',  ( 0.000000000000000000, 1.000000000000000000, 0.000000000000000000 ) ) ;
#4066 = ADVANCED_FACE ( 'NONE', ( #4960 ), #9147, .T. ) ;
#4067 = CARTESIAN_POINT ( 'NONE',  ( -8.679999999999999716, 4.359999999999976339, 0.3500000000000021982 ) ) ;
#4068 = ORIENTED_EDGE ( 'NONE', *, *, #4824, .F. ) ;
#4069 = LINE ( 'NONE', #6635, #10171 ) ;
#4070 = CARTESIAN_POINT ( 'NONE',  ( -12.31999999999999851, 1.159999999999976383, -0.3299999999999978506 ) ) ;
#4071 = CARTESIAN_POINT ( 'NONE',  ( 1.250000000000001110, 3.679999999999976623, 8.900000000000002132 ) ) ;
#4072 = LINE ( 'NONE', #649, #4334 ) ;
#4073 = EDGE_CURVE ( 'NONE', #5489, #8957, #7416, .T. ) ;
#4074 = DIRECTION ( 'NONE',  ( 1.184237892933999964E-13, 0.000000000000000000, 1.000000000000000000 ) ) ;
#4075 = CARTESIAN_POINT ( 'NONE',  ( -6.319999999999999396, 1.554999999999976623, -0.3199999999999982303 ) ) ;
#4076 = VERTEX_POINT ( 'NONE', #692 ) ;
#4077 = VECTOR ( 'NONE', #10220, 1000.000000000000000 ) ;
#4078 = ORIENTED_EDGE ( 'NONE', *, *, #7527, .F. ) ;
#4079 = CARTESIAN_POINT ( 'NONE',  ( -12.16999999999999993, 2.259999999999976250, 6.500000000000002665 ) ) ;
#4080 = CARTESIAN_POINT ( 'NONE',  ( -14.67999999999999794, -2.820000000000023821, -0.3199999999999982303 ) ) ;
#4081 = CARTESIAN_POINT ( 'NONE',  ( -3.319999999999999840, 4.359999999999976339, 0.3500000000000021982 ) ) ;
#4082 = VECTOR ( 'NONE', #7951, 1000.000000000000000 ) ;
#4083 = CARTESIAN_POINT ( 'NONE',  ( -5.679999999999999716, 4.359999999999976339, -0.9999999999999983347 ) ) ;
#4084 = FACE_OUTER_BOUND ( 'NONE', #5730, .T. ) ;
#4085 = STYLED_ITEM ( 'NONE', ( #865 ), #2706 ) ;
#4086 = ORIENTED_EDGE ( 'NONE', *, *, #5526, .F. ) ;
#4087 = FACE_OUTER_BOUND ( 'NONE', #8246, .T. ) ;
#4088 = CARTESIAN_POINT ( 'NONE',  ( -8.679999999999999716, 3.304999999999976179, 0.2700000000000020162 ) ) ;
#4089 = CARTESIAN_POINT ( 'NONE',  ( -15.32000000000000028, 0.7499999999999763522, 0.3200000000000021161 ) ) ;
#4090 = VECTOR ( 'NONE', #1248, 1000.000000000000000 ) ;
#4091 = LINE ( 'NONE', #1450, #5992 ) ;
#4092 = EDGE_LOOP ( 'NONE', ( #10625, #853, #4805, #3252 ) ) ;
#4093 = EDGE_CURVE ( 'NONE', #660, #3939, #9869, .T. ) ;
#4094 = VERTEX_POINT ( 'NONE', #4907 ) ;
#4095 = VERTEX_POINT ( 'NONE', #5851 ) ;
#4096 = CARTESIAN_POINT ( 'NONE',  ( -15.32000000000000028, 1.554999999999976623, -0.3199999999999982303 ) ) ;
#4097 = DIRECTION ( 'NONE',  ( 0.000000000000000000, 0.000000000000000000, -1.000000000000000000 ) ) ;
#4098 = ORIENTED_EDGE ( 'NONE', *, *, #5275, .F. ) ;
#4099 = CARTESIAN_POINT ( 'NONE',  ( -1.649999999999999689, -3.338965152642418666, 4.474378622574604947 ) ) ;
#4100 = VERTEX_POINT ( 'NONE', #8257 ) ;
#4101 = CARTESIAN_POINT ( 'NONE',  ( -3.319999999999999840, 0.7499999999999763522, -0.9999999999999983347 ) ) ;
#4102 = EDGE_LOOP ( 'NONE', ( #7322, #6339, #2811, #1289 ) ) ;
#4103 = CARTESIAN_POINT ( 'NONE',  ( 2.360000000000001208, 3.304999999999976179, 0.2700000000000020162 ) ) ;
#4104 = DIRECTION ( 'NONE',  ( -1.000000000000000000, 0.000000000000000000, 0.000000000000000000 ) ) ;
#4105 = DIRECTION ( 'NONE',  ( 0.000000000000000000, 0.000000000000000000, -1.000000000000000000 ) ) ;
#4106 = CARTESIAN_POINT ( 'NONE',  ( -18.32000000000000028, 1.159999999999976383, -0.3299999999999978506 ) ) ;
#4107 = EDGE_LOOP ( 'NONE', ( #6469, #6003, #8089, #7341 ) ) ;
#4108 = ORIENTED_EDGE ( 'NONE', *, *, #2955, .T. ) ;
#4109 = EDGE_CURVE ( 'NONE', #8849, #10100, #1593, .T. ) ;
#4110 = EDGE_CURVE ( 'NONE', #1359, #5283, #4063, .T. ) ;
#4111 = VERTEX_POINT ( 'NONE', #583 ) ;
#4112 = ORIENTED_EDGE ( 'NONE', *, *, #10800, .T. ) ;
#4113 = CARTESIAN_POINT ( 'NONE',  ( 0.3200000000000008393, -3.220000000000023288, -0.3199999999999982303 ) ) ;
#4114 = FACE_OUTER_BOUND ( 'NONE', #7728, .T. ) ;
#4115 = AXIS2_PLACEMENT_3D ( 'NONE', #10070, #4154, #4993 ) ;
#4116 = CARTESIAN_POINT ( 'NONE',  ( -6.319999999999999396, 2.109999999999976339, 0.3500000000000021982 ) ) ;
#4117 = CARTESIAN_POINT ( 'NONE',  ( -11.67999999999999972, 4.359999999999976339, 0.3500000000000021982 ) ) ;
#4118 = CARTESIAN_POINT ( 'NONE',  ( -12.31999999999999851, 0.7499999999999763522, -0.9999999999999983347 ) ) ;
#4119 = EDGE_CURVE ( 'NONE', #10471, #4212, #1540, .T. ) ;
#4120 = CARTESIAN_POINT ( 'NONE',  ( -3.319999999999999840, 3.484999999999976339, 0.3500000000000021982 ) ) ;
#4121 = ORIENTED_EDGE ( 'NONE', *, *, #2373, .F. ) ;
#4122 = VECTOR ( 'NONE', #8885, 1000.000000000000000 ) ;
#4123 = VERTEX_POINT ( 'NONE', #10036 ) ;
#4124 = CARTESIAN_POINT ( 'NONE',  ( -9.320000000000000284, 0.7499999999999763522, 0.3200000000000021161 ) ) ;
#4125 = EDGE_CURVE ( 'NONE', #3035, #10137, #8422, .T. ) ;
#4126 = FACE_OUTER_BOUND ( 'NONE', #4024, .T. ) ;
#4127 = LINE ( 'NONE', #8267, #3787 ) ;
#4128 = VECTOR ( 'NONE', #2418, 1000.000000000000000 ) ;
#4129 = CARTESIAN_POINT ( 'NONE',  ( -7.249999999999999112, 1.879999999999976357, 8.900000000000002132 ) ) ;
#4130 = EDGE_CURVE ( 'NONE', #7463, #4100, #4791, .T. ) ;
#4131 = DIRECTION ( 'NONE',  ( 0.000000000000000000, -1.000000000000000000, 0.000000000000000000 ) ) ;
#4132 = PLANE ( 'NONE',  #4440 ) ;
#4133 = ORIENTED_EDGE ( 'NONE', *, *, #10427, .F. ) ;
#4134 = EDGE_LOOP ( 'NONE', ( #2362, #7173, #5144, #1415, #7809, #8689, #2374, #5878 ) ) ;
#4135 = VECTOR ( 'NONE', #9155, 1000.000000000000000 ) ;
#4136 = DIRECTION ( 'NONE',  ( 0.000000000000000000, -1.000000000000000000, 0.000000000000000000 ) ) ;
#4137 = FACE_OUTER_BOUND ( 'NONE', #7380, .T. ) ;
#4138 = CARTESIAN_POINT ( 'NONE',  ( 0.3200000000000008393, 4.359999999999976339, 0.3500000000000021982 ) ) ;
#4139 = EDGE_CURVE ( 'NONE', #1346, #3416, #528, .T. ) ;
#4140 = VECTOR ( 'NONE', #1078, 1000.000000000000000 ) ;
#4141 = DIRECTION ( 'NONE',  ( -1.000000000000000000, 0.000000000000000000, 0.000000000000000000 ) ) ;
#4142 = EDGE_CURVE ( 'NONE', #5357, #3477, #4011, .T. ) ;
#4143 = ORIENTED_EDGE ( 'NONE', *, *, #2613, .F. ) ;
#4144 = DIRECTION ( 'NONE',  ( -1.000000000000000000, 0.000000000000000000, 0.000000000000000000 ) ) ;
#4145 = EDGE_CURVE ( 'NONE', #726, #10221, #3106, .T. ) ;
#4146 = CARTESIAN_POINT ( 'NONE',  ( -6.319999999999999396, 2.749999999999976463, 2.296000000000002039 ) ) ;
#4147 = CARTESIAN_POINT ( 'NONE',  ( -5.679999999999999716, 4.359999999999976339, 0.3500000000000021982 ) ) ;
#4148 = ORIENTED_EDGE ( 'NONE', *, *, #4968, .F. ) ;
#4149 = VECTOR ( 'NONE', #10214, 1000.000000000000000 ) ;
#4150 = VECTOR ( 'NONE', #6152, 1000.000000000000000 ) ;
#4151 = ORIENTED_EDGE ( 'NONE', *, *, #10, .T. ) ;
#4152 = EDGE_LOOP ( 'NONE', ( #7784, #8141, #7449, #10823 ) ) ;
#4153 = CARTESIAN_POINT ( 'NONE',  ( -16.96000000000000085, 3.304999999999976179, 0.2700000000000020162 ) ) ;
#4154 = DIRECTION ( 'NONE',  ( 0.000000000000000000, 0.000000000000000000, -1.000000000000000000 ) ) ;
#4155 = ORIENTED_EDGE ( 'NONE', *, *, #2887, .F. ) ;
#4156 = CARTESIAN_POINT ( 'NONE',  ( -1.649999999999999467, -3.257109620189376997, 4.892706914266388374 ) ) ;
#4157 = ORIENTED_EDGE ( 'NONE', *, *, #3797, .F. ) ;
#4158 = VECTOR ( 'NONE', #2601, 1000.000000000000000 ) ;
#4159 = CARTESIAN_POINT ( 'NONE',  ( -10.75000000000000000, 3.679999999999976623, 8.900000000000002132 ) ) ;
#4160 = AXIS2_PLACEMENT_3D ( 'NONE', #2714, #4519, #3623 ) ;
#4161 = ORIENTED_EDGE ( 'NONE', *, *, #7266, .F. ) ;
#4162 = EDGE_CURVE ( 'NONE', #10862, #738, #5686, .T. ) ;
#4163 = LINE ( 'NONE', #8679, #226 ) ;
#4164 = CARTESIAN_POINT ( 'NONE',  ( 3.319999999999999840, 0.9999999999999763522, 7.500000000000002665 ) ) ;
#4165 = DIRECTION ( 'NONE',  ( 1.000000000000000000, 0.000000000000000000, 0.000000000000000000 ) ) ;
#4166 = CARTESIAN_POINT ( 'NONE',  ( -6.319999999999999396, 1.554999999999976623, -0.3199999999999982303 ) ) ;
#4167 = VERTEX_POINT ( 'NONE', #239 ) ;
#4168 = ORIENTED_EDGE ( 'NONE', *, *, #5596, .T. ) ;
#4169 = VECTOR ( 'NONE', #3030, 1000.000000000000000 ) ;
#4170 = AXIS2_PLACEMENT_3D ( 'NONE', #5836, #6558, #675 ) ;
#4171 = ORIENTED_EDGE ( 'NONE', *, *, #3109, .T. ) ;
#4172 = ORIENTED_EDGE ( 'NONE', *, *, #4516, .T. ) ;
#4173 = CARTESIAN_POINT ( 'NONE',  ( 3.319999999999999840, 2.316249999999976161, 0.4500000000000020650 ) ) ;
#4174 = CARTESIAN_POINT ( 'NONE',  ( 0.3200000000000008393, 0.7499999999999763522, 0.3200000000000021161 ) ) ;
#4175 = CARTESIAN_POINT ( 'NONE',  ( -3.319999999999999840, 4.359999999999976339, -0.9999999999999983347 ) ) ;
#4176 = DIRECTION ( 'NONE',  ( -8.881784197000999888E-14, -1.110223024625000030E-14, -1.000000000000000000 ) ) ;
#4177 = DIRECTION ( 'NONE',  ( 0.000000000000000000, 0.000000000000000000, -1.000000000000000000 ) ) ;
#4178 = VECTOR ( 'NONE', #8709, 1000.000000000000000 ) ;
#4179 = EDGE_CURVE ( 'NONE', #3268, #857, #9638, .T. ) ;
#4180 = PLANE ( 'NONE',  #680 ) ;
#4181 = CARTESIAN_POINT ( 'NONE',  ( -13.75000000000000000, 1.879999999999976357, 8.900000000000002132 ) ) ;
#4182 = ORIENTED_EDGE ( 'NONE', *, *, #10809, .T. ) ;
#4183 = VERTEX_POINT ( 'NONE', #9744 ) ;
#4184 = AXIS2_PLACEMENT_3D ( 'NONE', #1648, #2703, #9312 ) ;
#4185 = LINE ( 'NONE', #9212, #4838 ) ;
#4186 = LINE ( 'NONE', #5746, #4135 ) ;
#4187 = CARTESIAN_POINT ( 'NONE',  ( -13.70222223098200054, -2.658021298856023229, 3.300000000000002043 ) ) ;
#4188 = CARTESIAN_POINT ( 'NONE',  ( -16.91999999999999815, 0.4999999999999763522, 8.900000000000002132 ) ) ;
#4189 = EDGE_CURVE ( 'NONE', #1383, #3515, #8804, .T. ) ;
#4190 = CARTESIAN_POINT ( 'NONE',  ( -14.67999999999999794, 3.484999999999976339, -0.3199999999999982303 ) ) ;
#4191 = EDGE_CURVE ( 'NONE', #7926, #10360, #3661, .T. ) ;
#4192 = DIRECTION ( 'NONE',  ( 1.000000000000000000, 0.000000000000000000, 0.000000000000000000 ) ) ;
#4193 = VERTEX_POINT ( 'NONE', #3715 ) ;
#4194 = ORIENTED_EDGE ( 'NONE', *, *, #1917, .F. ) ;
#4195 = PLANE ( 'NONE',  #2323 ) ;
#4196 = CARTESIAN_POINT ( 'NONE',  ( -8.679999999999999716, 2.749999999999976463, 2.296000000000002039 ) ) ;
#4197 = DIRECTION ( 'NONE',  ( 0.000000000000000000, 0.000000000000000000, -1.000000000000000000 ) ) ;
#4198 = DIRECTION ( 'NONE',  ( 0.000000000000000000, 0.000000000000000000, -1.000000000000000000 ) ) ;
#4199 = VECTOR ( 'NONE', #8739, 1000.000000000000000 ) ;
#4200 = VERTEX_POINT ( 'NONE', #1240 ) ;
#4201 = LINE ( 'NONE', #608, #2018 ) ;
#4202 = CARTESIAN_POINT ( 'NONE',  ( -11.67999999999999972, 2.429999999999976623, 3.950000000000001954 ) ) ;
#4203 = DIRECTION ( 'NONE',  ( 0.000000000000000000, 0.000000000000000000, -1.000000000000000000 ) ) ;
#4204 = VERTEX_POINT ( 'NONE', #180 ) ;
#4205 = EDGE_CURVE ( 'NONE', #4639, #1516, #2086, .T. ) ;
#4206 = ORIENTED_EDGE ( 'NONE', *, *, #5482, .T. ) ;
#4207 = ORIENTED_EDGE ( 'NONE', *, *, #4502, .T. ) ;
#4208 = AXIS2_PLACEMENT_3D ( 'NONE', #8560, #888, #7557 ) ;
#4209 = CARTESIAN_POINT ( 'NONE',  ( -6.169999999999999929, -3.220000000000023288, -0.1699999999999982636 ) ) ;
#4210 = ORIENTED_EDGE ( 'NONE', *, *, #405, .F. ) ;
#4211 = DIRECTION ( 'NONE',  ( 0.000000000000000000, -1.000000000000000000, 0.000000000000000000 ) ) ;
#4212 = VERTEX_POINT ( 'NONE', #8910 ) ;
#4213 = ADVANCED_FACE ( 'NONE', ( #8746 ), #4610, .F. ) ;
#4214 = AXIS2_PLACEMENT_3D ( 'NONE', #7987, #5522, #1255 ) ;
#4215 = LINE ( 'NONE', #2523, #5740 ) ;
#4216 = ORIENTED_EDGE ( 'NONE', *, *, #9456, .T. ) ;
#4217 = DIRECTION ( 'NONE',  ( 0.000000000000000000, -1.000000000000000000, 0.000000000000000000 ) ) ;
#4218 = LINE ( 'NONE', #8573, #10951 ) ;
#4219 = CARTESIAN_POINT ( 'NONE',  ( 0.1700000000000000122, 2.599999999999976552, 6.500000000000002665 ) ) ;
#4220 = VECTOR ( 'NONE', #3996, 1000.000000000000000 ) ;
#4221 = CARTESIAN_POINT ( 'NONE',  ( -10.24999999999999822, 1.879999999999976357, 2.296000000000002039 ) ) ;
#4222 = EDGE_LOOP ( 'NONE', ( #6231, #8526, #8970, #5323, #7295, #501 ) ) ;
#4223 = VERTEX_POINT ( 'NONE', #4555 ) ;
#4224 = EDGE_CURVE ( 'NONE', #4123, #10718, #342, .T. ) ;
#4225 = EDGE_LOOP ( 'NONE', ( #4469, #1060, #10357, #2691 ) ) ;
#4226 = CARTESIAN_POINT ( 'NONE',  ( -12.31999999999999851, 1.554999999999976623, 0.2700000000000020162 ) ) ;
#4227 = ORIENTED_EDGE ( 'NONE', *, *, #9523, .F. ) ;
#4228 = DIRECTION ( 'NONE',  ( 0.000000000000000000, -1.000000000000000000, 0.000000000000000000 ) ) ;
#4229 = DIRECTION ( 'NONE',  ( 1.000000000000000000, 0.000000000000000000, 0.000000000000000000 ) ) ;
#4230 = PLANE ( 'NONE',  #6124 ) ;
#4231 = FACE_OUTER_BOUND ( 'NONE', #4274, .T. ) ;
#4232 = CARTESIAN_POINT ( 'NONE',  ( -8.679999999999999716, 3.699999999999976641, -0.9999999999999983347 ) ) ;
#4233 = AXIS2_PLACEMENT_3D ( 'NONE', #10459, #3702, #1008 ) ;
#4234 = EDGE_CURVE ( 'NONE', #11020, #10235, #5287, .T. ) ;
#4235 = LINE ( 'NONE', #4120, #10748 ) ;
#4236 = VERTEX_POINT ( 'NONE', #8863 ) ;
#4237 = VECTOR ( 'NONE', #9088, 1000.000000000000000 ) ;
#4238 = ORIENTED_EDGE ( 'NONE', *, *, #4205, .F. ) ;
#4239 = DIRECTION ( 'NONE',  ( 0.000000000000000000, 1.000000000000000000, 0.000000000000000000 ) ) ;
#4240 = CARTESIAN_POINT ( 'NONE',  ( 1.919999999999999929, 3.679999999999976623, 7.500000000000002665 ) ) ;
#4241 = LINE ( 'NONE', #5976, #1279 ) ;
#4242 = CARTESIAN_POINT ( 'NONE',  ( -14.67999999999999794, 1.159999999999976383, -0.3299999999999978506 ) ) ;
#4243 = LINE ( 'NONE', #9432, #8100 ) ;
#4244 = DIRECTION ( 'NONE',  ( 1.000000000000000000, 0.000000000000000000, 0.000000000000000000 ) ) ;
#4245 = DIRECTION ( 'NONE',  ( 0.000000000000000000, 0.000000000000000000, -1.000000000000000000 ) ) ;
#4246 = ORIENTED_EDGE ( 'NONE', *, *, #9739, .T. ) ;
#4247 = EDGE_CURVE ( 'NONE', #6553, #2602, #2754, .T. ) ;
#4248 = ORIENTED_EDGE ( 'NONE', *, *, #10612, .T. ) ;
#4249 = EDGE_CURVE ( 'NONE', #9132, #7907, #9584, .T. ) ;
#4250 = CARTESIAN_POINT ( 'NONE',  ( -12.31999999999999851, 2.429999999999976623, 3.950000000000001954 ) ) ;
#4251 = CARTESIAN_POINT ( 'NONE',  ( -16.96000000000000085, 3.304999999999976179, 0.2700000000000020162 ) ) ;
#4252 = CARTESIAN_POINT ( 'NONE',  ( -14.67999999999999794, 1.554999999999976623, -0.3199999999999982303 ) ) ;
#4253 = DIRECTION ( 'NONE',  ( 0.000000000000000000, -0.9363291775690363306, 0.3511234415884135762 ) ) ;
#4254 = ORIENTED_EDGE ( 'NONE', *, *, #2853, .T. ) ;
#4255 = FACE_OUTER_BOUND ( 'NONE', #7407, .T. ) ;
#4256 = DIRECTION ( 'NONE',  ( 0.000000000000000000, -1.000000000000000000, 0.000000000000000000 ) ) ;
#4257 = EDGE_LOOP ( 'NONE', ( #8512, #8938, #9789, #9565, #8472 ) ) ;
#4258 = ORIENTED_EDGE ( 'NONE', *, *, #8769, .F. ) ;
#4259 = ADVANCED_FACE ( 'NONE', ( #5454 ), #7066, .F. ) ;
#4260 = VECTOR ( 'NONE', #550, 1000.000000000000000 ) ;
#4261 = CARTESIAN_POINT ( 'NONE',  ( -13.25000000000000000, 3.679999999999976623, 8.900000000000002132 ) ) ;
#4262 = ORIENTED_EDGE ( 'NONE', *, *, #7284, .F. ) ;
#4263 = DIRECTION ( 'NONE',  ( -1.000000000000000000, 0.000000000000000000, 0.000000000000000000 ) ) ;
#4264 = VERTEX_POINT ( 'NONE', #10627 ) ;
#4265 = AXIS2_PLACEMENT_3D ( 'NONE', #7265, #9884, #598 ) ;
#4266 = LINE ( 'NONE', #4159, #5024 ) ;
#4267 = EDGE_CURVE ( 'NONE', #7734, #434, #10472, .T. ) ;
#4268 = EDGE_LOOP ( 'NONE', ( #9563, #5338, #9254, #4810, #4046, #9676 ) ) ;
#4269 = CARTESIAN_POINT ( 'NONE',  ( -0.8522658154029999489, -2.267826015075024237, 5.300000000000002487 ) ) ;
#4270 = FACE_OUTER_BOUND ( 'NONE', #1681, .T. ) ;
#4271 = DIRECTION ( 'NONE',  ( -1.000000000000000000, 0.000000000000000000, 0.000000000000000000 ) ) ;
#4272 = FACE_OUTER_BOUND ( 'NONE', #7710, .T. ) ;
#4273 = VERTEX_POINT ( 'NONE', #4442 ) ;
#4274 = EDGE_LOOP ( 'NONE', ( #7230, #2578, #7117, #1252 ) ) ;
#4275 = ORIENTED_EDGE ( 'NONE', *, *, #3287, .T. ) ;
#4276 = ORIENTED_EDGE ( 'NONE', *, *, #3516, .F. ) ;
#4277 = CARTESIAN_POINT ( 'NONE',  ( -3.319999999999999840, 1.159999999999976383, -0.3299999999999978506 ) ) ;
#4278 = EDGE_LOOP ( 'NONE', ( #8347, #594, #3651, #5886, #9974 ) ) ;
#4279 = DIRECTION ( 'NONE',  ( 1.000000000000000000, 0.000000000000000000, 0.000000000000000000 ) ) ;
#4280 = CARTESIAN_POINT ( 'NONE',  ( -8.799999999999998934, 4.864999999999977121, 6.400000000000002132 ) ) ;
#4281 = VECTOR ( 'NONE', #3264, 1000.000000000000000 ) ;
#4282 = ADVANCED_FACE ( 'NONE', ( #3768 ), #7178, .F. ) ;
#4283 = DIRECTION ( 'NONE',  ( -1.000000000000000000, 0.000000000000000000, 0.000000000000000000 ) ) ;
#4284 = CARTESIAN_POINT ( 'NONE',  ( -2.680000000000000160, 0.7499999999999763522, 0.3200000000000021161 ) ) ;
#4285 = CARTESIAN_POINT ( 'NONE',  ( -6.319999999999999396, 2.429999999999976623, 3.950000000000001954 ) ) ;
#4286 = EDGE_CURVE ( 'NONE', #5898, #7579, #10523, .T. ) ;
#4287 =( LENGTH_UNIT ( ) NAMED_UNIT ( * ) SI_UNIT ( .MILLI., .METRE. ) );
#4288 = PLANE ( 'NONE',  #10574 ) ;
#4289 = ORIENTED_EDGE ( 'NONE', *, *, #11025, .F. ) ;
#4290 = VERTEX_POINT ( 'NONE', #1920 ) ;
#4291 = AXIS2_PLACEMENT_3D ( 'NONE', #8459, #7724, #6777 ) ;
#4292 = DIRECTION ( 'NONE',  ( 0.000000000000000000, 0.000000000000000000, 1.000000000000000000 ) ) ;
#4293 = CARTESIAN_POINT ( 'NONE',  ( -13.35000000000000142, -2.876112710120023674, 3.300000000000002043 ) ) ;
#4294 = PLANE ( 'NONE',  #1643 ) ;
#4295 = PLANE ( 'NONE',  #2025 ) ;
#4296 = EDGE_CURVE ( 'NONE', #8227, #3199, #5343, .T. ) ;
#4297 = DIRECTION ( 'NONE',  ( 0.000000000000000000, -1.000000000000000000, 0.000000000000000000 ) ) ;
#4298 = CARTESIAN_POINT ( 'NONE',  ( -17.35999999999999943, 0.4999999999999763522, 5.400000000000002132 ) ) ;
#4299 = ORIENTED_EDGE ( 'NONE', *, *, #7327, .T. ) ;
#4300 = AXIS2_PLACEMENT_3D ( 'NONE', #8834, #10497, #6878 ) ;
#4301 = ORIENTED_EDGE ( 'NONE', *, *, #9800, .T. ) ;
#4302 = PLANE ( 'NONE',  #359 ) ;
#4303 = CARTESIAN_POINT ( 'NONE',  ( -13.35000000000000142, -2.341876692568689577E-14, 0.8500000000000021982 ) ) ;
#4304 = CARTESIAN_POINT ( 'NONE',  ( -15.32000000000000028, 4.359999999999976339, 0.3500000000000021982 ) ) ;
#4305 = CARTESIAN_POINT ( 'NONE',  ( 1.919999999999999929, 1.679999999999976401, 7.500000000000002665 ) ) ;
#4306 = ORIENTED_EDGE ( 'NONE', *, *, #2419, .T. ) ;
#4307 = CARTESIAN_POINT ( 'NONE',  ( -0.3199999999999999512, 0.7499999999999763522, -0.9999999999999983347 ) ) ;
#4308 = EDGE_CURVE ( 'NONE', #10028, #6065, #1075, .T. ) ;
#4309 = CARTESIAN_POINT ( 'NONE',  ( -6.549999999999999822, 1.179999999999976401, 8.900000000000002132 ) ) ;
#4310 = VECTOR ( 'NONE', #511, 1000.000000000000000 ) ;
#4311 = ORIENTED_EDGE ( 'NONE', *, *, #6741, .T. ) ;
#4312 = ORIENTED_EDGE ( 'NONE', *, *, #4802, .F. ) ;
#4313 = LINE ( 'NONE', #8399, #8217 ) ;
#4314 = ORIENTED_EDGE ( 'NONE', *, *, #481, .T. ) ;
#4315 = FACE_OUTER_BOUND ( 'NONE', #5191, .T. ) ;
#4316 = ORIENTED_EDGE ( 'NONE', *, *, #3273, .F. ) ;
#4317 = CARTESIAN_POINT ( 'NONE',  ( -6.319999999999999396, 2.429999999999976623, 3.950000000000001954 ) ) ;
#4318 = ADVANCED_FACE ( 'NONE', ( #6344 ), #9528, .T. ) ;
#4319 = ORIENTED_EDGE ( 'NONE', *, *, #1108, .T. ) ;
#4320 = CARTESIAN_POINT ( 'NONE',  ( -14.67999999999999794, 3.304999999999976179, -0.3199999999999982303 ) ) ;
#4321 = DIRECTION ( 'NONE',  ( 0.000000000000000000, 1.000000000000000000, 0.000000000000000000 ) ) ;
#4322 = PLANE ( 'NONE',  #8742 ) ;
#4323 = EDGE_CURVE ( 'NONE', #563, #7740, #9844, .T. ) ;
#4324 = VECTOR ( 'NONE', #2699, 1000.000000000000000 ) ;
#4325 = LINE ( 'NONE', #7576, #455 ) ;
#4326 = VERTEX_POINT ( 'NONE', #4831 ) ;
#4327 = EDGE_CURVE ( 'NONE', #4386, #1363, #2244, .T. ) ;
#4328 = ORIENTED_EDGE ( 'NONE', *, *, #8326, .F. ) ;
#4329 = VERTEX_POINT ( 'NONE', #9128 ) ;
#4330 = VERTEX_POINT ( 'NONE', #7507 ) ;
#4331 = CARTESIAN_POINT ( 'NONE',  ( 3.319999999999999840, 1.159999999999976383, -0.9999999999999983347 ) ) ;
#4332 = ORIENTED_EDGE ( 'NONE', *, *, #5468, .F. ) ;
#4333 = ADVANCED_FACE ( 'NONE', ( #4716 ), #7399, .T. ) ;
#4334 = VECTOR ( 'NONE', #8380, 1000.000000000000000 ) ;
#4335 = DIRECTION ( 'NONE',  ( 0.000000000000000000, -1.000000000000000000, 0.000000000000000000 ) ) ;
#4336 = CARTESIAN_POINT ( 'NONE',  ( -18.32000000000000028, 3.699999999999976641, -0.9999999999999983347 ) ) ;
#4337 = DIRECTION ( 'NONE',  ( 1.000000000000000000, 0.000000000000000000, 0.000000000000000000 ) ) ;
#4338 = CARTESIAN_POINT ( 'NONE',  ( -0.7357844628729992564, -2.151796988462024274, 3.300000000000002043 ) ) ;
#4339 = LINE ( 'NONE', #1872, #10698 ) ;
#4340 = AXIS2_PLACEMENT_3D ( 'NONE', #1030, #10484, #2708 ) ;
#4341 = EDGE_CURVE ( 'NONE', #1169, #4527, #6444, .T. ) ;
#4342 = AXIS2_PLACEMENT_3D ( 'NONE', #360, #9033, #8926 ) ;
#4343 = VECTOR ( 'NONE', #7628, 1000.000000000000000 ) ;
#4344 = EDGE_CURVE ( 'NONE', #3268, #9773, #4943, .T. ) ;
#4345 = DIRECTION ( 'NONE',  ( 0.000000000000000000, 0.000000000000000000, 1.000000000000000000 ) ) ;
#4346 = EDGE_CURVE ( 'NONE', #4653, #8374, #3376, .T. ) ;
#4347 = ORIENTED_EDGE ( 'NONE', *, *, #1943, .T. ) ;
#4348 = ORIENTED_EDGE ( 'NONE', *, *, #3324, .F. ) ;
#4349 = DIRECTION ( 'NONE',  ( 0.000000000000000000, 0.000000000000000000, -1.000000000000000000 ) ) ;
#4350 = PLANE ( 'NONE',  #10031 ) ;
#4351 = AXIS2_PLACEMENT_3D ( 'NONE', #7524, #6571, #10761 ) ;
#4352 = CARTESIAN_POINT ( 'NONE',  ( -14.67999999999999794, 3.484999999999976339, -0.3199999999999982303 ) ) ;
#4353 = DIRECTION ( 'NONE',  ( 1.000000000000000000, 0.000000000000000000, 0.000000000000000000 ) ) ;
#4354 = LINE ( 'NONE', #3567, #1888 ) ;
#4355 = LINE ( 'NONE', #3514, #9970 ) ;
#4356 = ORIENTED_EDGE ( 'NONE', *, *, #2394, .T. ) ;
#4357 = VECTOR ( 'NONE', #8520, 1000.000000000000000 ) ;
#4358 = ORIENTED_EDGE ( 'NONE', *, *, #5902, .T. ) ;
#4359 = LINE ( 'NONE', #97, #1793 ) ;
#4360 = ADVANCED_FACE ( 'NONE', ( #6669 ), #10072, .F. ) ;
#4361 = FACE_OUTER_BOUND ( 'NONE', #9583, .T. ) ;
#4362 = PLANE ( 'NONE',  #8734 ) ;
#4363 = DIRECTION ( 'NONE',  ( 0.000000000000000000, 0.000000000000000000, -1.000000000000000000 ) ) ;
#4364 = ORIENTED_EDGE ( 'NONE', *, *, #3156, .T. ) ;
#4365 = PLANE ( 'NONE',  #10804 ) ;
#4366 = B_SPLINE_CURVE_WITH_KNOTS ( 'NONE', 3,
 ( #8533, #971, #8480, #7803, #7644, #917, #806, #21, #4338, #747 ),
 .UNSPECIFIED., .F., .F.,
 ( 4, 1, 1, 1, 1, 1, 1, 4 ),
 ( 0.000000000000000000, 0.1428571428570999946, 0.2857142857143000203, 0.4285714285713999594, 0.5714285714286000406, 0.7142857142856999797, 0.8571428571429000609, 1.000000000000000000 ),
 .UNSPECIFIED. ) ;
#4367 = DIRECTION ( 'NONE',  ( 0.000000000000000000, -1.000000000000000000, 0.000000000000000000 ) ) ;
#4368 = ORIENTED_EDGE ( 'NONE', *, *, #1606, .T. ) ;
#4369 = ORIENTED_EDGE ( 'NONE', *, *, #4820, .T. ) ;
#4370 = LINE ( 'NONE', #1006, #10502 ) ;
#4371 = ORIENTED_EDGE ( 'NONE', *, *, #5075, .F. ) ;
#4372 = DIRECTION ( 'NONE',  ( -1.000000000000000000, 0.000000000000000000, 0.000000000000000000 ) ) ;
#4373 = VERTEX_POINT ( 'NONE', #2415 ) ;
#4374 = VECTOR ( 'NONE', #6772, 1000.000000000000000 ) ;
#4375 = DIRECTION ( 'NONE',  ( -0.7071067811865474617, -0.7071067811865474617, 0.000000000000000000 ) ) ;
#4376 = VERTEX_POINT ( 'NONE', #2521 ) ;
#4377 = CARTESIAN_POINT ( 'NONE',  ( -8.679999999999999716, 1.554999999999976623, 0.2700000000000020162 ) ) ;
#4378 = DIRECTION ( 'NONE',  ( -0.7071067811865475727, 0.7071067811865475727, 0.000000000000000000 ) ) ;
#4379 = DIRECTION ( 'NONE',  ( 0.000000000000000000, 0.000000000000000000, -1.000000000000000000 ) ) ;
#4380 = CARTESIAN_POINT ( 'NONE',  ( -11.67999999999999972, 2.109999999999976339, 6.500000000000002665 ) ) ;
#4381 = ORIENTED_EDGE ( 'NONE', *, *, #6263, .T. ) ;
#4382 = VECTOR ( 'NONE', #271, 1000.000000000000000 ) ;
#4383 = ORIENTED_EDGE ( 'NONE', *, *, #8716, .F. ) ;
#4384 = ORIENTED_EDGE ( 'NONE', *, *, #1101, .T. ) ;
#4385 = VECTOR ( 'NONE', #7466, 1000.000000000000000 ) ;
#4386 = VERTEX_POINT ( 'NONE', #6054 ) ;
#4387 = LINE ( 'NONE', #7796, #10584 ) ;
#4388 = VERTEX_POINT ( 'NONE', #9241 ) ;
#4389 = FACE_OUTER_BOUND ( 'NONE', #9620, .T. ) ;
#4390 = EDGE_CURVE ( 'NONE', #4974, #7808, #840, .T. ) ;
#4391 = CARTESIAN_POINT ( 'NONE',  ( -5.679999999999999716, 2.749999999999976463, 6.100000000000002309 ) ) ;
#4392 = LINE ( 'NONE', #2435, #8136 ) ;
#4393 = VECTOR ( 'NONE', #8329, 1000.000000000000000 ) ;
#4394 = DIRECTION ( 'NONE',  ( 0.000000000000000000, -0.3511234415884135762, 0.9363291775690363306 ) ) ;
#4395 = LINE ( 'NONE', #5964, #7035 ) ;
#4396 = DIRECTION ( 'NONE',  ( 0.000000000000000000, -1.000000000000000000, 0.000000000000000000 ) ) ;
#4397 = ADVANCED_FACE ( 'NONE', ( #4315 ), #3312, .T. ) ;
#4398 = VECTOR ( 'NONE', #6951, 1000.000000000000000 ) ;
#4399 = CARTESIAN_POINT ( 'NONE',  ( -18.32000000000000028, 2.429999999999976623, 3.950000000000001954 ) ) ;
#4400 = ORIENTED_EDGE ( 'NONE', *, *, #3233, .T. ) ;
#4401 = AXIS2_PLACEMENT_3D ( 'NONE', #491, #3125, #2279 ) ;
#4402 = ORIENTED_EDGE ( 'NONE', *, *, #2067, .F. ) ;
#4403 = CARTESIAN_POINT ( 'NONE',  ( -16.25000000000000000, 3.679999999999976623, 2.296000000000002039 ) ) ;
#4404 = CARTESIAN_POINT ( 'NONE',  ( -13.57595886090899917, -2.748363505346023139, 3.300000000000002043 ) ) ;
#4405 = AXIS2_PLACEMENT_3D ( 'NONE', #2470, #3420, #60 ) ;
#4406 = DIRECTION ( 'NONE',  ( 0.000000000000000000, -0.3511234415884135762, 0.9363291775690363306 ) ) ;
#4407 = PLANE ( 'NONE',  #5250 ) ;
#4408 = EDGE_CURVE ( 'NONE', #4039, #6414, #7677, .T. ) ;
#4409 = DIRECTION ( 'NONE',  ( 0.000000000000000000, 0.000000000000000000, 1.000000000000000000 ) ) ;
#4410 = EDGE_CURVE ( 'NONE', #5637, #5375, #6892, .T. ) ;
#4411 = CARTESIAN_POINT ( 'NONE',  ( -8.679999999999999716, 3.304999999999976179, -0.3199999999999982303 ) ) ;
#4412 = CARTESIAN_POINT ( 'NONE',  ( -2.830000000000000071, 2.599999999999976552, 6.500000000000002665 ) ) ;
#4413 = VECTOR ( 'NONE', #8951, 1000.000000000000000 ) ;
#4414 = ORIENTED_EDGE ( 'NONE', *, *, #5514, .F. ) ;
#4415 = ADVANCED_FACE ( 'NONE', ( #2575 ), #7623, .T. ) ;
#4416 = ORIENTED_EDGE ( 'NONE', *, *, #1091, .T. ) ;
#4417 = CARTESIAN_POINT ( 'NONE',  ( -9.320000000000000284, 4.359999999999976339, -0.9999999999999983347 ) ) ;
#4418 = LINE ( 'NONE', #3573, #3139 ) ;
#4419 = CARTESIAN_POINT ( 'NONE',  ( -13.35000000000000142, 0.4999999999999763522, 8.050000000000000711 ) ) ;
#4420 = ADVANCED_FACE ( 'NONE', ( #5050 ), #1739, .F. ) ;
#4421 = CARTESIAN_POINT ( 'NONE',  ( -0.6499999999999995781, 0.4999999999999763522, 8.050000000000000711 ) ) ;
#4422 = ORIENTED_EDGE ( 'NONE', *, *, #10740, .T. ) ;
#4423 = DIRECTION ( 'NONE',  ( 1.000000000000000000, 0.000000000000000000, 0.000000000000000000 ) ) ;
#4424 = CARTESIAN_POINT ( 'NONE',  ( -2.680000000000000160, 1.159999999999976383, -0.3299999999999978506 ) ) ;
#4425 = EDGE_LOOP ( 'NONE', ( #55, #10445, #5391, #10185 ) ) ;
#4426 = VERTEX_POINT ( 'NONE', #10299 ) ;
#4427 = DIRECTION ( 'NONE',  ( 1.000000000000000000, 0.000000000000000000, 0.000000000000000000 ) ) ;
#4428 = ORIENTED_EDGE ( 'NONE', *, *, #10783, .F. ) ;
#4429 = DIRECTION ( 'NONE',  ( 0.000000000000000000, -1.000000000000000000, 0.000000000000000000 ) ) ;
#4430 = CARTESIAN_POINT ( 'NONE',  ( -1.649999999999999467, -2.341876692568689577E-14, 5.300000000000002487 ) ) ;
#4431 = EDGE_LOOP ( 'NONE', ( #8996, #10810, #4248, #9801 ) ) ;
#4432 = LINE ( 'NONE', #1966, #9333 ) ;
#4433 = DIRECTION ( 'NONE',  ( -0.000000000000000000, 1.000000000000000000, 0.000000000000000000 ) ) ;
#4434 = LINE ( 'NONE', #5498, #2487 ) ;
#4435 = FACE_OUTER_BOUND ( 'NONE', #5178, .T. ) ;
#4436 = EDGE_CURVE ( 'NONE', #6148, #6953, #6836, .T. ) ;
#4437 = VERTEX_POINT ( 'NONE', #2628 ) ;
#4438 = ORIENTED_EDGE ( 'NONE', *, *, #237, .T. ) ;
#4439 = EDGE_LOOP ( 'NONE', ( #3547, #5608, #1860, #6694 ) ) ;
#4440 = AXIS2_PLACEMENT_3D ( 'NONE', #10277, #7486, #10997 ) ;
#4441 = EDGE_LOOP ( 'NONE', ( #5938, #2068, #6598, #2031 ) ) ;
#4442 = CARTESIAN_POINT ( 'NONE',  ( -15.32000000000000028, 3.304999999999976179, 0.2700000000000020162 ) ) ;
#4443 = ORIENTED_EDGE ( 'NONE', *, *, #2479, .T. ) ;
#4444 = DIRECTION ( 'NONE',  ( 0.000000000000000000, -1.000000000000000000, 0.000000000000000000 ) ) ;
#4445 = DIRECTION ( 'NONE',  ( 1.000000000000000000, 0.000000000000000000, 0.000000000000000000 ) ) ;
#4446 = CARTESIAN_POINT ( 'NONE',  ( -13.35000000000000320, -3.333101399736804638, 4.595123171891351888 ) ) ;
#4447 = CARTESIAN_POINT ( 'NONE',  ( -15.32000000000000028, 3.699999999999976641, -0.9999999999999983347 ) ) ;
#4448 = PLANE ( 'NONE',  #1310 ) ;
#4449 = DIRECTION ( 'NONE',  ( 0.000000000000000000, 1.000000000000000000, 0.000000000000000000 ) ) ;
#4450 = AXIS2_PLACEMENT_3D ( 'NONE', #9947, #2280, #4197 ) ;
#4451 = EDGE_CURVE ( 'NONE', #5199, #6790, #8568, .T. ) ;
#4452 = EDGE_CURVE ( 'NONE', #790, #8003, #7781, .T. ) ;
#4453 = CARTESIAN_POINT ( 'NONE',  ( -9.320000000000000284, 3.484999999999976339, 0.3500000000000021982 ) ) ;
#4454 = DIRECTION ( 'NONE',  ( 0.000000000000000000, -0.3511234415884135762, 0.9363291775690363306 ) ) ;
#4455 = ORIENTED_EDGE ( 'NONE', *, *, #7127, .T. ) ;
#4456 = VERTEX_POINT ( 'NONE', #7726 ) ;
#4457 = VECTOR ( 'NONE', #7292, 1000.000000000000000 ) ;
#4458 = CARTESIAN_POINT ( 'NONE',  ( -0.3199999999999999512, 1.554999999999976623, -0.3199999999999982303 ) ) ;
#4459 = CARTESIAN_POINT ( 'NONE',  ( 2.360000000000001208, 3.304999999999976179, -0.3299999999999978506 ) ) ;
#4460 = FACE_OUTER_BOUND ( 'NONE', #10026, .T. ) ;
#4461 = DIRECTION ( 'NONE',  ( 0.000000000000000000, 1.000000000000000000, 0.000000000000000000 ) ) ;
#4462 = LINE ( 'NONE', #9548, #584 ) ;
#4463 = EDGE_CURVE ( 'NONE', #410, #10111, #3368, .T. ) ;
#4464 = LINE ( 'NONE', #4411, #10097 ) ;
#4465 = CARTESIAN_POINT ( 'NONE',  ( -14.67999999999999794, 0.7499999999999763522, -0.3199999999999982303 ) ) ;
#4466 = VECTOR ( 'NONE', #2490, 1000.000000000000000 ) ;
#4467 = EDGE_CURVE ( 'NONE', #9839, #4639, #5106, .T. ) ;
#4468 = ORIENTED_EDGE ( 'NONE', *, *, #3800, .T. ) ;
#4469 = ORIENTED_EDGE ( 'NONE', *, *, #1510, .F. ) ;
#4470 = CARTESIAN_POINT ( 'NONE',  ( -2.049999999999999822, -1.790000000000023350, 4.300000000000001599 ) ) ;
#4471 = CARTESIAN_POINT ( 'NONE',  ( -14.67999999999999794, 2.749999999999976463, 1.500000000000002220 ) ) ;
#4472 = DIRECTION ( 'NONE',  ( 0.000000000000000000, -1.000000000000000000, 0.000000000000000000 ) ) ;
#4473 = EDGE_CURVE ( 'NONE', #6501, #4223, #10964, .T. ) ;
#4474 = CARTESIAN_POINT ( 'NONE',  ( -6.319999999999999396, 3.699999999999976641, -0.9999999999999983347 ) ) ;
#4475 = ORIENTED_EDGE ( 'NONE', *, *, #1584, .T. ) ;
#4476 = CARTESIAN_POINT ( 'NONE',  ( -18.32000000000000028, 3.699999999999976641, -0.3299999999999978506 ) ) ;
#4477 = VECTOR ( 'NONE', #8034, 1000.000000000000000 ) ;
#4478 = DIRECTION ( 'NONE',  ( 1.000000000000000000, 0.000000000000000000, 0.000000000000000000 ) ) ;
#4479 = VERTEX_POINT ( 'NONE', #5884 ) ;
#4480 = EDGE_LOOP ( 'NONE', ( #2012, #4938, #181, #10598 ) ) ;
#4481 = ADVANCED_FACE ( 'NONE', ( #9292 ), #1627, .T. ) ;
#4482 = DIRECTION ( 'NONE',  ( 0.000000000000000000, 0.000000000000000000, -1.000000000000000000 ) ) ;
#4483 = VERTEX_POINT ( 'NONE', #5331 ) ;
#4484 = CARTESIAN_POINT ( 'NONE',  ( 1.959999999999999964, 1.554999999999976623, 0.2700000000000020162 ) ) ;
#4485 = VECTOR ( 'NONE', #7153, 1000.000000000000000 ) ;
#4486 = EDGE_CURVE ( 'NONE', #8301, #10496, #1851, .T. ) ;
#4487 = LINE ( 'NONE', #9626, #8774 ) ;
#4488 = ORIENTED_EDGE ( 'NONE', *, *, #2196, .F. ) ;
#4489 = DIRECTION ( 'NONE',  ( 0.3312945782245003690, 0.8834522085988016915, 0.3312945782245003690 ) ) ;
#4490 = AXIS2_PLACEMENT_3D ( 'NONE', #4047, #4775, #2300 ) ;
#4491 = DIRECTION ( 'NONE',  ( 0.000000000000000000, 1.000000000000000000, 0.000000000000000000 ) ) ;
#4492 = CARTESIAN_POINT ( 'NONE',  ( -15.00000000000000000, 2.674999999999976286, 6.300000000000001599 ) ) ;
#4493 = LINE ( 'NONE', #6278, #7413 ) ;
#4494 = VERTEX_POINT ( 'NONE', #1907 ) ;
#4495 = EDGE_LOOP ( 'NONE', ( #2749, #5246, #3329, #4276, #10403 ) ) ;
#4496 = ORIENTED_EDGE ( 'NONE', *, *, #5935, .T. ) ;
#4497 = ORIENTED_EDGE ( 'NONE', *, *, #5783, .F. ) ;
#4498 = DIRECTION ( 'NONE',  ( 0.000000000000000000, 0.000000000000000000, -1.000000000000000000 ) ) ;
#4499 = ORIENTED_EDGE ( 'NONE', *, *, #361, .T. ) ;
#4500 = CARTESIAN_POINT ( 'NONE',  ( 0.1700000000000000122, 2.599999999999976552, 6.500000000000002665 ) ) ;
#4501 = AXIS2_PLACEMENT_3D ( 'NONE', #8050, #8934, #2216 ) ;
#4502 = EDGE_CURVE ( 'NONE', #7579, #563, #7836, .T. ) ;
#4503 = DIRECTION ( 'NONE',  ( 0.000000000000000000, 0.000000000000000000, 1.000000000000000000 ) ) ;
#4504 = CARTESIAN_POINT ( 'NONE',  ( -13.35000000000000320, -3.320568631731301679, 4.687045634957414997 ) ) ;
#4505 = AXIS2_PLACEMENT_3D ( 'NONE', #3040, #5572, #5627 ) ;
#4506 = DIRECTION ( 'NONE',  ( 0.000000000000000000, 0.000000000000000000, -1.000000000000000000 ) ) ;
#4507 = DIRECTION ( 'NONE',  ( 0.000000000000000000, -0.9363291775690363306, 0.3511234415884135762 ) ) ;
#4508 = CARTESIAN_POINT ( 'NONE',  ( -9.320000000000000284, 3.304999999999976179, -0.3299999999999978506 ) ) ;
#4509 = APPLICATION_PROTOCOL_DEFINITION ( 'draft international standard', 'automotive_design', 1998, #7374 ) ;
#4510 = DIRECTION ( 'NONE',  ( 0.000000000000000000, 0.000000000000000000, -1.000000000000000000 ) ) ;
#4511 = AXIS2_PLACEMENT_3D ( 'NONE', #5990, #7770, #8609 ) ;
#4512 = DIRECTION ( 'NONE',  ( 0.000000000000000000, 1.000000000000000000, 0.000000000000000000 ) ) ;
#4513 = VECTOR ( 'NONE', #6031, 1000.000000000000114 ) ;
#4514 = ORIENTED_EDGE ( 'NONE', *, *, #954, .F. ) ;
#4515 = ORIENTED_EDGE ( 'NONE', *, *, #6707, .F. ) ;
#4516 = EDGE_CURVE ( 'NONE', #10456, #31, #8896, .T. ) ;
#4517 = CARTESIAN_POINT ( 'NONE',  ( 0.3200000000000008393, 2.749999999999976463, 2.296000000000002039 ) ) ;
#4518 = LINE ( 'NONE', #2098, #4741 ) ;
#4519 = DIRECTION ( 'NONE',  ( 0.000000000000000000, 0.000000000000000000, 1.000000000000000000 ) ) ;
#4520 = CARTESIAN_POINT ( 'NONE',  ( -11.67999999999999972, 0.7499999999999763522, 0.3200000000000021161 ) ) ;
#4521 = DIRECTION ( 'NONE',  ( 0.000000000000000000, -1.000000000000000000, 0.000000000000000000 ) ) ;
#4522 = AXIS2_PLACEMENT_3D ( 'NONE', #7345, #2873, #2980 ) ;
#4523 = AXIS2_PLACEMENT_3D ( 'NONE', #6219, #9408, #6999 ) ;
#4524 = DIRECTION ( 'NONE',  ( 0.3312945782245003690, -0.8834522085988016915, -0.3312945782245003690 ) ) ;
#4525 = CARTESIAN_POINT ( 'NONE',  ( 0.3200000000000008393, 2.109999999999976339, 6.500000000000002665 ) ) ;
#4526 = ORIENTED_EDGE ( 'NONE', *, *, #8247, .T. ) ;
#4527 = VERTEX_POINT ( 'NONE', #6331 ) ;
#4528 = VECTOR ( 'NONE', #311, 1000.000000000000000 ) ;
#4529 = LINE ( 'NONE', #6040, #8940 ) ;
#4530 = DIRECTION ( 'NONE',  ( -1.000000000000000000, 0.000000000000000000, 0.000000000000000000 ) ) ;
#4531 = CARTESIAN_POINT ( 'NONE',  ( -8.679999999999999716, 4.359999999999976339, 0.3500000000000021982 ) ) ;
#4532 = EDGE_CURVE ( 'NONE', #10885, #1919, #9679, .T. ) ;
#4533 = PLANE ( 'NONE',  #7539 ) ;
#4534 = EDGE_LOOP ( 'NONE', ( #9702, #9915, #5800, #6740, #175, #234 ) ) ;
#4535 = FACE_OUTER_BOUND ( 'NONE', #5773, .T. ) ;
#4536 = AXIS2_PLACEMENT_3D ( 'NONE', #403, #7075, #4561 ) ;
#4537 = DIRECTION ( 'NONE',  ( 0.000000000000000000, 1.000000000000000000, 0.000000000000000000 ) ) ;
#4538 = ORIENTED_EDGE ( 'NONE', *, *, #7753, .F. ) ;
#4539 = ORIENTED_EDGE ( 'NONE', *, *, #2145, .T. ) ;
#4540 = CARTESIAN_POINT ( 'NONE',  ( 1.959999999999999964, 4.359999999999976339, 0.7000000000000022871 ) ) ;
#4541 = CARTESIAN_POINT ( 'NONE',  ( -7.249999999999999112, 3.679999999999976623, 2.296000000000002039 ) ) ;
#4542 = AXIS2_PLACEMENT_3D ( 'NONE', #229, #4650, #9575 ) ;
#4543 = CARTESIAN_POINT ( 'NONE',  ( 0.3200000000000008393, 2.429999999999976623, 3.950000000000001954 ) ) ;
#4544 = ORIENTED_EDGE ( 'NONE', *, *, #10430, .T. ) ;
#4545 = CARTESIAN_POINT ( 'NONE',  ( -16.96000000000000085, 1.554999999999976623, -0.3299999999999978506 ) ) ;
#4546 = CARTESIAN_POINT ( 'NONE',  ( -9.320000000000000284, 2.109999999999976339, 0.3200000000000021161 ) ) ;
#4547 = LINE ( 'NONE', #8902, #7448 ) ;
#4548 = EDGE_CURVE ( 'NONE', #1352, #961, #9729, .T. ) ;
#4549 = CARTESIAN_POINT ( 'NONE',  ( 0.3200000000000008393, -2.820000000000023821, -0.3199999999999982303 ) ) ;
#4550 = ORIENTED_EDGE ( 'NONE', *, *, #2561, .F. ) ;
#4551 = ORIENTED_EDGE ( 'NONE', *, *, #8509, .F. ) ;
#4552 = ORIENTED_EDGE ( 'NONE', *, *, #10405, .F. ) ;
#4553 = EDGE_CURVE ( 'NONE', #9803, #4236, #9752, .T. ) ;
#4554 = EDGE_LOOP ( 'NONE', ( #4881, #8024, #227, #2311 ) ) ;
#4555 = CARTESIAN_POINT ( 'NONE',  ( -0.3199999999999999512, 2.749999999999976463, 6.100000000000002309 ) ) ;
#4556 = EDGE_LOOP ( 'NONE', ( #3902, #8800, #7191, #10195, #3211, #906 ) ) ;
#4557 = FACE_OUTER_BOUND ( 'NONE', #7175, .T. ) ;
#4558 = LINE ( 'NONE', #9169, #1635 ) ;
#4559 = DIRECTION ( 'NONE',  ( 0.000000000000000000, 0.000000000000000000, -1.000000000000000000 ) ) ;
#4560 = CARTESIAN_POINT ( 'NONE',  ( -1.070204102886999298, -1.790000000000023350, 3.300000000000002043 ) ) ;
#4561 = DIRECTION ( 'NONE',  ( 0.8086898285216348459, 0.000000000000000000, -0.5882352941176250960 ) ) ;
#4562 = CARTESIAN_POINT ( 'NONE',  ( -4.250000000000000000, 1.179999999999976401, 2.296000000000002039 ) ) ;
#4563 = VECTOR ( 'NONE', #377, 1000.000000000000000 ) ;
#4564 = ORIENTED_EDGE ( 'NONE', *, *, #6311, .T. ) ;
#4565 = DIRECTION ( 'NONE',  ( 0.000000000000000000, -1.000000000000000000, 0.000000000000000000 ) ) ;
#4566 = DIRECTION ( 'NONE',  ( 0.000000000000000000, -1.000000000000000000, 0.000000000000000000 ) ) ;
#4567 = B_SPLINE_CURVE_WITH_KNOTS ( 'NONE', 3,
 ( #6539, #1387, #7271, #3183, #6591 ),
 .UNSPECIFIED., .F., .F.,
 ( 4, 1, 4 ),
 ( 0.000000000000000000, 0.5000000000000000000, 1.000000000000000000 ),
 .UNSPECIFIED. ) ;
#4568 = ORIENTED_EDGE ( 'NONE', *, *, #9571, .F. ) ;
#4569 = EDGE_LOOP ( 'NONE', ( #9067, #2141, #8692, #8405, #1437, #7353, #5754, #1804 ) ) ;
#4570 = VECTOR ( 'NONE', #5445, 1000.000000000000000 ) ;
#4571 = CARTESIAN_POINT ( 'NONE',  ( 3.270000000000000462, 2.316249999999976161, 0.4500000000000020650 ) ) ;
#4572 = DIRECTION ( 'NONE',  ( 0.000000000000000000, -1.000000000000000000, 0.000000000000000000 ) ) ;
#4573 = CARTESIAN_POINT ( 'NONE',  ( -14.67999999999999794, 4.359999999999976339, -0.9999999999999983347 ) ) ;
#4574 = LINE ( 'NONE', #4679, #4528 ) ;
#4575 = VECTOR ( 'NONE', #5736, 1000.000000000000000 ) ;
#4576 = CARTESIAN_POINT ( 'NONE',  ( 2.360000000000001208, 0.4999999999999763522, 0.8500000000000021982 ) ) ;
#4577 = CARTESIAN_POINT ( 'NONE',  ( -18.32000000000000028, 1.159999999999976383, 0.2700000000000020162 ) ) ;
#4578 = VECTOR ( 'NONE', #4074, 1000.000000000000000 ) ;
#4579 = DIRECTION ( 'NONE',  ( 0.000000000000000000, 0.000000000000000000, 1.000000000000000000 ) ) ;
#4580 = EDGE_CURVE ( 'NONE', #3437, #10085, #6995, .T. ) ;
#4581 = VECTOR ( 'NONE', #11004, 1000.000000000000000 ) ;
#4582 = VERTEX_POINT ( 'NONE', #10560 ) ;
#4583 = ORIENTED_EDGE ( 'NONE', *, *, #9122, .F. ) ;
#4584 = PLANE ( 'NONE',  #8410 ) ;
#4585 = PLANE ( 'NONE',  #9394 ) ;
#4586 = CARTESIAN_POINT ( 'NONE',  ( -14.32477270848700002, -2.090000000000023395, 3.300000000000002043 ) ) ;
#4587 = LINE ( 'NONE', #320, #4681 ) ;
#4588 = ORIENTED_EDGE ( 'NONE', *, *, #4934, .F. ) ;
#4589 = DIRECTION ( 'NONE',  ( 0.000000000000000000, 0.000000000000000000, -1.000000000000000000 ) ) ;
#4590 = EDGE_CURVE ( 'NONE', #5609, #4329, #6216, .T. ) ;
#4591 = CARTESIAN_POINT ( 'NONE',  ( -17.35999999999999943, -0.04000000000002352368, -0.9999999999999983347 ) ) ;
#4592 = ORIENTED_EDGE ( 'NONE', *, *, #9200, .T. ) ;
#4593 = EDGE_CURVE ( 'NONE', #289, #2602, #1061, .T. ) ;
#4594 = ORIENTED_EDGE ( 'NONE', *, *, #2433, .T. ) ;
#4595 = DIRECTION ( 'NONE',  ( 0.000000000000000000, 0.000000000000000000, -1.000000000000000000 ) ) ;
#4596 = CARTESIAN_POINT ( 'NONE',  ( -18.32000000000000028, -2.341876692568689577E-14, 8.900000000000002132 ) ) ;
#4597 = VECTOR ( 'NONE', #4658, 1000.000000000000000 ) ;
#4598 = CARTESIAN_POINT ( 'NONE',  ( -18.32000000000000028, 1.679999999999976401, 7.500000000000002665 ) ) ;
#4599 = ORIENTED_EDGE ( 'NONE', *, *, #646, .T. ) ;
#4600 = CARTESIAN_POINT ( 'NONE',  ( -1.008672578939996844, -3.253451366379018328, 3.903546079239802236 ) ) ;
#4601 = DIRECTION ( 'NONE',  ( 0.000000000000000000, 0.000000000000000000, -1.000000000000000000 ) ) ;
#4602 = DIRECTION ( 'NONE',  ( 0.000000000000000000, 1.000000000000000000, 0.000000000000000000 ) ) ;
#4603 = LINE ( 'NONE', #7116, #9901 ) ;
#4604 = ORIENTED_EDGE ( 'NONE', *, *, #4759, .F. ) ;
#4605 = EDGE_CURVE ( 'NONE', #3248, #1680, #3647, .T. ) ;
#4606 = ORIENTED_EDGE ( 'NONE', *, *, #10674, .T. ) ;
#4607 = VERTEX_POINT ( 'NONE', #5492 ) ;
#4608 = ADVANCED_FACE ( 'NONE', ( #8846 ), #8676, .F. ) ;
#4609 = EDGE_LOOP ( 'NONE', ( #10239, #2177, #9450 ) ) ;
#4610 = PLANE ( 'NONE',  #2440 ) ;
#4611 = ORIENTED_EDGE ( 'NONE', *, *, #6872, .T. ) ;
#4612 = CARTESIAN_POINT ( 'NONE',  ( -13.35000000000000320, -3.339216137867318412, 4.138738090346617327 ) ) ;
#4613 = CARTESIAN_POINT ( 'NONE',  ( -0.2449999999999995515, -3.020000000000023554, 1.734723475976807094E-15 ) ) ;
#4614 = CARTESIAN_POINT ( 'NONE',  ( -11.67999999999999972, 0.7499999999999763522, -0.9999999999999983347 ) ) ;
#4615 = DIRECTION ( 'NONE',  ( -0.3312945782245003690, -0.3312945782245003690, -0.8834522085988016915 ) ) ;
#4616 = VECTOR ( 'NONE', #4245, 1000.000000000000000 ) ;
#4617 = CARTESIAN_POINT ( 'NONE',  ( -6.319999999999999396, 0.7499999999999763522, -0.9999999999999983347 ) ) ;
#4618 = LINE ( 'NONE', #9028, #10706 ) ;
#4619 = EDGE_LOOP ( 'NONE', ( #9251, #8214, #894, #8124 ) ) ;
#4620 = ORIENTED_EDGE ( 'NONE', *, *, #1741, .F. ) ;
#4621 = ADVANCED_FACE ( 'NONE', ( #10404 ), #1176, .T. ) ;
#4622 = VECTOR ( 'NONE', #10785, 1000.000000000000000 ) ;
#4623 = FACE_OUTER_BOUND ( 'NONE', #9069, .T. ) ;
#4624 = CARTESIAN_POINT ( 'NONE',  ( 0.000000000000000000, -3.020000000000023554, 0.2450000000000021605 ) ) ;
#4625 = DIRECTION ( 'NONE',  ( 0.000000000000000000, 0.000000000000000000, 1.000000000000000000 ) ) ;
#4626 = EDGE_CURVE ( 'NONE', #8518, #8072, #8009, .T. ) ;
#4627 = LINE ( 'NONE', #4520, #1120 ) ;
#4628 = VECTOR ( 'NONE', #1144, 1000.000000000000000 ) ;
#4629 = CARTESIAN_POINT ( 'NONE',  ( -6.319999999999999396, -2.820000000000023821, -0.3199999999999982303 ) ) ;
#4630 = ORIENTED_EDGE ( 'NONE', *, *, #10825, .T. ) ;
#4631 = ORIENTED_EDGE ( 'NONE', *, *, #2060, .T. ) ;
#4632 = DIRECTION ( 'NONE',  ( 0.000000000000000000, 0.000000000000000000, -1.000000000000000000 ) ) ;
#4633 = UNCERTAINTY_MEASURE_WITH_UNIT (LENGTH_MEASURE( 1.000000000000000082E-05 ), #10871, 'distance_accuracy_value', 'NONE');
#4634 = CARTESIAN_POINT ( 'NONE',  ( -7.249999999999999112, 1.879999999999976357, 8.900000000000002132 ) ) ;
#4635 = DIRECTION ( 'NONE',  ( 1.000000000000000000, 0.000000000000000000, 0.000000000000000000 ) ) ;
#4636 = EDGE_CURVE ( 'NONE', #7671, #7792, #329, .T. ) ;
#4637 = DIRECTION ( 'NONE',  ( -0.3511234415884135762, 0.9363291775690363306, 0.000000000000000000 ) ) ;
#4638 = VECTOR ( 'NONE', #3092, 1000.000000000000000 ) ;
#4639 = VERTEX_POINT ( 'NONE', #3532 ) ;
#4640 = DIRECTION ( 'NONE',  ( 0.000000000000000000, -1.000000000000000000, 0.000000000000000000 ) ) ;
#4641 = LINE ( 'NONE', #5435, #4563 ) ;
#4642 = ORIENTED_EDGE ( 'NONE', *, *, #5568, .F. ) ;
#4643 = ORIENTED_EDGE ( 'NONE', *, *, #1392, .T. ) ;
#4644 = DIRECTION ( 'NONE',  ( 0.000000000000000000, -1.000000000000000000, 0.000000000000000000 ) ) ;
#4645 = CARTESIAN_POINT ( 'NONE',  ( -14.67999999999999794, 0.7499999999999763522, 0.3200000000000021161 ) ) ;
#4646 = VECTOR ( 'NONE', #6075, 1000.000000000000000 ) ;
#4647 = PLANE ( 'NONE',  #10331 ) ;
#4648 = VERTEX_POINT ( 'NONE', #167 ) ;
#4649 = DIRECTION ( 'NONE',  ( 0.000000000000000000, 1.000000000000000000, 0.000000000000000000 ) ) ;
#4650 = DIRECTION ( 'NONE',  ( -0.9363291775690363306, 0.000000000000000000, 0.3511234415884135762 ) ) ;
#4651 = DIRECTION ( 'NONE',  ( 1.000000000000000000, 0.000000000000000000, 0.000000000000000000 ) ) ;
#4652 = DIRECTION ( 'NONE',  ( 0.000000000000000000, 0.000000000000000000, -1.000000000000000000 ) ) ;
#4653 = VERTEX_POINT ( 'NONE', #2678 ) ;
#4654 = ORIENTED_EDGE ( 'NONE', *, *, #5634, .T. ) ;
#4655 = VECTOR ( 'NONE', #9611, 1000.000000000000000 ) ;
#4656 = VERTEX_POINT ( 'NONE', #6106 ) ;
#4657 = ORIENTED_EDGE ( 'NONE', *, *, #7900, .T. ) ;
#4658 = DIRECTION ( 'NONE',  ( 1.000000000000000000, 0.000000000000000000, 0.000000000000000000 ) ) ;
#4659 = ORIENTED_EDGE ( 'NONE', *, *, #5090, .T. ) ;
#4660 = VECTOR ( 'NONE', #9513, 1000.000000000000114 ) ;
#4661 = CARTESIAN_POINT ( 'NONE',  ( -13.35000000000000320, -3.335602350760670909, 4.036896285406745832 ) ) ;
#4662 = EDGE_CURVE ( 'NONE', #1271, #9137, #1962, .T. ) ;
#4663 = ORIENTED_EDGE ( 'NONE', *, *, #10819, .T. ) ;
#4664 = APPLICATION_CONTEXT ( 'automotive_design' ) ;
#4665 = PLANE ( 'NONE',  #4522 ) ;
#4666 = DIRECTION ( 'NONE',  ( 0.000000000000000000, -1.000000000000000000, 0.000000000000000000 ) ) ;
#4667 = FACE_OUTER_BOUND ( 'NONE', #6512, .T. ) ;
#4668 = EDGE_CURVE ( 'NONE', #7010, #3122, #2740, .T. ) ;
#4669 = DIRECTION ( 'NONE',  ( 0.000000000000000000, 0.000000000000000000, -1.000000000000000000 ) ) ;
#4670 = VECTOR ( 'NONE', #3114, 1000.000000000000000 ) ;
#4671 = CARTESIAN_POINT ( 'NONE',  ( -4.750000000000000000, 1.179999999999976401, 2.296000000000002039 ) ) ;
#4672 = ORIENTED_EDGE ( 'NONE', *, *, #8147, .T. ) ;
#4673 = ORIENTED_EDGE ( 'NONE', *, *, #1673, .F. ) ;
#4674 = VECTOR ( 'NONE', #7411, 1000.000000000000000 ) ;
#4675 = CARTESIAN_POINT ( 'NONE',  ( 1.959999999999999964, 0.4999999999999763522, 0.8500000000000021982 ) ) ;
#4676 = FACE_OUTER_BOUND ( 'NONE', #4556, .T. ) ;
#4677 = DIRECTION ( 'NONE',  ( 0.000000000000000000, 0.000000000000000000, 1.000000000000000000 ) ) ;
#4678 = ADVANCED_FACE ( 'NONE', ( #9889 ), #2338, .F. ) ;
#4679 = CARTESIAN_POINT ( 'NONE',  ( -15.16999999999999993, -3.220000000000023288, -0.1699999999999982636 ) ) ;
#4680 = EDGE_CURVE ( 'NONE', #6790, #9303, #7325, .T. ) ;
#4681 = VECTOR ( 'NONE', #3745, 1000.000000000000000 ) ;
#4682 = CARTESIAN_POINT ( 'NONE',  ( -6.319999999999999396, 0.7499999999999763522, -0.3199999999999982303 ) ) ;
#4683 = AXIS2_PLACEMENT_3D ( 'NONE', #5747, #9322, #1716 ) ;
#4684 = ADVANCED_FACE ( 'NONE', ( #1280 ), #2227, .T. ) ;
#4685 = VERTEX_POINT ( 'NONE', #4702 ) ;
#4686 = ORIENTED_EDGE ( 'NONE', *, *, #5138, .F. ) ;
#4687 = EDGE_CURVE ( 'NONE', #31, #542, #3066, .T. ) ;
#4688 = DIRECTION ( 'NONE',  ( -0.000000000000000000, 1.000000000000000000, 0.000000000000000000 ) ) ;
#4689 = PLANE ( 'NONE',  #201 ) ;
#4690 = LINE ( 'NONE', #8103, #7005 ) ;
#4691 = VECTOR ( 'NONE', #7358, 1000.000000000000000 ) ;
#4692 = CARTESIAN_POINT ( 'NONE',  ( -12.31999999999999851, 0.7499999999999763522, 0.3200000000000021161 ) ) ;
#4693 = ORIENTED_EDGE ( 'NONE', *, *, #6188, .T. ) ;
#4694 = PLANE ( 'NONE',  #7788 ) ;
#4695 = LINE ( 'NONE', #8110, #795 ) ;
#4696 = ORIENTED_EDGE ( 'NONE', *, *, #9853, .F. ) ;
#4697 = VECTOR ( 'NONE', #8964, 1000.000000000000000 ) ;
#4698 = STYLED_ITEM ( 'NONE', ( #1521 ), #7157 ) ;
#4699 = ADVANCED_FACE ( 'NONE', ( #10720 ), #8115, .T. ) ;
#4700 = ORIENTED_EDGE ( 'NONE', *, *, #6051, .F. ) ;
#4701 = DIRECTION ( 'NONE',  ( 0.000000000000000000, 0.000000000000000000, -1.000000000000000000 ) ) ;
#4702 = CARTESIAN_POINT ( 'NONE',  ( -0.6752272915129999831, -2.090000000000023395, 5.300000000000002487 ) ) ;
#4703 = CARTESIAN_POINT ( 'NONE',  ( -13.31667616076799909, -3.088021493513026350, 3.468281803488502568 ) ) ;
#4704 = VECTOR ( 'NONE', #8711, 1000.000000000000000 ) ;
#4705 = ORIENTED_EDGE ( 'NONE', *, *, #8645, .F. ) ;
#4706 = FACE_OUTER_BOUND ( 'NONE', #1571, .T. ) ;
#4707 = LINE ( 'NONE', #2234, #8134 ) ;
#4708 = FACE_OUTER_BOUND ( 'NONE', #1684, .T. ) ;
#4709 = DIRECTION ( 'NONE',  ( -1.000000000000000000, 0.000000000000000000, 0.000000000000000000 ) ) ;
#4710 = ORIENTED_EDGE ( 'NONE', *, *, #5743, .F. ) ;
#4711 = ADVANCED_FACE ( 'NONE', ( #3857 ), #9946, .F. ) ;
#4712 = ORIENTED_EDGE ( 'NONE', *, *, #5989, .T. ) ;
#4713 = VERTEX_POINT ( 'NONE', #2960 ) ;
#4714 = VECTOR ( 'NONE', #733, 1000.000000000000000 ) ;
#4715 = VERTEX_POINT ( 'NONE', #10781 ) ;
#4716 = FACE_OUTER_BOUND ( 'NONE', #765, .T. ) ;
#4717 = EDGE_LOOP ( 'NONE', ( #270, #7228, #9636, #8171 ) ) ;
#4718 = CARTESIAN_POINT ( 'NONE',  ( -8.679999999999999716, 2.429999999999976623, 3.950000000000001954 ) ) ;
#4719 = FACE_OUTER_BOUND ( 'NONE', #394, .T. ) ;
#4720 = LINE ( 'NONE', #9965, #1131 ) ;
#4721 = CARTESIAN_POINT ( 'NONE',  ( -14.67999999999999794, 3.304999999999976179, -0.3299999999999978506 ) ) ;
#4722 = ADVANCED_FACE ( 'NONE', ( #10837 ), #9110, .T. ) ;
#4723 = ORIENTED_EDGE ( 'NONE', *, *, #2002, .F. ) ;
#4724 = ORIENTED_EDGE ( 'NONE', *, *, #4532, .T. ) ;
#4725 = EDGE_CURVE ( 'NONE', #1516, #4653, #4567, .T. ) ;
#4726 = DIRECTION ( 'NONE',  ( 1.000000000000000000, 0.000000000000000000, 0.000000000000000000 ) ) ;
#4727 = ORIENTED_EDGE ( 'NONE', *, *, #8927, .T. ) ;
#4728 = EDGE_LOOP ( 'NONE', ( #5368, #3136, #2203, #6120 ) ) ;
#4729 = CARTESIAN_POINT ( 'NONE',  ( 0.3200000000000008393, 1.159999999999976383, -0.9999999999999983347 ) ) ;
#4730 = PLANE ( 'NONE',  #10985 ) ;
#4731 = VECTOR ( 'NONE', #217, 1000.000000000000000 ) ;
#4732 = LINE ( 'NONE', #4789, #3978 ) ;
#4733 = DIRECTION ( 'NONE',  ( 0.000000000000000000, -1.000000000000000000, 0.000000000000000000 ) ) ;
#4734 = ADVANCED_FACE ( 'NONE', ( #8166 ), #10000, .T. ) ;
#4735 = FACE_OUTER_BOUND ( 'NONE', #4425, .T. ) ;
#4736 = EDGE_CURVE ( 'NONE', #5702, #9653, #9777, .T. ) ;
#4737 = VECTOR ( 'NONE', #8506, 1000.000000000000000 ) ;
#4738 = ORIENTED_EDGE ( 'NONE', *, *, #1882, .T. ) ;
#4739 = ORIENTED_EDGE ( 'NONE', *, *, #10343, .T. ) ;
#4740 = CARTESIAN_POINT ( 'NONE',  ( -9.320000000000000284, 1.159999999999976383, -0.3299999999999978506 ) ) ;
#4741 = VECTOR ( 'NONE', #7928, 1000.000000000000000 ) ;
#4742 = FACE_OUTER_BOUND ( 'NONE', #10639, .T. ) ;
#4743 = CARTESIAN_POINT ( 'NONE',  ( -6.200000000000000178, 5.564999999999976410, 7.150000000000002132 ) ) ;
#4744 = ADVANCED_FACE ( 'NONE', ( #10662 ), #6428, .T. ) ;
#4745 = DIRECTION ( 'NONE',  ( 0.000000000000000000, -1.000000000000000000, 0.000000000000000000 ) ) ;
#4746 = EDGE_CURVE ( 'NONE', #7968, #5318, #5757, .T. ) ;
#4747 = AXIS2_PLACEMENT_3D ( 'NONE', #2366, #2426, #1357 ) ;
#4748 = ORIENTED_EDGE ( 'NONE', *, *, #57, .F. ) ;
#4749 = FACE_OUTER_BOUND ( 'NONE', #786, .T. ) ;
#4750 = LINE ( 'NONE', #3004, #5692 ) ;
#4751 = EDGE_CURVE ( 'NONE', #3199, #2643, #1441, .T. ) ;
#4752 = ORIENTED_EDGE ( 'NONE', *, *, #5262, .T. ) ;
#4753 = EDGE_LOOP ( 'NONE', ( #3349, #5267, #5611, #1854 ) ) ;
#4754 = EDGE_CURVE ( 'NONE', #1383, #4494, #384, .T. ) ;
#4755 = CARTESIAN_POINT ( 'NONE',  ( -3.319999999999999840, 2.109999999999976339, 0.3500000000000021982 ) ) ;
#4756 = DIRECTION ( 'NONE',  ( -0.7071067811865475727, 0.000000000000000000, 0.7071067811865475727 ) ) ;
#4757 = FACE_OUTER_BOUND ( 'NONE', #10197, .T. ) ;
#4758 = AXIS2_PLACEMENT_3D ( 'NONE', #1894, #1103, #10447 ) ;
#4759 = EDGE_CURVE ( 'NONE', #9705, #992, #10613, .T. ) ;
#4760 = DIRECTION ( 'NONE',  ( 1.000000000000000000, 0.000000000000000000, 0.000000000000000000 ) ) ;
#4761 = CARTESIAN_POINT ( 'NONE',  ( -18.32000000000000028, 3.699999999999976641, -0.9999999999999983347 ) ) ;
#4762 = AXIS2_PLACEMENT_3D ( 'NONE', #1685, #9403, #6002 ) ;
#4763 = ORIENTED_EDGE ( 'NONE', *, *, #5311, .F. ) ;
#4764 = CARTESIAN_POINT ( 'NONE',  ( -1.734201276493996469, -3.253451366379025878, 5.016314756391000884 ) ) ;
#4765 = DIRECTION ( 'NONE',  ( -0.8086898285216348459, 0.000000000000000000, -0.5882352941176249850 ) ) ;
#4766 = DIRECTION ( 'NONE',  ( 0.000000000000000000, 0.000000000000000000, 1.000000000000000000 ) ) ;
#4767 = DIRECTION ( 'NONE',  ( -1.000000000000000000, 0.000000000000000000, 0.000000000000000000 ) ) ;
#4768 = ORIENTED_EDGE ( 'NONE', *, *, #10678, .F. ) ;
#4769 = ORIENTED_EDGE ( 'NONE', *, *, #5452, .F. ) ;
#4770 = AXIS2_PLACEMENT_3D ( 'NONE', #7306, #6465, #6572 ) ;
#4771 = EDGE_LOOP ( 'NONE', ( #1777, #1253, #10384, #9346 ) ) ;
#4772 = EDGE_LOOP ( 'NONE', ( #1017, #3381, #2219, #6523 ) ) ;
#4773 = CARTESIAN_POINT ( 'NONE',  ( -1.649999999999999245, -3.325134549849312116, 4.658557989899495766 ) ) ;
#4774 = ORIENTED_EDGE ( 'NONE', *, *, #5297, .T. ) ;
#4775 = DIRECTION ( 'NONE',  ( -1.000000000000000000, 0.000000000000000000, 0.000000000000000000 ) ) ;
#4776 = ORIENTED_EDGE ( 'NONE', *, *, #1847, .T. ) ;
#4777 = EDGE_CURVE ( 'NONE', #6499, #3938, #656, .T. ) ;
#4778 = DIRECTION ( 'NONE',  ( 1.000000000000000000, 0.000000000000000000, 0.000000000000000000 ) ) ;
#4779 = DIRECTION ( 'NONE',  ( 0.000000000000000000, 0.000000000000000000, -1.000000000000000000 ) ) ;
#4780 = CARTESIAN_POINT ( 'NONE',  ( -12.31999999999999851, 1.159999999999976383, -0.3299999999999978506 ) ) ;
#4781 = LINE ( 'NONE', #9969, #10285 ) ;
#4782 = VERTEX_POINT ( 'NONE', #47 ) ;
#4783 = VERTEX_POINT ( 'NONE', #6822 ) ;
#4784 = DIRECTION ( 'NONE',  ( -0.3312945782245003690, 0.3312945782245003690, 0.8834522085988016915 ) ) ;
#4785 = ORIENTED_EDGE ( 'NONE', *, *, #5526, .T. ) ;
#4786 = ORIENTED_EDGE ( 'NONE', *, *, #1324, .F. ) ;
#4787 = PLANE ( 'NONE',  #4505 ) ;
#4788 = CARTESIAN_POINT ( 'NONE',  ( -12.00000000000000000, 2.184999999999976517, 6.300000000000001599 ) ) ;
#4789 = CARTESIAN_POINT ( 'NONE',  ( -14.67999999999999794, 2.109999999999976339, 6.100000000000002309 ) ) ;
#4790 = DIRECTION ( 'NONE',  ( -0.000000000000000000, 1.000000000000000000, 0.000000000000000000 ) ) ;
#4791 = LINE ( 'NONE', #8202, #1729 ) ;
#4792 = EDGE_CURVE ( 'NONE', #6415, #3416, #5987, .T. ) ;
#4793 = EDGE_CURVE ( 'NONE', #10221, #10860, #7713, .T. ) ;
#4794 = CARTESIAN_POINT ( 'NONE',  ( -12.31999999999999851, 1.159999999999976383, -0.9999999999999983347 ) ) ;
#4795 = VECTOR ( 'NONE', #1386, 1000.000000000000000 ) ;
#4796 = EDGE_LOOP ( 'NONE', ( #1835, #2587, #4514, #4194 ) ) ;
#4797 = VERTEX_POINT ( 'NONE', #771 ) ;
#4798 = VECTOR ( 'NONE', #9161, 1000.000000000000000 ) ;
#4799 = PLANE ( 'NONE',  #7160 ) ;
#4800 = LINE ( 'NONE', #1319, #8249 ) ;
#4801 = DIRECTION ( 'NONE',  ( 0.000000000000000000, 0.000000000000000000, -1.000000000000000000 ) ) ;
#4802 = EDGE_CURVE ( 'NONE', #9715, #7572, #3465, .T. ) ;
#4803 = FACE_OUTER_BOUND ( 'NONE', #4152, .T. ) ;
#4804 = EDGE_CURVE ( 'NONE', #1237, #2063, #6879, .T. ) ;
#4805 = ORIENTED_EDGE ( 'NONE', *, *, #3109, .F. ) ;
#4806 = CARTESIAN_POINT ( 'NONE',  ( -4.250000000000000000, 3.679999999999976623, 8.900000000000002132 ) ) ;
#4807 = CARTESIAN_POINT ( 'NONE',  ( -2.680000000000000160, 2.109999999999976339, 0.3500000000000021982 ) ) ;
#4808 = EDGE_CURVE ( 'NONE', #9900, #6888, #5149, .T. ) ;
#4809 = EDGE_LOOP ( 'NONE', ( #8308, #2549, #8451, #1434 ) ) ;
#4810 = ORIENTED_EDGE ( 'NONE', *, *, #852, .F. ) ;
#4811 = PLANE ( 'NONE',  #8019 ) ;
#4812 = DIRECTION ( 'NONE',  ( 0.000000000000000000, 1.000000000000000000, 0.000000000000000000 ) ) ;
#4813 = DIRECTION ( 'NONE',  ( 0.000000000000000000, 0.000000000000000000, 1.000000000000000000 ) ) ;
#4814 = AXIS2_PLACEMENT_3D ( 'NONE', #7019, #3721, #7132 ) ;
#4815 = CARTESIAN_POINT ( 'NONE',  ( -11.67999999999999972, -2.820000000000023821, 0.3200000000000021161 ) ) ;
#4816 = CARTESIAN_POINT ( 'NONE',  ( -13.19023499788400144, -3.343929033009024998, 4.844916306423702856 ) ) ;
#4817 = ORIENTED_EDGE ( 'NONE', *, *, #2758, .F. ) ;
#4818 = CARTESIAN_POINT ( 'NONE',  ( -1.649999999999999467, -2.341876692568689577E-14, 8.050000000000000711 ) ) ;
#4819 = LINE ( 'NONE', #5604, #6351 ) ;
#4820 = EDGE_CURVE ( 'NONE', #8518, #5953, #7551, .T. ) ;
#4821 = DIRECTION ( 'NONE',  ( 0.000000000000000000, 1.000000000000000000, 0.000000000000000000 ) ) ;
#4822 = CARTESIAN_POINT ( 'NONE',  ( -3.000000000000000000, 2.184999999999976517, 6.300000000000001599 ) ) ;
#4823 = ORIENTED_EDGE ( 'NONE', *, *, #5354, .T. ) ;
#4824 = EDGE_CURVE ( 'NONE', #7519, #6622, #9335, .T. ) ;
#4825 = ORIENTED_EDGE ( 'NONE', *, *, #3306, .T. ) ;
#4826 = EDGE_CURVE ( 'NONE', #341, #7968, #10114, .T. ) ;
#4827 = EDGE_LOOP ( 'NONE', ( #7743, #8207, #1172, #6719 ) ) ;
#4828 = ADVANCED_FACE ( 'NONE', ( #6649 ), #4923, .F. ) ;
#4829 = VECTOR ( 'NONE', #2446, 1000.000000000000000 ) ;
#4830 = ORIENTED_EDGE ( 'NONE', *, *, #7079, .T. ) ;
#4831 = CARTESIAN_POINT ( 'NONE',  ( 1.250000000000001110, 3.679999999999976623, 8.900000000000002132 ) ) ;
#4832 = ORIENTED_EDGE ( 'NONE', *, *, #1322, .F. ) ;
#4833 = CARTESIAN_POINT ( 'NONE',  ( -5.679999999999999716, 3.304999999999976179, 0.2700000000000020162 ) ) ;
#4834 = CARTESIAN_POINT ( 'NONE',  ( 3.270000000000000462, 2.316249999999976161, 1.487234067917001967 ) ) ;
#4835 = LINE ( 'NONE', #8242, #62 ) ;
#4836 = CARTESIAN_POINT ( 'NONE',  ( -5.830000000000000071, 2.259999999999976250, 6.500000000000002665 ) ) ;
#4837 = DIRECTION ( 'NONE',  ( 0.000000000000000000, -1.000000000000000000, 0.000000000000000000 ) ) ;
#4838 = VECTOR ( 'NONE', #3169, 1000.000000000000000 ) ;
#4839 = VERTEX_POINT ( 'NONE', #4251 ) ;
#4840 = ORIENTED_EDGE ( 'NONE', *, *, #6252, .T. ) ;
#4841 = EDGE_CURVE ( 'NONE', #7790, #8310, #10166, .T. ) ;
#4842 = ORIENTED_EDGE ( 'NONE', *, *, #4296, .T. ) ;
#4843 = ORIENTED_EDGE ( 'NONE', *, *, #6051, .T. ) ;
#4844 = PLANE ( 'NONE',  #10029 ) ;
#4845 = CARTESIAN_POINT ( 'NONE',  ( -7.249999999999999112, 1.879999999999976357, 2.296000000000002039 ) ) ;
#4846 = CARTESIAN_POINT ( 'NONE',  ( 1.959999999999999964, 4.359999999999976339, 0.7000000000000022871 ) ) ;
#4847 = CARTESIAN_POINT ( 'NONE',  ( -8.799999999999998934, 4.364999999999976232, 8.350000000000003197 ) ) ;
#4848 = DIRECTION ( 'NONE',  ( 1.000000000000000000, 0.000000000000000000, 0.000000000000000000 ) ) ;
#4849 = VECTOR ( 'NONE', #6673, 1000.000000000000000 ) ;
#4850 = PLANE ( 'NONE',  #6400 ) ;
#4851 = EDGE_CURVE ( 'NONE', #10111, #5719, #7664, .T. ) ;
#4852 = CARTESIAN_POINT ( 'NONE',  ( -4.750000000000000000, 3.679999999999976623, 2.296000000000002039 ) ) ;
#4853 = ORIENTED_EDGE ( 'NONE', *, *, #10219, .F. ) ;
#4854 = CARTESIAN_POINT ( 'NONE',  ( -15.32000000000000028, 1.554999999999976623, -0.3299999999999978506 ) ) ;
#4855 = DIRECTION ( 'NONE',  ( 0.000000000000000000, 0.000000000000000000, -1.000000000000000000 ) ) ;
#4856 = DIRECTION ( 'NONE',  ( 1.000000000000000000, 0.000000000000000000, 0.000000000000000000 ) ) ;
#4857 = LINE ( 'NONE', #1378, #5580 ) ;
#4858 = VECTOR ( 'NONE', #8155, 1000.000000000000000 ) ;
#4859 = LINE ( 'NONE', #4692, #1459 ) ;
#4860 = VECTOR ( 'NONE', #10032, 1000.000000000000000 ) ;
#4861 = ORIENTED_EDGE ( 'NONE', *, *, #4486, .F. ) ;
#4862 = FACE_OUTER_BOUND ( 'NONE', #837, .T. ) ;
#4863 = CARTESIAN_POINT ( 'NONE',  ( 0.3200000000000008393, -2.820000000000023821, 0.3200000000000021161 ) ) ;
#4864 = EDGE_LOOP ( 'NONE', ( #9918, #9468, #6621, #2614 ) ) ;
#4865 = ORIENTED_EDGE ( 'NONE', *, *, #8294, .F. ) ;
#4866 = ADVANCED_FACE ( 'NONE', ( #9441 ), #10283, .T. ) ;
#4867 = VECTOR ( 'NONE', #1321, 1000.000000000000000 ) ;
#4868 = DIRECTION ( 'NONE',  ( 0.000000000000000000, -1.000000000000000000, 0.000000000000000000 ) ) ;
#4869 = DIRECTION ( 'NONE',  ( 0.000000000000000000, 0.000000000000000000, 1.000000000000000000 ) ) ;
#4870 = DIRECTION ( 'NONE',  ( 1.000000000000000000, 0.000000000000000000, 0.000000000000000000 ) ) ;
#4871 = CARTESIAN_POINT ( 'NONE',  ( 2.360000000000001208, 1.554999999999976623, 0.2700000000000020162 ) ) ;
#4872 = DIRECTION ( 'NONE',  ( 1.000000000000000000, 0.000000000000000000, 0.000000000000000000 ) ) ;
#4873 = ORIENTED_EDGE ( 'NONE', *, *, #9038, .T. ) ;
#4874 = DIRECTION ( 'NONE',  ( 0.000000000000000000, 1.000000000000000000, 0.000000000000000000 ) ) ;
#4875 = LINE ( 'NONE', #3192, #438 ) ;
#4876 = DIRECTION ( 'NONE',  ( 0.000000000000000000, 1.000000000000000000, 0.000000000000000000 ) ) ;
#4877 = EDGE_CURVE ( 'NONE', #9900, #6066, #9225, .T. ) ;
#4878 = AXIS2_PLACEMENT_3D ( 'NONE', #927, #1883, #5307 ) ;
#4879 = VECTOR ( 'NONE', #65, 1000.000000000000000 ) ;
#4880 = DIRECTION ( 'NONE',  ( 0.000000000000000000, 0.000000000000000000, -1.000000000000000000 ) ) ;
#4881 = ORIENTED_EDGE ( 'NONE', *, *, #5151, .F. ) ;
#4882 = ORIENTED_EDGE ( 'NONE', *, *, #10653, .F. ) ;
#4883 = ORIENTED_EDGE ( 'NONE', *, *, #1996, .F. ) ;
#4884 = EDGE_LOOP ( 'NONE', ( #8295, #233, #2083, #8440 ) ) ;
#4885 = CARTESIAN_POINT ( 'NONE',  ( -2.680000000000000160, 3.484999999999976339, 0.3500000000000021982 ) ) ;
#4886 = ORIENTED_EDGE ( 'NONE', *, *, #6391, .T. ) ;
#4887 = VECTOR ( 'NONE', #9603, 1000.000000000000000 ) ;
#4888 = DIRECTION ( 'NONE',  ( 1.000000000000000000, 0.000000000000000000, 0.000000000000000000 ) ) ;
#4889 = ADVANCED_FACE ( 'NONE', ( #4137 ), #11059, .T. ) ;
#4890 = ORIENTED_EDGE ( 'NONE', *, *, #2750, .F. ) ;
#4891 = DIRECTION ( 'NONE',  ( -0.9363291775690363306, -0.3511234415884135762, 0.000000000000000000 ) ) ;
#4892 = EDGE_CURVE ( 'NONE', #282, #7006, #2564, .T. ) ;
#4893 = CARTESIAN_POINT ( 'NONE',  ( -3.319999999999999840, 1.554999999999976623, 0.2700000000000020162 ) ) ;
#4894 = LINE ( 'NONE', #10687, #9983 ) ;
#4895 = DIRECTION ( 'NONE',  ( 0.000000000000000000, 0.000000000000000000, -1.000000000000000000 ) ) ;
#4896 = AXIS2_PLACEMENT_3D ( 'NONE', #6507, #10914, #4779 ) ;
#4897 = EDGE_CURVE ( 'NONE', #5432, #10176, #3296, .T. ) ;
#4898 = ORIENTED_EDGE ( 'NONE', *, *, #1590, .F. ) ;
#4899 = ORIENTED_EDGE ( 'NONE', *, *, #530, .F. ) ;
#4900 = ORIENTED_EDGE ( 'NONE', *, *, #5511, .F. ) ;
#4901 = ORIENTED_EDGE ( 'NONE', *, *, #3472, .T. ) ;
#4902 = EDGE_CURVE ( 'NONE', #8113, #10310, #9280, .T. ) ;
#4903 = PLANE ( 'NONE',  #9492 ) ;
#4904 = PLANE ( 'NONE',  #10455 ) ;
#4905 = DIRECTION ( 'NONE',  ( 0.000000000000000000, 1.000000000000000000, 0.000000000000000000 ) ) ;
#4906 = CARTESIAN_POINT ( 'NONE',  ( -18.32000000000000028, -0.04000000000002352368, -0.9999999999999983347 ) ) ;
#4907 = CARTESIAN_POINT ( 'NONE',  ( -17.35999999999999943, 3.304999999999976179, 0.2700000000000020162 ) ) ;
#4908 =( NAMED_UNIT ( * ) PLANE_ANGLE_UNIT ( ) SI_UNIT ( $, .RADIAN. ) );
#4909 = DIRECTION ( 'NONE',  ( 0.000000000000000000, -1.000000000000000000, 0.000000000000000000 ) ) ;
#4910 = EDGE_LOOP ( 'NONE', ( #4499, #2584, #8332, #6794 ) ) ;
#4911 = VECTOR ( 'NONE', #5098, 1000.000000000000000 ) ;
#4912 = LINE ( 'NONE', #8323, #2315 ) ;
#4913 = CARTESIAN_POINT ( 'NONE',  ( -15.32000000000000028, 4.359999999999976339, 0.3500000000000021982 ) ) ;
#4914 = CARTESIAN_POINT ( 'NONE',  ( 3.319999999999999840, 1.679999999999976401, 7.500000000000002665 ) ) ;
#4915 = CARTESIAN_POINT ( 'NONE',  ( -18.32000000000000028, -0.04000000000002352368, 0.8500000000000021982 ) ) ;
#4916 = EDGE_CURVE ( 'NONE', #7563, #3631, #208, .T. ) ;
#4917 = DIRECTION ( 'NONE',  ( -1.000000000000000000, 0.000000000000000000, 0.000000000000000000 ) ) ;
#4918 = VECTOR ( 'NONE', #8232, 1000.000000000000000 ) ;
#4919 = CARTESIAN_POINT ( 'NONE',  ( -8.679999999999999716, 0.7499999999999763522, 0.3200000000000021161 ) ) ;
#4920 = VERTEX_POINT ( 'NONE', #1780 ) ;
#4921 = ORIENTED_EDGE ( 'NONE', *, *, #7021, .T. ) ;
#4922 = DIRECTION ( 'NONE',  ( -1.000000000000000000, 0.000000000000000000, 0.000000000000000000 ) ) ;
#4923 = PLANE ( 'NONE',  #636 ) ;
#4924 = FACE_OUTER_BOUND ( 'NONE', #3983, .T. ) ;
#4925 = VECTOR ( 'NONE', #4589, 1000.000000000000000 ) ;
#4926 = FACE_OUTER_BOUND ( 'NONE', #1866, .T. ) ;
#4927 = CARTESIAN_POINT ( 'NONE',  ( -0.3199999999999999512, 2.109999999999976339, 6.100000000000002309 ) ) ;
#4928 = CARTESIAN_POINT ( 'NONE',  ( -1.649999999999999467, 0.4999999999999763522, 0.8500000000000021982 ) ) ;
#4929 = EDGE_LOOP ( 'NONE', ( #10603, #5216, #7701, #3313 ) ) ;
#4930 = DIRECTION ( 'NONE',  ( 0.000000000000000000, 0.000000000000000000, 1.000000000000000000 ) ) ;
#4931 = CARTESIAN_POINT ( 'NONE',  ( -12.94999999999999929, -2.090000000000023395, 4.300000000000001599 ) ) ;
#4932 = CARTESIAN_POINT ( 'NONE',  ( -8.679999999999999716, -3.220000000000023288, -0.3199999999999982303 ) ) ;
#4933 = EDGE_CURVE ( 'NONE', #7094, #3477, #2845, .T. ) ;
#4934 = EDGE_CURVE ( 'NONE', #5316, #5637, #1048, .T. ) ;
#4935 = CARTESIAN_POINT ( 'NONE',  ( 0.3200000000000008393, 2.749999999999976463, 6.100000000000002309 ) ) ;
#4936 = ORIENTED_EDGE ( 'NONE', *, *, #8223, .T. ) ;
#4937 = AXIS2_PLACEMENT_3D ( 'NONE', #38, #1492, #4297 ) ;
#4938 = ORIENTED_EDGE ( 'NONE', *, *, #8107, .T. ) ;
#4939 = VECTOR ( 'NONE', #1612, 1000.000000000000000 ) ;
#4940 = ORIENTED_EDGE ( 'NONE', *, *, #3046, .F. ) ;
#4941 = DIRECTION ( 'NONE',  ( 1.000000000000000000, 0.000000000000000000, 0.000000000000000000 ) ) ;
#4942 = ORIENTED_EDGE ( 'NONE', *, *, #9531, .F. ) ;
#4943 = LINE ( 'NONE', #3142, #6543 ) ;
#4944 = AXIS2_PLACEMENT_3D ( 'NONE', #2133, #2188, #5612 ) ;
#4945 = EDGE_LOOP ( 'NONE', ( #5788, #11008, #10658, #1520 ) ) ;
#4946 = PLANE ( 'NONE',  #2876 ) ;
#4947 = ORIENTED_EDGE ( 'NONE', *, *, #4452, .T. ) ;
#4948 = CARTESIAN_POINT ( 'NONE',  ( 0.3200000000000008393, 3.304999999999976179, -0.3199999999999982303 ) ) ;
#4949 = CARTESIAN_POINT ( 'NONE',  ( -0.3199999999999999512, 0.7499999999999763522, -0.3199999999999982303 ) ) ;
#4950 = CARTESIAN_POINT ( 'NONE',  ( -17.35999999999999943, 1.554999999999976623, 0.2700000000000020162 ) ) ;
#4951 = EDGE_CURVE ( 'NONE', #10435, #8458, #2665, .T. ) ;
#4952 = ORIENTED_EDGE ( 'NONE', *, *, #5315, .T. ) ;
#4953 = ORIENTED_EDGE ( 'NONE', *, *, #3249, .T. ) ;
#4954 = ORIENTED_EDGE ( 'NONE', *, *, #2902, .F. ) ;
#4955 = ORIENTED_EDGE ( 'NONE', *, *, #4189, .F. ) ;
#4956 = CARTESIAN_POINT ( 'NONE',  ( 3.319999999999999840, -0.04000000000002352368, 0.8500000000000021982 ) ) ;
#4957 = CARTESIAN_POINT ( 'NONE',  ( -18.32000000000000028, -0.04000000000002352368, -0.9999999999999983347 ) ) ;
#4958 = DIRECTION ( 'NONE',  ( 1.000000000000000000, 0.000000000000000000, 0.000000000000000000 ) ) ;
#4959 = CARTESIAN_POINT ( 'NONE',  ( -8.679999999999999716, 1.159999999999976383, -0.3299999999999978506 ) ) ;
#4960 = FACE_OUTER_BOUND ( 'NONE', #3412, .T. ) ;
#4961 = CARTESIAN_POINT ( 'NONE',  ( -8.799999999999998934, 5.564999999999976410, 7.150000000000002132 ) ) ;
#4962 = ADVANCED_FACE ( 'NONE', ( #4361 ), #7999, .T. ) ;
#4963 = LINE ( 'NONE', #10873, #10396 ) ;
#4964 = EDGE_CURVE ( 'NONE', #10471, #9223, #7768, .T. ) ;
#4965 = VERTEX_POINT ( 'NONE', #1950 ) ;
#4966 = ORIENTED_EDGE ( 'NONE', *, *, #10372, .F. ) ;
#4967 = DIRECTION ( 'NONE',  ( 1.000000000000000000, 0.000000000000000000, 0.000000000000000000 ) ) ;
#4968 = EDGE_CURVE ( 'NONE', #74, #2035, #2788, .T. ) ;
#4969 = CARTESIAN_POINT ( 'NONE',  ( -16.96000000000000085, 4.359999999999976339, 0.7000000000000022871 ) ) ;
#4970 = DIRECTION ( 'NONE',  ( -0.7071067811865474617, -0.7071067811865474617, 0.000000000000000000 ) ) ;
#4971 = FACE_OUTER_BOUND ( 'NONE', #10864, .T. ) ;
#4972 = CARTESIAN_POINT ( 'NONE',  ( -4.250000000000000000, 1.179999999999976401, 8.900000000000002132 ) ) ;
#4973 = DIRECTION ( 'NONE',  ( 0.000000000000000000, -1.000000000000000000, 0.000000000000000000 ) ) ;
#4974 = VERTEX_POINT ( 'NONE', #6094 ) ;
#4975 = VECTOR ( 'NONE', #1041, 1000.000000000000000 ) ;
#4976 = EDGE_LOOP ( 'NONE', ( #3308, #10587, #10616, #2184 ) ) ;
#4977 = FACE_OUTER_BOUND ( 'NONE', #8920, .T. ) ;
#4978 = ADVANCED_FACE ( 'NONE', ( #8835 ), #6151, .F. ) ;
#4979 = DIRECTION ( 'NONE',  ( 0.000000000000000000, 1.000000000000000000, 0.000000000000000000 ) ) ;
#4980 = CARTESIAN_POINT ( 'NONE',  ( -18.32000000000000028, 3.304999999999976179, -0.3299999999999978506 ) ) ;
#4981 = VECTOR ( 'NONE', #9826, 1000.000000000000000 ) ;
#4982 = FACE_OUTER_BOUND ( 'NONE', #6978, .T. ) ;
#4983 = EDGE_LOOP ( 'NONE', ( #8334, #10067, #4686, #5118 ) ) ;
#4984 = CARTESIAN_POINT ( 'NONE',  ( -15.32000000000000028, 1.159999999999976383, -0.9999999999999983347 ) ) ;
#4985 = PLANE ( 'NONE',  #4208 ) ;
#4986 = AXIS2_PLACEMENT_3D ( 'NONE', #7239, #10637, #7078 ) ;
#4987 = CARTESIAN_POINT ( 'NONE',  ( -3.319999999999999840, 1.554999999999976623, -0.3199999999999982303 ) ) ;
#4988 = ORIENTED_EDGE ( 'NONE', *, *, #2896, .F. ) ;
#4989 = ORIENTED_EDGE ( 'NONE', *, *, #537, .F. ) ;
#4990 = ORIENTED_EDGE ( 'NONE', *, *, #4346, .T. ) ;
#4991 = VECTOR ( 'NONE', #10915, 1000.000000000000000 ) ;
#4992 = LINE ( 'NONE', #4153, #2716 ) ;
#4993 = DIRECTION ( 'NONE',  ( 0.000000000000000000, -1.000000000000000000, 0.000000000000000000 ) ) ;
#4994 = ORIENTED_EDGE ( 'NONE', *, *, #1481, .T. ) ;
#4995 = CARTESIAN_POINT ( 'NONE',  ( -8.679999999999999716, 0.7499999999999763522, -0.9999999999999983347 ) ) ;
#4996 = ORIENTED_EDGE ( 'NONE', *, *, #9836, .T. ) ;
#4997 = PLANE ( 'NONE',  #6093 ) ;
#4998 = EDGE_CURVE ( 'NONE', #10255, #788, #3518, .T. ) ;
#4999 = EDGE_LOOP ( 'NONE', ( #599, #3080, #2349, #4599 ) ) ;
#5000 =( LENGTH_UNIT ( ) NAMED_UNIT ( * ) SI_UNIT ( .MILLI., .METRE. ) );
#5001 = LINE ( 'NONE', #902, #2922 ) ;
#5002 = FACE_OUTER_BOUND ( 'NONE', #9585, .T. ) ;
#5003 = DIRECTION ( 'NONE',  ( 1.000000000000000000, 0.000000000000000000, 0.000000000000000000 ) ) ;
#5004 = ORIENTED_EDGE ( 'NONE', *, *, #29, .F. ) ;
#5005 = ORIENTED_EDGE ( 'NONE', *, *, #9888, .T. ) ;
#5006 = ORIENTED_EDGE ( 'NONE', *, *, #10830, .T. ) ;
#5007 = EDGE_LOOP ( 'NONE', ( #6015, #10109, #3256, #665, #4900, #3232, #5519, #2694, #4358, #7338, #5681, #5553, #7965, #10711, #2427, #796, #10495, #11056 ) ) ;
#5008 = EDGE_CURVE ( 'NONE', #6381, #1203, #7039, .T. ) ;
#5009 = DIRECTION ( 'NONE',  ( 1.000000000000000000, 0.000000000000000000, 0.000000000000000000 ) ) ;
#5010 = LINE ( 'NONE', #8419, #6706 ) ;
#5011 = EDGE_CURVE ( 'NONE', #6775, #6674, #4418, .T. ) ;
#5012 = FACE_OUTER_BOUND ( 'NONE', #2978, .T. ) ;
#5013 = CARTESIAN_POINT ( 'NONE',  ( -2.680000000000000160, 1.554999999999976623, 0.2700000000000020162 ) ) ;
#5014 = CARTESIAN_POINT ( 'NONE',  ( -3.319999999999999840, 0.7499999999999763522, 0.3200000000000021161 ) ) ;
#5015 = VECTOR ( 'NONE', #8139, 1000.000000000000000 ) ;
#5016 = FACE_OUTER_BOUND ( 'NONE', #4569, .T. ) ;
#5017 = ORIENTED_EDGE ( 'NONE', *, *, #7344, .T. ) ;
#5018 = AXIS2_PLACEMENT_3D ( 'NONE', #8376, #1429, #4855 ) ;
#5019 = ORIENTED_EDGE ( 'NONE', *, *, #3875, .F. ) ;
#5020 = DIRECTION ( 'NONE',  ( 0.000000000000000000, 1.000000000000000000, 0.000000000000000000 ) ) ;
#5021 = ADVANCED_FACE ( 'NONE', ( #8663 ), #4585, .F. ) ;
#5022 = FACE_OUTER_BOUND ( 'NONE', #6241, .T. ) ;
#5023 = LINE ( 'NONE', #4914, #8082 ) ;
#5024 = VECTOR ( 'NONE', #5053, 1000.000000000000000 ) ;
#5025 = DIRECTION ( 'NONE',  ( 0.000000000000000000, -0.3511234415884135762, -0.9363291775690363306 ) ) ;
#5026 = EDGE_CURVE ( 'NONE', #1031, #9402, #8775, .T. ) ;
#5027 = DIRECTION ( 'NONE',  ( 1.000000000000000000, 0.000000000000000000, 0.000000000000000000 ) ) ;
#5028 = PLANE ( 'NONE',  #672 ) ;
#5029 = EDGE_LOOP ( 'NONE', ( #325, #1677, #9306, #2710 ) ) ;
#5030 = EDGE_CURVE ( 'NONE', #8345, #9223, #6317, .T. ) ;
#5031 = ORIENTED_EDGE ( 'NONE', *, *, #2346, .T. ) ;
#5032 = AXIS2_PLACEMENT_3D ( 'NONE', #10770, #591, #5641 ) ;
#5033 = CARTESIAN_POINT ( 'NONE',  ( -18.32000000000000028, 1.159999999999976383, -0.3299999999999978506 ) ) ;
#5034 = CARTESIAN_POINT ( 'NONE',  ( 0.3200000000000008393, 2.109999999999976339, 6.100000000000002309 ) ) ;
#5035 = CARTESIAN_POINT ( 'NONE',  ( 2.360000000000001208, 1.554999999999976623, -0.3299999999999978506 ) ) ;
#5036 = VECTOR ( 'NONE', #3330, 1000.000000000000000 ) ;
#5037 = CARTESIAN_POINT ( 'NONE',  ( -8.679999999999999716, 0.7499999999999763522, 0.3200000000000021161 ) ) ;
#5038 = VERTEX_POINT ( 'NONE', #9497 ) ;
#5039 = LINE ( 'NONE', #2287, #400 ) ;
#5040 = DIRECTION ( 'NONE',  ( 0.000000000000000000, 1.000000000000000000, 0.000000000000000000 ) ) ;
#5041 = CARTESIAN_POINT ( 'NONE',  ( -13.35000000000000142, -2.341876692568689577E-14, 3.300000000000002043 ) ) ;
#5042 = ADVANCED_FACE ( 'NONE', ( #10336 ), #2727, .T. ) ;
#5043 = ORIENTED_EDGE ( 'NONE', *, *, #10349, .T. ) ;
#5044 = VECTOR ( 'NONE', #7666, 1000.000000000000000 ) ;
#5045 = AXIS2_PLACEMENT_3D ( 'NONE', #2108, #5532, #8935 ) ;
#5046 = ORIENTED_EDGE ( 'NONE', *, *, #8922, .T. ) ;
#5047 = EDGE_LOOP ( 'NONE', ( #1751, #5288, #2892, #5231 ) ) ;
#5048 = PLANE ( 'NONE',  #4291 ) ;
#5049 = ORIENTED_EDGE ( 'NONE', *, *, #1606, .F. ) ;
#5050 = FACE_OUTER_BOUND ( 'NONE', #8819, .T. ) ;
#5051 = ORIENTED_EDGE ( 'NONE', *, *, #4408, .T. ) ;
#5052 = VECTOR ( 'NONE', #6577, 1000.000000000000114 ) ;
#5053 = DIRECTION ( 'NONE',  ( 0.000000000000000000, -1.000000000000000000, 0.000000000000000000 ) ) ;
#5054 = VECTOR ( 'NONE', #8641, 1000.000000000000000 ) ;
#5055 = AXIS2_PLACEMENT_3D ( 'NONE', #6382, #387, #2965 ) ;
#5056 = ORIENTED_EDGE ( 'NONE', *, *, #2117, .T. ) ;
#5057 = CARTESIAN_POINT ( 'NONE',  ( -0.3199999999999999512, 0.7499999999999763522, 0.3200000000000021161 ) ) ;
#5058 = CARTESIAN_POINT ( 'NONE',  ( -2.830000000000000071, 2.259999999999976250, 6.500000000000002665 ) ) ;
#5059 = LINE ( 'NONE', #4219, #338 ) ;
#5060 = DIRECTION ( 'NONE',  ( 0.000000000000000000, -1.000000000000000000, 0.000000000000000000 ) ) ;
#5061 = ADVANCED_FACE ( 'NONE', ( #5260 ), #994, .T. ) ;
#5062 = ORIENTED_EDGE ( 'NONE', *, *, #4751, .T. ) ;
#5063 = ORIENTED_EDGE ( 'NONE', *, *, #9713, .F. ) ;
#5064 = AXIS2_PLACEMENT_3D ( 'NONE', #8406, #4891, #8467 ) ;
#5065 = ORIENTED_EDGE ( 'NONE', *, *, #919, .F. ) ;
#5066 = CARTESIAN_POINT ( 'NONE',  ( -13.35000000000000142, -3.063475425431024135, 5.138088069914002354 ) ) ;
#5067 = ORIENTED_EDGE ( 'NONE', *, *, #8092, .F. ) ;
#5068 = DIRECTION ( 'NONE',  ( 1.000000000000000000, 0.000000000000000000, 0.000000000000000000 ) ) ;
#5069 = CARTESIAN_POINT ( 'NONE',  ( -8.830000000000000071, -3.220000000000023288, -0.1699999999999982636 ) ) ;
#5070 = CARTESIAN_POINT ( 'NONE',  ( -3.319999999999999840, 4.359999999999976339, 0.3500000000000021982 ) ) ;
#5071 = DIRECTION ( 'NONE',  ( 0.7071067811865474617, 0.000000000000000000, -0.7071067811865474617 ) ) ;
#5072 = LINE ( 'NONE', #1761, #6607 ) ;
#5073 = EDGE_CURVE ( 'NONE', #9437, #8508, #7822, .T. ) ;
#5074 = AXIS2_PLACEMENT_3D ( 'NONE', #7744, #5180, #10362 ) ;
#5075 = EDGE_CURVE ( 'NONE', #3950, #1045, #8886, .T. ) ;
#5076 = CARTESIAN_POINT ( 'NONE',  ( -14.34999999999999964, -2.341876692568689577E-14, 4.300000000000001599 ) ) ;
#5077 = ORIENTED_EDGE ( 'NONE', *, *, #6643, .F. ) ;
#5078 = ORIENTED_EDGE ( 'NONE', *, *, #5210, .T. ) ;
#5079 = AXIS2_PLACEMENT_3D ( 'NONE', #3105, #4790, #9979 ) ;
#5080 = CARTESIAN_POINT ( 'NONE',  ( -7.249999999999999112, 1.879999999999976357, 8.900000000000002132 ) ) ;
#5081 = DIRECTION ( 'NONE',  ( 1.000000000000000000, 0.000000000000000000, 0.000000000000000000 ) ) ;
#5082 = FACE_OUTER_BOUND ( 'NONE', #5591, .T. ) ;
#5083 = EDGE_CURVE ( 'NONE', #8058, #4388, #9096, .T. ) ;
#5084 = CARTESIAN_POINT ( 'NONE',  ( -15.00000000000000000, -3.020000000000023554, -0.2449999999999978306 ) ) ;
#5085 = PLANE ( 'NONE',  #7778 ) ;
#5086 = ADVANCED_FACE ( 'NONE', ( #479 ), #7426, .F. ) ;
#5087 = DIRECTION ( 'NONE',  ( -0.000000000000000000, 1.000000000000000000, 0.000000000000000000 ) ) ;
#5088 = VERTEX_POINT ( 'NONE', #6368 ) ;
#5089 = ORIENTED_EDGE ( 'NONE', *, *, #8770, .T. ) ;
#5090 = EDGE_CURVE ( 'NONE', #7907, #8486, #8266, .T. ) ;
#5091 = DIRECTION ( 'NONE',  ( -0.7071067811865474617, 0.7071067811865474617, 0.000000000000000000 ) ) ;
#5092 = CARTESIAN_POINT ( 'NONE',  ( -5.679999999999999716, 3.484999999999976339, -0.3199999999999982303 ) ) ;
#5093 = CARTESIAN_POINT ( 'NONE',  ( -16.25000000000000000, 3.679999999999976623, 2.296000000000002039 ) ) ;
#5094 = PLANE ( 'NONE',  #8796 ) ;
#5095 = VECTOR ( 'NONE', #3867, 1000.000000000000000 ) ;
#5096 = ORIENTED_EDGE ( 'NONE', *, *, #911, .T. ) ;
#5097 = PLANE ( 'NONE',  #8857 ) ;
#5098 = DIRECTION ( 'NONE',  ( 0.000000000000000000, 1.000000000000000000, 0.000000000000000000 ) ) ;
#5099 = ORIENTED_EDGE ( 'NONE', *, *, #3962, .F. ) ;
#5100 = EDGE_CURVE ( 'NONE', #4648, #4437, #6417, .T. ) ;
#5101 = ORIENTED_EDGE ( 'NONE', *, *, #7596, .T. ) ;
#5102 = VECTOR ( 'NONE', #2124, 1000.000000000000000 ) ;
#5103 = ADVANCED_FACE ( 'NONE', ( #4742 ), #4689, .T. ) ;
#5104 = FACE_OUTER_BOUND ( 'NONE', #5665, .T. ) ;
#5105 = ORIENTED_EDGE ( 'NONE', *, *, #9108, .F. ) ;
#5106 = LINE ( 'NONE', #8513, #2251 ) ;
#5107 = ORIENTED_EDGE ( 'NONE', *, *, #7966, .F. ) ;
#5108 = ADVANCED_FACE ( 'NONE', ( #2997 ), #5694, .F. ) ;
#5109 = VECTOR ( 'NONE', #308, 1000.000000000000000 ) ;
#5110 = PLANE ( 'NONE',  #8943 ) ;
#5111 = ORIENTED_EDGE ( 'NONE', *, *, #7361, .T. ) ;
#5112 = CARTESIAN_POINT ( 'NONE',  ( -17.35999999999999943, 0.4999999999999763522, 0.8500000000000021982 ) ) ;
#5113 = DIRECTION ( 'NONE',  ( 0.000000000000000000, 1.000000000000000000, 0.000000000000000000 ) ) ;
#5114 = CARTESIAN_POINT ( 'NONE',  ( -9.320000000000000284, 1.554999999999976623, 0.2700000000000020162 ) ) ;
#5115 = VECTOR ( 'NONE', #10775, 1000.000000000000000 ) ;
#5116 = CARTESIAN_POINT ( 'NONE',  ( -5.679999999999999716, 3.304999999999976179, 0.2700000000000020162 ) ) ;
#5117 = ORIENTED_EDGE ( 'NONE', *, *, #2599, .T. ) ;
#5118 = ORIENTED_EDGE ( 'NONE', *, *, #2613, .T. ) ;
#5119 = ORIENTED_EDGE ( 'NONE', *, *, #3590, .F. ) ;
#5120 = ORIENTED_EDGE ( 'NONE', *, *, #7060, .F. ) ;
#5121 = LINE ( 'NONE', #4226, #7028 ) ;
#5122 = EDGE_LOOP ( 'NONE', ( #6663, #3848, #5004, #9164 ) ) ;
#5123 = EDGE_CURVE ( 'NONE', #1864, #1143, #4800, .T. ) ;
#5124 = FACE_OUTER_BOUND ( 'NONE', #9609, .T. ) ;
#5125 = LINE ( 'NONE', #5848, #1707 ) ;
#5126 = CARTESIAN_POINT ( 'NONE',  ( 0.3200000000000008393, 2.109999999999976339, 0.3500000000000021982 ) ) ;
#5127 = FACE_OUTER_BOUND ( 'NONE', #8613, .T. ) ;
#5128 = LINE ( 'NONE', #3445, #7320 ) ;
#5129 = VECTOR ( 'NONE', #8790, 1000.000000000000000 ) ;
#5130 = SURFACE_SIDE_STYLE ('',( #3337 ) ) ;
#5131 = PLANE ( 'NONE',  #8403 ) ;
#5132 = VERTEX_POINT ( 'NONE', #1266 ) ;
#5133 = AXIS2_PLACEMENT_3D ( 'NONE', #4492, #7959, #2862 ) ;
#5134 = ORIENTED_EDGE ( 'NONE', *, *, #489, .F. ) ;
#5135 = CARTESIAN_POINT ( 'NONE',  ( -18.32000000000000028, 3.699999999999976641, -0.3299999999999978506 ) ) ;
#5136 = FACE_OUTER_BOUND ( 'NONE', #9024, .T. ) ;
#5137 = FACE_OUTER_BOUND ( 'NONE', #5717, .T. ) ;
#5138 = EDGE_CURVE ( 'NONE', #6443, #3586, #9718, .T. ) ;
#5139 = EDGE_CURVE ( 'NONE', #3416, #121, #3898, .T. ) ;
#5140 = DIRECTION ( 'NONE',  ( 0.000000000000000000, 1.000000000000000000, 0.000000000000000000 ) ) ;
#5141 = LINE ( 'NONE', #11051, #5601 ) ;
#5142 = CARTESIAN_POINT ( 'NONE',  ( 1.919999999999999929, 1.679999999999976401, 8.900000000000002132 ) ) ;
#5143 = LINE ( 'NONE', #3459, #6580 ) ;
#5144 = ORIENTED_EDGE ( 'NONE', *, *, #1314, .T. ) ;
#5145 = CARTESIAN_POINT ( 'NONE',  ( -2.680000000000000160, 0.7499999999999763522, 0.3200000000000021161 ) ) ;
#5146 = EDGE_LOOP ( 'NONE', ( #10911, #5650, #9183, #5219 ) ) ;
#5147 = EDGE_CURVE ( 'NONE', #6457, #1007, #10651, .T. ) ;
#5148 = CARTESIAN_POINT ( 'NONE',  ( -2.680000000000000160, 3.699999999999976641, -0.9999999999999983347 ) ) ;
#5149 = LINE ( 'NONE', #10887, #3858 ) ;
#5150 = LINE ( 'NONE', #10167, #10157 ) ;
#5151 = EDGE_CURVE ( 'NONE', #8194, #3542, #5584, .T. ) ;
#5152 = DIRECTION ( 'NONE',  ( 0.000000000000000000, 0.000000000000000000, -1.000000000000000000 ) ) ;
#5153 = ADVANCED_FACE ( 'NONE', ( #3953 ), #423, .F. ) ;
#5154 = ORIENTED_EDGE ( 'NONE', *, *, #8076, .T. ) ;
#5155 = DIRECTION ( 'NONE',  ( 0.000000000000000000, 0.000000000000000000, -1.000000000000000000 ) ) ;
#5156 = CARTESIAN_POINT ( 'NONE',  ( -14.34999999999999964, 0.4999999999999763522, 0.8500000000000021982 ) ) ;
#5157 = ORIENTED_EDGE ( 'NONE', *, *, #4892, .T. ) ;
#5158 = EDGE_LOOP ( 'NONE', ( #2357, #7561, #6257, #10012 ) ) ;
#5159 = VECTOR ( 'NONE', #4701, 1000.000000000000000 ) ;
#5160 = FACE_OUTER_BOUND ( 'NONE', #3089, .T. ) ;
#5161 = ORIENTED_EDGE ( 'NONE', *, *, #306, .T. ) ;
#5162 = CARTESIAN_POINT ( 'NONE',  ( 3.319999999999999840, 2.316249999999976161, 0.4500000000000020650 ) ) ;
#5163 = ORIENTED_EDGE ( 'NONE', *, *, #7483, .T. ) ;
#5164 = VECTOR ( 'NONE', #7363, 1000.000000000000000 ) ;
#5165 = ADVANCED_FACE ( 'NONE', ( #7368 ), #2948, .T. ) ;
#5166 = DIRECTION ( 'NONE',  ( 0.000000000000000000, 0.000000000000000000, 1.000000000000000000 ) ) ;
#5167 = VECTOR ( 'NONE', #4565, 1000.000000000000000 ) ;
#5168 = ORIENTED_EDGE ( 'NONE', *, *, #6247, .F. ) ;
#5169 = CARTESIAN_POINT ( 'NONE',  ( 1.959999999999999964, 4.359999999999976339, 0.7000000000000022871 ) ) ;
#5170 = DIRECTION ( 'NONE',  ( 1.000000000000000000, 0.000000000000000000, 0.000000000000000000 ) ) ;
#5171 = CARTESIAN_POINT ( 'NONE',  ( -12.31999999999999851, 4.359999999999976339, 0.3500000000000021982 ) ) ;
#5172 = ADVANCED_FACE ( 'NONE', ( #4017 ), #370, .T. ) ;
#5173 = CARTESIAN_POINT ( 'NONE',  ( -2.680000000000000160, -2.820000000000023821, -0.3199999999999982303 ) ) ;
#5174 = EDGE_CURVE ( 'NONE', #7851, #5809, #9933, .T. ) ;
#5175 = ORIENTED_EDGE ( 'NONE', *, *, #9045, .F. ) ;
#5176 = EDGE_CURVE ( 'NONE', #289, #8417, #9815, .T. ) ;
#5177 = ORIENTED_EDGE ( 'NONE', *, *, #7699, .F. ) ;
#5178 = EDGE_LOOP ( 'NONE', ( #6067, #5742, #2257, #5777 ) ) ;
#5179 = VERTEX_POINT ( 'NONE', #6636 ) ;
#5180 = DIRECTION ( 'NONE',  ( -1.000000000000000000, 0.000000000000000000, 0.000000000000000000 ) ) ;
#5181 = ORIENTED_EDGE ( 'NONE', *, *, #9356, .T. ) ;
#5182 = DIRECTION ( 'NONE',  ( 0.000000000000000000, 0.000000000000000000, -1.000000000000000000 ) ) ;
#5183 = DIRECTION ( 'NONE',  ( 0.000000000000000000, 1.000000000000000000, 0.000000000000000000 ) ) ;
#5184 = VECTOR ( 'NONE', #903, 1000.000000000000000 ) ;
#5185 = PLANE ( 'NONE',  #7198 ) ;
#5186 = CARTESIAN_POINT ( 'NONE',  ( -3.319999999999999840, 3.304999999999976179, -0.3199999999999982303 ) ) ;
#5187 = CARTESIAN_POINT ( 'NONE',  ( -8.679999999999999716, 0.7499999999999763522, -0.3199999999999982303 ) ) ;
#5188 = ADVANCED_FACE ( 'NONE', ( #872 ), #5975, .T. ) ;
#5189 = CARTESIAN_POINT ( 'NONE',  ( -5.679999999999999716, 1.554999999999976623, -0.3299999999999978506 ) ) ;
#5190 = ORIENTED_EDGE ( 'NONE', *, *, #8493, .F. ) ;
#5191 = EDGE_LOOP ( 'NONE', ( #5780, #1158, #6165, #2516, #1898 ) ) ;
#5192 = AXIS2_PLACEMENT_3D ( 'NONE', #2596, #6914, #6025 ) ;
#5193 = DIRECTION ( 'NONE',  ( 0.000000000000000000, -1.000000000000000000, 0.000000000000000000 ) ) ;
#5194 = CARTESIAN_POINT ( 'NONE',  ( -5.830000000000000071, 2.599999999999976552, 6.500000000000002665 ) ) ;
#5195 = CARTESIAN_POINT ( 'NONE',  ( -18.32000000000000028, -0.04000000000002352368, 0.8500000000000021982 ) ) ;
#5196 = CARTESIAN_POINT ( 'NONE',  ( -8.679999999999999716, 0.7499999999999763522, -0.3199999999999982303 ) ) ;
#5197 = CARTESIAN_POINT ( 'NONE',  ( -8.679999999999999716, 1.554999999999976623, -0.3199999999999982303 ) ) ;
#5198 = DIRECTION ( 'NONE',  ( -1.000000000000000000, 0.000000000000000000, 0.000000000000000000 ) ) ;
#5199 = VERTEX_POINT ( 'NONE', #3225 ) ;
#5200 = VECTOR ( 'NONE', #3051, 1000.000000000000000 ) ;
#5201 = VERTEX_POINT ( 'NONE', #5859 ) ;
#5202 = CARTESIAN_POINT ( 'NONE',  ( -18.32000000000000028, 3.699999999999976641, -0.9999999999999983347 ) ) ;
#5203 = DIRECTION ( 'NONE',  ( 1.000000000000000000, 0.000000000000000000, 0.000000000000000000 ) ) ;
#5204 = FACE_OUTER_BOUND ( 'NONE', #632, .T. ) ;
#5205 = CARTESIAN_POINT ( 'NONE',  ( -18.32000000000000028, 1.159999999999976383, 0.2700000000000020162 ) ) ;
#5206 = ORIENTED_EDGE ( 'NONE', *, *, #3779, .F. ) ;
#5207 = CARTESIAN_POINT ( 'NONE',  ( -6.319999999999999396, -2.820000000000023821, -0.3199999999999982303 ) ) ;
#5208 = CARTESIAN_POINT ( 'NONE',  ( 0.3200000000000008393, 3.304999999999976179, -0.3199999999999982303 ) ) ;
#5209 = ORIENTED_EDGE ( 'NONE', *, *, #8614, .T. ) ;
#5210 = EDGE_CURVE ( 'NONE', #3406, #50, #7478, .T. ) ;
#5211 = VECTOR ( 'NONE', #4292, 1000.000000000000000 ) ;
#5212 = ORIENTED_EDGE ( 'NONE', *, *, #9768, .F. ) ;
#5213 = FACE_OUTER_BOUND ( 'NONE', #10521, .T. ) ;
#5214 = ORIENTED_EDGE ( 'NONE', *, *, #7009, .F. ) ;
#5215 = DIRECTION ( 'NONE',  ( 0.000000000000000000, 1.000000000000000000, 0.000000000000000000 ) ) ;
#5216 = ORIENTED_EDGE ( 'NONE', *, *, #4224, .T. ) ;
#5217 = CARTESIAN_POINT ( 'NONE',  ( -8.679999999999999716, 3.484999999999976339, 0.3500000000000021982 ) ) ;
#5218 = EDGE_CURVE ( 'NONE', #2572, #2187, #6582, .T. ) ;
#5219 = ORIENTED_EDGE ( 'NONE', *, *, #3500, .T. ) ;
#5220 = CARTESIAN_POINT ( 'NONE',  ( -5.679999999999999716, -3.220000000000023288, -0.3199999999999982303 ) ) ;
#5221 = CARTESIAN_POINT ( 'NONE',  ( -13.75000000000000000, 3.679999999999976623, 2.296000000000002039 ) ) ;
#5222 = CARTESIAN_POINT ( 'NONE',  ( -0.3199999999999999512, 3.484999999999976339, 0.3500000000000021982 ) ) ;
#5223 = VECTOR ( 'NONE', #7141, 1000.000000000000000 ) ;
#5224 = FACE_OUTER_BOUND ( 'NONE', #4092, .T. ) ;
#5225 = VECTOR ( 'NONE', #6139, 1000.000000000000000 ) ;
#5226 = ORIENTED_EDGE ( 'NONE', *, *, #3098, .T. ) ;
#5227 = ORIENTED_EDGE ( 'NONE', *, *, #1999, .T. ) ;
#5228 = ORIENTED_EDGE ( 'NONE', *, *, #5511, .T. ) ;
#5229 = EDGE_LOOP ( 'NONE', ( #6578, #5691, #7048, #9068 ) ) ;
#5230 = LINE ( 'NONE', #6018, #2198 ) ;
#5231 = ORIENTED_EDGE ( 'NONE', *, *, #3576, .T. ) ;
#5232 = DIRECTION ( 'NONE',  ( 0.000000000000000000, 0.000000000000000000, 1.000000000000000000 ) ) ;
#5233 = EDGE_CURVE ( 'NONE', #8458, #3981, #7703, .T. ) ;
#5234 = VECTOR ( 'NONE', #2390, 1000.000000000000000 ) ;
#5235 = ADVANCED_FACE ( 'NONE', ( #4126 ), #7535, .F. ) ;
#5236 = DIRECTION ( 'NONE',  ( 0.000000000000000000, 1.000000000000000000, 0.000000000000000000 ) ) ;
#5237 = LINE ( 'NONE', #4280, #8499 ) ;
#5238 = LINE ( 'NONE', #6184, #5054 ) ;
#5239 = PLANE ( 'NONE',  #952 ) ;
#5240 = PLANE ( 'NONE',  #706 ) ;
#5241 = ADVANCED_FACE ( 'NONE', ( #5022 ), #8432, .T. ) ;
#5242 = AXIS2_PLACEMENT_3D ( 'NONE', #89, #4406, #3509 ) ;
#5243 = VECTOR ( 'NONE', #9116, 1000.000000000000000 ) ;
#5244 = ADVANCED_FACE ( 'NONE', ( #2326 ), #5566, .T. ) ;
#5245 = LINE ( 'NONE', #3449, #7545 ) ;
#5246 = ORIENTED_EDGE ( 'NONE', *, *, #991, .T. ) ;
#5247 = ORIENTED_EDGE ( 'NONE', *, *, #1360, .F. ) ;
#5248 = CARTESIAN_POINT ( 'NONE',  ( -11.83000000000000007, -3.220000000000023288, -0.1699999999999982636 ) ) ;
#5249 = CARTESIAN_POINT ( 'NONE',  ( 1.919999999999999929, 3.679999999999976623, 7.500000000000002665 ) ) ;
#5250 = AXIS2_PLACEMENT_3D ( 'NONE', #7814, #3188, #10273 ) ;
#5251 = PLANE ( 'NONE',  #4878 ) ;
#5252 = FACE_OUTER_BOUND ( 'NONE', #2407, .T. ) ;
#5253 = DIRECTION ( 'NONE',  ( -1.000000000000000000, 0.000000000000000000, 0.000000000000000000 ) ) ;
#5254 = CARTESIAN_POINT ( 'NONE',  ( -15.32000000000000028, 3.304999999999976179, -0.3299999999999978506 ) ) ;
#5255 = DIRECTION ( 'NONE',  ( 0.000000000000000000, -1.000000000000000000, 0.000000000000000000 ) ) ;
#5256 = VECTOR ( 'NONE', #8256, 1000.000000000000000 ) ;
#5257 = VERTEX_POINT ( 'NONE', #33 ) ;
#5258 = EDGE_LOOP ( 'NONE', ( #1186, #3830, #10959, #5284, #7985 ) ) ;
#5259 = LINE ( 'NONE', #9496, #8589 ) ;
#5260 = FACE_OUTER_BOUND ( 'NONE', #4809, .T. ) ;
#5261 = PLANE ( 'NONE',  #510 ) ;
#5262 = EDGE_CURVE ( 'NONE', #1802, #9437, #4186, .T. ) ;
#5263 = LINE ( 'NONE', #5374, #8963 ) ;
#5264 = VERTEX_POINT ( 'NONE', #10043 ) ;
#5265 = DIRECTION ( 'NONE',  ( 0.000000000000000000, -1.000000000000000000, 0.000000000000000000 ) ) ;
#5266 = CARTESIAN_POINT ( 'NONE',  ( -18.32000000000000028, 3.679999999999976623, -0.9999999999999983347 ) ) ;
#5267 = ORIENTED_EDGE ( 'NONE', *, *, #8936, .T. ) ;
#5268 = ORIENTED_EDGE ( 'NONE', *, *, #8756, .T. ) ;
#5269 = DIRECTION ( 'NONE',  ( 1.000000000000000000, 0.000000000000000000, 0.000000000000000000 ) ) ;
#5270 = ORIENTED_EDGE ( 'NONE', *, *, #1622, .F. ) ;
#5271 = DIRECTION ( 'NONE',  ( 1.000000000000000000, 0.000000000000000000, 0.000000000000000000 ) ) ;
#5272 = VECTOR ( 'NONE', #3580, 1000.000000000000000 ) ;
#5273 = CARTESIAN_POINT ( 'NONE',  ( -13.35000000000000142, -3.097496087967024359, 5.108005145163001970 ) ) ;
#5274 = ADVANCED_FACE ( 'NONE', ( #5136 ), #1489, .T. ) ;
#5275 = EDGE_CURVE ( 'NONE', #4329, #6791, #10992, .T. ) ;
#5276 = ORIENTED_EDGE ( 'NONE', *, *, #10955, .F. ) ;
#5277 = DIRECTION ( 'NONE',  ( 0.000000000000000000, 1.000000000000000000, 0.000000000000000000 ) ) ;
#5278 = FACE_OUTER_BOUND ( 'NONE', #42, .T. ) ;
#5279 = DIRECTION ( 'NONE',  ( -1.000000000000000000, 0.000000000000000000, 0.000000000000000000 ) ) ;
#5280 = DIRECTION ( 'NONE',  ( 0.000000000000000000, -1.000000000000000000, 0.000000000000000000 ) ) ;
#5281 = VERTEX_POINT ( 'NONE', #6753 ) ;
#5282 = VECTOR ( 'NONE', #5995, 1000.000000000000000 ) ;
#5283 = VERTEX_POINT ( 'NONE', #10155 ) ;
#5284 = ORIENTED_EDGE ( 'NONE', *, *, #4467, .T. ) ;
#5285 = VECTOR ( 'NONE', #1811, 1000.000000000000000 ) ;
#5286 = ORIENTED_EDGE ( 'NONE', *, *, #8137, .F. ) ;
#5287 = LINE ( 'NONE', #5506, #10636 ) ;
#5288 = ORIENTED_EDGE ( 'NONE', *, *, #5955, .F. ) ;
#5289 = DIRECTION ( 'NONE',  ( 0.7071067811865475727, 0.7071067811865475727, 0.000000000000000000 ) ) ;
#5290 = EDGE_CURVE ( 'NONE', #1616, #6736, #5803, .T. ) ;
#5291 = CARTESIAN_POINT ( 'NONE',  ( -9.320000000000000284, -2.820000000000023821, -0.3199999999999982303 ) ) ;
#5292 = DIRECTION ( 'NONE',  ( 0.000000000000000000, -1.000000000000000000, 0.000000000000000000 ) ) ;
#5293 = VECTOR ( 'NONE', #1944, 1000.000000000000000 ) ;
#5294 = CARTESIAN_POINT ( 'NONE',  ( -1.649999999999999467, -2.341876692568689577E-14, 5.300000000000002487 ) ) ;
#5295 = FACE_OUTER_BOUND ( 'NONE', #10363, .T. ) ;
#5296 = CARTESIAN_POINT ( 'NONE',  ( -6.319999999999999396, 1.159999999999976383, -0.3299999999999978506 ) ) ;
#5297 = EDGE_CURVE ( 'NONE', #3586, #4388, #6697, .T. ) ;
#5298 = AXIS2_PLACEMENT_3D ( 'NONE', #1748, #1859, #904 ) ;
#5299 = ADVANCED_FACE ( 'NONE', ( #1547 ), #9321, .F. ) ;
#5300 = DIRECTION ( 'NONE',  ( 0.3312945782245003690, 0.8834522085988016915, 0.3312945782245003690 ) ) ;
#5301 = ORIENTED_EDGE ( 'NONE', *, *, #10084, .F. ) ;
#5302 = VECTOR ( 'NONE', #8446, 1000.000000000000000 ) ;
#5303 = ORIENTED_EDGE ( 'NONE', *, *, #3160, .T. ) ;
#5304 = CARTESIAN_POINT ( 'NONE',  ( -18.32000000000000028, 0.9999999999999763522, 7.500000000000002665 ) ) ;
#5305 = CARTESIAN_POINT ( 'NONE',  ( -2.680000000000000160, 3.484999999999976339, -0.3199999999999982303 ) ) ;
#5306 = VECTOR ( 'NONE', #10737, 1000.000000000000000 ) ;
#5307 = DIRECTION ( 'NONE',  ( 0.000000000000000000, -1.000000000000000000, 0.000000000000000000 ) ) ;
#5308 = PLANE ( 'NONE',  #6482 ) ;
#5309 = DIRECTION ( 'NONE',  ( 0.000000000000000000, -1.000000000000000000, 0.000000000000000000 ) ) ;
#5310 = PLANE ( 'NONE',  #3847 ) ;
#5311 = EDGE_CURVE ( 'NONE', #5940, #10300, #2551, .T. ) ;
#5312 = LINE ( 'NONE', #95, #6228 ) ;
#5313 = EDGE_CURVE ( 'NONE', #10862, #7625, #3398, .T. ) ;
#5314 = VECTOR ( 'NONE', #6168, 1000.000000000000000 ) ;
#5315 = EDGE_CURVE ( 'NONE', #6270, #7563, #8594, .T. ) ;
#5316 = VERTEX_POINT ( 'NONE', #1149 ) ;
#5317 = ADVANCED_FACE ( 'NONE', ( #10270 ), #6867, .T. ) ;
#5318 = VERTEX_POINT ( 'NONE', #5304 ) ;
#5319 = PLANE ( 'NONE',  #6618 ) ;
#5320 = DIRECTION ( 'NONE',  ( 0.000000000000000000, 0.000000000000000000, 1.000000000000000000 ) ) ;
#5321 = DIRECTION ( 'NONE',  ( 0.000000000000000000, 0.000000000000000000, 1.000000000000000000 ) ) ;
#5322 = CARTESIAN_POINT ( 'NONE',  ( -14.32477270848700002, -2.090000000000023395, 5.300000000000002487 ) ) ;
#5323 = ORIENTED_EDGE ( 'NONE', *, *, #3855, .F. ) ;
#5324 = CARTESIAN_POINT ( 'NONE',  ( -9.320000000000000284, 1.554999999999976623, -0.3299999999999978506 ) ) ;
#5325 = DIRECTION ( 'NONE',  ( -0.000000000000000000, 1.000000000000000000, 0.000000000000000000 ) ) ;
#5326 = ORIENTED_EDGE ( 'NONE', *, *, #5543, .F. ) ;
#5327 = ADVANCED_FACE ( 'NONE', ( #1880 ), #10376, .T. ) ;
#5328 = ORIENTED_EDGE ( 'NONE', *, *, #4605, .T. ) ;
#5329 = LINE ( 'NONE', #5382, #8905 ) ;
#5330 = ORIENTED_EDGE ( 'NONE', *, *, #9047, .F. ) ;
#5331 = CARTESIAN_POINT ( 'NONE',  ( -13.92979589711299937, -2.341876692568689577E-14, 5.300000000000002487 ) ) ;
#5332 = LINE ( 'NONE', #8733, #322 ) ;
#5333 = ORIENTED_EDGE ( 'NONE', *, *, #210, .T. ) ;
#5334 = PLANE ( 'NONE',  #4523 ) ;
#5335 = CARTESIAN_POINT ( 'NONE',  ( 1.959999999999999964, 0.4999999999999763522, 0.8500000000000021982 ) ) ;
#5336 = LINE ( 'NONE', #6337, #2260 ) ;
#5337 = CARTESIAN_POINT ( 'NONE',  ( -13.35000000000000142, -2.876112710120023674, 3.300000000000002043 ) ) ;
#5338 = ORIENTED_EDGE ( 'NONE', *, *, #5275, .T. ) ;
#5339 = ORIENTED_EDGE ( 'NONE', *, *, #7284, .T. ) ;
#5340 = ORIENTED_EDGE ( 'NONE', *, *, #4109, .T. ) ;
#5341 = AXIS2_PLACEMENT_3D ( 'NONE', #3629, #8830, #4579 ) ;
#5342 = ORIENTED_EDGE ( 'NONE', *, *, #2838, .T. ) ;
#5343 = LINE ( 'NONE', #7123, #10469 ) ;
#5344 = EDGE_CURVE ( 'NONE', #7591, #7690, #8706, .T. ) ;
#5345 = VERTEX_POINT ( 'NONE', #1936 ) ;
#5346 = LINE ( 'NONE', #10422, #9438 ) ;
#5347 = DIRECTION ( 'NONE',  ( -0.9363291775690363306, -0.3511234415884135762, 0.000000000000000000 ) ) ;
#5348 = CARTESIAN_POINT ( 'NONE',  ( -13.35000000000000320, -3.247927656021945886, 4.911555782572643025 ) ) ;
#5349 = DIRECTION ( 'NONE',  ( 0.000000000000000000, 0.000000000000000000, -1.000000000000000000 ) ) ;
#5350 = DIRECTION ( 'NONE',  ( 0.000000000000000000, -0.3511234415884135762, -0.9363291775690363306 ) ) ;
#5351 = LINE ( 'NONE', #4562, #3912 ) ;
#5352 = VECTOR ( 'NONE', #3826, 1000.000000000000000 ) ;
#5353 = CARTESIAN_POINT ( 'NONE',  ( -7.750000000000000000, 3.679999999999976623, 8.900000000000002132 ) ) ;
#5354 = EDGE_CURVE ( 'NONE', #6065, #10015, #7986, .T. ) ;
#5355 = DIRECTION ( 'NONE',  ( -1.000000000000000000, 0.000000000000000000, 0.000000000000000000 ) ) ;
#5356 = ORIENTED_EDGE ( 'NONE', *, *, #9124, .F. ) ;
#5357 = VERTEX_POINT ( 'NONE', #7927 ) ;
#5358 = ADVANCED_FACE ( 'NONE', ( #1991 ), #3452, .T. ) ;
#5359 = AXIS2_PLACEMENT_3D ( 'NONE', #9852, #4105, #8243 ) ;
#5360 = DIRECTION ( 'NONE',  ( -1.000000000000000000, 0.000000000000000000, 0.000000000000000000 ) ) ;
#5361 = LINE ( 'NONE', #9759, #7425 ) ;
#5362 = DIRECTION ( 'NONE',  ( 1.000000000000000000, 0.000000000000000000, 0.000000000000000000 ) ) ;
#5363 = DIRECTION ( 'NONE',  ( 0.000000000000000000, 0.000000000000000000, -1.000000000000000000 ) ) ;
#5364 = CARTESIAN_POINT ( 'NONE',  ( -6.319999999999999396, 1.159999999999976383, -0.3299999999999978506 ) ) ;
#5365 = DIRECTION ( 'NONE',  ( 0.000000000000000000, 0.000000000000000000, -1.000000000000000000 ) ) ;
#5366 = PLANE ( 'NONE',  #3733 ) ;
#5367 = VECTOR ( 'NONE', #1515, 1000.000000000000000 ) ;
#5368 = ORIENTED_EDGE ( 'NONE', *, *, #611, .F. ) ;
#5369 = ORIENTED_EDGE ( 'NONE', *, *, #784, .T. ) ;
#5370 = FACE_OUTER_BOUND ( 'NONE', #7210, .T. ) ;
#5371 = CARTESIAN_POINT ( 'NONE',  ( -3.319999999999999840, 0.7499999999999763522, 0.3200000000000021161 ) ) ;
#5372 = CARTESIAN_POINT ( 'NONE',  ( -11.67999999999999972, 1.159999999999976383, -0.3299999999999978506 ) ) ;
#5373 = EDGE_CURVE ( 'NONE', #10152, #10409, #2712, .T. ) ;
#5374 = CARTESIAN_POINT ( 'NONE',  ( 2.360000000000001208, -0.04000000000002352368, 0.8500000000000021982 ) ) ;
#5375 = VERTEX_POINT ( 'NONE', #4571 ) ;
#5376 = DIRECTION ( 'NONE',  ( 1.000000000000000000, 0.000000000000000000, 0.000000000000000000 ) ) ;
#5377 = EDGE_CURVE ( 'NONE', #3292, #289, #1089, .T. ) ;
#5378 = AXIS2_PLACEMENT_3D ( 'NONE', #8193, #2142, #7298 ) ;
#5379 = LINE ( 'NONE', #2734, #7592 ) ;
#5380 = ORIENTED_EDGE ( 'NONE', *, *, #5176, .F. ) ;
#5381 = VERTEX_POINT ( 'NONE', #1768 ) ;
#5382 = CARTESIAN_POINT ( 'NONE',  ( 1.959999999999999964, 0.7499999999999763522, 5.400000000000002132 ) ) ;
#5383 = DIRECTION ( 'NONE',  ( 0.000000000000000000, 0.000000000000000000, -1.000000000000000000 ) ) ;
#5384 = LINE ( 'NONE', #2681, #2154 ) ;
#5385 = ORIENTED_EDGE ( 'NONE', *, *, #848, .F. ) ;
#5386 = LINE ( 'NONE', #5169, #10753 ) ;
#5387 = VECTOR ( 'NONE', #1853, 1000.000000000000000 ) ;
#5388 = CARTESIAN_POINT ( 'NONE',  ( -18.32000000000000028, -0.04000000000002352368, -0.9999999999999983347 ) ) ;
#5389 = DIRECTION ( 'NONE',  ( -1.000000000000000000, 0.000000000000000000, 0.000000000000000000 ) ) ;
#5390 = LINE ( 'NONE', #5500, #9551 ) ;
#5391 = ORIENTED_EDGE ( 'NONE', *, *, #10689, .T. ) ;
#5392 = VERTEX_POINT ( 'NONE', #4458 ) ;
#5393 = ORIENTED_EDGE ( 'NONE', *, *, #3982, .F. ) ;
#5394 = ORIENTED_EDGE ( 'NONE', *, *, #9621, .F. ) ;
#5395 = CARTESIAN_POINT ( 'NONE',  ( -15.16999999999999993, 2.259999999999976250, 6.500000000000002665 ) ) ;
#5396 = EDGE_LOOP ( 'NONE', ( #9757, #1973, #10251, #7262 ) ) ;
#5397 = CARTESIAN_POINT ( 'NONE',  ( -15.32000000000000028, 3.484999999999976339, 0.3500000000000021982 ) ) ;
#5398 = VECTOR ( 'NONE', #9213, 1000.000000000000000 ) ;
#5399 = DIRECTION ( 'NONE',  ( 0.000000000000000000, 0.000000000000000000, -1.000000000000000000 ) ) ;
#5400 = DIRECTION ( 'NONE',  ( 0.000000000000000000, -1.000000000000000000, 0.000000000000000000 ) ) ;
#5401 = VECTOR ( 'NONE', #3440, 1000.000000000000000 ) ;
#5402 = EDGE_CURVE ( 'NONE', #4437, #10545, #5413, .T. ) ;
#5403 = LINE ( 'NONE', #1759, #8971 ) ;
#5404 = FACE_OUTER_BOUND ( 'NONE', #1822, .T. ) ;
#5405 = CARTESIAN_POINT ( 'NONE',  ( -0.1700000000000000122, 2.259999999999976250, 6.500000000000002665 ) ) ;
#5406 = ORIENTED_EDGE ( 'NONE', *, *, #7556, .T. ) ;
#5407 = DIRECTION ( 'NONE',  ( 1.000000000000000000, 0.000000000000000000, 0.000000000000000000 ) ) ;
#5408 = VECTOR ( 'NONE', #1217, 1000.000000000000000 ) ;
#5409 = LINE ( 'NONE', #5567, #9813 ) ;
#5410 = VECTOR ( 'NONE', #8836, 1000.000000000000000 ) ;
#5411 = ORIENTED_EDGE ( 'NONE', *, *, #6656, .T. ) ;
#5412 = VERTEX_POINT ( 'NONE', #7863 ) ;
#5413 = LINE ( 'NONE', #925, #2698 ) ;
#5414 = CARTESIAN_POINT ( 'NONE',  ( -16.96000000000000085, 4.359999999999976339, 0.7000000000000022871 ) ) ;
#5415 = EDGE_CURVE ( 'NONE', #951, #4200, #195, .T. ) ;
#5416 = VECTOR ( 'NONE', #9317, 1000.000000000000000 ) ;
#5417 = DIRECTION ( 'NONE',  ( 0.000000000000000000, 1.000000000000000000, 0.000000000000000000 ) ) ;
#5418 = CARTESIAN_POINT ( 'NONE',  ( -6.319999999999999396, 3.304999999999976179, -0.3199999999999982303 ) ) ;
#5419 = CARTESIAN_POINT ( 'NONE',  ( -11.67999999999999972, 0.7499999999999763522, -0.9999999999999983347 ) ) ;
#5420 = EDGE_CURVE ( 'NONE', #10221, #2531, #7811, .T. ) ;
#5421 = VECTOR ( 'NONE', #1647, 1000.000000000000000 ) ;
#5422 = LINE ( 'NONE', #7091, #5815 ) ;
#5423 = DIRECTION ( 'NONE',  ( -5.921189464668000530E-14, 0.000000000000000000, 1.000000000000000000 ) ) ;
#5424 = ORIENTED_EDGE ( 'NONE', *, *, #1590, .T. ) ;
#5425 = ORIENTED_EDGE ( 'NONE', *, *, #3175, .T. ) ;
#5426 = VECTOR ( 'NONE', #9658, 1000.000000000000000 ) ;
#5427 = CARTESIAN_POINT ( 'NONE',  ( -11.67999999999999972, 2.429999999999976623, 3.950000000000001954 ) ) ;
#5428 = CARTESIAN_POINT ( 'NONE',  ( 3.319999999999999840, 2.316249999999976161, 1.487234067917001967 ) ) ;
#5429 = DIRECTION ( 'NONE',  ( 0.000000000000000000, 0.000000000000000000, -1.000000000000000000 ) ) ;
#5430 = DIRECTION ( 'NONE',  ( 1.000000000000000000, 0.000000000000000000, 0.000000000000000000 ) ) ;
#5431 = EDGE_CURVE ( 'NONE', #8417, #6403, #2828, .T. ) ;
#5432 = VERTEX_POINT ( 'NONE', #4517 ) ;
#5433 = CARTESIAN_POINT ( 'NONE',  ( -9.320000000000000284, 0.7499999999999763522, -0.9999999999999983347 ) ) ;
#5434 = AXIS2_PLACEMENT_3D ( 'NONE', #4906, #8318, #1592 ) ;
#5435 = CARTESIAN_POINT ( 'NONE',  ( -18.32000000000000028, -0.04000000000002352368, -0.9999999999999983347 ) ) ;
#5436 = ORIENTED_EDGE ( 'NONE', *, *, #8423, .F. ) ;
#5437 = ORIENTED_EDGE ( 'NONE', *, *, #8026, .T. ) ;
#5438 = DIRECTION ( 'NONE',  ( 1.000000000000000000, 0.000000000000000000, 0.000000000000000000 ) ) ;
#5439 = CARTESIAN_POINT ( 'NONE',  ( -11.67999999999999972, 3.304999999999976179, 0.2700000000000020162 ) ) ;
#5440 =( BOUNDED_SURFACE ( )  B_SPLINE_SURFACE ( 3, 3, ( 
 ( #8169, #8897, #385, #4703 ),
 ( #5656, #9060, #10003, #9003 ),
 ( #9113, #6431, #3807, #10615 ),
 ( #1391, #4816, #2962, #5600 ) ),
 .UNSPECIFIED., .F., .F., .F. ) 
 B_SPLINE_SURFACE_WITH_KNOTS ( ( 4, 4 ),
 ( 4, 4 ),
 ( 0.000000000000000000, 1.000000000000000000 ),
 ( 0.000000000000000000, 1.000000000000000000 ),
 .UNSPECIFIED. ) 
 GEOMETRIC_REPRESENTATION_ITEM ( )  RATIONAL_B_SPLINE_SURFACE ( (
 ( 1.506600406068999920, 1.397944031293999911, 1.397944031293999911, 1.506600406068999920),
 ( 0.9073775003352999580, 0.8419372221158999414, 0.8419372221158999414, 0.9073775003352999580),
 ( 0.9073775003352999580, 0.8419372221158999414, 0.8419372221158999414, 0.9073775003352999580),
 ( 1.506600406068999920, 1.397944031293999911, 1.397944031293999911, 1.506600406068999920) ) ) 
 REPRESENTATION_ITEM ( '' )  SURFACE ( )  );
#5441 = VECTOR ( 'NONE', #9298, 1000.000000000000000 ) ;
#5442 = LINE ( 'NONE', #4598, #10194 ) ;
#5443 = ORIENTED_EDGE ( 'NONE', *, *, #6505, .T. ) ;
#5444 = LINE ( 'NONE', #8013, #9516 ) ;
#5445 = DIRECTION ( 'NONE',  ( 0.000000000000000000, 0.000000000000000000, 1.000000000000000000 ) ) ;
#5446 = CARTESIAN_POINT ( 'NONE',  ( -16.91999999999999815, 3.679999999999976623, 8.900000000000002132 ) ) ;
#5447 = DIRECTION ( 'NONE',  ( -1.000000000000000000, 0.000000000000000000, 0.000000000000000000 ) ) ;
#5448 = ORIENTED_EDGE ( 'NONE', *, *, #1984, .F. ) ;
#5449 = EDGE_CURVE ( 'NONE', #2769, #5923, #7757, .T. ) ;
#5450 = ORIENTED_EDGE ( 'NONE', *, *, #8105, .T. ) ;
#5451 = VERTEX_POINT ( 'NONE', #4403 ) ;
#5452 = EDGE_CURVE ( 'NONE', #4273, #7508, #3678, .T. ) ;
#5453 = EDGE_LOOP ( 'NONE', ( #4148, #3722 ) ) ;
#5454 = FACE_OUTER_BOUND ( 'NONE', #10434, .T. ) ;
#5455 = ORIENTED_EDGE ( 'NONE', *, *, #2192, .F. ) ;
#5456 = CARTESIAN_POINT ( 'NONE',  ( -13.35000000000000497, -3.338081297065426334, 4.087567562403599197 ) ) ;
#5457 = CARTESIAN_POINT ( 'NONE',  ( -3.319999999999999840, 3.304999999999976179, -0.3299999999999978506 ) ) ;
#5458 = CARTESIAN_POINT ( 'NONE',  ( 3.319999999999999840, 2.316249999999976161, 0.4500000000000020650 ) ) ;
#5459 = CARTESIAN_POINT ( 'NONE',  ( 1.959999999999999964, 1.159999999999976383, -0.9999999999999983347 ) ) ;
#5460 = VECTOR ( 'NONE', #3799, 1000.000000000000000 ) ;
#5461 = ORIENTED_EDGE ( 'NONE', *, *, #4452, .F. ) ;
#5462 = PLANE ( 'NONE',  #1828 ) ;
#5463 = ADVANCED_FACE ( 'NONE', ( #6920, #10322 ), #2655, .F. ) ;
#5464 = LINE ( 'NONE', #8818, #4477 ) ;
#5465 = ORIENTED_EDGE ( 'NONE', *, *, #6385, .T. ) ;
#5466 = ORIENTED_EDGE ( 'NONE', *, *, #1984, .T. ) ;
#5467 = VECTOR ( 'NONE', #1856, 1000.000000000000000 ) ;
#5468 = EDGE_CURVE ( 'NONE', #3529, #5392, #3101, .T. ) ;
#5469 = PLANE ( 'NONE',  #6640 ) ;
#5470 = CARTESIAN_POINT ( 'NONE',  ( -14.34999999999999964, 0.4999999999999763522, 8.050000000000000711 ) ) ;
#5471 = CARTESIAN_POINT ( 'NONE',  ( -8.679999999999999716, 3.484999999999976339, 0.3500000000000021982 ) ) ;
#5472 = DIRECTION ( 'NONE',  ( 0.000000000000000000, -1.000000000000000000, 0.000000000000000000 ) ) ;
#5473 = AXIS2_PLACEMENT_3D ( 'NONE', #10024, #5784, #4053 ) ;
#5474 = DIRECTION ( 'NONE',  ( 0.000000000000000000, 1.000000000000000000, 0.000000000000000000 ) ) ;
#5475 = AXIS2_PLACEMENT_3D ( 'NONE', #7098, #10498, #1839 ) ;
#5476 = ORIENTED_EDGE ( 'NONE', *, *, #6803, .T. ) ;
#5477 = ORIENTED_EDGE ( 'NONE', *, *, #919, .T. ) ;
#5478 = VECTOR ( 'NONE', #1792, 1000.000000000000000 ) ;
#5479 = CARTESIAN_POINT ( 'NONE',  ( -2.680000000000000160, 3.304999999999976179, -0.3299999999999978506 ) ) ;
#5480 = DIRECTION ( 'NONE',  ( 0.000000000000000000, -1.000000000000000000, 0.000000000000000000 ) ) ;
#5481 = CARTESIAN_POINT ( 'NONE',  ( -0.6499999999999995781, -2.341876692568689577E-14, 8.050000000000000711 ) ) ;
#5482 = EDGE_CURVE ( 'NONE', #2445, #9303, #2883, .T. ) ;
#5483 = DIRECTION ( 'NONE',  ( 0.000000000000000000, 0.000000000000000000, -1.000000000000000000 ) ) ;
#5484 = VERTEX_POINT ( 'NONE', #9805 ) ;
#5485 = CARTESIAN_POINT ( 'NONE',  ( -6.200000000000000178, 2.429999999999976623, 3.950000000000001954 ) ) ;
#5486 = DIRECTION ( 'NONE',  ( 0.000000000000000000, 0.000000000000000000, 1.000000000000000000 ) ) ;
#5487 = ORIENTED_EDGE ( 'NONE', *, *, #6396, .F. ) ;
#5488 = EDGE_CURVE ( 'NONE', #5613, #50, #6357, .T. ) ;
#5489 = VERTEX_POINT ( 'NONE', #9865 ) ;
#5490 = ADVANCED_FACE ( 'NONE', ( #8143 ), #9758, .T. ) ;
#5491 = DIRECTION ( 'NONE',  ( 1.000000000000000000, 0.000000000000000000, 0.000000000000000000 ) ) ;
#5492 = CARTESIAN_POINT ( 'NONE',  ( -0.3199999999999999512, 4.359999999999976339, 0.3500000000000021982 ) ) ;
#5493 = ADVANCED_FACE ( 'NONE', ( #6406 ), #6514, .T. ) ;
#5494 = CARTESIAN_POINT ( 'NONE',  ( -12.31999999999999851, 1.554999999999976623, 0.2700000000000020162 ) ) ;
#5495 = ORIENTED_EDGE ( 'NONE', *, *, #427, .T. ) ;
#5496 = DIRECTION ( 'NONE',  ( -1.000000000000000000, 0.000000000000000000, 0.000000000000000000 ) ) ;
#5497 = CARTESIAN_POINT ( 'NONE',  ( -11.67999999999999972, -3.220000000000023288, -0.3199999999999982303 ) ) ;
#5498 = CARTESIAN_POINT ( 'NONE',  ( -3.319999999999999840, 0.7499999999999763522, 0.3200000000000021161 ) ) ;
#5499 = ADVANCED_FACE ( 'NONE', ( #9084 ), #10758, .T. ) ;
#5500 = CARTESIAN_POINT ( 'NONE',  ( -2.680000000000000160, 2.109999999999976339, 6.100000000000002309 ) ) ;
#5501 = ORIENTED_EDGE ( 'NONE', *, *, #2909, .T. ) ;
#5502 = EDGE_LOOP ( 'NONE', ( #4620, #4328, #2920, #964 ) ) ;
#5503 = EDGE_LOOP ( 'NONE', ( #4043, #10342, #5017, #321, #855, #2312, #5581, #4955, #5933, #5667, #8984, #1972, #836, #8411, #193, #2675 ) ) ;
#5504 = ADVANCED_FACE ( 'NONE', ( #9921 ), #4844, .T. ) ;
#5505 = ORIENTED_EDGE ( 'NONE', *, *, #4687, .T. ) ;
#5506 = CARTESIAN_POINT ( 'NONE',  ( -0.6499999999999995781, 0.4999999999999763522, 8.050000000000000711 ) ) ;
#5507 = ORIENTED_EDGE ( 'NONE', *, *, #489, .T. ) ;
#5508 = LINE ( 'NONE', #1925, #1885 ) ;
#5509 = EDGE_CURVE ( 'NONE', #6832, #8932, #10641, .T. ) ;
#5510 = CARTESIAN_POINT ( 'NONE',  ( 0.3200000000000008393, 2.749999999999976463, 6.100000000000002309 ) ) ;
#5511 = EDGE_CURVE ( 'NONE', #8957, #6456, #307, .T. ) ;
#5512 = CARTESIAN_POINT ( 'NONE',  ( -1.649999999999999467, -3.097496087967024359, 5.108005145163001970 ) ) ;
#5513 = CARTESIAN_POINT ( 'NONE',  ( -18.32000000000000028, 1.679999999999976401, -0.9999999999999983347 ) ) ;
#5514 = EDGE_CURVE ( 'NONE', #5594, #721, #1417, .T. ) ;
#5515 = AXIS2_PLACEMENT_3D ( 'NONE', #9328, #705, #6874 ) ;
#5516 = CARTESIAN_POINT ( 'NONE',  ( 0.3200000000000008393, 3.699999999999976641, -0.3299999999999978506 ) ) ;
#5517 = CARTESIAN_POINT ( 'NONE',  ( -2.680000000000000160, 0.7499999999999763522, 0.3200000000000021161 ) ) ;
#5518 = ORIENTED_EDGE ( 'NONE', *, *, #7021, .F. ) ;
#5519 = ORIENTED_EDGE ( 'NONE', *, *, #1734, .F. ) ;
#5520 = VECTOR ( 'NONE', #3064, 1000.000000000000000 ) ;
#5521 = DIRECTION ( 'NONE',  ( 0.000000000000000000, 1.000000000000000000, 0.000000000000000000 ) ) ;
#5522 = DIRECTION ( 'NONE',  ( -0.9363291775690363306, 0.000000000000000000, 0.3511234415884135762 ) ) ;
#5523 = CARTESIAN_POINT ( 'NONE',  ( 2.360000000000001208, 0.4999999999999763522, 0.8500000000000021982 ) ) ;
#5524 = FACE_OUTER_BOUND ( 'NONE', #9823, .T. ) ;
#5525 = VECTOR ( 'NONE', #6123, 1000.000000000000114 ) ;
#5526 = EDGE_CURVE ( 'NONE', #2841, #10607, #2935, .T. ) ;
#5527 = DIRECTION ( 'NONE',  ( -1.000000000000000000, 0.000000000000000000, 0.000000000000000000 ) ) ;
#5528 = LINE ( 'NONE', #1596, #9153 ) ;
#5529 = ORIENTED_EDGE ( 'NONE', *, *, #4680, .F. ) ;
#5530 = DIRECTION ( 'NONE',  ( 1.000000000000000000, 0.000000000000000000, 0.000000000000000000 ) ) ;
#5531 = DIRECTION ( 'NONE',  ( 0.000000000000000000, 0.000000000000000000, -1.000000000000000000 ) ) ;
#5532 = DIRECTION ( 'NONE',  ( -0.9363291775690363306, -0.3511234415884135762, 0.000000000000000000 ) ) ;
#5533 = CARTESIAN_POINT ( 'NONE',  ( -12.31999999999999851, 2.109999999999976339, 0.3500000000000021982 ) ) ;
#5534 = ORIENTED_EDGE ( 'NONE', *, *, #2131, .T. ) ;
#5535 = FACE_OUTER_BOUND ( 'NONE', #1863, .T. ) ;
#5536 = CARTESIAN_POINT ( 'NONE',  ( -8.679999999999999716, 3.484999999999976339, -0.3199999999999982303 ) ) ;
#5537 = ORIENTED_EDGE ( 'NONE', *, *, #7806, .T. ) ;
#5538 = VERTEX_POINT ( 'NONE', #468 ) ;
#5539 = LINE ( 'NONE', #8945, #5520 ) ;
#5540 = DIRECTION ( 'NONE',  ( 0.000000000000000000, 1.000000000000000000, 0.000000000000000000 ) ) ;
#5541 = AXIS2_PLACEMENT_3D ( 'NONE', #1683, #4097, #3255 ) ;
#5542 = DIRECTION ( 'NONE',  ( 0.000000000000000000, -1.000000000000000000, 0.000000000000000000 ) ) ;
#5543 = EDGE_CURVE ( 'NONE', #7081, #2859, #3887, .T. ) ;
#5544 = ORIENTED_EDGE ( 'NONE', *, *, #689, .T. ) ;
#5545 = DIRECTION ( 'NONE',  ( 0.000000000000000000, 1.000000000000000000, 0.000000000000000000 ) ) ;
#5546 = CARTESIAN_POINT ( 'NONE',  ( -9.320000000000000284, 2.109999999999976339, 0.3500000000000021982 ) ) ;
#5547 = DIRECTION ( 'NONE',  ( 1.000000000000000000, 0.000000000000000000, 0.000000000000000000 ) ) ;
#5548 = ADVANCED_FACE ( 'NONE', ( #4623 ), #5469, .F. ) ;
#5549 = CARTESIAN_POINT ( 'NONE',  ( -5.679999999999999716, 4.359999999999976339, 0.3500000000000021982 ) ) ;
#5550 = ORIENTED_EDGE ( 'NONE', *, *, #10264, .F. ) ;
#5551 = ORIENTED_EDGE ( 'NONE', *, *, #5797, .T. ) ;
#5552 = CIRCLE ( 'NONE', #10539, 1.700000000000000178 ) ;
#5553 = ORIENTED_EDGE ( 'NONE', *, *, #10716, .F. ) ;
#5554 = ORIENTED_EDGE ( 'NONE', *, *, #9606, .F. ) ;
#5555 = CARTESIAN_POINT ( 'NONE',  ( -1.649999999999999689, -3.323611232740170340, 3.931325326230064032 ) ) ;
#5556 = ORIENTED_EDGE ( 'NONE', *, *, #4436, .F. ) ;
#5557 = ADVANCED_FACE ( 'NONE', ( #357 ), #4787, .T. ) ;
#5558 = AXIS2_PLACEMENT_3D ( 'NONE', #4317, #6056, #3478 ) ;
#5559 = DIRECTION ( 'NONE',  ( 1.000000000000000000, 0.000000000000000000, 0.000000000000000000 ) ) ;
#5560 = CARTESIAN_POINT ( 'NONE',  ( -18.32000000000000028, 3.304999999999976179, -0.3299999999999978506 ) ) ;
#5561 = CARTESIAN_POINT ( 'NONE',  ( -3.319999999999999840, 2.749999999999976463, 2.296000000000002039 ) ) ;
#5562 = FACE_OUTER_BOUND ( 'NONE', #1586, .T. ) ;
#5563 = EDGE_CURVE ( 'NONE', #2769, #7400, #412, .T. ) ;
#5564 = VERTEX_POINT ( 'NONE', #8197 ) ;
#5565 = EDGE_CURVE ( 'NONE', #9653, #5038, #3831, .T. ) ;
#5566 = CONICAL_SURFACE ( 'NONE', #2524, 1.300797159099999822, 0.6701296923007377115 ) ;
#5567 = CARTESIAN_POINT ( 'NONE',  ( -2.680000000000000160, 4.359999999999976339, -0.9999999999999983347 ) ) ;
#5568 = EDGE_CURVE ( 'NONE', #8942, #8833, #2539, .T. ) ;
#5569 = ORIENTED_EDGE ( 'NONE', *, *, #9200, .F. ) ;
#5570 = ORIENTED_EDGE ( 'NONE', *, *, #3500, .F. ) ;
#5571 = VECTOR ( 'NONE', #3128, 1000.000000000000000 ) ;
#5572 = DIRECTION ( 'NONE',  ( 0.000000000000000000, 0.000000000000000000, -1.000000000000000000 ) ) ;
#5573 = LINE ( 'NONE', #1309, #8861 ) ;
#5574 = CARTESIAN_POINT ( 'NONE',  ( -0.3199999999999999512, 2.749999999999976463, 2.296000000000002039 ) ) ;
#5575 = EDGE_CURVE ( 'NONE', #6497, #2334, #10143, .T. ) ;
#5576 = FACE_OUTER_BOUND ( 'NONE', #3961, .T. ) ;
#5577 = EDGE_CURVE ( 'NONE', #7711, #7637, #579, .T. ) ;
#5578 = VECTOR ( 'NONE', #7428, 1000.000000000000114 ) ;
#5579 = PLANE ( 'NONE',  #8031 ) ;
#5580 = VECTOR ( 'NONE', #10936, 1000.000000000000000 ) ;
#5581 = ORIENTED_EDGE ( 'NONE', *, *, #1741, .T. ) ;
#5582 = ORIENTED_EDGE ( 'NONE', *, *, #8922, .F. ) ;
#5583 = LINE ( 'NONE', #1214, #2867 ) ;
#5584 = LINE ( 'NONE', #9878, #9314 ) ;
#5585 = LINE ( 'NONE', #3845, #2172 ) ;
#5586 = VECTOR ( 'NONE', #4283, 1000.000000000000000 ) ;
#5587 = PLANE ( 'NONE',  #742 ) ;
#5588 = ORIENTED_EDGE ( 'NONE', *, *, #379, .F. ) ;
#5589 = CARTESIAN_POINT ( 'NONE',  ( -5.679999999999999716, 2.749999999999976463, 6.100000000000002309 ) ) ;
#5590 = PLANE ( 'NONE',  #9261 ) ;
#5591 = EDGE_LOOP ( 'NONE', ( #5099, #696, #8992, #9893, #1019, #10921 ) ) ;
#5592 = AXIS2_PLACEMENT_3D ( 'NONE', #4613, #5672, #7130 ) ;
#5593 = VECTOR ( 'NONE', #1560, 1000.000000000000000 ) ;
#5594 = VERTEX_POINT ( 'NONE', #8253 ) ;
#5595 = CARTESIAN_POINT ( 'NONE',  ( -8.799999999999998934, 5.564999999999976410, 6.400000000000002132 ) ) ;
#5596 = EDGE_CURVE ( 'NONE', #10695, #9845, #10198, .T. ) ;
#5597 = DIRECTION ( 'NONE',  ( 0.000000000000000000, 0.000000000000000000, -1.000000000000000000 ) ) ;
#5598 = CARTESIAN_POINT ( 'NONE',  ( -2.680000000000000160, -2.820000000000023821, -0.3199999999999982303 ) ) ;
#5599 = DIRECTION ( 'NONE',  ( 0.000000000000000000, 0.000000000000000000, -1.000000000000000000 ) ) ;
#5600 = CARTESIAN_POINT ( 'NONE',  ( -13.31667616076799909, -3.088021493513026350, 5.131718196511002361 ) ) ;
#5601 = VECTOR ( 'NONE', #10215, 1000.000000000000000 ) ;
#5602 = ORIENTED_EDGE ( 'NONE', *, *, #4553, .T. ) ;
#5603 = CARTESIAN_POINT ( 'NONE',  ( -0.8409072696130005520, -3.088021493513020577, 4.760325488247201697 ) ) ;
#5604 = CARTESIAN_POINT ( 'NONE',  ( -8.679999999999999716, -2.820000000000023821, -0.3199999999999982303 ) ) ;
#5605 = CARTESIAN_POINT ( 'NONE',  ( -11.67999999999999972, 2.109999999999976339, 0.3200000000000021161 ) ) ;
#5606 = CARTESIAN_POINT ( 'NONE',  ( 0.3200000000000008393, 0.7499999999999763522, 0.3500000000000021982 ) ) ;
#5607 = ORIENTED_EDGE ( 'NONE', *, *, #8723, .F. ) ;
#5608 = ORIENTED_EDGE ( 'NONE', *, *, #10987, .F. ) ;
#5609 = VERTEX_POINT ( 'NONE', #10088 ) ;
#5610 = AXIS2_PLACEMENT_3D ( 'NONE', #1354, #8186, #7346 ) ;
#5611 = ORIENTED_EDGE ( 'NONE', *, *, #6442, .T. ) ;
#5612 = DIRECTION ( 'NONE',  ( 0.000000000000000000, 0.000000000000000000, 1.000000000000000000 ) ) ;
#5613 = VERTEX_POINT ( 'NONE', #2434 ) ;
#5614 = ADVANCED_FACE ( 'NONE', ( #802 ), #5847, .T. ) ;
#5615 = EDGE_CURVE ( 'NONE', #669, #3198, #9976, .T. ) ;
#5616 = CARTESIAN_POINT ( 'NONE',  ( 0.3200000000000008393, 1.554999999999976623, -0.3199999999999982303 ) ) ;
#5617 = LINE ( 'NONE', #7235, #10407 ) ;
#5618 = PLANE ( 'NONE',  #3103 ) ;
#5619 = LINE ( 'NONE', #5674, #1410 ) ;
#5620 = LINE ( 'NONE', #571, #4220 ) ;
#5621 = EDGE_LOOP ( 'NONE', ( #9502, #5168, #1624, #5947 ) ) ;
#5622 = EDGE_LOOP ( 'NONE', ( #7578, #3479, #4898, #7243 ) ) ;
#5623 = EDGE_CURVE ( 'NONE', #11074, #6563, #8418, .T. ) ;
#5624 = CARTESIAN_POINT ( 'NONE',  ( 3.270000000000000462, 2.316249999999976161, 1.700000000000002398 ) ) ;
#5625 = ORIENTED_EDGE ( 'NONE', *, *, #10889, .F. ) ;
#5626 = EDGE_LOOP ( 'NONE', ( #8206, #4316, #6826, #3383 ) ) ;
#5627 = DIRECTION ( 'NONE',  ( 0.000000000000000000, -1.000000000000000000, 0.000000000000000000 ) ) ;
#5628 = LINE ( 'NONE', #9085, #7064 ) ;
#5629 = VECTOR ( 'NONE', #7432, 1000.000000000000000 ) ;
#5630 = EDGE_CURVE ( 'NONE', #5911, #9622, #5735, .T. ) ;
#5631 = LINE ( 'NONE', #7195, #10400 ) ;
#5632 = FACE_OUTER_BOUND ( 'NONE', #3882, .T. ) ;
#5633 = DIRECTION ( 'NONE',  ( -1.000000000000000000, 0.000000000000000000, 0.000000000000000000 ) ) ;
#5634 = EDGE_CURVE ( 'NONE', #6619, #235, #6742, .T. ) ;
#5635 = DIRECTION ( 'NONE',  ( 0.000000000000000000, 0.000000000000000000, -1.000000000000000000 ) ) ;
#5636 = AXIS2_PLACEMENT_3D ( 'NONE', #4476, #5265, #10452 ) ;
#5637 = VERTEX_POINT ( 'NONE', #4173 ) ;
#5638 = ORIENTED_EDGE ( 'NONE', *, *, #7766, .T. ) ;
#5639 = FACE_OUTER_BOUND ( 'NONE', #3504, .T. ) ;
#5640 = AXIS2_PLACEMENT_3D ( 'NONE', #9032, #10867, #8365 ) ;
#5641 = DIRECTION ( 'NONE',  ( 1.000000000000000000, 0.000000000000000000, 0.000000000000000000 ) ) ;
#5642 = DIRECTION ( 'NONE',  ( 0.000000000000000000, 0.000000000000000000, -1.000000000000000000 ) ) ;
#5643 = LINE ( 'NONE', #5533, #2537 ) ;
#5644 = VECTOR ( 'NONE', #1801, 1000.000000000000000 ) ;
#5645 = ADVANCED_FACE ( 'NONE', ( #5961 ), #10866, .T. ) ;
#5646 = ORIENTED_EDGE ( 'NONE', *, *, #1703, .T. ) ;
#5647 = DIRECTION ( 'NONE',  ( -0.000000000000000000, 1.000000000000000000, 0.000000000000000000 ) ) ;
#5648 = ADVANCED_FACE ( 'NONE', ( #9143 ), #10979, .T. ) ;
#5649 = CARTESIAN_POINT ( 'NONE',  ( 0.3200000000000008393, 1.159999999999976383, -0.3299999999999978506 ) ) ;
#5650 = ORIENTED_EDGE ( 'NONE', *, *, #6728, .F. ) ;
#5651 = ORIENTED_EDGE ( 'NONE', *, *, #1295, .F. ) ;
#5652 = LINE ( 'NONE', #1277, #7118 ) ;
#5653 = DIRECTION ( 'NONE',  ( 0.000000000000000000, -1.000000000000000000, 0.000000000000000000 ) ) ;
#5654 = CARTESIAN_POINT ( 'NONE',  ( -15.32000000000000028, 0.7499999999999763522, -0.3199999999999982303 ) ) ;
#5655 = LINE ( 'NONE', #10890, #6992 ) ;
#5656 = CARTESIAN_POINT ( 'NONE',  ( -13.46550204792699645, -3.339878673358024574, 4.103738186542202904 ) ) ;
#5657 = VECTOR ( 'NONE', #4372, 1000.000000000000000 ) ;
#5658 = ORIENTED_EDGE ( 'NONE', *, *, #6855, .F. ) ;
#5659 = DIRECTION ( 'NONE',  ( 1.000000000000000000, 0.000000000000000000, 0.000000000000000000 ) ) ;
#5660 = DIRECTION ( 'NONE',  ( 0.000000000000000000, 1.000000000000000000, 0.000000000000000000 ) ) ;
#5661 = PLANE ( 'NONE',  #1199 ) ;
#5662 = CARTESIAN_POINT ( 'NONE',  ( -8.679999999999999716, 1.554999999999976623, -0.3299999999999978506 ) ) ;
#5663 = ADVANCED_FACE ( 'NONE', ( #2485 ), #4903, .F. ) ;
#5664 = ORIENTED_EDGE ( 'NONE', *, *, #1113, .T. ) ;
#5665 = EDGE_LOOP ( 'NONE', ( #1669, #10679, #8779, #2033, #6942 ) ) ;
#5666 = VECTOR ( 'NONE', #5633, 1000.000000000000000 ) ;
#5667 = ORIENTED_EDGE ( 'NONE', *, *, #8716, .T. ) ;
#5668 = ORIENTED_EDGE ( 'NONE', *, *, #3288, .T. ) ;
#5669 = CARTESIAN_POINT ( 'NONE',  ( -1.649999999999999467, -3.320565716620182517, 3.912938125165172032 ) ) ;
#5670 = EDGE_LOOP ( 'NONE', ( #9053, #8578, #7893, #2515 ) ) ;
#5671 = FACE_OUTER_BOUND ( 'NONE', #4439, .T. ) ;
#5672 = DIRECTION ( 'NONE',  ( -0.9363291775690363306, -0.3511234415884135762, 0.000000000000000000 ) ) ;
#5673 = LINE ( 'NONE', #1299, #1852 ) ;
#5674 = CARTESIAN_POINT ( 'NONE',  ( -5.679999999999999716, 1.554999999999976623, -0.3299999999999978506 ) ) ;
#5675 = EDGE_CURVE ( 'NONE', #7351, #9517, #3385, .T. ) ;
#5676 = LINE ( 'NONE', #3094, #6899 ) ;
#5677 = ORIENTED_EDGE ( 'NONE', *, *, #2630, .T. ) ;
#5678 = ADVANCED_FACE ( 'NONE', ( #10813 ), #3157, .F. ) ;
#5679 = EDGE_LOOP ( 'NONE', ( #4468, #9052, #6904, #6100 ) ) ;
#5680 = EDGE_LOOP ( 'NONE', ( #7544, #3261, #5664, #10086 ) ) ;
#5681 = ORIENTED_EDGE ( 'NONE', *, *, #155, .T. ) ;
#5682 = CARTESIAN_POINT ( 'NONE',  ( -18.32000000000000028, -0.04000000000002352368, -0.9999999999999983347 ) ) ;
#5683 = PLANE ( 'NONE',  #808 ) ;
#5684 = CARTESIAN_POINT ( 'NONE',  ( -3.319999999999999840, 3.484999999999976339, 0.3500000000000021982 ) ) ;
#5685 = DIRECTION ( 'NONE',  ( 0.000000000000000000, -1.000000000000000000, 0.000000000000000000 ) ) ;
#5686 = LINE ( 'NONE', #9206, #3159 ) ;
#5687 = ADVANCED_FACE ( 'NONE', ( #6623 ), #5791, .F. ) ;
#5688 = CARTESIAN_POINT ( 'NONE',  ( -0.6499999999999995781, 0.4999999999999763522, 8.050000000000000711 ) ) ;
#5689 = VECTOR ( 'NONE', #4427, 1000.000000000000000 ) ;
#5690 = VERTEX_POINT ( 'NONE', #4956 ) ;
#5691 = ORIENTED_EDGE ( 'NONE', *, *, #7905, .T. ) ;
#5692 = VECTOR ( 'NONE', #8941, 1000.000000000000000 ) ;
#5693 = LINE ( 'NONE', #10546, #10004 ) ;
#5694 = PLANE ( 'NONE',  #5924 ) ;
#5695 = FACE_OUTER_BOUND ( 'NONE', #222, .T. ) ;
#5696 = CARTESIAN_POINT ( 'NONE',  ( -1.749999999999999778, 1.179999999999976401, 8.900000000000002132 ) ) ;
#5697 = ORIENTED_EDGE ( 'NONE', *, *, #9668, .F. ) ;
#5698 = DIRECTION ( 'NONE',  ( 0.000000000000000000, 0.000000000000000000, -1.000000000000000000 ) ) ;
#5699 = VECTOR ( 'NONE', #5635, 1000.000000000000000 ) ;
#5700 = DIRECTION ( 'NONE',  ( 1.000000000000000000, 0.000000000000000000, 0.000000000000000000 ) ) ;
#5701 = EDGE_LOOP ( 'NONE', ( #6829, #14, #5181, #9553 ) ) ;
#5702 = VERTEX_POINT ( 'NONE', #8364 ) ;
#5703 = EDGE_CURVE ( 'NONE', #2186, #1583, #6910, .T. ) ;
#5704 = CARTESIAN_POINT ( 'NONE',  ( -12.31999999999999851, 2.109999999999976339, 0.3500000000000021982 ) ) ;
#5705 = ADVANCED_FACE ( 'NONE', ( #7746 ), #184, .F. ) ;
#5706 = DIRECTION ( 'NONE',  ( 0.000000000000000000, 0.000000000000000000, 1.000000000000000000 ) ) ;
#5707 = PLANE ( 'NONE',  #2291 ) ;
#5708 = VECTOR ( 'NONE', #8699, 1000.000000000000000 ) ;
#5709 = DIRECTION ( 'NONE',  ( -0.3511234415884135762, 0.9363291775690363306, 0.000000000000000000 ) ) ;
#5710 = LINE ( 'NONE', #2121, #1758 ) ;
#5711 = EDGE_CURVE ( 'NONE', #9726, #6553, #6234, .T. ) ;
#5712 = ORIENTED_EDGE ( 'NONE', *, *, #7613, .T. ) ;
#5713 = DIRECTION ( 'NONE',  ( 0.000000000000000000, 1.000000000000000000, 0.000000000000000000 ) ) ;
#5714 = CARTESIAN_POINT ( 'NONE',  ( -3.319999999999999840, 1.554999999999976623, -0.3199999999999982303 ) ) ;
#5715 = LINE ( 'NONE', #1449, #9593 ) ;
#5716 = PLANE ( 'NONE',  #9194 ) ;
#5717 = EDGE_LOOP ( 'NONE', ( #1543, #1380, #6227, #6404 ) ) ;
#5718 = VERTEX_POINT ( 'NONE', #6181 ) ;
#5719 = VERTEX_POINT ( 'NONE', #913 ) ;
#5720 = VECTOR ( 'NONE', #11047, 1000.000000000000000 ) ;
#5721 = ORIENTED_EDGE ( 'NONE', *, *, #10735, .T. ) ;
#5722 = CARTESIAN_POINT ( 'NONE',  ( -5.679999999999999716, 2.109999999999976339, 6.500000000000002665 ) ) ;
#5723 = ORIENTED_EDGE ( 'NONE', *, *, #9936, .T. ) ;
#5724 = FACE_OUTER_BOUND ( 'NONE', #4431, .T. ) ;
#5725 = ORIENTED_EDGE ( 'NONE', *, *, #7127, .F. ) ;
#5726 = CARTESIAN_POINT ( 'NONE',  ( -0.3199999999999999512, 4.359999999999976339, -0.9999999999999983347 ) ) ;
#5727 = CARTESIAN_POINT ( 'NONE',  ( -1.649999999999999467, -2.876112710120023674, 5.300000000000002487 ) ) ;
#5728 = LINE ( 'NONE', #8189, #3320 ) ;
#5729 = AXIS2_PLACEMENT_3D ( 'NONE', #2615, #7767, #3517 ) ;
#5730 = EDGE_LOOP ( 'NONE', ( #9305, #6340, #7310, #10266 ) ) ;
#5731 = ORIENTED_EDGE ( 'NONE', *, *, #9596, .T. ) ;
#5732 = ORIENTED_EDGE ( 'NONE', *, *, #1294, .T. ) ;
#5733 = ORIENTED_EDGE ( 'NONE', *, *, #3800, .F. ) ;
#5734 = ADVANCED_FACE ( 'NONE', ( #5124 ), #6960, .T. ) ;
#5735 = LINE ( 'NONE', #744, #2528 ) ;
#5736 = DIRECTION ( 'NONE',  ( 0.000000000000000000, 1.000000000000000000, 0.000000000000000000 ) ) ;
#5737 = CARTESIAN_POINT ( 'NONE',  ( -17.35999999999999943, 0.4999999999999763522, 8.460000000000002629 ) ) ;
#5738 = FACE_OUTER_BOUND ( 'NONE', #1767, .T. ) ;
#5739 = CARTESIAN_POINT ( 'NONE',  ( 1.959999999999999964, 0.4999999999999763522, 5.400000000000002132 ) ) ;
#5740 = VECTOR ( 'NONE', #8517, 1000.000000000000000 ) ;
#5741 = CARTESIAN_POINT ( 'NONE',  ( -0.6752272915129999831, -1.790000000000023350, 3.300000000000002043 ) ) ;
#5742 = ORIENTED_EDGE ( 'NONE', *, *, #6983, .F. ) ;
#5743 = EDGE_CURVE ( 'NONE', #8227, #6069, #3607, .T. ) ;
#5744 = DIRECTION ( 'NONE',  ( 0.000000000000000000, -1.000000000000000000, 0.000000000000000000 ) ) ;
#5745 = FACE_OUTER_BOUND ( 'NONE', #2004, .T. ) ;
#5746 = CARTESIAN_POINT ( 'NONE',  ( -5.679999999999999716, 3.304999999999976179, 0.2700000000000020162 ) ) ;
#5747 = CARTESIAN_POINT ( 'NONE',  ( -16.25000000000000000, 3.679999999999976623, 8.900000000000002132 ) ) ;
#5748 = EDGE_CURVE ( 'NONE', #7591, #4782, #2645, .T. ) ;
#5749 = LINE ( 'NONE', #4915, #2009 ) ;
#5750 = VECTOR ( 'NONE', #4503, 1000.000000000000000 ) ;
#5751 = LINE ( 'NONE', #5142, #7609 ) ;
#5752 = LINE ( 'NONE', #5536, #4798 ) ;
#5753 = VERTEX_POINT ( 'NONE', #3492 ) ;
#5754 = ORIENTED_EDGE ( 'NONE', *, *, #9672, .T. ) ;
#5755 = VECTOR ( 'NONE', #5430, 1000.000000000000000 ) ;
#5756 = CARTESIAN_POINT ( 'NONE',  ( -3.319999999999999840, 4.359999999999976339, -0.9999999999999983347 ) ) ;
#5757 = LINE ( 'NONE', #9167, #3503 ) ;
#5758 = DIRECTION ( 'NONE',  ( 0.000000000000000000, -1.000000000000000000, 0.000000000000000000 ) ) ;
#5759 = EDGE_CURVE ( 'NONE', #9094, #8715, #10475, .T. ) ;
#5760 = CARTESIAN_POINT ( 'NONE',  ( -15.32000000000000028, 2.109999999999976339, 2.296000000000002039 ) ) ;
#5761 = PLANE ( 'NONE',  #7473 ) ;
#5762 = LINE ( 'NONE', #4928, #6671 ) ;
#5763 = ORIENTED_EDGE ( 'NONE', *, *, #1304, .T. ) ;
#5764 = CARTESIAN_POINT ( 'NONE',  ( -3.319999999999999840, 2.109999999999976339, 6.100000000000002309 ) ) ;
#5765 = EDGE_CURVE ( 'NONE', #10731, #8842, #8639, .T. ) ;
#5766 = CARTESIAN_POINT ( 'NONE',  ( 3.319999999999999840, 3.679999999999976623, 7.500000000000002665 ) ) ;
#5767 = CARTESIAN_POINT ( 'NONE',  ( -6.549999999999999822, 1.179999999999976401, 2.296000000000002039 ) ) ;
#5768 = VECTOR ( 'NONE', #9590, 1000.000000000000000 ) ;
#5769 = AXIS2_PLACEMENT_3D ( 'NONE', #622, #3993, #2421 ) ;
#5770 = LINE ( 'NONE', #7278, #1694 ) ;
#5771 = ORIENTED_EDGE ( 'NONE', *, *, #4436, .T. ) ;
#5772 = VERTEX_POINT ( 'NONE', #4391 ) ;
#5773 = EDGE_LOOP ( 'NONE', ( #9373, #6343, #6767, #9524 ) ) ;
#5774 = FACE_OUTER_BOUND ( 'NONE', #6048, .T. ) ;
#5775 = ORIENTED_EDGE ( 'NONE', *, *, #4323, .F. ) ;
#5776 = CARTESIAN_POINT ( 'NONE',  ( -1.649999999999999689, -3.322405009533342835, 3.923746286598536415 ) ) ;
#5777 = ORIENTED_EDGE ( 'NONE', *, *, #7870, .T. ) ;
#5778 = VECTOR ( 'NONE', #6814, 1000.000000000000000 ) ;
#5779 = DIRECTION ( 'NONE',  ( -1.000000000000000000, 0.000000000000000000, 0.000000000000000000 ) ) ;
#5780 = ORIENTED_EDGE ( 'NONE', *, *, #7405, .T. ) ;
#5781 = DIRECTION ( 'NONE',  ( 0.000000000000000000, 1.000000000000000000, 0.000000000000000000 ) ) ;
#5782 = CARTESIAN_POINT ( 'NONE',  ( -8.679999999999999716, -2.820000000000023821, -0.3199999999999982303 ) ) ;
#5783 = EDGE_CURVE ( 'NONE', #6452, #7300, #7915, .T. ) ;
#5784 = DIRECTION ( 'NONE',  ( 0.4619344188369849946, -0.8869140841669710396, 0.000000000000000000 ) ) ;
#5785 = VECTOR ( 'NONE', #4176, 1000.000000000000000 ) ;
#5786 = ORIENTED_EDGE ( 'NONE', *, *, #7187, .T. ) ;
#5787 = EDGE_CURVE ( 'NONE', #3475, #9937, #2759, .T. ) ;
#5788 = ORIENTED_EDGE ( 'NONE', *, *, #6330, .T. ) ;
#5789 = EDGE_LOOP ( 'NONE', ( #10944, #7636, #6394, #3221 ) ) ;
#5790 = ORIENTED_EDGE ( 'NONE', *, *, #3124, .T. ) ;
#5791 = PLANE ( 'NONE',  #10916 ) ;
#5792 = CARTESIAN_POINT ( 'NONE',  ( -9.000000000000000000, 2.674999999999976286, 6.300000000000001599 ) ) ;
#5793 = CARTESIAN_POINT ( 'NONE',  ( 0.3200000000000008393, 0.7499999999999763522, -0.9999999999999983347 ) ) ;
#5794 = LINE ( 'NONE', #9925, #7935 ) ;
#5795 = DIRECTION ( 'NONE',  ( 0.000000000000000000, 1.000000000000000000, 0.000000000000000000 ) ) ;
#5796 = DIRECTION ( 'NONE',  ( -0.3312945782245003690, -0.3312945782245003690, -0.8834522085988016915 ) ) ;
#5797 = EDGE_CURVE ( 'NONE', #7500, #10507, #128, .T. ) ;
#5798 = DIRECTION ( 'NONE',  ( 1.000000000000000000, 0.000000000000000000, 0.000000000000000000 ) ) ;
#5799 = ORIENTED_EDGE ( 'NONE', *, *, #6233, .F. ) ;
#5800 = ORIENTED_EDGE ( 'NONE', *, *, #7876, .T. ) ;
#5801 = AXIS2_PLACEMENT_3D ( 'NONE', #5266, #8669, #4478 ) ;
#5802 = LINE ( 'NONE', #9987, #3926 ) ;
#5803 = LINE ( 'NONE', #5914, #3955 ) ;
#5804 = CARTESIAN_POINT ( 'NONE',  ( 0.3200000000000008393, 0.7499999999999763522, -0.3199999999999982303 ) ) ;
#5805 = CARTESIAN_POINT ( 'NONE',  ( -0.6499999999999995781, 0.4999999999999763522, 0.8500000000000021982 ) ) ;
#5806 = PLANE ( 'NONE',  #9919 ) ;
#5807 = VECTOR ( 'NONE', #2461, 1000.000000000000000 ) ;
#5808 = CARTESIAN_POINT ( 'NONE',  ( 3.270000000000000462, 2.472499999999976605, 0.4500000000000020650 ) ) ;
#5809 = VERTEX_POINT ( 'NONE', #1810 ) ;
#5810 = ORIENTED_EDGE ( 'NONE', *, *, #10674, .F. ) ;
#5811 = VECTOR ( 'NONE', #1701, 1000.000000000000000 ) ;
#5812 = LINE ( 'NONE', #1555, #189 ) ;
#5813 = CARTESIAN_POINT ( 'NONE',  ( -15.32000000000000028, 2.109999999999976339, 2.296000000000002039 ) ) ;
#5814 = DIRECTION ( 'NONE',  ( 0.000000000000000000, 1.000000000000000000, 0.000000000000000000 ) ) ;
#5815 = VECTOR ( 'NONE', #5365, 1000.000000000000000 ) ;
#5816 = CARTESIAN_POINT ( 'NONE',  ( -12.31999999999999851, 3.304999999999976179, -0.3299999999999978506 ) ) ;
#5817 = VERTEX_POINT ( 'NONE', #8583 ) ;
#5818 = CARTESIAN_POINT ( 'NONE',  ( -14.83000000000000007, -3.220000000000023288, -0.1699999999999982636 ) ) ;
#5819 = LINE ( 'NONE', #6768, #6522 ) ;
#5820 = FACE_OUTER_BOUND ( 'NONE', #8293, .T. ) ;
#5821 = ORIENTED_EDGE ( 'NONE', *, *, #8554, .F. ) ;
#5822 = VECTOR ( 'NONE', #5060, 1000.000000000000000 ) ;
#5823 = ADVANCED_FACE ( 'NONE', ( #9642 ), #7071, .T. ) ;
#5824 = EDGE_LOOP ( 'NONE', ( #4289, #7956, #5049, #2632, #1946 ) ) ;
#5825 = AXIS2_PLACEMENT_3D ( 'NONE', #6379, #7437, #3910 ) ;
#5826 = EDGE_CURVE ( 'NONE', #6553, #7563, #8530, .T. ) ;
#5827 = ORIENTED_EDGE ( 'NONE', *, *, #3458, .F. ) ;
#5828 = DIRECTION ( 'NONE',  ( 0.000000000000000000, 0.000000000000000000, -1.000000000000000000 ) ) ;
#5829 = FACE_BOUND ( 'NONE', #1960, .T. ) ;
#5830 = EDGE_LOOP ( 'NONE', ( #4515, #2826, #7676, #9627 ) ) ;
#5831 = DIRECTION ( 'NONE',  ( 0.000000000000000000, 0.000000000000000000, 1.000000000000000000 ) ) ;
#5832 = VECTOR ( 'NONE', #9070, 1000.000000000000000 ) ;
#5833 = ORIENTED_EDGE ( 'NONE', *, *, #9419, .F. ) ;
#5834 = PLANE ( 'NONE',  #5558 ) ;
#5835 = ORIENTED_EDGE ( 'NONE', *, *, #4725, .T. ) ;
#5836 = CARTESIAN_POINT ( 'NONE',  ( -18.32000000000000028, 1.159999999999976383, -0.3299999999999978506 ) ) ;
#5837 = LINE ( 'NONE', #3428, #6147 ) ;
#5838 = DIRECTION ( 'NONE',  ( 1.000000000000000000, 0.000000000000000000, 0.000000000000000000 ) ) ;
#5839 = LINE ( 'NONE', #6509, #2069 ) ;
#5840 = VECTOR ( 'NONE', #3596, 1000.000000000000000 ) ;
#5841 = ORIENTED_EDGE ( 'NONE', *, *, #5313, .T. ) ;
#5842 = EDGE_CURVE ( 'NONE', #5564, #50, #3549, .T. ) ;
#5843 = ORIENTED_EDGE ( 'NONE', *, *, #2955, .F. ) ;
#5844 = VERTEX_POINT ( 'NONE', #5291 ) ;
#5845 = ORIENTED_EDGE ( 'NONE', *, *, #319, .T. ) ;
#5846 = ADVANCED_FACE ( 'NONE', ( #7693 ), #18, .T. ) ;
#5847 = PLANE ( 'NONE',  #2000 ) ;
#5848 = CARTESIAN_POINT ( 'NONE',  ( 0.5500000000000001554, 1.179999999999976401, 8.900000000000002132 ) ) ;
#5849 = DIRECTION ( 'NONE',  ( 0.000000000000000000, -1.000000000000000000, 0.000000000000000000 ) ) ;
#5850 = PLANE ( 'NONE',  #5434 ) ;
#5851 = CARTESIAN_POINT ( 'NONE',  ( -1.249999999999999334, 3.679999999999976623, 8.900000000000002132 ) ) ;
#5852 = ADVANCED_FACE ( 'NONE', ( #9588 ), #7853, .T. ) ;
#5853 = DIRECTION ( 'NONE',  ( -1.000000000000000000, 0.000000000000000000, 0.000000000000000000 ) ) ;
#5854 = CARTESIAN_POINT ( 'NONE',  ( -11.67999999999999972, 4.359999999999976339, 0.3500000000000021982 ) ) ;
#5855 = ORIENTED_EDGE ( 'NONE', *, *, #9330, .T. ) ;
#5856 =( BOUNDED_SURFACE ( )  B_SPLINE_SURFACE ( 3, 3, ( 
 ( #1283, #8172, #497, #7222 ),
 ( #3917, #4600, #10669, #9833 ),
 ( #5603, #6335, #7957, #1338 ),
 ( #9733, #4764, #7332, #10725 ) ),
 .UNSPECIFIED., .F., .F., .T. ) 
 B_SPLINE_SURFACE_WITH_KNOTS ( ( 4, 4 ),
 ( 4, 4 ),
 ( 0.000000000000000000, 1.000000000000000000 ),
 ( 0.000000000000000000, 1.000000000000000000 ),
 .UNSPECIFIED. ) 
 GEOMETRIC_REPRESENTATION_ITEM ( )  RATIONAL_B_SPLINE_SURFACE ( (
 ( 1.506600403203999905, 1.397944032248999990, 1.397944032248999990, 1.506600403203999905),
 ( 0.9073774986100000550, 0.8419372226910000201, 0.8419372226910000201, 0.9073774986100000550),
 ( 0.9073774986100000550, 0.8419372226910000201, 0.8419372226910000201, 0.9073774986100000550),
 ( 1.506600403203999905, 1.397944032248999990, 1.397944032248999990, 1.506600403203999905) ) ) 
 REPRESENTATION_ITEM ( '' )  SURFACE ( )  );
#5857 = ORIENTED_EDGE ( 'NONE', *, *, #7646, .F. ) ;
#5858 = LINE ( 'NONE', #8488, #8046 ) ;
#5859 = CARTESIAN_POINT ( 'NONE',  ( 1.959999999999999964, 1.159999999999976383, -0.3299999999999978506 ) ) ;
#5860 = CARTESIAN_POINT ( 'NONE',  ( -9.320000000000000284, 0.7499999999999763522, 0.3200000000000021161 ) ) ;
#5861 = EDGE_CURVE ( 'NONE', #1733, #1088, #8282, .T. ) ;
#5862 = DIRECTION ( 'NONE',  ( 1.000000000000000000, 0.000000000000000000, 0.000000000000000000 ) ) ;
#5863 = DIRECTION ( 'NONE',  ( 0.000000000000000000, -1.000000000000000000, 0.000000000000000000 ) ) ;
#5864 = PLANE ( 'NONE',  #5515 ) ;
#5865 = ORIENTED_EDGE ( 'NONE', *, *, #9709, .T. ) ;
#5866 = VECTOR ( 'NONE', #9104, 1000.000000000000000 ) ;
#5867 = ORIENTED_EDGE ( 'NONE', *, *, #7260, .F. ) ;
#5868 = LINE ( 'NONE', #9389, #6088 ) ;
#5869 = DIRECTION ( 'NONE',  ( 0.000000000000000000, 0.000000000000000000, 1.000000000000000000 ) ) ;
#5870 = CARTESIAN_POINT ( 'NONE',  ( -16.91999999999999815, 3.679999999999976623, 7.500000000000002665 ) ) ;
#5871 = EDGE_CURVE ( 'NONE', #282, #3016, #7492, .T. ) ;
#5872 = PLANE ( 'NONE',  #1105 ) ;
#5873 = VERTEX_POINT ( 'NONE', #2340 ) ;
#5874 = CARTESIAN_POINT ( 'NONE',  ( -12.31999999999999851, 4.359999999999976339, -0.9999999999999983347 ) ) ;
#5875 = FACE_OUTER_BOUND ( 'NONE', #8176, .T. ) ;
#5876 = AXIS2_PLACEMENT_3D ( 'NONE', #7383, #3184, #10115 ) ;
#5877 = CARTESIAN_POINT ( 'NONE',  ( -18.32000000000000028, 3.304999999999976179, 0.2700000000000020162 ) ) ;
#5878 = ORIENTED_EDGE ( 'NONE', *, *, #486, .T. ) ;
#5879 = ORIENTED_EDGE ( 'NONE', *, *, #10942, .F. ) ;
#5880 = ORIENTED_EDGE ( 'NONE', *, *, #11000, .F. ) ;
#5881 = AXIS2_PLACEMENT_3D ( 'NONE', #6733, #10135, #2477 ) ;
#5882 = CARTESIAN_POINT ( 'NONE',  ( -9.320000000000000284, 3.304999999999976179, -0.3199999999999982303 ) ) ;
#5883 = ORIENTED_EDGE ( 'NONE', *, *, #5871, .T. ) ;
#5884 = CARTESIAN_POINT ( 'NONE',  ( -5.679999999999999716, 2.749999999999976463, 2.296000000000002039 ) ) ;
#5885 = ADVANCED_FACE ( 'NONE', ( #4926 ), #7328, .F. ) ;
#5886 = ORIENTED_EDGE ( 'NONE', *, *, #7163, .F. ) ;
#5887 = CARTESIAN_POINT ( 'NONE',  ( -2.830000000000000071, -3.220000000000023288, 0.1700000000000021771 ) ) ;
#5888 = EDGE_CURVE ( 'NONE', #10779, #4094, #5655, .T. ) ;
#5889 = ORIENTED_EDGE ( 'NONE', *, *, #519, .T. ) ;
#5890 =( NAMED_UNIT ( * ) SI_UNIT ( $, .STERADIAN. ) SOLID_ANGLE_UNIT ( ) );
#5891 = CARTESIAN_POINT ( 'NONE',  ( -8.679999999999999716, 3.699999999999976641, -0.3299999999999978506 ) ) ;
#5892 = LINE ( 'NONE', #1634, #1052 ) ;
#5893 = LINE ( 'NONE', #5116, #5822 ) ;
#5894 = VECTOR ( 'NONE', #6860, 1000.000000000000000 ) ;
#5895 = ORIENTED_EDGE ( 'NONE', *, *, #6840, .T. ) ;
#5896 = ORIENTED_EDGE ( 'NONE', *, *, #5151, .T. ) ;
#5897 = ADVANCED_FACE ( 'NONE', ( #3240 ), #9829, .F. ) ;
#5898 = VERTEX_POINT ( 'NONE', #6541 ) ;
#5899 = VERTEX_POINT ( 'NONE', #3068 ) ;
#5900 = DIRECTION ( 'NONE',  ( -1.000000000000000000, 0.000000000000000000, 0.000000000000000000 ) ) ;
#5901 = CARTESIAN_POINT ( 'NONE',  ( -6.319999999999999396, 2.749999999999976463, 6.100000000000002309 ) ) ;
#5902 = EDGE_CURVE ( 'NONE', #304, #7062, #8338, .T. ) ;
#5903 = DIRECTION ( 'NONE',  ( 1.000000000000000000, 0.000000000000000000, 0.000000000000000000 ) ) ;
#5904 = PLANE ( 'NONE',  #10059 ) ;
#5905 = LINE ( 'NONE', #5965, #1062 ) ;
#5906 = VECTOR ( 'NONE', #10638, 1000.000000000000000 ) ;
#5907 = ADVANCED_FACE ( 'NONE', ( #9059 ), #1390, .T. ) ;
#5908 = CARTESIAN_POINT ( 'NONE',  ( -18.32000000000000028, 1.554999999999976623, -0.3299999999999978506 ) ) ;
#5909 = EDGE_CURVE ( 'NONE', #3645, #3658, #604, .T. ) ;
#5910 = PLANE ( 'NONE',  #8441 ) ;
#5911 = VERTEX_POINT ( 'NONE', #7384 ) ;
#5912 = ORIENTED_EDGE ( 'NONE', *, *, #2281, .F. ) ;
#5913 = CARTESIAN_POINT ( 'NONE',  ( 0.3200000000000008393, 2.109999999999976339, 0.3200000000000021161 ) ) ;
#5914 = CARTESIAN_POINT ( 'NONE',  ( 0.3200000000000008393, -2.820000000000023821, -0.3199999999999982303 ) ) ;
#5915 = LINE ( 'NONE', #2552, #5936 ) ;
#5916 = VECTOR ( 'NONE', #10131, 1000.000000000000000 ) ;
#5917 = CARTESIAN_POINT ( 'NONE',  ( -15.32000000000000028, 2.109999999999976339, 6.100000000000002309 ) ) ;
#5918 = EDGE_CURVE ( 'NONE', #2531, #740, #9948, .T. ) ;
#5919 = CARTESIAN_POINT ( 'NONE',  ( -9.169999999999999929, -3.220000000000023288, -0.1699999999999982636 ) ) ;
#5920 = EDGE_CURVE ( 'NONE', #4290, #8088, #4558, .T. ) ;
#5921 = FACE_OUTER_BOUND ( 'NONE', #8152, .T. ) ;
#5922 = ORIENTED_EDGE ( 'NONE', *, *, #10689, .F. ) ;
#5923 = VERTEX_POINT ( 'NONE', #3186 ) ;
#5924 = AXIS2_PLACEMENT_3D ( 'NONE', #7313, #535, #4856 ) ;
#5925 = DIRECTION ( 'NONE',  ( 0.000000000000000000, 1.000000000000000000, 0.000000000000000000 ) ) ;
#5926 = DIRECTION ( 'NONE',  ( 0.000000000000000000, 1.000000000000000000, 0.000000000000000000 ) ) ;
#5927 = DIRECTION ( 'NONE',  ( 3.552713678800000097E-13, 0.000000000000000000, -1.000000000000000000 ) ) ;
#5928 = AXIS2_PLACEMENT_3D ( 'NONE', #10696, #7356, #1308 ) ;
#5929 = CARTESIAN_POINT ( 'NONE',  ( 1.959999999999999964, 1.159999999999976383, -0.3299999999999978506 ) ) ;
#5930 = EDGE_LOOP ( 'NONE', ( #1451, #9140, #5062, #109, #6760, #2469, #8138, #4438, #8948, #3007, #2854, #7820, #897, #441, #10766, #2576 ) ) ;
#5931 = PLANE ( 'NONE',  #3309 ) ;
#5932 = CARTESIAN_POINT ( 'NONE',  ( -0.3199999999999999512, 2.109999999999976339, 2.296000000000002039 ) ) ;
#5933 = ORIENTED_EDGE ( 'NONE', *, *, #1132, .T. ) ;
#5934 = AXIS2_PLACEMENT_3D ( 'NONE', #830, #4253, #4141 ) ;
#5935 = EDGE_CURVE ( 'NONE', #3328, #2143, #3914, .T. ) ;
#5936 = VECTOR ( 'NONE', #926, 1000.000000000000000 ) ;
#5937 = EDGE_LOOP ( 'NONE', ( #6058, #6902, #8020, #6750 ) ) ;
#5938 = ORIENTED_EDGE ( 'NONE', *, *, #7209, .T. ) ;
#5939 = LINE ( 'NONE', #9182, #525 ) ;
#5940 = VERTEX_POINT ( 'NONE', #549 ) ;
#5941 = DIRECTION ( 'NONE',  ( 0.000000000000000000, -0.9363291775690363306, 0.3511234415884135762 ) ) ;
#5942 = VERTEX_POINT ( 'NONE', #2283 ) ;
#5943 = CLOSED_SHELL ( 'NONE', ( #9342, #2350, #2307, #4744, #5499, #6876, #2518 ) ) ;
#5944 = DIRECTION ( 'NONE',  ( 0.000000000000000000, -1.000000000000000000, 0.000000000000000000 ) ) ;
#5945 = VECTOR ( 'NONE', #1298, 1000.000000000000227 ) ;
#5946 = VECTOR ( 'NONE', #4489, 1000.000000000000114 ) ;
#5947 = ORIENTED_EDGE ( 'NONE', *, *, #3164, .T. ) ;
#5948 = CARTESIAN_POINT ( 'NONE',  ( 0.1700000000000000122, -3.220000000000023288, -0.1699999999999982636 ) ) ;
#5949 = CARTESIAN_POINT ( 'NONE',  ( -0.3199999999999999512, -2.820000000000023821, -0.3199999999999982303 ) ) ;
#5950 = DIRECTION ( 'NONE',  ( 0.000000000000000000, -1.000000000000000000, 0.000000000000000000 ) ) ;
#5951 = DIRECTION ( 'NONE',  ( 0.000000000000000000, 0.000000000000000000, -1.000000000000000000 ) ) ;
#5952 = ORIENTED_EDGE ( 'NONE', *, *, #2984, .T. ) ;
#5953 = VERTEX_POINT ( 'NONE', #9891 ) ;
#5954 = EDGE_LOOP ( 'NONE', ( #467, #9741, #10083, #10347, #10920, #631, #7937, #7756, #5177, #5646, #577, #340, #5732, #10792, #1454, #2752, #10974, #2134, #8322, #2562, #2682, #990, #10163, #839, #1890, #3929, #332, #9162, #6762, #1425, #1564, #5477, #3769, #5101, #463, #3096, #10778, #4356, #4942, #9722, #2627, #4611, #521, #3840, #6556, #3851, #2637, #149, #3152, #10655, #1290, #3082, #6865, #4564, #5209, #8580, #8616, #10361, #5833, #8958 ) ) ;
#5955 = EDGE_CURVE ( 'NONE', #7046, #3660, #10784, .T. ) ;
#5956 = EDGE_CURVE ( 'NONE', #4426, #7394, #3859, .T. ) ;
#5957 = AXIS2_PLACEMENT_3D ( 'NONE', #3624, #5472, #5363 ) ;
#5958 = ORIENTED_EDGE ( 'NONE', *, *, #10224, .T. ) ;
#5959 = LINE ( 'NONE', #4331, #6140 ) ;
#5960 = ORIENTED_EDGE ( 'NONE', *, *, #10483, .F. ) ;
#5961 = FACE_OUTER_BOUND ( 'NONE', #6245, .T. ) ;
#5962 = CARTESIAN_POINT ( 'NONE',  ( -8.679999999999999716, 2.109999999999976339, 6.100000000000002309 ) ) ;
#5963 = CARTESIAN_POINT ( 'NONE',  ( -1.749999999999999778, 3.679999999999976623, 8.900000000000002132 ) ) ;
#5964 = CARTESIAN_POINT ( 'NONE',  ( -11.67999999999999972, 2.749999999999976463, 2.296000000000002039 ) ) ;
#5965 = CARTESIAN_POINT ( 'NONE',  ( 1.250000000000001110, 3.679999999999976623, 2.296000000000002039 ) ) ;
#5966 = AXIS2_PLACEMENT_3D ( 'NONE', #7512, #10686, #8303 ) ;
#5967 = EDGE_CURVE ( 'NONE', #2375, #2794, #439, .T. ) ;
#5968 = EDGE_CURVE ( 'NONE', #2128, #4330, #10002, .T. ) ;
#5969 = CARTESIAN_POINT ( 'NONE',  ( -16.91999999999999815, 3.679999999999976623, 8.900000000000002132 ) ) ;
#5970 = ORIENTED_EDGE ( 'NONE', *, *, #8300, .F. ) ;
#5971 = ORIENTED_EDGE ( 'NONE', *, *, #1125, .T. ) ;
#5972 = AXIS2_PLACEMENT_3D ( 'NONE', #8468, #5170, #792 ) ;
#5973 = LINE ( 'NONE', #5882, #5367 ) ;
#5974 = EDGE_CURVE ( 'NONE', #574, #194, #3014, .T. ) ;
#5975 = PLANE ( 'NONE',  #10729 ) ;
#5976 = CARTESIAN_POINT ( 'NONE',  ( -6.319999999999999396, 3.304999999999976179, 0.2700000000000020162 ) ) ;
#5977 = DIRECTION ( 'NONE',  ( -0.9363291775690363306, -0.3511234415884135762, 0.000000000000000000 ) ) ;
#5978 = DIRECTION ( 'NONE',  ( 0.7071067811865474617, 0.000000000000000000, 0.7071067811865474617 ) ) ;
#5979 = ADVANCED_FACE ( 'NONE', ( #493 ), #9227, .T. ) ;
#5980 = DIRECTION ( 'NONE',  ( 0.000000000000000000, 0.000000000000000000, -1.000000000000000000 ) ) ;
#5981 = DIRECTION ( 'NONE',  ( 0.000000000000000000, 0.000000000000000000, 1.000000000000000000 ) ) ;
#5982 = ORIENTED_EDGE ( 'NONE', *, *, #1983, .F. ) ;
#5983 = LINE ( 'NONE', #2878, #8203 ) ;
#5984 = ORIENTED_EDGE ( 'NONE', *, *, #6525, .T. ) ;
#5985 = ADVANCED_FACE ( 'NONE', ( #2400 ), #5872, .T. ) ;
#5986 = LINE ( 'NONE', #882, #11073 ) ;
#5987 = LINE ( 'NONE', #4303, #8685 ) ;
#5988 = DIRECTION ( 'NONE',  ( 0.000000000000000000, 0.000000000000000000, 1.000000000000000000 ) ) ;
#5989 = EDGE_CURVE ( 'NONE', #4607, #798, #3298, .T. ) ;
#5990 = CARTESIAN_POINT ( 'NONE',  ( -0.3199999999999999512, 4.359999999999976339, -0.9999999999999983347 ) ) ;
#5991 = ADVANCED_FACE ( 'NONE', ( #4982 ), #5094, .T. ) ;
#5992 = VECTOR ( 'NONE', #9178, 1000.000000000000000 ) ;
#5993 = EDGE_CURVE ( 'NONE', #8603, #1805, #10058, .T. ) ;
#5994 = EDGE_LOOP ( 'NONE', ( #8177, #6258, #6977, #10066 ) ) ;
#5995 = DIRECTION ( 'NONE',  ( 0.000000000000000000, 0.000000000000000000, 1.000000000000000000 ) ) ;
#5996 = LINE ( 'NONE', #4309, #2054 ) ;
#5997 = VERTEX_POINT ( 'NONE', #49 ) ;
#5998 = ORIENTED_EDGE ( 'NONE', *, *, #10891, .T. ) ;
#5999 = VECTOR ( 'NONE', #9671, 1000.000000000000000 ) ;
#6000 = DIRECTION ( 'NONE',  ( 0.000000000000000000, 0.000000000000000000, 1.000000000000000000 ) ) ;
#6001 = ORIENTED_EDGE ( 'NONE', *, *, #6862, .T. ) ;
#6002 = DIRECTION ( 'NONE',  ( 0.000000000000000000, 0.000000000000000000, 1.000000000000000000 ) ) ;
#6003 = ORIENTED_EDGE ( 'NONE', *, *, #9742, .F. ) ;
#6004 = AXIS2_PLACEMENT_3D ( 'NONE', #1366, #3158, #6686 ) ;
#6005 = CARTESIAN_POINT ( 'NONE',  ( -5.679999999999999716, 1.159999999999976383, -0.9999999999999983347 ) ) ;
#6006 = ORIENTED_EDGE ( 'NONE', *, *, #2152, .F. ) ;
#6007 = ADVANCED_FACE ( 'NONE', ( #6712 ), #9282, .F. ) ;
#6008 = CARTESIAN_POINT ( 'NONE',  ( -1.649999999999999467, -2.876112710120023674, 5.300000000000002487 ) ) ;
#6009 = CARTESIAN_POINT ( 'NONE',  ( -5.679999999999999716, 2.109999999999976339, 2.296000000000002039 ) ) ;
#6010 = CARTESIAN_POINT ( 'NONE',  ( -0.3199999999999999512, 4.359999999999976339, 0.3500000000000021982 ) ) ;
#6011 = VECTOR ( 'NONE', #8108, 1000.000000000000000 ) ;
#6012 = CARTESIAN_POINT ( 'NONE',  ( 3.319999999999999840, 3.699999999999976641, -0.3299999999999978506 ) ) ;
#6013 = ORIENTED_EDGE ( 'NONE', *, *, #8843, .T. ) ;
#6014 = AXIS2_PLACEMENT_3D ( 'NONE', #9056, #6485, #4027 ) ;
#6015 = ORIENTED_EDGE ( 'NONE', *, *, #7954, .F. ) ;
#6016 = ORIENTED_EDGE ( 'NONE', *, *, #3949, .T. ) ;
#6017 = ORIENTED_EDGE ( 'NONE', *, *, #4804, .T. ) ;
#6018 = CARTESIAN_POINT ( 'NONE',  ( -12.31999999999999851, 1.554999999999976623, -0.3199999999999982303 ) ) ;
#6019 = ORIENTED_EDGE ( 'NONE', *, *, #10756, .T. ) ;
#6020 = CARTESIAN_POINT ( 'NONE',  ( 2.360000000000001208, 3.699999999999976641, -0.9999999999999983347 ) ) ;
#6021 = LINE ( 'NONE', #1757, #2598 ) ;
#6022 = EDGE_CURVE ( 'NONE', #10668, #3938, #102, .T. ) ;
#6023 = PLANE ( 'NONE',  #7548 ) ;
#6024 = CARTESIAN_POINT ( 'NONE',  ( -14.75500000000000078, -3.020000000000023554, 1.734723475976807094E-15 ) ) ;
#6025 = DIRECTION ( 'NONE',  ( 0.000000000000000000, 0.000000000000000000, 1.000000000000000000 ) ) ;
#6026 = DIRECTION ( 'NONE',  ( -1.000000000000000000, 0.000000000000000000, 0.000000000000000000 ) ) ;
#6027 = ORIENTED_EDGE ( 'NONE', *, *, #5482, .F. ) ;
#6028 = VECTOR ( 'NONE', #389, 1000.000000000000000 ) ;
#6029 = ORIENTED_EDGE ( 'NONE', *, *, #940, .T. ) ;
#6030 = DIRECTION ( 'NONE',  ( -1.000000000000000000, 0.000000000000000000, 0.000000000000000000 ) ) ;
#6031 = DIRECTION ( 'NONE',  ( 0.3312945782245003690, 0.3312945782245003690, -0.8834522085988016915 ) ) ;
#6032 = LINE ( 'NONE', #5917, #2707 ) ;
#6033 = LINE ( 'NONE', #2715, #3808 ) ;
#6034 = EDGE_CURVE ( 'NONE', #10681, #7883, #1614, .T. ) ;
#6035 = LINE ( 'NONE', #8657, #1709 ) ;
#6036 = CARTESIAN_POINT ( 'NONE',  ( -15.32000000000000028, 0.7499999999999763522, -0.9999999999999983347 ) ) ;
#6037 = ORIENTED_EDGE ( 'NONE', *, *, #8247, .F. ) ;
#6038 = ORIENTED_EDGE ( 'NONE', *, *, #7482, .F. ) ;
#6039 = EDGE_CURVE ( 'NONE', #5201, #961, #1782, .T. ) ;
#6040 = CARTESIAN_POINT ( 'NONE',  ( -11.67999999999999972, 1.554999999999976623, -0.3199999999999982303 ) ) ;
#6041 = CARTESIAN_POINT ( 'NONE',  ( -3.319999999999999840, 2.109999999999976339, 2.296000000000002039 ) ) ;
#6042 = DIRECTION ( 'NONE',  ( 0.000000000000000000, 1.000000000000000000, 0.000000000000000000 ) ) ;
#6043 = CARTESIAN_POINT ( 'NONE',  ( -4.250000000000000000, 3.679999999999976623, 2.296000000000002039 ) ) ;
#6044 = ORIENTED_EDGE ( 'NONE', *, *, #365, .T. ) ;
#6045 = CARTESIAN_POINT ( 'NONE',  ( 0.3200000000000008393, 2.429999999999976623, 3.950000000000001954 ) ) ;
#6046 = AXIS2_PLACEMENT_3D ( 'NONE', #764, #4192, #10162 ) ;
#6047 = DIRECTION ( 'NONE',  ( 0.000000000000000000, 1.000000000000000000, 0.000000000000000000 ) ) ;
#6048 = EDGE_LOOP ( 'NONE', ( #8396, #8497, #9416, #671 ) ) ;
#6049 = ADVANCED_FACE ( 'NONE', ( #8389 ), #713, .T. ) ;
#6050 = VERTEX_POINT ( 'NONE', #7717 ) ;
#6051 = EDGE_CURVE ( 'NONE', #9437, #10041, #7553, .T. ) ;
#6052 = CARTESIAN_POINT ( 'NONE',  ( -13.75000000000000000, 3.679999999999976623, 8.900000000000002132 ) ) ;
#6053 = ORIENTED_EDGE ( 'NONE', *, *, #7386, .F. ) ;
#6054 = CARTESIAN_POINT ( 'NONE',  ( -2.680000000000000160, 3.484999999999976339, 0.3500000000000021982 ) ) ;
#6055 = ORIENTED_EDGE ( 'NONE', *, *, #2192, .T. ) ;
#6056 = DIRECTION ( 'NONE',  ( 1.000000000000000000, 0.000000000000000000, 0.000000000000000000 ) ) ;
#6057 = AXIS2_PLACEMENT_3D ( 'NONE', #9057, #8337, #4870 ) ;
#6058 = ORIENTED_EDGE ( 'NONE', *, *, #3288, .F. ) ;
#6059 = LINE ( 'NONE', #6844, #1115 ) ;
#6060 = DIRECTION ( 'NONE',  ( 0.000000000000000000, 1.000000000000000000, 0.000000000000000000 ) ) ;
#6061 = FACE_OUTER_BOUND ( 'NONE', #2670, .T. ) ;
#6062 = ADVANCED_FACE ( 'NONE', ( #11006 ), #3356, .T. ) ;
#6063 = FACE_OUTER_BOUND ( 'NONE', #123, .T. ) ;
#6064 = VERTEX_POINT ( 'NONE', #10169 ) ;
#6065 = VERTEX_POINT ( 'NONE', #6825 ) ;
#6066 = VERTEX_POINT ( 'NONE', #6043 ) ;
#6067 = ORIENTED_EDGE ( 'NONE', *, *, #1689, .F. ) ;
#6068 = CARTESIAN_POINT ( 'NONE',  ( 0.3200000000000008393, 0.7499999999999763522, 0.3200000000000021161 ) ) ;
#6069 = VERTEX_POINT ( 'NONE', #2510 ) ;
#6070 = DIRECTION ( 'NONE',  ( 1.000000000000000000, 0.000000000000000000, 0.000000000000000000 ) ) ;
#6071 = DIRECTION ( 'NONE',  ( -0.000000000000000000, 1.000000000000000000, 0.000000000000000000 ) ) ;
#6072 = VECTOR ( 'NONE', #1578, 1000.000000000000000 ) ;
#6073 = LINE ( 'NONE', #244, #7913 ) ;
#6074 = CARTESIAN_POINT ( 'NONE',  ( -14.34999999999999964, -2.341876692568689577E-14, 8.050000000000000711 ) ) ;
#6075 = DIRECTION ( 'NONE',  ( 0.000000000000000000, 1.000000000000000000, 0.000000000000000000 ) ) ;
#6076 = ADVANCED_FACE ( 'NONE', ( #10230 ), #941, .T. ) ;
#6077 = CARTESIAN_POINT ( 'NONE',  ( -6.000000000000000000, -3.020000000000023554, 0.2450000000000021605 ) ) ;
#6078 = ORIENTED_EDGE ( 'NONE', *, *, #9405, .F. ) ;
#6079 = ORIENTED_EDGE ( 'NONE', *, *, #2463, .F. ) ;
#6080 = VECTOR ( 'NONE', #1625, 1000.000000000000000 ) ;
#6081 = DIRECTION ( 'NONE',  ( 0.000000000000000000, 0.000000000000000000, -1.000000000000000000 ) ) ;
#6082 = LINE ( 'NONE', #6811, #6641 ) ;
#6083 = PLANE ( 'NONE',  #4160 ) ;
#6084 = DIRECTION ( 'NONE',  ( 0.000000000000000000, 0.000000000000000000, -1.000000000000000000 ) ) ;
#6085 = DIRECTION ( 'NONE',  ( 1.000000000000000000, 0.000000000000000000, 0.000000000000000000 ) ) ;
#6086 = CARTESIAN_POINT ( 'NONE',  ( -10.75000000000000000, 3.679999999999976623, 8.900000000000002132 ) ) ;
#6087 =( NAMED_UNIT ( * ) PLANE_ANGLE_UNIT ( ) SI_UNIT ( $, .RADIAN. ) );
#6088 = VECTOR ( 'NONE', #3295, 1000.000000000000000 ) ;
#6089 = ORIENTED_EDGE ( 'NONE', *, *, #4777, .T. ) ;
#6090 = EDGE_CURVE ( 'NONE', #4494, #934, #885, .T. ) ;
#6091 = EDGE_CURVE ( 'NONE', #1237, #8518, #6882, .T. ) ;
#6092 = PLANE ( 'NONE',  #3042 ) ;
#6093 = AXIS2_PLACEMENT_3D ( 'NONE', #8404, #1796, #6727 ) ;
#6094 = CARTESIAN_POINT ( 'NONE',  ( -16.91999999999999815, 1.679999999999976401, 8.900000000000002132 ) ) ;
#6095 = DIRECTION ( 'NONE',  ( -1.000000000000000000, 0.000000000000000000, 0.000000000000000000 ) ) ;
#6096 = CARTESIAN_POINT ( 'NONE',  ( 3.319999999999999840, 4.359999999999976339, -0.9999999999999983347 ) ) ;
#6097 = ORIENTED_EDGE ( 'NONE', *, *, #5765, .T. ) ;
#6098 = CARTESIAN_POINT ( 'NONE',  ( -6.319999999999999396, 0.7499999999999763522, 0.3200000000000021161 ) ) ;
#6099 = DIRECTION ( 'NONE',  ( -0.3312945782245003690, 0.8834522085988016915, -0.3312945782245003690 ) ) ;
#6100 = ORIENTED_EDGE ( 'NONE', *, *, #8493, .T. ) ;
#6101 = VECTOR ( 'NONE', #9428, 1000.000000000000000 ) ;
#6102 = ORIENTED_EDGE ( 'NONE', *, *, #3977, .F. ) ;
#6103 = AXIS2_PLACEMENT_3D ( 'NONE', #7015, #6125, #8749 ) ;
#6104 = CARTESIAN_POINT ( 'NONE',  ( -18.32000000000000028, 3.699999999999976641, -0.3299999999999978506 ) ) ;
#6105 = VERTEX_POINT ( 'NONE', #2061 ) ;
#6106 = CARTESIAN_POINT ( 'NONE',  ( -18.32000000000000028, -0.04000000000002352368, -0.9999999999999983347 ) ) ;
#6107 = ADVANCED_FACE ( 'NONE', ( #1841 ), #8722, .T. ) ;
#6108 = LINE ( 'NONE', #6217, #1985 ) ;
#6109 = EDGE_LOOP ( 'NONE', ( #6388, #4776, #1074, #924 ) ) ;
#6110 = DIRECTION ( 'NONE',  ( 0.000000000000000000, 0.000000000000000000, -1.000000000000000000 ) ) ;
#6111 = CARTESIAN_POINT ( 'NONE',  ( -12.31999999999999851, 2.749999999999976463, 2.296000000000002039 ) ) ;
#6112 = LINE ( 'NONE', #1857, #10832 ) ;
#6113 = VECTOR ( 'NONE', #7538, 1000.000000000000000 ) ;
#6114 = LINE ( 'NONE', #3540, #5644 ) ;
#6115 = VECTOR ( 'NONE', #6754, 1000.000000000000000 ) ;
#6116 = ORIENTED_EDGE ( 'NONE', *, *, #9672, .F. ) ;
#6117 = ORIENTED_EDGE ( 'NONE', *, *, #10290, .T. ) ;
#6118 = EDGE_LOOP ( 'NONE', ( #5226, #10918, #1850, #5958, #1401, #7177, #4940, #6684, #3130, #3422 ) ) ;
#6119 = AXIS2_PLACEMENT_3D ( 'NONE', #10597, #6364, #9763 ) ;
#6120 = ORIENTED_EDGE ( 'NONE', *, *, #1858, .F. ) ;
#6121 = PLANE ( 'NONE',  #236 ) ;
#6122 = EDGE_LOOP ( 'NONE', ( #2122, #108, #6955, #6038 ) ) ;
#6123 = DIRECTION ( 'NONE',  ( -0.3312945782245003690, -0.8834522085988016915, 0.3312945782245003690 ) ) ;
#6124 = AXIS2_PLACEMENT_3D ( 'NONE', #8532, #6858, #861 ) ;
#6125 = DIRECTION ( 'NONE',  ( -1.000000000000000000, 0.000000000000000000, 0.000000000000000000 ) ) ;
#6126 = CARTESIAN_POINT ( 'NONE',  ( -13.35000000000000497, -3.129483257153568232, 5.079720346106634032 ) ) ;
#6127 = EDGE_CURVE ( 'NONE', #8486, #2445, #6984, .T. ) ;
#6128 = CARTESIAN_POINT ( 'NONE',  ( -18.32000000000000028, 3.699999999999976641, -0.9999999999999983347 ) ) ;
#6129 = EDGE_CURVE ( 'NONE', #1071, #1608, #8838, .T. ) ;
#6130 = DIRECTION ( 'NONE',  ( 0.9363291775690363306, -0.3511234415884135762, 0.000000000000000000 ) ) ;
#6131 = LINE ( 'NONE', #5187, #5894 ) ;
#6132 = EDGE_CURVE ( 'NONE', #9956, #2459, #1051, .T. ) ;
#6133 = AXIS2_PLACEMENT_3D ( 'NONE', #7182, #8131, #9748 ) ;
#6134 = VECTOR ( 'NONE', #4034, 1000.000000000000000 ) ;
#6135 = DIRECTION ( 'NONE',  ( -0.3312945782245003690, -0.8834522085988016915, 0.3312945782245003690 ) ) ;
#6136 = ORIENTED_EDGE ( 'NONE', *, *, #8987, .F. ) ;
#6137 = ORIENTED_EDGE ( 'NONE', *, *, #10280, .T. ) ;
#6138 = CARTESIAN_POINT ( 'NONE',  ( -15.32000000000000028, 4.359999999999976339, -0.9999999999999983347 ) ) ;
#6139 = DIRECTION ( 'NONE',  ( 0.000000000000000000, 0.000000000000000000, -1.000000000000000000 ) ) ;
#6140 = VECTOR ( 'NONE', #3489, 1000.000000000000000 ) ;
#6141 = CARTESIAN_POINT ( 'NONE',  ( -14.67999999999999794, 4.359999999999976339, 0.3500000000000021982 ) ) ;
#6142 = LINE ( 'NONE', #2342, #10233 ) ;
#6143 = CARTESIAN_POINT ( 'NONE',  ( -8.679999999999999716, 2.109999999999976339, 0.3500000000000021982 ) ) ;
#6144 = EDGE_CURVE ( 'NONE', #10545, #9506, #6208, .T. ) ;
#6145 = DIRECTION ( 'NONE',  ( 1.000000000000000000, 0.000000000000000000, 0.000000000000000000 ) ) ;
#6146 = SURFACE_STYLE_USAGE ( .BOTH. , #2662 ) ;
#6147 = VECTOR ( 'NONE', #117, 1000.000000000000000 ) ;
#6148 = VERTEX_POINT ( 'NONE', #6153 ) ;
#6149 = ORIENTED_EDGE ( 'NONE', *, *, #5468, .T. ) ;
#6150 = DIRECTION ( 'NONE',  ( 0.8086898285216348459, 0.000000000000000000, -0.5882352941176250960 ) ) ;
#6151 = PLANE ( 'NONE',  #4758 ) ;
#6152 = DIRECTION ( 'NONE',  ( 0.000000000000000000, 0.000000000000000000, -1.000000000000000000 ) ) ;
#6153 = CARTESIAN_POINT ( 'NONE',  ( -8.679999999999999716, 0.7499999999999763522, -0.9999999999999983347 ) ) ;
#6154 = EDGE_LOOP ( 'NONE', ( #8856, #4319, #2923, #8803 ) ) ;
#6155 = CARTESIAN_POINT ( 'NONE',  ( -12.31999999999999851, 2.109999999999976339, 0.3500000000000021982 ) ) ;
#6156 = LINE ( 'NONE', #6267, #5272 ) ;
#6157 = ORIENTED_EDGE ( 'NONE', *, *, #9742, .T. ) ;
#6158 = EDGE_CURVE ( 'NONE', #11020, #10191, #1164, .T. ) ;
#6159 = ORIENTED_EDGE ( 'NONE', *, *, #8789, .T. ) ;
#6160 = DIRECTION ( 'NONE',  ( -1.000000000000000000, 0.000000000000000000, 0.000000000000000000 ) ) ;
#6161 = ORIENTED_EDGE ( 'NONE', *, *, #3424, .F. ) ;
#6162 = DIRECTION ( 'NONE',  ( 0.000000000000000000, 0.000000000000000000, 1.000000000000000000 ) ) ;
#6163 = VECTOR ( 'NONE', #3642, 1000.000000000000000 ) ;
#6164 = DIRECTION ( 'NONE',  ( 1.000000000000000000, 0.000000000000000000, 0.000000000000000000 ) ) ;
#6165 = ORIENTED_EDGE ( 'NONE', *, *, #3338, .F. ) ;
#6166 = CARTESIAN_POINT ( 'NONE',  ( -1.614353166738000001, -2.859406739973023193, 5.300000000000002487 ) ) ;
#6167 = DIRECTION ( 'NONE',  ( 0.000000000000000000, 1.000000000000000000, 0.000000000000000000 ) ) ;
#6168 = DIRECTION ( 'NONE',  ( 0.000000000000000000, 0.000000000000000000, -1.000000000000000000 ) ) ;
#6169 = ADVANCED_FACE ( 'NONE', ( #8001 ), #4533, .T. ) ;
#6170 = DIRECTION ( 'NONE',  ( 1.000000000000000000, 0.000000000000000000, 0.000000000000000000 ) ) ;
#6171 = ORIENTED_EDGE ( 'NONE', *, *, #781, .T. ) ;
#6172 = EDGE_CURVE ( 'NONE', #6264, #3141, #2668, .T. ) ;
#6173 = AXIS2_PLACEMENT_3D ( 'NONE', #6493, #10670, #2179 ) ;
#6174 = ORIENTED_EDGE ( 'NONE', *, *, #9187, .F. ) ;
#6175 = ORIENTED_EDGE ( 'NONE', *, *, #11022, .F. ) ;
#6176 = AXIS2_PLACEMENT_3D ( 'NONE', #10980, #6071, #4229 ) ;
#6177 = ORIENTED_EDGE ( 'NONE', *, *, #10896, .T. ) ;
#6178 = DIRECTION ( 'NONE',  ( 0.000000000000000000, 1.000000000000000000, 0.000000000000000000 ) ) ;
#6179 = ORIENTED_EDGE ( 'NONE', *, *, #10180, .T. ) ;
#6180 = DIRECTION ( 'NONE',  ( 1.000000000000000000, 0.000000000000000000, 0.000000000000000000 ) ) ;
#6181 = CARTESIAN_POINT ( 'NONE',  ( -0.6752272915129999831, -1.790000000000023350, 3.300000000000002043 ) ) ;
#6182 = CARTESIAN_POINT ( 'NONE',  ( -13.75000000000000000, 3.679999999999976623, 2.296000000000002039 ) ) ;
#6183 = VECTOR ( 'NONE', #5003, 1000.000000000000000 ) ;
#6184 = CARTESIAN_POINT ( 'NONE',  ( -0.6499999999999995781, -2.341876692568689577E-14, 0.8500000000000021982 ) ) ;
#6185 = DIRECTION ( 'NONE',  ( 0.000000000000000000, 0.000000000000000000, 1.000000000000000000 ) ) ;
#6186 = DIRECTION ( 'NONE',  ( -1.000000000000000000, 0.000000000000000000, 0.000000000000000000 ) ) ;
#6187 = DIRECTION ( 'NONE',  ( 0.000000000000000000, 0.000000000000000000, -1.000000000000000000 ) ) ;
#6188 = EDGE_CURVE ( 'NONE', #8792, #5690, #5263, .T. ) ;
#6189 = DIRECTION ( 'NONE',  ( 0.000000000000000000, -0.7659742160925780974, 0.6428712937138820749 ) ) ;
#6190 = ORIENTED_EDGE ( 'NONE', *, *, #5290, .F. ) ;
#6191 = VECTOR ( 'NONE', #5869, 1000.000000000000000 ) ;
#6192 = ORIENTED_EDGE ( 'NONE', *, *, #8614, .F. ) ;
#6193 = DIRECTION ( 'NONE',  ( -1.000000000000000000, 0.000000000000000000, 0.000000000000000000 ) ) ;
#6194 = LINE ( 'NONE', #5414, #9914 ) ;
#6195 = VECTOR ( 'NONE', #2856, 1000.000000000000000 ) ;
#6196 = EDGE_CURVE ( 'NONE', #6420, #5564, #6931, .T. ) ;
#6197 = CARTESIAN_POINT ( 'NONE',  ( -6.549999999999999822, 1.179999999999976401, 8.900000000000002132 ) ) ;
#6198 = CARTESIAN_POINT ( 'NONE',  ( -14.67999999999999794, 1.554999999999976623, -0.3299999999999978506 ) ) ;
#6199 = LINE ( 'NONE', #6253, #1662 ) ;
#6200 = LINE ( 'NONE', #6254, #8673 ) ;
#6201 = VECTOR ( 'NONE', #7171, 1000.000000000000000 ) ;
#6202 = ORIENTED_EDGE ( 'NONE', *, *, #4516, .F. ) ;
#6203 = ORIENTED_EDGE ( 'NONE', *, *, #7656, .T. ) ;
#6204 = DIRECTION ( 'NONE',  ( 0.000000000000000000, 1.000000000000000000, 0.000000000000000000 ) ) ;
#6205 = EDGE_CURVE ( 'NONE', #5179, #10141, #3551, .T. ) ;
#6206 = DIRECTION ( 'NONE',  ( 0.000000000000000000, 1.000000000000000000, 0.000000000000000000 ) ) ;
#6207 = FACE_OUTER_BOUND ( 'NONE', #4983, .T. ) ;
#6208 = LINE ( 'NONE', #4474, #929 ) ;
#6209 = VERTEX_POINT ( 'NONE', #9720 ) ;
#6210 = CARTESIAN_POINT ( 'NONE',  ( -3.319999999999999840, -2.820000000000023821, 0.3200000000000021161 ) ) ;
#6211 = CARTESIAN_POINT ( 'NONE',  ( -6.319999999999999396, 2.109999999999976339, 0.3500000000000021982 ) ) ;
#6212 = EDGE_LOOP ( 'NONE', ( #5227, #1364, #2952, #9185 ) ) ;
#6213 = ORIENTED_EDGE ( 'NONE', *, *, #519, .F. ) ;
#6214 = FACE_OUTER_BOUND ( 'NONE', #9297, .T. ) ;
#6215 = EDGE_CURVE ( 'NONE', #304, #8340, #3693, .T. ) ;
#6216 = LINE ( 'NONE', #5439, #10293 ) ;
#6217 = CARTESIAN_POINT ( 'NONE',  ( -5.679999999999999716, 2.109999999999976339, 0.3500000000000021982 ) ) ;
#6218 = EDGE_LOOP ( 'NONE', ( #6171, #6852, #8729, #96 ) ) ;
#6219 = CARTESIAN_POINT ( 'NONE',  ( -13.35000000000000142, -2.341876692568689577E-14, 5.300000000000002487 ) ) ;
#6220 = CARTESIAN_POINT ( 'NONE',  ( -17.35999999999999943, 4.359999999999976339, -0.9999999999999983347 ) ) ;
#6221 = CARTESIAN_POINT ( 'NONE',  ( 3.319999999999999840, 2.472499999999976605, 1.700000000000002398 ) ) ;
#6222 = LINE ( 'NONE', #3761, #6342 ) ;
#6223 = ORIENTED_EDGE ( 'NONE', *, *, #4139, .F. ) ;
#6224 = VECTOR ( 'NONE', #3241, 1000.000000000000000 ) ;
#6225 = ORIENTED_EDGE ( 'NONE', *, *, #4247, .F. ) ;
#6226 = EDGE_CURVE ( 'NONE', #1916, #7718, #997, .T. ) ;
#6227 = ORIENTED_EDGE ( 'NONE', *, *, #9268, .F. ) ;
#6228 = VECTOR ( 'NONE', #8714, 1000.000000000000000 ) ;
#6229 = ORIENTED_EDGE ( 'NONE', *, *, #9139, .F. ) ;
#6230 = CARTESIAN_POINT ( 'NONE',  ( -14.67999999999999794, 4.359999999999976339, -0.9999999999999983347 ) ) ;
#6231 = ORIENTED_EDGE ( 'NONE', *, *, #10045, .T. ) ;
#6232 = LINE ( 'NONE', #7971, #10682 ) ;
#6233 = EDGE_CURVE ( 'NONE', #10575, #1933, #7101, .T. ) ;
#6234 = LINE ( 'NONE', #10314, #5401 ) ;
#6235 = DIRECTION ( 'NONE',  ( 0.000000000000000000, -1.000000000000000000, 0.000000000000000000 ) ) ;
#6236 = LINE ( 'NONE', #1926, #9332 ) ;
#6237 = CARTESIAN_POINT ( 'NONE',  ( -11.67999999999999972, 1.554999999999976623, -0.3199999999999982303 ) ) ;
#6238 = LINE ( 'NONE', #6350, #157 ) ;
#6239 = AXIS2_PLACEMENT_3D ( 'NONE', #11043, #3392, #6802 ) ;
#6240 = SHAPE_DEFINITION_REPRESENTATION ( #2369, #2706 ) ;
#6241 = EDGE_LOOP ( 'NONE', ( #8181, #6017, #10794, #170 ) ) ;
#6242 = LINE ( 'NONE', #7022, #4090 ) ;
#6243 = DIRECTION ( 'NONE',  ( 0.000000000000000000, -1.000000000000000000, 0.000000000000000000 ) ) ;
#6244 = ORIENTED_EDGE ( 'NONE', *, *, #5174, .T. ) ;
#6245 = EDGE_LOOP ( 'NONE', ( #7139, #2730, #4258, #5570 ) ) ;
#6246 = VECTOR ( 'NONE', #8084, 1000.000000000000000 ) ;
#6247 = EDGE_CURVE ( 'NONE', #4076, #3766, #8778, .T. ) ;
#6248 = CARTESIAN_POINT ( 'NONE',  ( -0.3199999999999999512, 2.109999999999976339, 0.3500000000000021982 ) ) ;
#6249 = LINE ( 'NONE', #6358, #5109 ) ;
#6250 = LINE ( 'NONE', #2885, #8444 ) ;
#6251 = FACE_OUTER_BOUND ( 'NONE', #7396, .T. ) ;
#6252 = EDGE_CURVE ( 'NONE', #6957, #3292, #4587, .T. ) ;
#6253 = CARTESIAN_POINT ( 'NONE',  ( -5.679999999999999716, 2.109999999999976339, 0.3500000000000021982 ) ) ;
#6254 = CARTESIAN_POINT ( 'NONE',  ( -14.67999999999999794, 0.7499999999999763522, -0.9999999999999983347 ) ) ;
#6255 = FACE_OUTER_BOUND ( 'NONE', #6109, .T. ) ;
#6256 = VECTOR ( 'NONE', #7423, 1000.000000000000000 ) ;
#6257 = ORIENTED_EDGE ( 'NONE', *, *, #365, .F. ) ;
#6258 = ORIENTED_EDGE ( 'NONE', *, *, #3410, .T. ) ;
#6259 = CARTESIAN_POINT ( 'NONE',  ( -0.3199999999999999512, 2.109999999999976339, 0.3500000000000021982 ) ) ;
#6260 = DIRECTION ( 'NONE',  ( 1.000000000000000000, 0.000000000000000000, 0.000000000000000000 ) ) ;
#6261 = DIRECTION ( 'NONE',  ( 0.000000000000000000, 1.000000000000000000, 0.000000000000000000 ) ) ;
#6262 = DIRECTION ( 'NONE',  ( -0.3312945782245003690, -0.3312945782245003690, -0.8834522085988016915 ) ) ;
#6263 = EDGE_CURVE ( 'NONE', #2359, #4974, #10550, .T. ) ;
#6264 = VERTEX_POINT ( 'NONE', #426 ) ;
#6265 = CARTESIAN_POINT ( 'NONE',  ( -3.169999999999999929, -3.220000000000023288, -0.1699999999999982636 ) ) ;
#6266 = VECTOR ( 'NONE', #2506, 1000.000000000000000 ) ;
#6267 = CARTESIAN_POINT ( 'NONE',  ( -8.679999999999999716, 3.699999999999976641, -0.3299999999999978506 ) ) ;
#6268 = EDGE_CURVE ( 'NONE', #341, #4656, #5749, .T. ) ;
#6269 = ORIENTED_EDGE ( 'NONE', *, *, #10236, .T. ) ;
#6270 = VERTEX_POINT ( 'NONE', #8937 ) ;
#6271 = DIRECTION ( 'NONE',  ( 0.000000000000000000, -1.000000000000000000, 0.000000000000000000 ) ) ;
#6272 = CARTESIAN_POINT ( 'NONE',  ( -15.32000000000000028, 1.159999999999976383, -0.9999999999999983347 ) ) ;
#6273 = LINE ( 'NONE', #2798, #4660 ) ;
#6274 = ORIENTED_EDGE ( 'NONE', *, *, #4897, .T. ) ;
#6275 = AXIS2_PLACEMENT_3D ( 'NONE', #8696, #5292, #4559 ) ;
#6276 = PLANE ( 'NONE',  #6701 ) ;
#6277 = LINE ( 'NONE', #1232, #2619 ) ;
#6278 = CARTESIAN_POINT ( 'NONE',  ( -2.680000000000000160, 1.554999999999976623, -0.3199999999999982303 ) ) ;
#6279 = EDGE_CURVE ( 'NONE', #600, #8849, #9880, .T. ) ;
#6280 = ORIENTED_EDGE ( 'NONE', *, *, #3732, .F. ) ;
#6281 = ORIENTED_EDGE ( 'NONE', *, *, #9809, .F. ) ;
#6282 = ORIENTED_EDGE ( 'NONE', *, *, #2879, .T. ) ;
#6283 = ORIENTED_EDGE ( 'NONE', *, *, #9997, .F. ) ;
#6284 = CARTESIAN_POINT ( 'NONE',  ( -1.649999999999999467, -2.341876692568689577E-14, 3.300000000000002043 ) ) ;
#6285 = ORIENTED_EDGE ( 'NONE', *, *, #10896, .F. ) ;
#6286 = VECTOR ( 'NONE', #11048, 1000.000000000000000 ) ;
#6287 = LINE ( 'NONE', #1979, #9564 ) ;
#6288 = VECTOR ( 'NONE', #2230, 1000.000000000000000 ) ;
#6289 = FACE_OUTER_BOUND ( 'NONE', #5047, .T. ) ;
#6290 = DIRECTION ( 'NONE',  ( 0.000000000000000000, -1.000000000000000000, 0.000000000000000000 ) ) ;
#6291 = CARTESIAN_POINT ( 'NONE',  ( -14.83000000000000007, -3.220000000000023288, 0.1700000000000021771 ) ) ;
#6292 = ADVANCED_FACE ( 'NONE', ( #8327 ), #3794, .T. ) ;
#6293 = EDGE_CURVE ( 'NONE', #9959, #4685, #3116, .T. ) ;
#6294 = ORIENTED_EDGE ( 'NONE', *, *, #5174, .F. ) ;
#6295 = CARTESIAN_POINT ( 'NONE',  ( -16.96000000000000085, 0.4999999999999763522, 5.400000000000002132 ) ) ;
#6296 = AXIS2_PLACEMENT_3D ( 'NONE', #773, #3521, #10116 ) ;
#6297 = DIRECTION ( 'NONE',  ( 0.000000000000000000, -1.000000000000000000, 0.000000000000000000 ) ) ;
#6298 = ORIENTED_EDGE ( 'NONE', *, *, #8292, .T. ) ;
#6299 = EDGE_LOOP ( 'NONE', ( #10573, #5006, #3117, #7202, #8974, #395 ) ) ;
#6300 = CARTESIAN_POINT ( 'NONE',  ( -8.799999999999998934, 4.364999999999976232, 8.350000000000003197 ) ) ;
#6301 = DIRECTION ( 'NONE',  ( 0.000000000000000000, 1.000000000000000000, 0.000000000000000000 ) ) ;
#6302 = VECTOR ( 'NONE', #4909, 1000.000000000000000 ) ;
#6303 = CARTESIAN_POINT ( 'NONE',  ( -8.679999999999999716, 1.554999999999976623, -0.3199999999999982303 ) ) ;
#6304 = DIRECTION ( 'NONE',  ( 0.000000000000000000, 0.000000000000000000, 1.000000000000000000 ) ) ;
#6305 = DIRECTION ( 'NONE',  ( 1.000000000000000000, 0.000000000000000000, 0.000000000000000000 ) ) ;
#6306 = EDGE_CURVE ( 'NONE', #1076, #4483, #1491, .T. ) ;
#6307 = VECTOR ( 'NONE', #2316, 1000.000000000000000 ) ;
#6308 = VECTOR ( 'NONE', #7495, 1000.000000000000000 ) ;
#6309 = ADVANCED_FACE ( 'NONE', ( #6477 ), #8104, .T. ) ;
#6310 = LINE ( 'NONE', #7148, #3896 ) ;
#6311 = EDGE_CURVE ( 'NONE', #9048, #5538, #9991, .T. ) ;
#6312 = EDGE_LOOP ( 'NONE', ( #4712, #6438, #466, #1109 ) ) ;
#6313 = ORIENTED_EDGE ( 'NONE', *, *, #2909, .F. ) ;
#6314 = CIRCLE ( 'NONE', #10945, 1.399999999999999911 ) ;
#6315 = DIRECTION ( 'NONE',  ( 0.000000000000000000, 1.000000000000000000, 0.000000000000000000 ) ) ;
#6316 = UNCERTAINTY_MEASURE_WITH_UNIT (LENGTH_MEASURE( 1.000000000000000082E-05 ), #5000, 'distance_accuracy_value', 'NONE');
#6317 = LINE ( 'NONE', #6929, #10289 ) ;
#6318 = CARTESIAN_POINT ( 'NONE',  ( -13.25000000000000000, 3.679999999999976623, 8.900000000000002132 ) ) ;
#6319 = EDGE_CURVE ( 'NONE', #7659, #6536, #5643, .T. ) ;
#6320 = CARTESIAN_POINT ( 'NONE',  ( -13.70230881715599836, -2.657957046956024083, 5.300000000000002487 ) ) ;
#6321 = ORIENTED_EDGE ( 'NONE', *, *, #5630, .T. ) ;
#6322 = LINE ( 'NONE', #2901, #2411 ) ;
#6323 = VECTOR ( 'NONE', #6615, 1000.000000000000000 ) ;
#6324 = CARTESIAN_POINT ( 'NONE',  ( -0.3199999999999999512, 4.359999999999976339, 0.3500000000000021982 ) ) ;
#6325 = ORIENTED_EDGE ( 'NONE', *, *, #4841, .F. ) ;
#6326 = EDGE_CURVE ( 'NONE', #7790, #1031, #1269, .T. ) ;
#6327 = EDGE_LOOP ( 'NONE', ( #4206, #4954, #8238, #1554 ) ) ;
#6328 = EDGE_CURVE ( 'NONE', #9715, #2143, #4859, .T. ) ;
#6329 = FACE_BOUND ( 'NONE', #7765, .T. ) ;
#6330 = EDGE_CURVE ( 'NONE', #9726, #6270, #7261, .T. ) ;
#6331 = CARTESIAN_POINT ( 'NONE',  ( 3.270000000000000462, 2.316249999999976161, 1.487234067917001967 ) ) ;
#6332 = ADVANCED_FACE ( 'NONE', ( #4803 ), #5587, .F. ) ;
#6333 = CARTESIAN_POINT ( 'NONE',  ( -2.680000000000000160, 2.109999999999976339, 2.296000000000002039 ) ) ;
#6334 = ORIENTED_EDGE ( 'NONE', *, *, #5147, .T. ) ;
#6335 = CARTESIAN_POINT ( 'NONE',  ( -1.008672578939996844, -3.253451366379018328, 4.696453920760203182 ) ) ;
#6336 = PLANE ( 'NONE',  #9358 ) ;
#6337 = CARTESIAN_POINT ( 'NONE',  ( 3.319999999999999840, -0.04000000000002352368, 0.8500000000000021982 ) ) ;
#6338 = FACE_OUTER_BOUND ( 'NONE', #7410, .T. ) ;
#6339 = ORIENTED_EDGE ( 'NONE', *, *, #1815, .T. ) ;
#6340 = ORIENTED_EDGE ( 'NONE', *, *, #1311, .T. ) ;
#6341 = ORIENTED_EDGE ( 'NONE', *, *, #4286, .T. ) ;
#6342 = VECTOR ( 'NONE', #6170, 1000.000000000000000 ) ;
#6343 = ORIENTED_EDGE ( 'NONE', *, *, #3421, .T. ) ;
#6344 = FACE_OUTER_BOUND ( 'NONE', #5158, .T. ) ;
#6345 = ORIENTED_EDGE ( 'NONE', *, *, #7819, .F. ) ;
#6346 = EDGE_CURVE ( 'NONE', #2620, #9399, #9046, .T. ) ;
#6347 = CARTESIAN_POINT ( 'NONE',  ( -13.34999999999999964, -3.280261972288710748, 3.761432724278340967 ) ) ;
#6348 = PLANE ( 'NONE',  #915 ) ;
#6349 = PLANE ( 'NONE',  #8284 ) ;
#6350 = CARTESIAN_POINT ( 'NONE',  ( -1.749999999999999778, 3.679999999999976623, 8.900000000000002132 ) ) ;
#6351 = VECTOR ( 'NONE', #9006, 1000.000000000000000 ) ;
#6352 = CARTESIAN_POINT ( 'NONE',  ( -4.750000000000000000, 1.179999999999976401, 2.296000000000002039 ) ) ;
#6353 = CARTESIAN_POINT ( 'NONE',  ( 3.270000000000000462, 2.159999999999976605, 1.513829809427001960 ) ) ;
#6354 = ORIENTED_EDGE ( 'NONE', *, *, #5452, .T. ) ;
#6355 = ORIENTED_EDGE ( 'NONE', *, *, #10715, .T. ) ;
#6356 = VECTOR ( 'NONE', #3595, 1000.000000000000000 ) ;
#6357 = LINE ( 'NONE', #2147, #735 ) ;
#6358 = CARTESIAN_POINT ( 'NONE',  ( -2.680000000000000160, 2.109999999999976339, 0.3500000000000021982 ) ) ;
#6359 = FACE_OUTER_BOUND ( 'NONE', #4945, .T. ) ;
#6360 = LINE ( 'NONE', #8928, #2553 ) ;
#6361 = VECTOR ( 'NONE', #8438, 1000.000000000000000 ) ;
#6362 = CARTESIAN_POINT ( 'NONE',  ( -15.32000000000000028, 2.109999999999976339, 0.3500000000000021982 ) ) ;
#6363 = VECTOR ( 'NONE', #4869, 1000.000000000000000 ) ;
#6364 = DIRECTION ( 'NONE',  ( 0.000000000000000000, -0.9363291775690363306, 0.3511234415884135762 ) ) ;
#6365 = ORIENTED_EDGE ( 'NONE', *, *, #7110, .F. ) ;
#6366 = VECTOR ( 'NONE', #6943, 1000.000000000000000 ) ;
#6367 = CARTESIAN_POINT ( 'NONE',  ( 2.360000000000001208, 0.4999999999999763522, 5.400000000000002132 ) ) ;
#6368 = CARTESIAN_POINT ( 'NONE',  ( -0.3199999999999999512, 3.304999999999976179, 0.2700000000000020162 ) ) ;
#6369 = CARTESIAN_POINT ( 'NONE',  ( -0.3199999999999999512, 1.159999999999976383, -0.9999999999999983347 ) ) ;
#6370 = ADVANCED_FACE ( 'NONE', ( #6530 ), #7316, .T. ) ;
#6371 = CARTESIAN_POINT ( 'NONE',  ( -0.6752272915129999831, -1.790000000000023350, 5.300000000000002487 ) ) ;
#6372 = EDGE_LOOP ( 'NONE', ( #3801, #1842, #2969, #6843 ) ) ;
#6373 = CARTESIAN_POINT ( 'NONE',  ( 0.3200000000000008393, 3.484999999999976339, -0.3199999999999982303 ) ) ;
#6374 = CARTESIAN_POINT ( 'NONE',  ( -13.35000000000000142, 0.4999999999999763522, 8.050000000000000711 ) ) ;
#6375 = VERTEX_POINT ( 'NONE', #10710 ) ;
#6376 = ADVANCED_FACE ( 'NONE', ( #1379 ), #8213, .F. ) ;
#6377 = ORIENTED_EDGE ( 'NONE', *, *, #134, .F. ) ;
#6378 = LINE ( 'NONE', #5704, #4795 ) ;
#6379 = CARTESIAN_POINT ( 'NONE',  ( 0.3200000000000008393, 2.109999999999976339, 0.3200000000000021161 ) ) ;
#6380 = CARTESIAN_POINT ( 'NONE',  ( -5.830000000000000071, -3.220000000000023288, 0.1700000000000021771 ) ) ;
#6381 = VERTEX_POINT ( 'NONE', #5696 ) ;
#6382 = CARTESIAN_POINT ( 'NONE',  ( -11.67999999999999972, 4.359999999999976339, 0.3500000000000021982 ) ) ;
#6383 = FACE_OUTER_BOUND ( 'NONE', #9385, .T. ) ;
#6384 = FACE_OUTER_BOUND ( 'NONE', #1529, .T. ) ;
#6385 = EDGE_CURVE ( 'NONE', #3085, #946, #9099, .T. ) ;
#6386 = DIRECTION ( 'NONE',  ( 0.000000000000000000, -1.000000000000000000, 0.000000000000000000 ) ) ;
#6387 = EDGE_CURVE ( 'NONE', #1933, #1807, #4020, .T. ) ;
#6388 = ORIENTED_EDGE ( 'NONE', *, *, #565, .T. ) ;
#6389 = EDGE_LOOP ( 'NONE', ( #292, #7680, #4112, #1148 ) ) ;
#6390 = VERTEX_POINT ( 'NONE', #3455 ) ;
#6391 = EDGE_CURVE ( 'NONE', #341, #6209, #7653, .T. ) ;
#6392 = EDGE_LOOP ( 'NONE', ( #3662, #10846, #3231, #1414 ) ) ;
#6393 = CARTESIAN_POINT ( 'NONE',  ( -1.649999999999999689, -3.338972775869794241, 4.474092914765361861 ) ) ;
#6394 = ORIENTED_EDGE ( 'NONE', *, *, #1065, .T. ) ;
#6395 = FACE_OUTER_BOUND ( 'NONE', #10796, .T. ) ;
#6396 = EDGE_CURVE ( 'NONE', #6563, #7450, #4072, .T. ) ;
#6397 = LINE ( 'NONE', #3877, #7174 ) ;
#6398 = CARTESIAN_POINT ( 'NONE',  ( -12.16999999999999993, 2.599999999999976552, 6.500000000000002665 ) ) ;
#6399 = CARTESIAN_POINT ( 'NONE',  ( -8.679999999999999716, -2.820000000000023821, -0.3199999999999982303 ) ) ;
#6400 = AXIS2_PLACEMENT_3D ( 'NONE', #6411, #1315, #9927 ) ;
#6401 = ORIENTED_EDGE ( 'NONE', *, *, #9255, .F. ) ;
#6402 = PLANE ( 'NONE',  #3937 ) ;
#6403 = VERTEX_POINT ( 'NONE', #761 ) ;
#6404 = ORIENTED_EDGE ( 'NONE', *, *, #10750, .F. ) ;
#6405 = VECTOR ( 'NONE', #3646, 1000.000000000000000 ) ;
#6406 = FACE_OUTER_BOUND ( 'NONE', #122, .T. ) ;
#6407 = LINE ( 'NONE', #8091, #2777 ) ;
#6408 = DIRECTION ( 'NONE',  ( 0.000000000000000000, -1.000000000000000000, 0.000000000000000000 ) ) ;
#6409 = DIRECTION ( 'NONE',  ( -1.000000000000000000, 0.000000000000000000, 0.000000000000000000 ) ) ;
#6410 = AXIS2_PLACEMENT_3D ( 'NONE', #10057, #10782, #5814 ) ;
#6411 = CARTESIAN_POINT ( 'NONE',  ( -3.244999999999999662, 2.429999999999976623, 6.300000000000001599 ) ) ;
#6412 = ADVANCED_FACE ( 'NONE', ( #2500 ), #4294, .F. ) ;
#6413 = VECTOR ( 'NONE', #3995, 1000.000000000000000 ) ;
#6414 = VERTEX_POINT ( 'NONE', #6755 ) ;
#6415 = VERTEX_POINT ( 'NONE', #9323 ) ;
#6416 = DIRECTION ( 'NONE',  ( 1.000000000000000000, 0.000000000000000000, 0.000000000000000000 ) ) ;
#6417 = LINE ( 'NONE', #10827, #3054 ) ;
#6418 = DIRECTION ( 'NONE',  ( 0.000000000000000000, 1.000000000000000000, 0.000000000000000000 ) ) ;
#6419 = CARTESIAN_POINT ( 'NONE',  ( 3.319999999999999840, 3.679999999999976623, 7.500000000000002665 ) ) ;
#6420 = VERTEX_POINT ( 'NONE', #874 ) ;
#6421 = DIRECTION ( 'NONE',  ( 1.000000000000000000, 0.000000000000000000, 0.000000000000000000 ) ) ;
#6422 = LINE ( 'NONE', #4919, #8726 ) ;
#6423 = EDGE_LOOP ( 'NONE', ( #10798, #4155, #4727, #3986 ) ) ;
#6424 = EDGE_CURVE ( 'NONE', #2859, #1455, #1550, .T. ) ;
#6425 = ADVANCED_FACE ( 'NONE', ( #4971 ), #3228, .T. ) ;
#6426 = ORIENTED_EDGE ( 'NONE', *, *, #506, .T. ) ;
#6427 = DIRECTION ( 'NONE',  ( 0.000000000000000000, 1.000000000000000000, 0.000000000000000000 ) ) ;
#6428 = PLANE ( 'NONE',  #4401 ) ;
#6429 = FACE_OUTER_BOUND ( 'NONE', #10506, .T. ) ;
#6430 = DIRECTION ( 'NONE',  ( 1.000000000000000000, 0.000000000000000000, 0.000000000000000000 ) ) ;
#6431 = CARTESIAN_POINT ( 'NONE',  ( -13.74216055092900213, -3.343929033009021445, 4.601591170976502276 ) ) ;
#6432 = VERTEX_POINT ( 'NONE', #6638 ) ;
#6433 = LINE ( 'NONE', #8064, #3979 ) ;
#6434 = CARTESIAN_POINT ( 'NONE',  ( -3.319999999999999840, 3.484999999999976339, -0.3199999999999982303 ) ) ;
#6435 = CARTESIAN_POINT ( 'NONE',  ( -2.680000000000000160, 1.554999999999976623, -0.3199999999999982303 ) ) ;
#6436 = EDGE_CURVE ( 'NONE', #3658, #5345, #2554, .T. ) ;
#6437 = LINE ( 'NONE', #556, #6516 ) ;
#6438 = ORIENTED_EDGE ( 'NONE', *, *, #353, .T. ) ;
#6439 = ORIENTED_EDGE ( 'NONE', *, *, #8092, .T. ) ;
#6440 = AXIS2_PLACEMENT_3D ( 'NONE', #207, #7712, #10282 ) ;
#6441 = EDGE_LOOP ( 'NONE', ( #10692, #2993, #715, #7221 ) ) ;
#6442 = EDGE_CURVE ( 'NONE', #5281, #2548, #9431, .T. ) ;
#6443 = VERTEX_POINT ( 'NONE', #4242 ) ;
#6444 = LINE ( 'NONE', #10017, #8514 ) ;
#6445 = ORIENTED_EDGE ( 'NONE', *, *, #2354, .F. ) ;
#6446 = CIRCLE ( 'NONE', #4490, 0.5000000000000004441 ) ;
#6447 = DIRECTION ( 'NONE',  ( 0.3312945782245003690, -0.8834522085988016915, -0.3312945782245003690 ) ) ;
#6448 = CARTESIAN_POINT ( 'NONE',  ( -17.35999999999999943, 0.4999999999999763522, 8.460000000000002629 ) ) ;
#6449 = CARTESIAN_POINT ( 'NONE',  ( 3.270000000000000462, 2.316249999999976161, 0.4500000000000020650 ) ) ;
#6450 = LINE ( 'NONE', #7404, #2306 ) ;
#6451 = FACE_OUTER_BOUND ( 'NONE', #9858, .T. ) ;
#6452 = VERTEX_POINT ( 'NONE', #2607 ) ;
#6453 = ORIENTED_EDGE ( 'NONE', *, *, #9571, .T. ) ;
#6454 = VECTOR ( 'NONE', #1430, 1000.000000000000000 ) ;
#6455 = LINE ( 'NONE', #10586, #533 ) ;
#6456 = VERTEX_POINT ( 'NONE', #5805 ) ;
#6457 = VERTEX_POINT ( 'NONE', #4129 ) ;
#6458 = ADVANCED_FACE ( 'NONE', ( #2449 ), #10159, .T. ) ;
#6459 = VECTOR ( 'NONE', #7800, 1000.000000000000000 ) ;
#6460 = EDGE_CURVE ( 'NONE', #2602, #4797, #10994, .T. ) ;
#6461 = DIRECTION ( 'NONE',  ( 0.000000000000000000, -1.000000000000000000, 0.000000000000000000 ) ) ;
#6462 = DIRECTION ( 'NONE',  ( 1.000000000000000000, 0.000000000000000000, 0.000000000000000000 ) ) ;
#6463 = FACE_OUTER_BOUND ( 'NONE', #6389, .T. ) ;
#6464 = CARTESIAN_POINT ( 'NONE',  ( -11.67999999999999972, 3.484999999999976339, -0.3199999999999982303 ) ) ;
#6465 = DIRECTION ( 'NONE',  ( -1.000000000000000000, 0.000000000000000000, 0.000000000000000000 ) ) ;
#6466 = VECTOR ( 'NONE', #9711, 1000.000000000000000 ) ;
#6467 = LINE ( 'NONE', #2211, #495 ) ;
#6468 = AXIS2_PLACEMENT_3D ( 'NONE', #7479, #9214, #6637 ) ;
#6469 = ORIENTED_EDGE ( 'NONE', *, *, #702, .F. ) ;
#6470 = VERTEX_POINT ( 'NONE', #10939 ) ;
#6471 = CARTESIAN_POINT ( 'NONE',  ( -18.32000000000000028, 1.554999999999976623, 0.2700000000000020162 ) ) ;
#6472 = VECTOR ( 'NONE', #2766, 1000.000000000000000 ) ;
#6473 = DIRECTION ( 'NONE',  ( 0.000000000000000000, 0.000000000000000000, -1.000000000000000000 ) ) ;
#6474 = DIRECTION ( 'NONE',  ( 0.000000000000000000, 0.000000000000000000, -1.000000000000000000 ) ) ;
#6475 = VECTOR ( 'NONE', #4958, 1000.000000000000000 ) ;
#6476 = EDGE_CURVE ( 'NONE', #9745, #4920, #6032, .T. ) ;
#6477 = FACE_OUTER_BOUND ( 'NONE', #7082, .T. ) ;
#6478 = VERTEX_POINT ( 'NONE', #818 ) ;
#6479 = DIRECTION ( 'NONE',  ( 0.000000000000000000, 1.000000000000000000, 0.000000000000000000 ) ) ;
#6480 = LINE ( 'NONE', #8331, #7471 ) ;
#6481 = ORIENTED_EDGE ( 'NONE', *, *, #32, .F. ) ;
#6482 = AXIS2_PLACEMENT_3D ( 'NONE', #9171, #1502, #8544 ) ;
#6483 = ORIENTED_EDGE ( 'NONE', *, *, #350, .T. ) ;
#6484 = CARTESIAN_POINT ( 'NONE',  ( -8.799999999999998934, 2.429999999999976623, 3.950000000000001954 ) ) ;
#6485 = DIRECTION ( 'NONE',  ( -0.000000000000000000, 1.000000000000000000, 0.000000000000000000 ) ) ;
#6486 = DIRECTION ( 'NONE',  ( 0.000000000000000000, 1.000000000000000000, 0.000000000000000000 ) ) ;
#6487 = EDGE_CURVE ( 'NONE', #10137, #3778, #8543, .T. ) ;
#6488 = CARTESIAN_POINT ( 'NONE',  ( 2.360000000000001208, 0.4999999999999763522, 8.460000000000002629 ) ) ;
#6489 = CARTESIAN_POINT ( 'NONE',  ( 1.959999999999999964, 3.699999999999976641, -0.3299999999999978506 ) ) ;
#6490 = AXIS2_PLACEMENT_3D ( 'NONE', #2888, #1829, #312 ) ;
#6491 = ORIENTED_EDGE ( 'NONE', *, *, #10006, .T. ) ;
#6492 = LINE ( 'NONE', #2233, #8623 ) ;
#6493 = CARTESIAN_POINT ( 'NONE',  ( -4.750000000000000000, 1.179999999999976401, 8.900000000000002132 ) ) ;
#6494 = FACE_OUTER_BOUND ( 'NONE', #10153, .T. ) ;
#6495 = ADVANCED_FACE ( 'NONE', ( #6699 ), #9272, .T. ) ;
#6496 = DIRECTION ( 'NONE',  ( -5.921189464668000530E-14, 0.000000000000000000, 1.000000000000000000 ) ) ;
#6497 = VERTEX_POINT ( 'NONE', #10104 ) ;
#6498 = ORIENTED_EDGE ( 'NONE', *, *, #2972, .T. ) ;
#6499 = VERTEX_POINT ( 'NONE', #9379 ) ;
#6500 = VECTOR ( 'NONE', #9075, 1000.000000000000114 ) ;
#6501 = VERTEX_POINT ( 'NONE', #1717 ) ;
#6502 = CARTESIAN_POINT ( 'NONE',  ( -1.649999999999999467, -3.303582441107097978, 4.771014935765308884 ) ) ;
#6503 = ORIENTED_EDGE ( 'NONE', *, *, #5233, .T. ) ;
#6504 = DIRECTION ( 'NONE',  ( 0.000000000000000000, -1.000000000000000000, 0.000000000000000000 ) ) ;
#6505 = EDGE_CURVE ( 'NONE', #10398, #4974, #8434, .T. ) ;
#6506 = LINE ( 'NONE', #6448, #5945 ) ;
#6507 = CARTESIAN_POINT ( 'NONE',  ( -5.679999999999999716, 2.109999999999976339, 6.500000000000002665 ) ) ;
#6508 = CARTESIAN_POINT ( 'NONE',  ( -2.680000000000000160, 3.304999999999976179, -0.3199999999999982303 ) ) ;
#6509 = CARTESIAN_POINT ( 'NONE',  ( -15.32000000000000028, 1.554999999999976623, 0.2700000000000020162 ) ) ;
#6510 = ORIENTED_EDGE ( 'NONE', *, *, #866, .F. ) ;
#6511 = ORIENTED_EDGE ( 'NONE', *, *, #3424, .T. ) ;
#6512 = EDGE_LOOP ( 'NONE', ( #4786, #5952, #6282, #2032 ) ) ;
#6513 = EDGE_LOOP ( 'NONE', ( #1460, #7962, #4551, #10903 ) ) ;
#6514 = PLANE ( 'NONE',  #3056 ) ;
#6515 = DIRECTION ( 'NONE',  ( -1.000000000000000000, 0.000000000000000000, 0.000000000000000000 ) ) ;
#6516 = VECTOR ( 'NONE', #3980, 1000.000000000000000 ) ;
#6517 = DIRECTION ( 'NONE',  ( 1.000000000000000000, 0.000000000000000000, 0.000000000000000000 ) ) ;
#6518 = LINE ( 'NONE', #10035, #9349 ) ;
#6519 = CARTESIAN_POINT ( 'NONE',  ( -14.67999999999999794, -2.820000000000023821, 0.3200000000000021161 ) ) ;
#6520 = EDGE_CURVE ( 'NONE', #1986, #7835, #1151, .T. ) ;
#6521 = CARTESIAN_POINT ( 'NONE',  ( -16.96000000000000085, -0.6005000000000237925, 0.8500000000000021982 ) ) ;
#6522 = VECTOR ( 'NONE', #1561, 1000.000000000000000 ) ;
#6523 = ORIENTED_EDGE ( 'NONE', *, *, #7044, .T. ) ;
#6524 = ORIENTED_EDGE ( 'NONE', *, *, #1159, .T. ) ;
#6525 = EDGE_CURVE ( 'NONE', #10291, #3328, #7867, .T. ) ;
#6526 = PLANE ( 'NONE',  #9301 ) ;
#6527 = VECTOR ( 'NONE', #6569, 1000.000000000000000 ) ;
#6528 = CARTESIAN_POINT ( 'NONE',  ( -18.32000000000000028, 1.159999999999976383, 0.2700000000000020162 ) ) ;
#6529 = LINE ( 'NONE', #9934, #2709 ) ;
#6530 = FACE_OUTER_BOUND ( 'NONE', #6212, .T. ) ;
#6531 = VECTOR ( 'NONE', #596, 1000.000000000000000 ) ;
#6532 = VERTEX_POINT ( 'NONE', #9602 ) ;
#6533 = LINE ( 'NONE', #1435, #6011 ) ;
#6534 = AXIS2_PLACEMENT_3D ( 'NONE', #10548, #5203, #2784 ) ;
#6535 = DIRECTION ( 'NONE',  ( -1.000000000000000000, 0.000000000000000000, 0.000000000000000000 ) ) ;
#6536 = VERTEX_POINT ( 'NONE', #10378 ) ;
#6537 = ORIENTED_EDGE ( 'NONE', *, *, #3034, .F. ) ;
#6538 = LINE ( 'NONE', #9945, #9077 ) ;
#6539 = CARTESIAN_POINT ( 'NONE',  ( -1.649999999999999467, -2.876112710120023674, 3.300000000000002043 ) ) ;
#6540 = CARTESIAN_POINT ( 'NONE',  ( -0.2449999999999995515, 2.429999999999976623, 6.300000000000001599 ) ) ;
#6541 = CARTESIAN_POINT ( 'NONE',  ( -16.96000000000000085, 1.159999999999976383, -0.9999999999999983347 ) ) ;
#6542 = LINE ( 'NONE', #2231, #8547 ) ;
#6543 = VECTOR ( 'NONE', #1403, 1000.000000000000000 ) ;
#6544 = ORIENTED_EDGE ( 'NONE', *, *, #2836, .F. ) ;
#6545 = DIRECTION ( 'NONE',  ( 0.000000000000000000, 1.000000000000000000, 0.000000000000000000 ) ) ;
#6546 = DIRECTION ( 'NONE',  ( 0.000000000000000000, 0.000000000000000000, -1.000000000000000000 ) ) ;
#6547 = DIRECTION ( 'NONE',  ( 0.000000000000000000, 0.000000000000000000, 1.000000000000000000 ) ) ;
#6548 = DIRECTION ( 'NONE',  ( 1.000000000000000000, 0.000000000000000000, 0.000000000000000000 ) ) ;
#6549 = VERTEX_POINT ( 'NONE', #1826 ) ;
#6550 = ADVANCED_FACE ( 'NONE', ( #8596 ), #9546, .T. ) ;
#6551 = ORIENTED_EDGE ( 'NONE', *, *, #1689, .T. ) ;
#6552 = VECTOR ( 'NONE', #10464, 1000.000000000000000 ) ;
#6553 = VERTEX_POINT ( 'NONE', #4573 ) ;
#6554 = ORIENTED_EDGE ( 'NONE', *, *, #9531, .T. ) ;
#6555 = CARTESIAN_POINT ( 'NONE',  ( -1.649999999999999911, -3.247925981217506308, 3.688440781459288331 ) ) ;
#6556 = ORIENTED_EDGE ( 'NONE', *, *, #8060, .T. ) ;
#6557 = PLANE ( 'NONE',  #3594 ) ;
#6558 = DIRECTION ( 'NONE',  ( 0.000000000000000000, 0.000000000000000000, -1.000000000000000000 ) ) ;
#6559 = DIRECTION ( 'NONE',  ( 0.000000000000000000, 0.000000000000000000, 1.000000000000000000 ) ) ;
#6560 = DIRECTION ( 'NONE',  ( 0.000000000000000000, 0.000000000000000000, 1.000000000000000000 ) ) ;
#6561 = CARTESIAN_POINT ( 'NONE',  ( -15.32000000000000028, 2.109999999999976339, 6.100000000000002309 ) ) ;
#6562 = ADVANCED_FACE ( 'NONE', ( #3734 ), #6083, .T. ) ;
#6563 = VERTEX_POINT ( 'NONE', #6197 ) ;
#6564 = ORIENTED_EDGE ( 'NONE', *, *, #7477, .T. ) ;
#6565 = EDGE_CURVE ( 'NONE', #1823, #10296, #6971, .T. ) ;
#6566 = ORIENTED_EDGE ( 'NONE', *, *, #7079, .F. ) ;
#6567 = ORIENTED_EDGE ( 'NONE', *, *, #4951, .T. ) ;
#6568 = DIRECTION ( 'NONE',  ( 0.000000000000000000, 0.000000000000000000, 1.000000000000000000 ) ) ;
#6569 = DIRECTION ( 'NONE',  ( 1.000000000000000000, 0.000000000000000000, 0.000000000000000000 ) ) ;
#6570 = CARTESIAN_POINT ( 'NONE',  ( 1.959999999999999964, 3.699999999999976641, -0.9999999999999983347 ) ) ;
#6571 = DIRECTION ( 'NONE',  ( 1.000000000000000000, 0.000000000000000000, 0.000000000000000000 ) ) ;
#6572 = DIRECTION ( 'NONE',  ( 0.000000000000000000, 0.000000000000000000, 1.000000000000000000 ) ) ;
#6573 = VECTOR ( 'NONE', #485, 1000.000000000000000 ) ;
#6574 = DIRECTION ( 'NONE',  ( 1.000000000000000000, 0.000000000000000000, 0.000000000000000000 ) ) ;
#6575 = ADVANCED_FACE ( 'NONE', ( #3680 ), #7930, .F. ) ;
#6576 = AXIS2_PLACEMENT_3D ( 'NONE', #3187, #8947, #10666 ) ;
#6577 = DIRECTION ( 'NONE',  ( -0.7071067811865474617, -0.7071067811865474617, 0.000000000000000000 ) ) ;
#6578 = ORIENTED_EDGE ( 'NONE', *, *, #8837, .F. ) ;
#6579 = LINE ( 'NONE', #15, #8634 ) ;
#6580 = VECTOR ( 'NONE', #7543, 1000.000000000000114 ) ;
#6581 = LINE ( 'NONE', #7650, #11063 ) ;
#6582 = LINE ( 'NONE', #9988, #1096 ) ;
#6583 = FACE_BOUND ( 'NONE', #9348, .T. ) ;
#6584 = VECTOR ( 'NONE', #939, 1000.000000000000000 ) ;
#6585 = DIRECTION ( 'NONE',  ( 0.000000000000000000, 1.000000000000000000, 0.000000000000000000 ) ) ;
#6586 = LINE ( 'NONE', #10831, #9208 ) ;
#6587 = CARTESIAN_POINT ( 'NONE',  ( -11.67999999999999972, 3.304999999999976179, -0.3199999999999982303 ) ) ;
#6588 = ORIENTED_EDGE ( 'NONE', *, *, #4467, .F. ) ;
#6589 = ORIENTED_EDGE ( 'NONE', *, *, #7260, .T. ) ;
#6590 = FACE_OUTER_BOUND ( 'NONE', #5994, .T. ) ;
#6591 = CARTESIAN_POINT ( 'NONE',  ( -1.649999999999999467, -3.097496087967024359, 3.491994854836502071 ) ) ;
#6592 = CARTESIAN_POINT ( 'NONE',  ( -5.679999999999999716, 4.359999999999976339, 0.3500000000000021982 ) ) ;
#6593 = AXIS2_PLACEMENT_3D ( 'NONE', #67, #5838, #8521 ) ;
#6594 = ADVANCED_FACE ( 'NONE', ( #10438 ), #5251, .T. ) ;
#6595 = DIRECTION ( 'NONE',  ( 0.000000000000000000, 0.000000000000000000, -1.000000000000000000 ) ) ;
#6596 = FACE_OUTER_BOUND ( 'NONE', #5453, .T. ) ;
#6597 = CARTESIAN_POINT ( 'NONE',  ( -2.830000000000000071, -3.220000000000023288, 0.1700000000000021771 ) ) ;
#6598 = ORIENTED_EDGE ( 'NONE', *, *, #9981, .F. ) ;
#6599 = CARTESIAN_POINT ( 'NONE',  ( 2.360000000000001208, 3.699999999999976641, -0.9999999999999983347 ) ) ;
#6600 = EDGE_CURVE ( 'NONE', #9689, #9094, #8708, .T. ) ;
#6601 = LINE ( 'NONE', #5766, #978 ) ;
#6602 = CARTESIAN_POINT ( 'NONE',  ( -12.31999999999999851, 3.699999999999976641, -0.3299999999999978506 ) ) ;
#6603 = CARTESIAN_POINT ( 'NONE',  ( -17.35999999999999943, 4.359999999999976339, 0.7000000000000022871 ) ) ;
#6604 = EDGE_LOOP ( 'NONE', ( #7378, #10321, #4443, #2056 ) ) ;
#6605 = ORIENTED_EDGE ( 'NONE', *, *, #3597, .F. ) ;
#6606 = ORIENTED_EDGE ( 'NONE', *, *, #2002, .T. ) ;
#6607 = VECTOR ( 'NONE', #4396, 1000.000000000000000 ) ;
#6608 = ORIENTED_EDGE ( 'NONE', *, *, #7070, .T. ) ;
#6609 = CARTESIAN_POINT ( 'NONE',  ( -1.649999999999999911, -3.339216490526115244, 4.461242185270180016 ) ) ;
#6610 = EDGE_LOOP ( 'NONE', ( #5448, #621, #5518, #6729, #8309, #9106, #3940, #11057, #10016, #8559, #5455, #731, #8135, #5879, #10486, #10481, #9663, #5821, #6850, #487, #3676, #10417, #3881, #7745, #3293, #3531, #8457, #6703, #240, #3038, #1568, #2414, #7008, #3350, #7350, #8610, #9693, #782 ) ) ;
#6611 = CARTESIAN_POINT ( 'NONE',  ( -12.31999999999999851, 2.109999999999976339, 2.296000000000002039 ) ) ;
#6612 = EDGE_CURVE ( 'NONE', #9517, #6403, #8825, .T. ) ;
#6613 = EDGE_CURVE ( 'NONE', #6432, #8194, #1939, .T. ) ;
#6614 = FACE_OUTER_BOUND ( 'NONE', #755, .T. ) ;
#6615 = DIRECTION ( 'NONE',  ( 1.000000000000000000, 0.000000000000000000, 0.000000000000000000 ) ) ;
#6616 = CARTESIAN_POINT ( 'NONE',  ( 1.250000000000001110, 1.879999999999976357, 2.296000000000002039 ) ) ;
#6617 = DIRECTION ( 'NONE',  ( -8.881784197000999888E-14, 0.000000000000000000, -1.000000000000000000 ) ) ;
#6618 = AXIS2_PLACEMENT_3D ( 'NONE', #5427, #8718, #3464 ) ;
#6619 = VERTEX_POINT ( 'NONE', #1092 ) ;
#6620 = ORIENTED_EDGE ( 'NONE', *, *, #3236, .T. ) ;
#6621 = ORIENTED_EDGE ( 'NONE', *, *, #4019, .F. ) ;
#6622 = VERTEX_POINT ( 'NONE', #2831 ) ;
#6623 = FACE_OUTER_BOUND ( 'NONE', #476, .T. ) ;
#6624 = DIRECTION ( 'NONE',  ( 1.000000000000000000, 0.000000000000000000, 0.000000000000000000 ) ) ;
#6625 = CARTESIAN_POINT ( 'NONE',  ( -2.830000000000000071, -3.220000000000023288, -0.1699999999999982636 ) ) ;
#6626 = CARTESIAN_POINT ( 'NONE',  ( 0.3200000000000008393, 2.109999999999976339, 6.100000000000002309 ) ) ;
#6627 = LINE ( 'NONE', #1422, #3341 ) ;
#6628 = ADVANCED_FACE ( 'NONE', ( #4460 ), #256, .T. ) ;
#6629 = VECTOR ( 'NONE', #8489, 1000.000000000000000 ) ;
#6630 = LINE ( 'NONE', #8535, #3189 ) ;
#6631 = VECTOR ( 'NONE', #9707, 1000.000000000000000 ) ;
#6632 = DIRECTION ( 'NONE',  ( 1.000000000000000000, 0.000000000000000000, 0.000000000000000000 ) ) ;
#6633 = ORIENTED_EDGE ( 'NONE', *, *, #6022, .T. ) ;
#6634 = ORIENTED_EDGE ( 'NONE', *, *, #572, .T. ) ;
#6635 = CARTESIAN_POINT ( 'NONE',  ( -18.32000000000000028, 0.9999999999999763522, 7.500000000000002665 ) ) ;
#6636 = CARTESIAN_POINT ( 'NONE',  ( -14.32477270848700002, -2.090000000000023395, 5.300000000000002487 ) ) ;
#6637 = DIRECTION ( 'NONE',  ( 0.000000000000000000, -1.000000000000000000, 0.000000000000000000 ) ) ;
#6638 = CARTESIAN_POINT ( 'NONE',  ( -2.680000000000000160, 3.304999999999976179, -0.3299999999999978506 ) ) ;
#6639 = EDGE_CURVE ( 'NONE', #7151, #3529, #6250, .T. ) ;
#6640 = AXIS2_PLACEMENT_3D ( 'NONE', #8039, #2204, #7301 ) ;
#6641 = VECTOR ( 'NONE', #873, 1000.000000000000000 ) ;
#6642 = DIRECTION ( 'NONE',  ( 0.000000000000000000, 1.000000000000000000, 0.000000000000000000 ) ) ;
#6643 = EDGE_CURVE ( 'NONE', #7024, #5718, #7813, .T. ) ;
#6644 = FACE_OUTER_BOUND ( 'NONE', #7488, .T. ) ;
#6645 = VERTEX_POINT ( 'NONE', #1037 ) ;
#6646 = ORIENTED_EDGE ( 'NONE', *, *, #8646, .F. ) ;
#6647 = VECTOR ( 'NONE', #7825, 1000.000000000000227 ) ;
#6648 = CARTESIAN_POINT ( 'NONE',  ( -18.32000000000000028, 3.304999999999976179, -0.3299999999999978506 ) ) ;
#6649 = FACE_OUTER_BOUND ( 'NONE', #4772, .T. ) ;
#6650 = PLANE ( 'NONE',  #151 ) ;
#6651 = CARTESIAN_POINT ( 'NONE',  ( -2.754999999999999449, -3.020000000000023554, 1.734723475976807094E-15 ) ) ;
#6652 = DIRECTION ( 'NONE',  ( -0.9363291775690363306, 0.000000000000000000, 0.3511234415884135762 ) ) ;
#6653 = EDGE_LOOP ( 'NONE', ( #11045, #947, #2590, #9648 ) ) ;
#6654 = CARTESIAN_POINT ( 'NONE',  ( -12.31999999999999851, 0.7499999999999763522, 0.3500000000000021982 ) ) ;
#6655 = CARTESIAN_POINT ( 'NONE',  ( -10.24999999999999822, 1.879999999999976357, 8.900000000000002132 ) ) ;
#6656 = EDGE_CURVE ( 'NONE', #5392, #10695, #9657, .T. ) ;
#6657 = DIRECTION ( 'NONE',  ( 1.000000000000000000, 0.000000000000000000, 0.000000000000000000 ) ) ;
#6658 = VECTOR ( 'NONE', #7017, 1000.000000000000000 ) ;
#6659 = VECTOR ( 'NONE', #10133, 1000.000000000000000 ) ;
#6660 = LINE ( 'NONE', #10730, #5095 ) ;
#6661 = EDGE_LOOP ( 'NONE', ( #3817, #3951, #10130, #9414 ) ) ;
#6662 = EDGE_CURVE ( 'NONE', #3938, #6270, #7143, .T. ) ;
#6663 = ORIENTED_EDGE ( 'NONE', *, *, #4410, .T. ) ;
#6664 = EDGE_CURVE ( 'NONE', #9715, #6536, #3563, .T. ) ;
#6665 = ORIENTED_EDGE ( 'NONE', *, *, #8300, .T. ) ;
#6666 = LINE ( 'NONE', #9238, #3579 ) ;
#6667 = LINE ( 'NONE', #4261, #1419 ) ;
#6668 = EDGE_LOOP ( 'NONE', ( #5063, #9552, #9985, #8921 ) ) ;
#6669 = FACE_OUTER_BOUND ( 'NONE', #2914, .T. ) ;
#6670 = ORIENTED_EDGE ( 'NONE', *, *, #1847, .F. ) ;
#6671 = VECTOR ( 'NONE', #8492, 1000.000000000000000 ) ;
#6672 = ADVANCED_FACE ( 'NONE', ( #1312 ), #1420, .T. ) ;
#6673 = DIRECTION ( 'NONE',  ( 0.000000000000000000, 0.000000000000000000, 1.000000000000000000 ) ) ;
#6674 = VERTEX_POINT ( 'NONE', #8042 ) ;
#6675 = DIRECTION ( 'NONE',  ( 1.000000000000000000, 0.000000000000000000, 0.000000000000000000 ) ) ;
#6676 = LINE ( 'NONE', #7574, #2741 ) ;
#6677 = DIRECTION ( 'NONE',  ( 0.000000000000000000, -1.000000000000000000, 0.000000000000000000 ) ) ;
#6678 = DIRECTION ( 'NONE',  ( -1.776356839400000049E-13, 0.000000000000000000, -1.000000000000000000 ) ) ;
#6679 = VECTOR ( 'NONE', #2929, 1000.000000000000000 ) ;
#6680 = ORIENTED_EDGE ( 'NONE', *, *, #9250, .T. ) ;
#6681 = ORIENTED_EDGE ( 'NONE', *, *, #10148, .T. ) ;
#6682 = EDGE_CURVE ( 'NONE', #2653, #4386, #9086, .T. ) ;
#6683 = EDGE_LOOP ( 'NONE', ( #2974, #10978, #1070, #9568 ) ) ;
#6684 = ORIENTED_EDGE ( 'NONE', *, *, #1184, .F. ) ;
#6685 = DIRECTION ( 'NONE',  ( 0.000000000000000000, 1.000000000000000000, 0.000000000000000000 ) ) ;
#6686 = DIRECTION ( 'NONE',  ( 1.000000000000000000, 0.000000000000000000, 0.000000000000000000 ) ) ;
#6687 = CARTESIAN_POINT ( 'NONE',  ( -17.35999999999999943, 0.4999999999999763522, 5.400000000000002132 ) ) ;
#6688 = CARTESIAN_POINT ( 'NONE',  ( -0.3199999999999999512, 3.304999999999976179, -0.3299999999999978506 ) ) ;
#6689 = DIRECTION ( 'NONE',  ( 0.000000000000000000, 0.000000000000000000, 1.000000000000000000 ) ) ;
#6690 = LINE ( 'NONE', #4961, #9625 ) ;
#6691 = EDGE_CURVE ( 'NONE', #3122, #8667, #9924, .T. ) ;
#6692 = LINE ( 'NONE', #694, #6838 ) ;
#6693 = ORIENTED_EDGE ( 'NONE', *, *, #6789, .T. ) ;
#6694 = ORIENTED_EDGE ( 'NONE', *, *, #8509, .T. ) ;
#6695 = AXIS2_PLACEMENT_3D ( 'NONE', #2622, #10173, #4367 ) ;
#6696 = CARTESIAN_POINT ( 'NONE',  ( -5.679999999999999716, 2.429999999999976623, 3.950000000000001954 ) ) ;
#6697 = LINE ( 'NONE', #4070, #5398 ) ;
#6698 = LINE ( 'NONE', #10103, #2538 ) ;
#6699 = FACE_OUTER_BOUND ( 'NONE', #2638, .T. ) ;
#6700 = CARTESIAN_POINT ( 'NONE',  ( -11.67999999999999972, 3.699999999999976641, -0.3299999999999978506 ) ) ;
#6701 = AXIS2_PLACEMENT_3D ( 'NONE', #7170, #4433, #2916 ) ;
#6702 = DIRECTION ( 'NONE',  ( 0.000000000000000000, -0.3511234415884135762, -0.9363291775690363306 ) ) ;
#6703 = ORIENTED_EDGE ( 'NONE', *, *, #5011, .T. ) ;
#6704 = EDGE_CURVE ( 'NONE', #1974, #7286, #10816, .T. ) ;
#6705 = EDGE_LOOP ( 'NONE', ( #8678, #8129, #6274, #263 ) ) ;
#6706 = VECTOR ( 'NONE', #745, 1000.000000000000000 ) ;
#6707 = EDGE_CURVE ( 'NONE', #9622, #3477, #8878, .T. ) ;
#6708 = DIRECTION ( 'NONE',  ( 1.000000000000000000, 0.000000000000000000, 0.000000000000000000 ) ) ;
#6709 = CARTESIAN_POINT ( 'NONE',  ( -3.319999999999999840, 2.749999999999976463, 2.296000000000002039 ) ) ;
#6710 = DIRECTION ( 'NONE',  ( -0.000000000000000000, 1.000000000000000000, 0.000000000000000000 ) ) ;
#6711 = VECTOR ( 'NONE', #4524, 1000.000000000000114 ) ;
#6712 = FACE_OUTER_BOUND ( 'NONE', #890, .T. ) ;
#6713 = VERTEX_POINT ( 'NONE', #4846 ) ;
#6714 = CARTESIAN_POINT ( 'NONE',  ( -16.91999999999999815, 1.679999999999976401, 7.500000000000002665 ) ) ;
#6715 = DIRECTION ( 'NONE',  ( 0.000000000000000000, -1.000000000000000000, 0.000000000000000000 ) ) ;
#6716 = EDGE_CURVE ( 'NONE', #8476, #3016, #4732, .T. ) ;
#6717 = DIRECTION ( 'NONE',  ( 0.000000000000000000, 0.000000000000000000, 1.000000000000000000 ) ) ;
#6718 = ORIENTED_EDGE ( 'NONE', *, *, #3597, .T. ) ;
#6719 = ORIENTED_EDGE ( 'NONE', *, *, #9100, .T. ) ;
#6720 = VECTOR ( 'NONE', #2006, 1000.000000000000000 ) ;
#6721 = ORIENTED_EDGE ( 'NONE', *, *, #7088, .T. ) ;
#6722 = EDGE_CURVE ( 'NONE', #8113, #6532, #7247, .T. ) ;
#6723 = LINE ( 'NONE', #9239, #9105 ) ;
#6724 = ORIENTED_EDGE ( 'NONE', *, *, #10274, .F. ) ;
#6725 = CARTESIAN_POINT ( 'NONE',  ( -0.3199999999999999512, 2.749999999999976463, 2.296000000000002039 ) ) ;
#6726 = EDGE_LOOP ( 'NONE', ( #2156, #3502, #488, #4227 ) ) ;
#6727 = DIRECTION ( 'NONE',  ( 0.000000000000000000, 0.000000000000000000, -1.000000000000000000 ) ) ;
#6728 = EDGE_CURVE ( 'NONE', #9652, #9902, #10699, .T. ) ;
#6729 = ORIENTED_EDGE ( 'NONE', *, *, #8653, .F. ) ;
#6730 = SURFACE_SIDE_STYLE ('',( #11024 ) ) ;
#6731 = EDGE_CURVE ( 'NONE', #2063, #5953, #3834, .T. ) ;
#6732 = LINE ( 'NONE', #1577, #9172 ) ;
#6733 = CARTESIAN_POINT ( 'NONE',  ( -12.00000000000000000, 2.674999999999976286, 6.300000000000001599 ) ) ;
#6734 = CARTESIAN_POINT ( 'NONE',  ( 3.319999999999999840, 1.554999999999976623, -0.3299999999999978506 ) ) ;
#6735 = VECTOR ( 'NONE', #7444, 1000.000000000000000 ) ;
#6736 = VERTEX_POINT ( 'NONE', #4009 ) ;
#6737 = EDGE_CURVE ( 'NONE', #1583, #5753, #3889, .T. ) ;
#6738 = ORIENTED_EDGE ( 'NONE', *, *, #10441, .T. ) ;
#6739 = ORIENTED_EDGE ( 'NONE', *, *, #6741, .F. ) ;
#6740 = ORIENTED_EDGE ( 'NONE', *, *, #8923, .T. ) ;
#6741 = EDGE_CURVE ( 'NONE', #2459, #10946, #10760, .T. ) ;
#6742 = LINE ( 'NONE', #2376, #8787 ) ;
#6743 = CARTESIAN_POINT ( 'NONE',  ( -9.320000000000000284, 2.429999999999976623, 3.950000000000001954 ) ) ;
#6744 = EDGE_CURVE ( 'NONE', #7622, #274, #2990, .T. ) ;
#6745 = CARTESIAN_POINT ( 'NONE',  ( -14.83000000000000007, -3.220000000000023288, -0.1699999999999982636 ) ) ;
#6746 = DIRECTION ( 'NONE',  ( 0.000000000000000000, -1.000000000000000000, 0.000000000000000000 ) ) ;
#6747 = PLANE ( 'NONE',  #8930 ) ;
#6748 = DIRECTION ( 'NONE',  ( 0.000000000000000000, -0.7071067811865474617, 0.7071067811865474617 ) ) ;
#6749 = FACE_OUTER_BOUND ( 'NONE', #9818, .T. ) ;
#6750 = ORIENTED_EDGE ( 'NONE', *, *, #2079, .T. ) ;
#6751 = EDGE_LOOP ( 'NONE', ( #7190, #3815, #6079, #3885 ) ) ;
#6752 = CARTESIAN_POINT ( 'NONE',  ( 1.959999999999999964, 0.7499999999999763522, 0.8500000000000021982 ) ) ;
#6753 = CARTESIAN_POINT ( 'NONE',  ( -14.67999999999999794, 2.749999999999976463, 2.296000000000002039 ) ) ;
#6754 = DIRECTION ( 'NONE',  ( 0.000000000000000000, 1.000000000000000000, 0.000000000000000000 ) ) ;
#6755 = CARTESIAN_POINT ( 'NONE',  ( -2.680000000000000160, 2.109999999999976339, 6.100000000000002309 ) ) ;
#6756 = ADVANCED_FACE ( 'NONE', ( #3104 ), #3043, .F. ) ;
#6757 = DIRECTION ( 'NONE',  ( 0.000000000000000000, 0.000000000000000000, -1.000000000000000000 ) ) ;
#6758 = LINE ( 'NONE', #8546, #1036 ) ;
#6759 = VECTOR ( 'NONE', #1909, 1000.000000000000000 ) ;
#6760 = ORIENTED_EDGE ( 'NONE', *, *, #9836, .F. ) ;
#6761 = VECTOR ( 'NONE', #3948, 1000.000000000000000 ) ;
#6762 = ORIENTED_EDGE ( 'NONE', *, *, #3770, .T. ) ;
#6763 = PLANE ( 'NONE',  #1615 ) ;
#6764 = CARTESIAN_POINT ( 'NONE',  ( -18.32000000000000028, -0.04000000000002352368, 0.8500000000000021982 ) ) ;
#6765 = DIRECTION ( 'NONE',  ( 0.000000000000000000, 0.000000000000000000, 1.000000000000000000 ) ) ;
#6766 = CARTESIAN_POINT ( 'NONE',  ( -18.32000000000000028, 1.159999999999976383, 0.2700000000000020162 ) ) ;
#6767 = ORIENTED_EDGE ( 'NONE', *, *, #4877, .F. ) ;
#6768 = CARTESIAN_POINT ( 'NONE',  ( -8.679999999999999716, 2.109999999999976339, 0.3200000000000021161 ) ) ;
#6769 = AXIS2_PLACEMENT_3D ( 'NONE', #7852, #9530, #9001 ) ;
#6770 = ADVANCED_FACE ( 'NONE', ( #6463 ), #9867, .T. ) ;
#6771 = EDGE_CURVE ( 'NONE', #5898, #2842, #5631, .T. ) ;
#6772 = DIRECTION ( 'NONE',  ( 0.000000000000000000, 0.000000000000000000, -1.000000000000000000 ) ) ;
#6773 = ORIENTED_EDGE ( 'NONE', *, *, #9108, .T. ) ;
#6774 = ORIENTED_EDGE ( 'NONE', *, *, #5402, .T. ) ;
#6775 = VERTEX_POINT ( 'NONE', #2938 ) ;
#6776 = VECTOR ( 'NONE', #1409, 1000.000000000000000 ) ;
#6777 = DIRECTION ( 'NONE',  ( 0.000000000000000000, -1.000000000000000000, 0.000000000000000000 ) ) ;
#6778 = ORIENTED_EDGE ( 'NONE', *, *, #2625, .F. ) ;
#6779 = CARTESIAN_POINT ( 'NONE',  ( -6.000000000000000000, -3.020000000000023554, -0.2449999999999978306 ) ) ;
#6780 = EDGE_LOOP ( 'NONE', ( #531, #2043, #7818, #249 ) ) ;
#6781 = CARTESIAN_POINT ( 'NONE',  ( -11.67999999999999972, 2.749999999999976463, 6.500000000000002665 ) ) ;
#6782 = ADVANCED_FACE ( 'NONE', ( #6359 ), #1257, .T. ) ;
#6783 = ORIENTED_EDGE ( 'NONE', *, *, #2008, .T. ) ;
#6784 = LINE ( 'NONE', #8407, #4357 ) ;
#6785 = CARTESIAN_POINT ( 'NONE',  ( -10.24999999999999822, 3.679999999999976623, 8.900000000000002132 ) ) ;
#6786 = EDGE_CURVE ( 'NONE', #6501, #5432, #1368, .T. ) ;
#6787 = CARTESIAN_POINT ( 'NONE',  ( -18.32000000000000028, 3.699999999999976641, -0.9999999999999983347 ) ) ;
#6788 = VECTOR ( 'NONE', #9095, 1000.000000000000000 ) ;
#6789 = EDGE_CURVE ( 'NONE', #7433, #7622, #9311, .T. ) ;
#6790 = VERTEX_POINT ( 'NONE', #3333 ) ;
#6791 = VERTEX_POINT ( 'NONE', #3215 ) ;
#6792 = ORIENTED_EDGE ( 'NONE', *, *, #3753, .F. ) ;
#6793 = CARTESIAN_POINT ( 'NONE',  ( -17.35999999999999943, 1.554999999999976623, 0.2700000000000020162 ) ) ;
#6794 = ORIENTED_EDGE ( 'NONE', *, *, #1664, .T. ) ;
#6795 = DIRECTION ( 'NONE',  ( 1.000000000000000000, 0.000000000000000000, 0.000000000000000000 ) ) ;
#6796 = LINE ( 'NONE', #5962, #7240 ) ;
#6797 = LINE ( 'NONE', #10201, #10930 ) ;
#6798 = LINE ( 'NONE', #4284, #589 ) ;
#6799 = FACE_OUTER_BOUND ( 'NONE', #9453, .T. ) ;
#6800 = VECTOR ( 'NONE', #4566, 1000.000000000000000 ) ;
#6801 = EDGE_CURVE ( 'NONE', #7590, #1791, #1538, .T. ) ;
#6802 = DIRECTION ( 'NONE',  ( 1.000000000000000000, 0.000000000000000000, 0.000000000000000000 ) ) ;
#6803 = EDGE_CURVE ( 'NONE', #5345, #2653, #2488, .T. ) ;
#6804 = CARTESIAN_POINT ( 'NONE',  ( -14.32477270848700002, -2.090000000000023395, 5.300000000000002487 ) ) ;
#6805 = EDGE_CURVE ( 'NONE', #600, #738, #10926, .T. ) ;
#6806 = VERTEX_POINT ( 'NONE', #6625 ) ;
#6807 = ORIENTED_EDGE ( 'NONE', *, *, #6424, .F. ) ;
#6808 = ADVANCED_FACE ( 'NONE', ( #7523 ), #10091, .F. ) ;
#6809 = DIRECTION ( 'NONE',  ( 0.000000000000000000, -1.000000000000000000, 0.000000000000000000 ) ) ;
#6810 = CARTESIAN_POINT ( 'NONE',  ( -5.679999999999999716, 0.7499999999999763522, 0.3200000000000021161 ) ) ;
#6811 = CARTESIAN_POINT ( 'NONE',  ( -9.320000000000000284, 0.7499999999999763522, 0.3200000000000021161 ) ) ;
#6812 = VECTOR ( 'NONE', #2473, 1000.000000000000000 ) ;
#6813 = DIRECTION ( 'NONE',  ( -1.000000000000000000, 0.000000000000000000, 0.000000000000000000 ) ) ;
#6814 = DIRECTION ( 'NONE',  ( 0.000000000000000000, 1.000000000000000000, 0.000000000000000000 ) ) ;
#6815 = LINE ( 'NONE', #9381, #2958 ) ;
#6816 = CARTESIAN_POINT ( 'NONE',  ( -12.00000000000000000, -3.020000000000023554, -0.2449999999999978306 ) ) ;
#6817 = VERTEX_POINT ( 'NONE', #5126 ) ;
#6818 = EDGE_LOOP ( 'NONE', ( #3434, #10676, #3364, #1374, #5725, #5569 ) ) ;
#6819 = AXIS2_PLACEMENT_3D ( 'NONE', #4471, #153, #9666 ) ;
#6820 = LINE ( 'NONE', #3182, #10893 ) ;
#6821 = ADVANCED_FACE ( 'NONE', ( #5012 ), #8420, .F. ) ;
#6822 = CARTESIAN_POINT ( 'NONE',  ( -9.320000000000000284, 2.109999999999976339, 2.296000000000002039 ) ) ;
#6823 = DIRECTION ( 'NONE',  ( 0.000000000000000000, 0.000000000000000000, -1.000000000000000000 ) ) ;
#6824 = AXIS2_PLACEMENT_3D ( 'NONE', #7583, #634, #1700 ) ;
#6825 = CARTESIAN_POINT ( 'NONE',  ( -11.83000000000000007, -3.220000000000023288, -0.1699999999999982636 ) ) ;
#6826 = ORIENTED_EDGE ( 'NONE', *, *, #1174, .F. ) ;
#6827 = LINE ( 'NONE', #4307, #5282 ) ;
#6828 = LINE ( 'NONE', #4987, #4911 ) ;
#6829 = ORIENTED_EDGE ( 'NONE', *, *, #8450, .F. ) ;
#6830 = VECTOR ( 'NONE', #3638, 1000.000000000000000 ) ;
#6831 = AXIS2_PLACEMENT_3D ( 'NONE', #3286, #1602, #10709 ) ;
#6832 = VERTEX_POINT ( 'NONE', #746 ) ;
#6833 = EDGE_CURVE ( 'NONE', #3631, #880, #1704, .T. ) ;
#6834 = FACE_OUTER_BOUND ( 'NONE', #3868, .T. ) ;
#6835 = ORIENTED_EDGE ( 'NONE', *, *, #417, .F. ) ;
#6836 = LINE ( 'NONE', #4995, #106 ) ;
#6837 = ORIENTED_EDGE ( 'NONE', *, *, #6600, .F. ) ;
#6838 = VECTOR ( 'NONE', #8321, 1000.000000000000000 ) ;
#6839 = CARTESIAN_POINT ( 'NONE',  ( -13.35000000000000142, 0.4999999999999763522, 8.050000000000000711 ) ) ;
#6840 = EDGE_CURVE ( 'NONE', #728, #10946, #10868, .T. ) ;
#6841 = VECTOR ( 'NONE', #9487, 1000.000000000000000 ) ;
#6842 = AXIS2_PLACEMENT_3D ( 'NONE', #9230, #3511, #3974 ) ;
#6843 = ORIENTED_EDGE ( 'NONE', *, *, #1764, .T. ) ;
#6844 = CARTESIAN_POINT ( 'NONE',  ( 3.319999999999999840, 3.304999999999976179, -0.3299999999999978506 ) ) ;
#6845 = LINE ( 'NONE', #9247, #4714 ) ;
#6846 = LINE ( 'NONE', #5114, #7309 ) ;
#6847 = CARTESIAN_POINT ( 'NONE',  ( -8.830000000000000071, -3.220000000000023288, -0.1699999999999982636 ) ) ;
#6848 = ORIENTED_EDGE ( 'NONE', *, *, #9010, .T. ) ;
#6849 = VERTEX_POINT ( 'NONE', #6687 ) ;
#6850 = ORIENTED_EDGE ( 'NONE', *, *, #361, .F. ) ;
#6851 = VECTOR ( 'NONE', #8828, 1000.000000000000000 ) ;
#6852 = ORIENTED_EDGE ( 'NONE', *, *, #9997, .T. ) ;
#6853 = CARTESIAN_POINT ( 'NONE',  ( -8.799999999999998934, 4.864999999999977121, 6.400000000000002132 ) ) ;
#6854 = ORIENTED_EDGE ( 'NONE', *, *, #8740, .T. ) ;
#6855 = EDGE_CURVE ( 'NONE', #4193, #10496, #8317, .T. ) ;
#6856 = DIRECTION ( 'NONE',  ( 0.000000000000000000, 1.000000000000000000, 0.000000000000000000 ) ) ;
#6857 = CARTESIAN_POINT ( 'NONE',  ( -1.070204102886999298, -1.790000000000023350, 5.300000000000002487 ) ) ;
#6858 = DIRECTION ( 'NONE',  ( 0.000000000000000000, -1.000000000000000000, 0.000000000000000000 ) ) ;
#6859 = PLANE ( 'NONE',  #8471 ) ;
#6860 = DIRECTION ( 'NONE',  ( 0.000000000000000000, 1.000000000000000000, 0.000000000000000000 ) ) ;
#6861 = VECTOR ( 'NONE', #5071, 1000.000000000000114 ) ;
#6862 = EDGE_CURVE ( 'NONE', #4058, #10040, #805, .T. ) ;
#6863 = DIRECTION ( 'NONE',  ( 1.000000000000000000, 0.000000000000000000, 0.000000000000000000 ) ) ;
#6864 = LINE ( 'NONE', #10319, #8969 ) ;
#6865 = ORIENTED_EDGE ( 'NONE', *, *, #3649, .T. ) ;
#6866 = ORIENTED_EDGE ( 'NONE', *, *, #6716, .F. ) ;
#6867 = PLANE ( 'NONE',  #555 ) ;
#6868 = CARTESIAN_POINT ( 'NONE',  ( -13.45944695919799905, -2.820917101435023611, 3.300000000000002043 ) ) ;
#6869 = DIRECTION ( 'NONE',  ( 1.000000000000000000, 0.000000000000000000, 0.000000000000000000 ) ) ;
#6870 = CARTESIAN_POINT ( 'NONE',  ( -11.67999999999999972, 0.7499999999999763522, -0.3199999999999982303 ) ) ;
#6871 = ADVANCED_FACE ( 'NONE', ( #2437 ), #4230, .T. ) ;
#6872 = EDGE_CURVE ( 'NONE', #9289, #9127, #7695, .T. ) ;
#6873 = CARTESIAN_POINT ( 'NONE',  ( -3.319999999999999840, 0.7499999999999763522, -0.9999999999999983347 ) ) ;
#6874 = DIRECTION ( 'NONE',  ( 1.000000000000000000, 0.000000000000000000, 0.000000000000000000 ) ) ;
#6875 = ORIENTED_EDGE ( 'NONE', *, *, #419, .T. ) ;
#6876 = ADVANCED_FACE ( 'NONE', ( #10034 ), #7643, .T. ) ;
#6877 = EDGE_LOOP ( 'NONE', ( #2129, #6269, #113, #5651 ) ) ;
#6878 = DIRECTION ( 'NONE',  ( 0.000000000000000000, 0.000000000000000000, 1.000000000000000000 ) ) ;
#6879 = LINE ( 'NONE', #6041, #2436 ) ;
#6880 = DIRECTION ( 'NONE',  ( 0.000000000000000000, 0.000000000000000000, 1.000000000000000000 ) ) ;
#6881 = EDGE_CURVE ( 'NONE', #7152, #9293, #6797, .T. ) ;
#6882 = LINE ( 'NONE', #10287, #10216 ) ;
#6883 = VECTOR ( 'NONE', #2292, 1000.000000000000000 ) ;
#6884 = EDGE_LOOP ( 'NONE', ( #7640, #6564, #8728, #3432 ) ) ;
#6885 = LINE ( 'NONE', #2621, #7418 ) ;
#6886 = PLANE ( 'NONE',  #4022 ) ;
#6887 = ORIENTED_EDGE ( 'NONE', *, *, #3490, .T. ) ;
#6888 = VERTEX_POINT ( 'NONE', #5963 ) ;
#6889 = VECTOR ( 'NONE', #8950, 1000.000000000000000 ) ;
#6890 = PLANE ( 'NONE',  #5541 ) ;
#6891 = ORIENTED_EDGE ( 'NONE', *, *, #2410, .T. ) ;
#6892 = LINE ( 'NONE', #5162, #5657 ) ;
#6893 = ORIENTED_EDGE ( 'NONE', *, *, #4680, .T. ) ;
#6894 = LINE ( 'NONE', #5887, #7518 ) ;
#6895 = EDGE_LOOP ( 'NONE', ( #5019, #6665, #4049, #10524, #4840, #2525, #7124, #3884 ) ) ;
#6896 = CARTESIAN_POINT ( 'NONE',  ( -0.3199999999999999512, 1.554999999999976623, -0.3299999999999978506 ) ) ;
#6897 = DIRECTION ( 'NONE',  ( 0.000000000000000000, 0.000000000000000000, 1.000000000000000000 ) ) ;
#6898 = CARTESIAN_POINT ( 'NONE',  ( 0.3200000000000008393, 2.749999999999976463, 1.500000000000002220 ) ) ;
#6899 = VECTOR ( 'NONE', #7348, 1000.000000000000000 ) ;
#6900 = DIRECTION ( 'NONE',  ( 0.000000000000000000, 0.000000000000000000, -1.000000000000000000 ) ) ;
#6901 = EDGE_CURVE ( 'NONE', #683, #7283, #9366, .T. ) ;
#6902 = ORIENTED_EDGE ( 'NONE', *, *, #9149, .T. ) ;
#6903 = VECTOR ( 'NONE', #5926, 1000.000000000000000 ) ;
#6904 = ORIENTED_EDGE ( 'NONE', *, *, #4410, .F. ) ;
#6905 = VECTOR ( 'NONE', #727, 1000.000000000000000 ) ;
#6906 = ORIENTED_EDGE ( 'NONE', *, *, #4662, .F. ) ;
#6907 = EDGE_LOOP ( 'NONE', ( #7254, #5120, #2900, #5443, #2588 ) ) ;
#6908 = CARTESIAN_POINT ( 'NONE',  ( 2.360000000000001208, -0.04000000000002352368, -0.9999999999999983347 ) ) ;
#6909 = VERTEX_POINT ( 'NONE', #5737 ) ;
#6910 = LINE ( 'NONE', #9533, #8426 ) ;
#6911 = CARTESIAN_POINT ( 'NONE',  ( -15.32000000000000028, -2.820000000000023821, 0.3200000000000021161 ) ) ;
#6912 = DIRECTION ( 'NONE',  ( 0.9363291775690363306, 0.000000000000000000, 0.3511234415884135762 ) ) ;
#6913 = CARTESIAN_POINT ( 'NONE',  ( -1.649999999999999467, -2.341876692568689577E-14, 0.8500000000000021982 ) ) ;
#6914 = DIRECTION ( 'NONE',  ( 0.000000000000000000, 1.000000000000000000, 0.000000000000000000 ) ) ;
#6915 = EDGE_CURVE ( 'NONE', #2654, #7826, #9204, .T. ) ;
#6916 = EDGE_CURVE ( 'NONE', #992, #10731, #6073, .T. ) ;
#6917 = CARTESIAN_POINT ( 'NONE',  ( -14.34999999999999964, 0.4999999999999763522, 8.050000000000000711 ) ) ;
#6918 = ORIENTED_EDGE ( 'NONE', *, *, #4580, .T. ) ;
#6919 = ORIENTED_EDGE ( 'NONE', *, *, #10013, .T. ) ;
#6920 = FACE_BOUND ( 'NONE', #5229, .T. ) ;
#6921 = CARTESIAN_POINT ( 'NONE',  ( -17.35999999999999943, 0.4999999999999763522, 0.8500000000000021982 ) ) ;
#6922 = CARTESIAN_POINT ( 'NONE',  ( -0.3199999999999999512, 1.554999999999976623, -0.3199999999999982303 ) ) ;
#6923 = CARTESIAN_POINT ( 'NONE',  ( -8.830000000000000071, 2.599999999999976552, 6.500000000000002665 ) ) ;
#6924 = CARTESIAN_POINT ( 'NONE',  ( -2.680000000000000160, 3.484999999999976339, -0.3199999999999982303 ) ) ;
#6925 = LINE ( 'NONE', #5254, #7244 ) ;
#6926 = ADVANCED_FACE ( 'NONE', ( #10477 ), #297, .T. ) ;
#6927 = ORIENTED_EDGE ( 'NONE', *, *, #1923, .F. ) ;
#6928 = DIRECTION ( 'NONE',  ( 0.000000000000000000, 0.000000000000000000, -1.000000000000000000 ) ) ;
#6929 = CARTESIAN_POINT ( 'NONE',  ( -2.680000000000000160, -2.820000000000023821, 0.3200000000000021161 ) ) ;
#6930 = CARTESIAN_POINT ( 'NONE',  ( -2.680000000000000160, 1.554999999999976623, -0.3299999999999978506 ) ) ;
#6931 = LINE ( 'NONE', #1896, #10391 ) ;
#6932 = ORIENTED_EDGE ( 'NONE', *, *, #3875, .T. ) ;
#6933 = LINE ( 'NONE', #2850, #8666 ) ;
#6934 = COLOUR_RGB ( '',0.7921568627450980005, 0.8196078431372548767, 0.9333333333333333481 ) ;
#6935 = DIRECTION ( 'NONE',  ( 0.000000000000000000, 1.000000000000000000, 0.000000000000000000 ) ) ;
#6936 = EDGE_LOOP ( 'NONE', ( #5107, #5461, #4157 ) ) ;
#6937 = ORIENTED_EDGE ( 'NONE', *, *, #9419, .T. ) ;
#6938 = EDGE_CURVE ( 'NONE', #10507, #7792, #6236, .T. ) ;
#6939 = VECTOR ( 'NONE', #10840, 1000.000000000000000 ) ;
#6940 = DIRECTION ( 'NONE',  ( 0.000000000000000000, 0.000000000000000000, -1.000000000000000000 ) ) ;
#6941 = EDGE_CURVE ( 'NONE', #3757, #10668, #1870, .T. ) ;
#6942 = ORIENTED_EDGE ( 'NONE', *, *, #7948, .F. ) ;
#6943 = DIRECTION ( 'NONE',  ( 1.000000000000000000, 0.000000000000000000, 0.000000000000000000 ) ) ;
#6944 = EDGE_CURVE ( 'NONE', #2273, #4223, #3719, .T. ) ;
#6945 = LINE ( 'NONE', #10350, #5387 ) ;
#6946 = VECTOR ( 'NONE', #7068, 1000.000000000000000 ) ;
#6947 = VERTEX_POINT ( 'NONE', #8812 ) ;
#6948 = DIRECTION ( 'NONE',  ( 1.000000000000000000, 0.000000000000000000, 0.000000000000000000 ) ) ;
#6949 = CARTESIAN_POINT ( 'NONE',  ( -9.320000000000000284, 2.109999999999976339, 2.296000000000002039 ) ) ;
#6950 = DIRECTION ( 'NONE',  ( 0.000000000000000000, 0.000000000000000000, -1.000000000000000000 ) ) ;
#6951 = DIRECTION ( 'NONE',  ( 0.000000000000000000, 0.000000000000000000, 1.000000000000000000 ) ) ;
#6952 = VERTEX_POINT ( 'NONE', #5294 ) ;
#6953 = VERTEX_POINT ( 'NONE', #78 ) ;
#6954 = ORIENTED_EDGE ( 'NONE', *, *, #7088, .F. ) ;
#6955 = ORIENTED_EDGE ( 'NONE', *, *, #4224, .F. ) ;
#6956 = CARTESIAN_POINT ( 'NONE',  ( -3.319999999999999840, -2.820000000000023821, 0.3200000000000021161 ) ) ;
#6957 = VERTEX_POINT ( 'NONE', #4447 ) ;
#6958 = CARTESIAN_POINT ( 'NONE',  ( -6.200000000000000178, 4.364999999999976232, 8.350000000000003197 ) ) ;
#6959 = EDGE_CURVE ( 'NONE', #2933, #2186, #3495, .T. ) ;
#6960 = PLANE ( 'NONE',  #1270 ) ;
#6961 = FACE_OUTER_BOUND ( 'NONE', #7723, .T. ) ;
#6962 = CARTESIAN_POINT ( 'NONE',  ( -8.830000000000000071, 2.259999999999976250, 6.500000000000002665 ) ) ;
#6963 = FACE_OUTER_BOUND ( 'NONE', #9484, .T. ) ;
#6964 = LINE ( 'NONE', #2704, #10530 ) ;
#6965 = DIRECTION ( 'NONE',  ( 0.000000000000000000, 0.000000000000000000, -1.000000000000000000 ) ) ;
#6966 = ORIENTED_EDGE ( 'NONE', *, *, #4964, .F. ) ;
#6967 = ORIENTED_EDGE ( 'NONE', *, *, #3523, .T. ) ;
#6968 = DIRECTION ( 'NONE',  ( 0.000000000000000000, -1.000000000000000000, 0.000000000000000000 ) ) ;
#6969 = CARTESIAN_POINT ( 'NONE',  ( -14.32477270848700002, -2.090000000000023395, 3.300000000000002043 ) ) ;
#6970 = AXIS2_PLACEMENT_3D ( 'NONE', #354, #9755, #2094 ) ;
#6971 = LINE ( 'NONE', #8654, #9694 ) ;
#6972 = DIRECTION ( 'NONE',  ( 0.000000000000000000, 1.000000000000000000, 0.000000000000000000 ) ) ;
#6973 = ADVANCED_FACE ( 'NONE', ( #2594 ), #3610, .T. ) ;
#6974 = PLANE ( 'NONE',  #2733 ) ;
#6975 = CARTESIAN_POINT ( 'NONE',  ( -5.679999999999999716, 1.554999999999976623, -0.3199999999999982303 ) ) ;
#6976 = VECTOR ( 'NONE', #7663, 1000.000000000000000 ) ;
#6977 = ORIENTED_EDGE ( 'NONE', *, *, #7550, .F. ) ;
#6978 = EDGE_LOOP ( 'NONE', ( #832, #8022, #2864, #8465 ) ) ;
#6979 = DIRECTION ( 'NONE',  ( 0.000000000000000000, -1.000000000000000000, 0.000000000000000000 ) ) ;
#6980 = VECTOR ( 'NONE', #169, 1000.000000000000000 ) ;
#6981 = DIRECTION ( 'NONE',  ( 0.000000000000000000, 1.000000000000000000, 0.000000000000000000 ) ) ;
#6982 = FACE_OUTER_BOUND ( 'NONE', #4257, .T. ) ;
#6983 = EDGE_CURVE ( 'NONE', #6622, #10255, #186, .T. ) ;
#6984 = LINE ( 'NONE', #9558, #5408 ) ;
#6985 = ADVANCED_FACE ( 'NONE', ( #2761 ), #6023, .T. ) ;
#6986 = ORIENTED_EDGE ( 'NONE', *, *, #7214, .F. ) ;
#6987 = DIRECTION ( 'NONE',  ( 0.000000000000000000, -1.000000000000000000, 0.000000000000000000 ) ) ;
#6988 = CARTESIAN_POINT ( 'NONE',  ( -3.169999999999999929, -3.220000000000023288, 0.1700000000000021771 ) ) ;
#6989 = ORIENTED_EDGE ( 'NONE', *, *, #2940, .T. ) ;
#6990 = VECTOR ( 'NONE', #6193, 1000.000000000000000 ) ;
#6991 = ORIENTED_EDGE ( 'NONE', *, *, #10372, .T. ) ;
#6992 = VECTOR ( 'NONE', #4760, 1000.000000000000000 ) ;
#6993 = CARTESIAN_POINT ( 'NONE',  ( -8.799999999999998934, 4.864999999999977121, 5.900000000000002132 ) ) ;
#6994 = ORIENTED_EDGE ( 'NONE', *, *, #8122, .F. ) ;
#6995 = LINE ( 'NONE', #10348, #10999 ) ;
#6996 = EDGE_CURVE ( 'NONE', #8593, #7546, #5238, .T. ) ;
#6997 = DIRECTION ( 'NONE',  ( 0.000000000000000000, -1.000000000000000000, 0.000000000000000000 ) ) ;
#6998 = VERTEX_POINT ( 'NONE', #7074 ) ;
#6999 = DIRECTION ( 'NONE',  ( 0.000000000000000000, 0.000000000000000000, 1.000000000000000000 ) ) ;
#7000 = CARTESIAN_POINT ( 'NONE',  ( -14.67999999999999794, 3.304999999999976179, 0.2700000000000020162 ) ) ;
#7001 = CARTESIAN_POINT ( 'NONE',  ( -11.67999999999999972, 0.7499999999999763522, 0.3500000000000021982 ) ) ;
#7002 = ADVANCED_FACE ( 'NONE', ( #2817 ), #5185, .T. ) ;
#7003 = AXIS2_PLACEMENT_3D ( 'NONE', #8270, #482, #3901 ) ;
#7004 = DIRECTION ( 'NONE',  ( -0.000000000000000000, 1.000000000000000000, 0.000000000000000000 ) ) ;
#7005 = VECTOR ( 'NONE', #8325, 1000.000000000000114 ) ;
#7006 = VERTEX_POINT ( 'NONE', #7802 ) ;
#7007 = ORIENTED_EDGE ( 'NONE', *, *, #11000, .T. ) ;
#7008 = ORIENTED_EDGE ( 'NONE', *, *, #6833, .F. ) ;
#7009 = EDGE_CURVE ( 'NONE', #4326, #4095, #5403, .T. ) ;
#7010 = VERTEX_POINT ( 'NONE', #130 ) ;
#7011 = DIRECTION ( 'NONE',  ( -1.000000000000000000, 0.000000000000000000, 0.000000000000000000 ) ) ;
#7012 = VERTEX_POINT ( 'NONE', #3553 ) ;
#7013 = CARTESIAN_POINT ( 'NONE',  ( -11.67999999999999972, 2.109999999999976339, 2.296000000000002039 ) ) ;
#7014 = AXIS2_PLACEMENT_3D ( 'NONE', #6128, #1814, #3667 ) ;
#7015 = CARTESIAN_POINT ( 'NONE',  ( -15.32000000000000028, 4.359999999999976339, -0.9999999999999983347 ) ) ;
#7016 = CARTESIAN_POINT ( 'NONE',  ( -13.35000000000000320, -3.338500615405417982, 4.492129127691735668 ) ) ;
#7017 = DIRECTION ( 'NONE',  ( 0.000000000000000000, -1.000000000000000000, 0.000000000000000000 ) ) ;
#7018 = CARTESIAN_POINT ( 'NONE',  ( -2.680000000000000160, 1.554999999999976623, 0.2700000000000020162 ) ) ;
#7019 = CARTESIAN_POINT ( 'NONE',  ( -12.31999999999999851, 2.429999999999976623, 3.950000000000001954 ) ) ;
#7020 = AXIS2_PLACEMENT_3D ( 'NONE', #7389, #10787, #6545 ) ;
#7021 = EDGE_CURVE ( 'NONE', #1916, #7862, #1139, .T. ) ;
#7022 = CARTESIAN_POINT ( 'NONE',  ( -1.749999999999999778, 3.679999999999976623, 2.296000000000002039 ) ) ;
#7023 = CARTESIAN_POINT ( 'NONE',  ( -16.91999999999999815, 0.4999999999999763522, 8.900000000000002132 ) ) ;
#7024 = VERTEX_POINT ( 'NONE', #4560 ) ;
#7025 = ORIENTED_EDGE ( 'NONE', *, *, #1481, .F. ) ;
#7026 = DIRECTION ( 'NONE',  ( 0.000000000000000000, 1.000000000000000000, 0.000000000000000000 ) ) ;
#7027 = CARTESIAN_POINT ( 'NONE',  ( -14.34999999999999964, 0.4999999999999763522, 0.8500000000000021982 ) ) ;
#7028 = VECTOR ( 'NONE', #10196, 1000.000000000000000 ) ;
#7029 = DIRECTION ( 'NONE',  ( 0.000000000000000000, 1.000000000000000000, 0.000000000000000000 ) ) ;
#7030 = PLANE ( 'NONE',  #10763 ) ;
#7031 = CARTESIAN_POINT ( 'NONE',  ( -2.830000000000000071, 2.599999999999976552, 6.500000000000002665 ) ) ;
#7032 = DIRECTION ( 'NONE',  ( 0.000000000000000000, 0.000000000000000000, -1.000000000000000000 ) ) ;
#7033 = CARTESIAN_POINT ( 'NONE',  ( -10.75000000000000000, 3.679999999999976623, 2.296000000000002039 ) ) ;
#7034 = EDGE_CURVE ( 'NONE', #2841, #9289, #7749, .T. ) ;
#7035 = VECTOR ( 'NONE', #862, 1000.000000000000000 ) ;
#7036 = VERTEX_POINT ( 'NONE', #6962 ) ;
#7037 = ORIENTED_EDGE ( 'NONE', *, *, #10286, .F. ) ;
#7038 = DIRECTION ( 'NONE',  ( 0.000000000000000000, -1.000000000000000000, 0.000000000000000000 ) ) ;
#7039 = LINE ( 'NONE', #9612, #7980 ) ;
#7040 = CARTESIAN_POINT ( 'NONE',  ( 1.919999999999999929, 1.679999999999976401, 8.900000000000002132 ) ) ;
#7041 = CARTESIAN_POINT ( 'NONE',  ( -2.680000000000000160, 2.109999999999976339, 0.3500000000000021982 ) ) ;
#7042 = ORIENTED_EDGE ( 'NONE', *, *, #1778, .T. ) ;
#7043 = DIRECTION ( 'NONE',  ( 1.000000000000000000, 0.000000000000000000, 0.000000000000000000 ) ) ;
#7044 = EDGE_CURVE ( 'NONE', #7520, #8072, #10367, .T. ) ;
#7045 = DIRECTION ( 'NONE',  ( 0.000000000000000000, 0.000000000000000000, -1.000000000000000000 ) ) ;
#7046 = VERTEX_POINT ( 'NONE', #2193 ) ;
#7047 = ADVANCED_FACE ( 'NONE', ( #8868 ), #4665, .T. ) ;
#7048 = ORIENTED_EDGE ( 'NONE', *, *, #3724, .T. ) ;
#7049 = CARTESIAN_POINT ( 'NONE',  ( 3.319999999999999840, 2.472499999999976605, 1.700000000000002398 ) ) ;
#7050 = CARTESIAN_POINT ( 'NONE',  ( -16.96000000000000085, 3.304999999999976179, -0.3299999999999978506 ) ) ;
#7051 = AXIS2_PLACEMENT_3D ( 'NONE', #6787, #8, #10189 ) ;
#7052 = DIRECTION ( 'NONE',  ( -0.000000000000000000, 1.000000000000000000, 0.000000000000000000 ) ) ;
#7053 = EDGE_CURVE ( 'NONE', #9318, #1363, #9018, .T. ) ;
#7054 = ORIENTED_EDGE ( 'NONE', *, *, #4179, .T. ) ;
#7055 = DIRECTION ( 'NONE',  ( 0.000000000000000000, -1.000000000000000000, 0.000000000000000000 ) ) ;
#7056 = CARTESIAN_POINT ( 'NONE',  ( -10.75000000000000000, 3.679999999999976623, 2.296000000000002039 ) ) ;
#7057 = DIRECTION ( 'NONE',  ( 0.000000000000000000, -1.000000000000000000, 0.000000000000000000 ) ) ;
#7058 = LINE ( 'NONE', #4549, #86 ) ;
#7059 = VERTEX_POINT ( 'NONE', #9797 ) ;
#7060 = EDGE_CURVE ( 'NONE', #6909, #5318, #6506, .T. ) ;
#7061 = VECTOR ( 'NONE', #7443, 1000.000000000000000 ) ;
#7062 = VERTEX_POINT ( 'NONE', #10743 ) ;
#7063 = ORIENTED_EDGE ( 'NONE', *, *, #5543, .T. ) ;
#7064 = VECTOR ( 'NONE', #8144, 1000.000000000000114 ) ;
#7065 = ORIENTED_EDGE ( 'NONE', *, *, #2162, .T. ) ;
#7066 = PLANE ( 'NONE',  #7793 ) ;
#7067 = ORIENTED_EDGE ( 'NONE', *, *, #10678, .T. ) ;
#7068 = DIRECTION ( 'NONE',  ( -1.000000000000000000, 0.000000000000000000, 0.000000000000000000 ) ) ;
#7069 = EDGE_CURVE ( 'NONE', #4527, #5375, #8241, .T. ) ;
#7070 = EDGE_CURVE ( 'NONE', #4479, #5772, #9849, .T. ) ;
#7071 = PLANE ( 'NONE',  #558 ) ;
#7072 = CARTESIAN_POINT ( 'NONE',  ( 2.360000000000001208, 0.7499999999999763522, 5.400000000000002132 ) ) ;
#7073 = AXIS2_PLACEMENT_3D ( 'NONE', #6734, #10136, #5951 ) ;
#7074 = CARTESIAN_POINT ( 'NONE',  ( -11.67999999999999972, 2.109999999999976339, 6.100000000000002309 ) ) ;
#7075 = DIRECTION ( 'NONE',  ( 0.000000000000000000, -1.000000000000000000, 0.000000000000000000 ) ) ;
#7076 = DIRECTION ( 'NONE',  ( -1.000000000000000000, 0.000000000000000000, 0.000000000000000000 ) ) ;
#7077 = ORIENTED_EDGE ( 'NONE', *, *, #642, .F. ) ;
#7078 = DIRECTION ( 'NONE',  ( 0.000000000000000000, 0.000000000000000000, 1.000000000000000000 ) ) ;
#7079 = EDGE_CURVE ( 'NONE', #10544, #7311, #8185, .T. ) ;
#7080 = LINE ( 'NONE', #9597, #7330 ) ;
#7081 = VERTEX_POINT ( 'NONE', #2247 ) ;
#7082 = EDGE_LOOP ( 'NONE', ( #1469, #3395, #7861, #9843 ) ) ;
#7083 = EDGE_CURVE ( 'NONE', #9770, #2744, #5617, .T. ) ;
#7084 = CARTESIAN_POINT ( 'NONE',  ( -14.67999999999999794, 2.109999999999976339, 6.500000000000002665 ) ) ;
#7085 = CARTESIAN_POINT ( 'NONE',  ( -1.749999999999999778, 1.179999999999976401, 2.296000000000002039 ) ) ;
#7086 = VECTOR ( 'NONE', #8074, 1000.000000000000000 ) ;
#7087 = CARTESIAN_POINT ( 'NONE',  ( -8.679999999999999716, 2.429999999999976623, 3.950000000000001954 ) ) ;
#7088 = EDGE_CURVE ( 'NONE', #2511, #6957, #6397, .T. ) ;
#7089 = LINE ( 'NONE', #7145, #3454 ) ;
#7090 = CARTESIAN_POINT ( 'NONE',  ( -15.32000000000000028, 1.554999999999976623, 0.2700000000000020162 ) ) ;
#7091 = CARTESIAN_POINT ( 'NONE',  ( -2.680000000000000160, 2.109999999999976339, 6.100000000000002309 ) ) ;
#7092 = DIRECTION ( 'NONE',  ( 0.000000000000000000, -1.000000000000000000, 0.000000000000000000 ) ) ;
#7093 = VECTOR ( 'NONE', #1370, 1000.000000000000000 ) ;
#7094 = VERTEX_POINT ( 'NONE', #2137 ) ;
#7095 = ORIENTED_EDGE ( 'NONE', *, *, #10976, .T. ) ;
#7096 = DIRECTION ( 'NONE',  ( 0.6998542122237898511, 0.000000000000000000, -0.7142857142856900987 ) ) ;
#7097 = UNCERTAINTY_MEASURE_WITH_UNIT (LENGTH_MEASURE( 1.000000000000000082E-05 ), #4287, 'distance_accuracy_value', 'NONE');
#7098 = CARTESIAN_POINT ( 'NONE',  ( -8.679999999999999716, 2.109999999999976339, 0.3200000000000021161 ) ) ;
#7099 = DIRECTION ( 'NONE',  ( 0.000000000000000000, 0.000000000000000000, -1.000000000000000000 ) ) ;
#7100 = EDGE_CURVE ( 'NONE', #8179, #1455, #1244, .T. ) ;
#7101 = LINE ( 'NONE', #7041, #10741 ) ;
#7102 = ORIENTED_EDGE ( 'NONE', *, *, #5956, .F. ) ;
#7103 = CARTESIAN_POINT ( 'NONE',  ( -12.16999999999999993, 2.599999999999976552, 6.500000000000002665 ) ) ;
#7104 = CARTESIAN_POINT ( 'NONE',  ( -3.319999999999999840, 0.7499999999999763522, 0.3200000000000021161 ) ) ;
#7105 = ORIENTED_EDGE ( 'NONE', *, *, #8361, .F. ) ;
#7106 = ORIENTED_EDGE ( 'NONE', *, *, #9831, .T. ) ;
#7107 = CARTESIAN_POINT ( 'NONE',  ( -3.319999999999999840, 3.699999999999976641, -0.9999999999999983347 ) ) ;
#7108 = DIRECTION ( 'NONE',  ( 0.000000000000000000, 1.000000000000000000, 0.000000000000000000 ) ) ;
#7109 = DIRECTION ( 'NONE',  ( 0.000000000000000000, 1.000000000000000000, 0.000000000000000000 ) ) ;
#7110 = EDGE_CURVE ( 'NONE', #9127, #4193, #7290, .T. ) ;
#7111 = EDGE_CURVE ( 'NONE', #6791, #3435, #3090, .T. ) ;
#7112 = ORIENTED_EDGE ( 'NONE', *, *, #2659, .F. ) ;
#7113 = CARTESIAN_POINT ( 'NONE',  ( -11.67999999999999972, -3.220000000000023288, 0.3200000000000021161 ) ) ;
#7114 = CARTESIAN_POINT ( 'NONE',  ( -5.830000000000000071, -3.220000000000023288, 0.1700000000000021771 ) ) ;
#7115 = CARTESIAN_POINT ( 'NONE',  ( -16.96000000000000085, 0.7499999999999763522, 5.400000000000002132 ) ) ;
#7116 = CARTESIAN_POINT ( 'NONE',  ( -6.319999999999999396, 0.7499999999999763522, 0.3200000000000021161 ) ) ;
#7117 = ORIENTED_EDGE ( 'NONE', *, *, #4344, .F. ) ;
#7118 = VECTOR ( 'NONE', #7324, 1000.000000000000000 ) ;
#7119 = ORIENTED_EDGE ( 'NONE', *, *, #10536, .F. ) ;
#7120 = EDGE_LOOP ( 'NONE', ( #5031, #9841, #5841, #5046 ) ) ;
#7121 = AXIS2_PLACEMENT_3D ( 'NONE', #9822, #7213, #7319 ) ;
#7122 = EDGE_LOOP ( 'NONE', ( #10841, #10522, #10884, #5301 ) ) ;
#7123 = CARTESIAN_POINT ( 'NONE',  ( -18.32000000000000028, 1.159999999999976383, -0.9999999999999983347 ) ) ;
#7124 = ORIENTED_EDGE ( 'NONE', *, *, #5176, .T. ) ;
#7125 = VECTOR ( 'NONE', #1028, 1000.000000000000000 ) ;
#7126 = PLANE ( 'NONE',  #326 ) ;
#7127 = EDGE_CURVE ( 'NONE', #5088, #10695, #3772, .T. ) ;
#7128 = CARTESIAN_POINT ( 'NONE',  ( -13.35000000000000675, -3.340002498574128342, 4.386499948278749450 ) ) ;
#7129 = ADVANCED_FACE ( 'NONE', ( #2928 ), #9908, .T. ) ;
#7130 = DIRECTION ( 'NONE',  ( -0.3511234415884135762, 0.9363291775690363306, 0.000000000000000000 ) ) ;
#7131 = DIRECTION ( 'NONE',  ( 1.000000000000000000, 0.000000000000000000, 0.000000000000000000 ) ) ;
#7132 = DIRECTION ( 'NONE',  ( 0.000000000000000000, 1.000000000000000000, 0.000000000000000000 ) ) ;
#7133 = ADVANCED_FACE ( 'NONE', ( #6289 ), #6348, .F. ) ;
#7134 = ORIENTED_EDGE ( 'NONE', *, *, #5703, .T. ) ;
#7135 = CARTESIAN_POINT ( 'NONE',  ( -14.67999999999999794, 1.159999999999976383, -0.9999999999999983347 ) ) ;
#7136 = ADVANCED_FACE ( 'NONE', ( #4719 ), #8028, .T. ) ;
#7137 = PLANE ( 'NONE',  #6970 ) ;
#7138 = ORIENTED_EDGE ( 'NONE', *, *, #5311, .T. ) ;
#7139 = ORIENTED_EDGE ( 'NONE', *, *, #5968, .F. ) ;
#7140 = VECTOR ( 'NONE', #7076, 1000.000000000000000 ) ;
#7141 = DIRECTION ( 'NONE',  ( 0.000000000000000000, 1.000000000000000000, 0.000000000000000000 ) ) ;
#7142 = DIRECTION ( 'NONE',  ( 0.000000000000000000, -1.000000000000000000, 0.000000000000000000 ) ) ;
#7143 = LINE ( 'NONE', #10325, #2545 ) ;
#7144 = EDGE_CURVE ( 'NONE', #10176, #4223, #2090, .T. ) ;
#7145 = CARTESIAN_POINT ( 'NONE',  ( 0.3200000000000008393, 0.7499999999999763522, -0.9999999999999983347 ) ) ;
#7146 = LINE ( 'NONE', #7815, #6851 ) ;
#7147 = EDGE_CURVE ( 'NONE', #7500, #85, #8081, .T. ) ;
#7148 = CARTESIAN_POINT ( 'NONE',  ( -6.319999999999999396, 0.7499999999999763522, 0.3200000000000021161 ) ) ;
#7149 = EDGE_CURVE ( 'NONE', #2482, #10118, #9352, .T. ) ;
#7150 = AXIS2_PLACEMENT_3D ( 'NONE', #5135, #9376, #8540 ) ;
#7151 = VERTEX_POINT ( 'NONE', #5057 ) ;
#7152 = VERTEX_POINT ( 'NONE', #10855 ) ;
#7153 = DIRECTION ( 'NONE',  ( 0.000000000000000000, 1.000000000000000000, 0.000000000000000000 ) ) ;
#7154 = CARTESIAN_POINT ( 'NONE',  ( -11.67999999999999972, 2.749999999999976463, 6.100000000000002309 ) ) ;
#7155 = DIRECTION ( 'NONE',  ( 0.000000000000000000, 1.000000000000000000, 0.000000000000000000 ) ) ;
#7156 = DIRECTION ( 'NONE',  ( -0.9363291775690363306, -0.3511234415884135762, 0.000000000000000000 ) ) ;
#7157 = MANIFOLD_SOLID_BREP ( '436500600.STEP<1>[1]', #933 ) ;
#7158 = ORIENTED_EDGE ( 'NONE', *, *, #9023, .T. ) ;
#7159 = CARTESIAN_POINT ( 'NONE',  ( 0.3200000000000008393, 3.699999999999976641, -0.9999999999999983347 ) ) ;
#7160 = AXIS2_PLACEMENT_3D ( 'NONE', #8049, #3952, #3842 ) ;
#7161 = CARTESIAN_POINT ( 'NONE',  ( -3.319999999999999840, 0.7499999999999763522, -0.9999999999999983347 ) ) ;
#7162 = ORIENTED_EDGE ( 'NONE', *, *, #6396, .T. ) ;
#7163 = EDGE_CURVE ( 'NONE', #1291, #7968, #7573, .T. ) ;
#7164 = ORIENTED_EDGE ( 'NONE', *, *, #9768, .T. ) ;
#7165 = LINE ( 'NONE', #2626, #3365 ) ;
#7166 = DIRECTION ( 'NONE',  ( 0.000000000000000000, 0.000000000000000000, 1.000000000000000000 ) ) ;
#7167 = PLANE ( 'NONE',  #190 ) ;
#7168 = ORIENTED_EDGE ( 'NONE', *, *, #9090, .F. ) ;
#7169 = DIRECTION ( 'NONE',  ( -0.6998542122237898511, 0.000000000000000000, -0.7142857142856900987 ) ) ;
#7170 = CARTESIAN_POINT ( 'NONE',  ( -18.32000000000000028, 3.304999999999976179, -0.3299999999999978506 ) ) ;
#7171 = DIRECTION ( 'NONE',  ( 0.000000000000000000, 1.000000000000000000, 0.000000000000000000 ) ) ;
#7172 = FACE_OUTER_BOUND ( 'NONE', #3727, .T. ) ;
#7173 = ORIENTED_EDGE ( 'NONE', *, *, #852, .T. ) ;
#7174 = VECTOR ( 'NONE', #1407, 1000.000000000000000 ) ;
#7175 = EDGE_LOOP ( 'NONE', ( #7216, #5356, #6807, #10875 ) ) ;
#7176 = EDGE_LOOP ( 'NONE', ( #5247, #3099, #10278, #9016 ) ) ;
#7177 = ORIENTED_EDGE ( 'NONE', *, *, #7053, .F. ) ;
#7178 = PLANE ( 'NONE',  #10110 ) ;
#7179 = ORIENTED_EDGE ( 'NONE', *, *, #833, .T. ) ;
#7180 = CARTESIAN_POINT ( 'NONE',  ( -13.34999999999999964, -3.324945436577946278, 3.940078360943172431 ) ) ;
#7181 = AXIS2_PLACEMENT_3D ( 'NONE', #10258, #8695, #4445 ) ;
#7182 = CARTESIAN_POINT ( 'NONE',  ( -8.679999999999999716, 2.109999999999976339, 6.500000000000002665 ) ) ;
#7183 = AXIS2_PLACEMENT_3D ( 'NONE', #7206, #7099, #3744 ) ;
#7184 = CARTESIAN_POINT ( 'NONE',  ( -15.32000000000000028, 3.484999999999976339, 0.3500000000000021982 ) ) ;
#7185 = DIRECTION ( 'NONE',  ( 0.000000000000000000, 0.000000000000000000, -1.000000000000000000 ) ) ;
#7186 = LINE ( 'NONE', #8757, #4628 ) ;
#7187 = EDGE_CURVE ( 'NONE', #3660, #5381, #9964, .T. ) ;
#7188 = VECTOR ( 'NONE', #6869, 1000.000000000000000 ) ;
#7189 = LINE ( 'NONE', #8873, #7866 ) ;
#7190 = ORIENTED_EDGE ( 'NONE', *, *, #3797, .T. ) ;
#7191 = ORIENTED_EDGE ( 'NONE', *, *, #2067, .T. ) ;
#7192 = DIRECTION ( 'NONE',  ( -0.3312945782245003690, 0.3312945782245003690, -0.8834522085988016915 ) ) ;
#7193 = LINE ( 'NONE', #4459, #9388 ) ;
#7194 = AXIS2_PLACEMENT_3D ( 'NONE', #8427, #7474, #9209 ) ;
#7195 = CARTESIAN_POINT ( 'NONE',  ( -16.96000000000000085, 1.159999999999976383, -0.9999999999999983347 ) ) ;
#7196 = FACE_OUTER_BOUND ( 'NONE', #4619, .T. ) ;
#7197 = ADVANCED_FACE ( 'NONE', ( #8355 ), #1632, .T. ) ;
#7198 = AXIS2_PLACEMENT_3D ( 'NONE', #9644, #4394, #1980 ) ;
#7199 = VECTOR ( 'NONE', #9782, 1000.000000000000000 ) ;
#7200 = LINE ( 'NONE', #3108, #1572 ) ;
#7201 = ORIENTED_EDGE ( 'NONE', *, *, #7731, .T. ) ;
#7202 = ORIENTED_EDGE ( 'NONE', *, *, #6664, .F. ) ;
#7203 = AXIS2_PLACEMENT_3D ( 'NONE', #11032, #10824, #5744 ) ;
#7204 = LINE ( 'NONE', #8988, #10370 ) ;
#7205 = DIRECTION ( 'NONE',  ( 0.000000000000000000, -1.000000000000000000, 0.000000000000000000 ) ) ;
#7206 = CARTESIAN_POINT ( 'NONE',  ( -18.32000000000000028, 1.159999999999976383, -0.3299999999999978506 ) ) ;
#7207 = ADVANCED_FACE ( 'NONE', ( #8519 ), #1461, .F. ) ;
#7208 = DIRECTION ( 'NONE',  ( 0.000000000000000000, 0.000000000000000000, -1.000000000000000000 ) ) ;
#7209 = EDGE_CURVE ( 'NONE', #6736, #3869, #4050, .T. ) ;
#7210 = EDGE_LOOP ( 'NONE', ( #5922, #9635, #5712, #10811 ) ) ;
#7211 = PLANE ( 'NONE',  #9747 ) ;
#7212 = AXIS2_PLACEMENT_3D ( 'NONE', #3824, #7978, #9591 ) ;
#7213 = DIRECTION ( 'NONE',  ( -0.000000000000000000, 1.000000000000000000, 0.000000000000000000 ) ) ;
#7214 = EDGE_CURVE ( 'NONE', #10178, #410, #10076, .T. ) ;
#7215 = ORIENTED_EDGE ( 'NONE', *, *, #8821, .T. ) ;
#7216 = ORIENTED_EDGE ( 'NONE', *, *, #5575, .T. ) ;
#7217 = EDGE_CURVE ( 'NONE', #235, #6790, #7402, .T. ) ;
#7218 = DIRECTION ( 'NONE',  ( 0.000000000000000000, -1.000000000000000000, 0.000000000000000000 ) ) ;
#7219 = DIRECTION ( 'NONE',  ( -8.881784197000999888E-14, 0.000000000000000000, -1.000000000000000000 ) ) ;
#7220 = DIRECTION ( 'NONE',  ( 0.000000000000000000, 0.000000000000000000, -1.000000000000000000 ) ) ;
#7221 = ORIENTED_EDGE ( 'NONE', *, *, #8631, .T. ) ;
#7222 = CARTESIAN_POINT ( 'NONE',  ( -1.893665988542996281, -3.339878673556024413, 3.945393248935675334 ) ) ;
#7223 = LINE ( 'NONE', #5714, #5102 ) ;
#7224 = CARTESIAN_POINT ( 'NONE',  ( -18.32000000000000028, 1.159999999999976383, -0.3299999999999978506 ) ) ;
#7225 = PLANE ( 'NONE',  #7229 ) ;
#7226 = ORIENTED_EDGE ( 'NONE', *, *, #8809, .T. ) ;
#7227 = ORIENTED_EDGE ( 'NONE', *, *, #3273, .T. ) ;
#7228 = ORIENTED_EDGE ( 'NONE', *, *, #7635, .T. ) ;
#7229 = AXIS2_PLACEMENT_3D ( 'NONE', #10621, #2968, #6386 ) ;
#7230 = ORIENTED_EDGE ( 'NONE', *, *, #82, .T. ) ;
#7231 = DIRECTION ( 'NONE',  ( 0.000000000000000000, -1.000000000000000000, 0.000000000000000000 ) ) ;
#7232 = ORIENTED_EDGE ( 'NONE', *, *, #4451, .F. ) ;
#7233 = PLANE ( 'NONE',  #10717 ) ;
#7234 = ADVANCED_FACE ( 'NONE', ( #6614 ), #2303, .T. ) ;
#7235 = CARTESIAN_POINT ( 'NONE',  ( -13.35000000000000142, -2.341876692568689577E-14, 8.050000000000000711 ) ) ;
#7236 = DIRECTION ( 'NONE',  ( 1.000000000000000000, 0.000000000000000000, 0.000000000000000000 ) ) ;
#7237 = CARTESIAN_POINT ( 'NONE',  ( -9.320000000000000284, 2.749999999999976463, 2.296000000000002039 ) ) ;
#7238 = VECTOR ( 'NONE', #7496, 1000.000000000000000 ) ;
#7239 = CARTESIAN_POINT ( 'NONE',  ( -12.94999999999999929, -2.593748043984022811, 4.300000000000001599 ) ) ;
#7240 = VECTOR ( 'NONE', #129, 1000.000000000000114 ) ;
#7241 = DIRECTION ( 'NONE',  ( 0.000000000000000000, -1.000000000000000000, 0.000000000000000000 ) ) ;
#7242 = EDGE_LOOP ( 'NONE', ( #8633, #5342, #775, #9387 ) ) ;
#7243 = ORIENTED_EDGE ( 'NONE', *, *, #10509, .T. ) ;
#7244 = VECTOR ( 'NONE', #1772, 1000.000000000000000 ) ;
#7245 = DIRECTION ( 'NONE',  ( 0.000000000000000000, 0.000000000000000000, 1.000000000000000000 ) ) ;
#7246 = LINE ( 'NONE', #9655, #8965 ) ;
#7247 = LINE ( 'NONE', #7304, #1470 ) ;
#7248 = DIRECTION ( 'NONE',  ( 0.000000000000000000, 1.000000000000000000, 0.000000000000000000 ) ) ;
#7249 = ADVANCED_FACE ( 'NONE', ( #10186 ), #2363, .T. ) ;
#7250 = ADVANCED_FACE ( 'NONE', ( #7511 ), #10913, .T. ) ;
#7251 = VECTOR ( 'NONE', #1636, 1000.000000000000000 ) ;
#7252 = CARTESIAN_POINT ( 'NONE',  ( -2.680000000000000160, 4.359999999999976339, 0.3500000000000021982 ) ) ;
#7253 = AXIS2_PLACEMENT_3D ( 'NONE', #8061, #2173, #5597 ) ;
#7254 = ORIENTED_EDGE ( 'NONE', *, *, #3070, .F. ) ;
#7255 = EDGE_LOOP ( 'NONE', ( #5089, #477, #4416, #1239 ) ) ;
#7256 = VECTOR ( 'NONE', #2977, 1000.000000000000000 ) ;
#7257 = FACE_OUTER_BOUND ( 'NONE', #4976, .T. ) ;
#7258 = DIRECTION ( 'NONE',  ( 1.000000000000000000, 0.000000000000000000, 0.000000000000000000 ) ) ;
#7259 = DIRECTION ( 'NONE',  ( -1.000000000000000000, 0.000000000000000000, 0.000000000000000000 ) ) ;
#7260 = EDGE_CURVE ( 'NONE', #3816, #2933, #4163, .T. ) ;
#7261 = LINE ( 'NONE', #10654, #3438 ) ;
#7262 = ORIENTED_EDGE ( 'NONE', *, *, #4502, .F. ) ;
#7263 = LINE ( 'NONE', #2220, #4040 ) ;
#7264 = AXIS2_PLACEMENT_3D ( 'NONE', #3866, #8174, #7277 ) ;
#7265 = CARTESIAN_POINT ( 'NONE',  ( -18.32000000000000028, 3.699999999999976641, -0.3299999999999978506 ) ) ;
#7266 = EDGE_CURVE ( 'NONE', #1791, #2531, #7897, .T. ) ;
#7267 = ORIENTED_EDGE ( 'NONE', *, *, #2757, .F. ) ;
#7268 = ORIENTED_EDGE ( 'NONE', *, *, #2721, .F. ) ;
#7269 = EDGE_CURVE ( 'NONE', #7845, #4236, #10304, .T. ) ;
#7270 = DIRECTION ( 'NONE',  ( -1.000000000000000000, 0.000000000000000000, 0.000000000000000000 ) ) ;
#7271 = CARTESIAN_POINT ( 'NONE',  ( -1.649999999999999467, -2.992257168453023031, 3.399603067315601912 ) ) ;
#7272 = CARTESIAN_POINT ( 'NONE',  ( -5.830000000000000071, 2.599999999999976552, 6.500000000000002665 ) ) ;
#7273 = CARTESIAN_POINT ( 'NONE',  ( -18.32000000000000028, 1.159999999999976383, -0.3299999999999978506 ) ) ;
#7274 = ORIENTED_EDGE ( 'NONE', *, *, #9190, .T. ) ;
#7275 = PLANE ( 'NONE',  #5055 ) ;
#7276 = CARTESIAN_POINT ( 'NONE',  ( -14.67999999999999794, 2.109999999999976339, 2.296000000000002039 ) ) ;
#7277 = DIRECTION ( 'NONE',  ( 0.000000000000000000, 0.000000000000000000, 1.000000000000000000 ) ) ;
#7278 = CARTESIAN_POINT ( 'NONE',  ( -15.32000000000000028, 0.7499999999999763522, 0.3200000000000021161 ) ) ;
#7279 = ORIENTED_EDGE ( 'NONE', *, *, #1443, .T. ) ;
#7280 = EDGE_CURVE ( 'NONE', #2859, #6497, #4432, .T. ) ;
#7281 = EDGE_LOOP ( 'NONE', ( #7603, #4592, #2297, #8248 ) ) ;
#7282 = EDGE_CURVE ( 'NONE', #10860, #3404, #1744, .T. ) ;
#7283 = VERTEX_POINT ( 'NONE', #2683 ) ;
#7284 = EDGE_CURVE ( 'NONE', #5257, #9223, #4, .T. ) ;
#7285 = ADVANCED_FACE ( 'NONE', ( #2633 ), #5334, .F. ) ;
#7286 = VERTEX_POINT ( 'NONE', #2802 ) ;
#7287 = DIRECTION ( 'NONE',  ( 0.000000000000000000, -1.000000000000000000, 0.000000000000000000 ) ) ;
#7288 = VERTEX_POINT ( 'NONE', #7785 ) ;
#7289 = DIRECTION ( 'NONE',  ( 0.000000000000000000, 0.000000000000000000, 1.000000000000000000 ) ) ;
#7290 = LINE ( 'NONE', #9074, #8980 ) ;
#7291 = PLANE ( 'NONE',  #5610 ) ;
#7292 = DIRECTION ( 'NONE',  ( 0.000000000000000000, 0.000000000000000000, -1.000000000000000000 ) ) ;
#7293 = PLANE ( 'NONE',  #10986 ) ;
#7294 = VECTOR ( 'NONE', #5198, 1000.000000000000000 ) ;
#7295 = ORIENTED_EDGE ( 'NONE', *, *, #1675, .T. ) ;
#7296 = EDGE_LOOP ( 'NONE', ( #10309, #7042, #4044, #1130, #1575, #158, #1204, #1724, #2243, #907 ) ) ;
#7297 = EDGE_CURVE ( 'NONE', #4100, #3198, #116, .T. ) ;
#7298 = DIRECTION ( 'NONE',  ( 0.000000000000000000, 0.000000000000000000, -1.000000000000000000 ) ) ;
#7299 = ORIENTED_EDGE ( 'NONE', *, *, #9266, .T. ) ;
#7300 = VERTEX_POINT ( 'NONE', #10245 ) ;
#7301 = DIRECTION ( 'NONE',  ( 0.000000000000000000, 1.000000000000000000, 0.000000000000000000 ) ) ;
#7302 = LINE ( 'NONE', #10697, #4385 ) ;
#7303 = AXIS2_PLACEMENT_3D ( 'NONE', #2382, #5853, #7588 ) ;
#7304 = CARTESIAN_POINT ( 'NONE',  ( 0.3200000000000008393, 2.109999999999976339, 6.100000000000002309 ) ) ;
#7305 = DIRECTION ( 'NONE',  ( 1.000000000000000000, 0.000000000000000000, 0.000000000000000000 ) ) ;
#7306 = CARTESIAN_POINT ( 'NONE',  ( -4.750000000000000000, 3.679999999999976623, 8.900000000000002132 ) ) ;
#7307 = VECTOR ( 'NONE', #5927, 1000.000000000000000 ) ;
#7308 = CARTESIAN_POINT ( 'NONE',  ( -12.31999999999999851, 3.304999999999976179, 0.2700000000000020162 ) ) ;
#7309 = VECTOR ( 'NONE', #4271, 1000.000000000000000 ) ;
#7310 = ORIENTED_EDGE ( 'NONE', *, *, #5488, .T. ) ;
#7311 = VERTEX_POINT ( 'NONE', #6896 ) ;
#7312 = CARTESIAN_POINT ( 'NONE',  ( -14.34999999999999964, -2.341876692568689577E-14, 4.300000000000001599 ) ) ;
#7313 = CARTESIAN_POINT ( 'NONE',  ( -12.31999999999999851, 4.359999999999976339, 0.3500000000000021982 ) ) ;
#7314 = CARTESIAN_POINT ( 'NONE',  ( 3.270000000000000462, 2.159999999999976605, 1.301063802838002159 ) ) ;
#7315 = EDGE_CURVE ( 'NONE', #6713, #4193, #5386, .T. ) ;
#7316 = PLANE ( 'NONE',  #7003 ) ;
#7317 = ORIENTED_EDGE ( 'NONE', *, *, #1747, .F. ) ;
#7318 = DIRECTION ( 'NONE',  ( 1.000000000000000000, 0.000000000000000000, 0.000000000000000000 ) ) ;
#7319 = DIRECTION ( 'NONE',  ( 1.000000000000000000, 0.000000000000000000, 0.000000000000000000 ) ) ;
#7320 = VECTOR ( 'NONE', #10262, 1000.000000000000000 ) ;
#7321 = ORIENTED_EDGE ( 'NONE', *, *, #5313, .F. ) ;
#7322 = ORIENTED_EDGE ( 'NONE', *, *, #9466, .T. ) ;
#7323 = EDGE_CURVE ( 'NONE', #2241, #7625, #1066, .T. ) ;
#7324 = DIRECTION ( 'NONE',  ( 0.000000000000000000, 0.000000000000000000, -1.000000000000000000 ) ) ;
#7325 = LINE ( 'NONE', #602, #4042 ) ;
#7326 = CARTESIAN_POINT ( 'NONE',  ( 1.919999999999999929, 4.359999999999976339, 8.900000000000002132 ) ) ;
#7327 = EDGE_CURVE ( 'NONE', #304, #274, #3427, .T. ) ;
#7328 = PLANE ( 'NONE',  #3957 ) ;
#7329 = DIRECTION ( 'NONE',  ( 0.000000000000000000, -1.000000000000000000, 0.000000000000000000 ) ) ;
#7330 = VECTOR ( 'NONE', #6026, 1000.000000000000000 ) ;
#7331 = ORIENTED_EDGE ( 'NONE', *, *, #4109, .F. ) ;
#7332 = CARTESIAN_POINT ( 'NONE',  ( -1.809764999516997097, -3.343929029826026245, 4.844916312318902740 ) ) ;
#7333 = CARTESIAN_POINT ( 'NONE',  ( -5.679999999999999716, -2.820000000000023821, 0.3200000000000021161 ) ) ;
#7334 = DIRECTION ( 'NONE',  ( 1.000000000000000000, 0.000000000000000000, 0.000000000000000000 ) ) ;
#7335 = DIRECTION ( 'NONE',  ( 0.000000000000000000, 0.000000000000000000, 1.000000000000000000 ) ) ;
#7336 = ORIENTED_EDGE ( 'NONE', *, *, #4327, .F. ) ;
#7337 = ORIENTED_EDGE ( 'NONE', *, *, #9507, .F. ) ;
#7338 = ORIENTED_EDGE ( 'NONE', *, *, #2940, .F. ) ;
#7339 = ORIENTED_EDGE ( 'NONE', *, *, #6959, .F. ) ;
#7340 = CARTESIAN_POINT ( 'NONE',  ( -1.649999999999999689, -3.317520231033880052, 4.708763307757990901 ) ) ;
#7341 = ORIENTED_EDGE ( 'NONE', *, *, #1934, .T. ) ;
#7342 = VECTOR ( 'NONE', #4375, 1000.000000000000114 ) ;
#7343 = DIRECTION ( 'NONE',  ( 1.000000000000000000, 0.000000000000000000, 0.000000000000000000 ) ) ;
#7344 = EDGE_CURVE ( 'NONE', #6390, #9864, #6059, .T. ) ;
#7345 = CARTESIAN_POINT ( 'NONE',  ( -18.32000000000000028, 1.159999999999976383, -0.3299999999999978506 ) ) ;
#7346 = DIRECTION ( 'NONE',  ( 1.000000000000000000, 0.000000000000000000, 0.000000000000000000 ) ) ;
#7347 = CARTESIAN_POINT ( 'NONE',  ( -1.649999999999999467, -3.097496087967024359, 5.108005145163001970 ) ) ;
#7348 = DIRECTION ( 'NONE',  ( -1.000000000000000000, 0.000000000000000000, 0.000000000000000000 ) ) ;
#7349 = EDGE_CURVE ( 'NONE', #4685, #3, #3528, .T. ) ;
#7350 = ORIENTED_EDGE ( 'NONE', *, *, #5826, .F. ) ;
#7351 = VERTEX_POINT ( 'NONE', #4320 ) ;
#7352 = AXIS2_PLACEMENT_3D ( 'NONE', #7594, #10935, #9377 ) ;
#7353 = ORIENTED_EDGE ( 'NONE', *, *, #5759, .F. ) ;
#7354 = ORIENTED_EDGE ( 'NONE', *, *, #3536, .F. ) ;
#7355 = VECTOR ( 'NONE', #5900, 1000.000000000000000 ) ;
#7356 = DIRECTION ( 'NONE',  ( 0.000000000000000000, -1.000000000000000000, 0.000000000000000000 ) ) ;
#7357 = DIRECTION ( 'NONE',  ( 0.000000000000000000, -1.000000000000000000, 0.000000000000000000 ) ) ;
#7358 = DIRECTION ( 'NONE',  ( -1.000000000000000000, 0.000000000000000000, 0.000000000000000000 ) ) ;
#7359 = DIRECTION ( 'NONE',  ( -1.000000000000000000, 0.000000000000000000, 0.000000000000000000 ) ) ;
#7360 = CARTESIAN_POINT ( 'NONE',  ( -12.31999999999999851, 2.109999999999976339, 6.100000000000002309 ) ) ;
#7361 = EDGE_CURVE ( 'NONE', #7151, #5923, #9459, .T. ) ;
#7362 = AXIS2_PLACEMENT_3D ( 'NONE', #3400, #5977, #1603 ) ;
#7363 = DIRECTION ( 'NONE',  ( 0.000000000000000000, 0.000000000000000000, -1.000000000000000000 ) ) ;
#7364 = AXIS2_PLACEMENT_3D ( 'NONE', #8156, #5429, #3692 ) ;
#7365 = ORIENTED_EDGE ( 'NONE', *, *, #3900, .T. ) ;
#7366 = ORIENTED_EDGE ( 'NONE', *, *, #9296, .T. ) ;
#7367 = LINE ( 'NONE', #6367, #7698 ) ;
#7368 = FACE_OUTER_BOUND ( 'NONE', #10454, .T. ) ;
#7369 = CARTESIAN_POINT ( 'NONE',  ( 1.250000000000001110, 1.879999999999976357, 8.900000000000002132 ) ) ;
#7370 = VECTOR ( 'NONE', #5417, 1000.000000000000000 ) ;
#7371 = VECTOR ( 'NONE', #5277, 1000.000000000000000 ) ;
#7372 = DIRECTION ( 'NONE',  ( 0.000000000000000000, -1.000000000000000000, 0.000000000000000000 ) ) ;
#7373 = EDGE_LOOP ( 'NONE', ( #5163, #2431, #2807, #4348 ) ) ;
#7374 = APPLICATION_CONTEXT ( 'automotive_design' ) ;
#7375 = ADVANCED_FACE ( 'NONE', ( #7841 ), #1012, .T. ) ;
#7376 = CARTESIAN_POINT ( 'NONE',  ( -16.96000000000000085, 3.699999999999976641, -0.3299999999999978506 ) ) ;
#7377 = CARTESIAN_POINT ( 'NONE',  ( -17.35999999999999943, 0.7499999999999763522, 5.400000000000002132 ) ) ;
#7378 = ORIENTED_EDGE ( 'NONE', *, *, #6682, .T. ) ;
#7379 = VECTOR ( 'NONE', #2939, 1000.000000000000000 ) ;
#7380 = EDGE_LOOP ( 'NONE', ( #5588, #4210, #8117, #2015 ) ) ;
#7381 = DIRECTION ( 'NONE',  ( 1.000000000000000000, 0.000000000000000000, 0.000000000000000000 ) ) ;
#7382 = CARTESIAN_POINT ( 'NONE',  ( -4.750000000000000000, 3.679999999999976623, 2.296000000000002039 ) ) ;
#7383 = CARTESIAN_POINT ( 'NONE',  ( -18.32000000000000028, 1.159999999999976383, -0.9999999999999983347 ) ) ;
#7384 = CARTESIAN_POINT ( 'NONE',  ( -12.31999999999999851, 2.109999999999976339, 2.296000000000002039 ) ) ;
#7385 = CARTESIAN_POINT ( 'NONE',  ( -18.32000000000000028, 1.554999999999976623, 0.2700000000000020162 ) ) ;
#7386 = EDGE_CURVE ( 'NONE', #7826, #9689, #9574, .T. ) ;
#7387 = VECTOR ( 'NONE', #4051, 1000.000000000000000 ) ;
#7388 = EDGE_LOOP ( 'NONE', ( #4657, #7365, #2385, #3357 ) ) ;
#7389 = CARTESIAN_POINT ( 'NONE',  ( -5.679999999999999716, 4.359999999999976339, 0.3500000000000021982 ) ) ;
#7390 = LINE ( 'NONE', #9117, #2943 ) ;
#7391 = PLANE ( 'NONE',  #8700 ) ;
#7392 = ADVANCED_FACE ( 'NONE', ( #2915 ), #7275, .F. ) ;
#7393 = CARTESIAN_POINT ( 'NONE',  ( -13.35000000000000142, -2.876112710120023674, 5.300000000000002487 ) ) ;
#7394 = VERTEX_POINT ( 'NONE', #3810 ) ;
#7395 = ORIENTED_EDGE ( 'NONE', *, *, #2659, .T. ) ;
#7396 = EDGE_LOOP ( 'NONE', ( #9407, #9674, #355, #2454 ) ) ;
#7397 = VECTOR ( 'NONE', #7736, 1000.000000000000000 ) ;
#7398 = EDGE_LOOP ( 'NONE', ( #10989, #619, #3916, #5328, #5970 ) ) ;
#7399 = PLANE ( 'NONE',  #4944 ) ;
#7400 = VERTEX_POINT ( 'NONE', #3864 ) ;
#7401 = DIRECTION ( 'NONE',  ( 0.000000000000000000, 1.000000000000000000, 0.000000000000000000 ) ) ;
#7402 = LINE ( 'NONE', #732, #4343 ) ;
#7403 = FACE_OUTER_BOUND ( 'NONE', #4717, .T. ) ;
#7404 = CARTESIAN_POINT ( 'NONE',  ( -16.91999999999999815, 4.359999999999976339, 8.900000000000002132 ) ) ;
#7405 = EDGE_CURVE ( 'NONE', #2189, #1076, #7559, .T. ) ;
#7406 = CARTESIAN_POINT ( 'NONE',  ( -6.319999999999999396, 3.484999999999976339, 0.3500000000000021982 ) ) ;
#7407 = EDGE_LOOP ( 'NONE', ( #3242, #1862, #9374, #9 ) ) ;
#7408 = ORIENTED_EDGE ( 'NONE', *, *, #3472, .F. ) ;
#7409 = ORIENTED_EDGE ( 'NONE', *, *, #6664, .T. ) ;
#7410 = EDGE_LOOP ( 'NONE', ( #8278, #2809, #10742, #8772 ) ) ;
#7411 = DIRECTION ( 'NONE',  ( 0.000000000000000000, 1.000000000000000000, 0.000000000000000000 ) ) ;
#7412 = DIRECTION ( 'NONE',  ( 0.000000000000000000, 1.000000000000000000, 0.000000000000000000 ) ) ;
#7413 = VECTOR ( 'NONE', #9686, 1000.000000000000000 ) ;
#7414 = DIRECTION ( 'NONE',  ( 0.000000000000000000, 1.000000000000000000, 0.000000000000000000 ) ) ;
#7415 = CARTESIAN_POINT ( 'NONE',  ( -1.249999999999999334, 1.179999999999976401, 8.900000000000002132 ) ) ;
#7416 = LINE ( 'NONE', #5739, #9050 ) ;
#7417 = DIRECTION ( 'NONE',  ( 0.000000000000000000, -1.000000000000000000, 0.000000000000000000 ) ) ;
#7418 = VECTOR ( 'NONE', #10292, 1000.000000000000000 ) ;
#7419 = EDGE_CURVE ( 'NONE', #7661, #7740, #3758, .T. ) ;
#7420 = PLANE ( 'NONE',  #3446 ) ;
#7421 = ORIENTED_EDGE ( 'NONE', *, *, #6744, .F. ) ;
#7422 = PLANE ( 'NONE',  #7203 ) ;
#7423 = DIRECTION ( 'NONE',  ( 0.000000000000000000, 1.000000000000000000, 0.000000000000000000 ) ) ;
#7424 = ADVANCED_FACE ( 'NONE', ( #4706 ), #1122, .F. ) ;
#7425 = VECTOR ( 'NONE', #255, 1000.000000000000114 ) ;
#7426 = PLANE ( 'NONE',  #1630 ) ;
#7427 = PLANE ( 'NONE',  #6831 ) ;
#7428 = DIRECTION ( 'NONE',  ( 0.7071067811865474617, 0.000000000000000000, 0.7071067811865474617 ) ) ;
#7429 = AXIS2_PLACEMENT_3D ( 'NONE', #6086, #10329, #2661 ) ;
#7430 = CARTESIAN_POINT ( 'NONE',  ( -9.320000000000000284, 0.7499999999999763522, 0.3200000000000021161 ) ) ;
#7431 = AXIS2_PLACEMENT_3D ( 'NONE', #711, #2616, #8501 ) ;
#7432 = DIRECTION ( 'NONE',  ( 0.000000000000000000, 1.000000000000000000, 0.000000000000000000 ) ) ;
#7433 = VERTEX_POINT ( 'NONE', #2178 ) ;
#7434 = ORIENTED_EDGE ( 'NONE', *, *, #6731, .T. ) ;
#7435 = FACE_OUTER_BOUND ( 'NONE', #557, .T. ) ;
#7436 = EDGE_CURVE ( 'NONE', #6050, #4373, #8118, .T. ) ;
#7437 = DIRECTION ( 'NONE',  ( 0.000000000000000000, 0.000000000000000000, 1.000000000000000000 ) ) ;
#7438 = CARTESIAN_POINT ( 'NONE',  ( -5.679999999999999716, 0.7499999999999763522, -0.3199999999999982303 ) ) ;
#7439 = DIRECTION ( 'NONE',  ( 0.000000000000000000, 0.000000000000000000, -1.000000000000000000 ) ) ;
#7440 = CARTESIAN_POINT ( 'NONE',  ( -6.200000000000000178, 4.864999999999977121, 6.400000000000002132 ) ) ;
#7441 = EDGE_LOOP ( 'NONE', ( #4723, #1626, #4785, #8162 ) ) ;
#7442 = CARTESIAN_POINT ( 'NONE',  ( -8.679999999999999716, 4.359999999999976339, -0.9999999999999983347 ) ) ;
#7443 = DIRECTION ( 'NONE',  ( -1.000000000000000000, 0.000000000000000000, 0.000000000000000000 ) ) ;
#7444 = DIRECTION ( 'NONE',  ( -1.000000000000000000, 0.000000000000000000, 0.000000000000000000 ) ) ;
#7445 = PLANE ( 'NONE',  #3670 ) ;
#7446 = EDGE_LOOP ( 'NONE', ( #6345, #7772, #5998, #9141 ) ) ;
#7447 = ORIENTED_EDGE ( 'NONE', *, *, #2022, .T. ) ;
#7448 = VECTOR ( 'NONE', #5279, 1000.000000000000000 ) ;
#7449 = ORIENTED_EDGE ( 'NONE', *, *, #4754, .F. ) ;
#7450 = VERTEX_POINT ( 'NONE', #9894 ) ;
#7451 = CARTESIAN_POINT ( 'NONE',  ( -1.649999999999999911, -3.338897383200152280, 4.122679053183482267 ) ) ;
#7452 = ORIENTED_EDGE ( 'NONE', *, *, #5623, .F. ) ;
#7453 = FACE_OUTER_BOUND ( 'NONE', #5502, .T. ) ;
#7454 = EDGE_CURVE ( 'NONE', #5412, #1394, #6433, .T. ) ;
#7455 = CARTESIAN_POINT ( 'NONE',  ( 3.270000000000000462, 2.429999999999976623, 3.950000000000001954 ) ) ;
#7456 = CARTESIAN_POINT ( 'NONE',  ( -6.319999999999999396, 0.7499999999999763522, 0.3500000000000021982 ) ) ;
#7457 = CARTESIAN_POINT ( 'NONE',  ( -15.32000000000000028, 0.7499999999999763522, -0.3199999999999982303 ) ) ;
#7458 = CARTESIAN_POINT ( 'NONE',  ( -13.92979589711299937, -2.341876692568689577E-14, 5.300000000000002487 ) ) ;
#7459 = ORIENTED_EDGE ( 'NONE', *, *, #4451, .T. ) ;
#7460 = ORIENTED_EDGE ( 'NONE', *, *, #1249, .T. ) ;
#7461 = ADVANCED_FACE ( 'NONE', ( #9005 ), #5856, .T. ) ;
#7462 = ORIENTED_EDGE ( 'NONE', *, *, #2902, .T. ) ;
#7463 = VERTEX_POINT ( 'NONE', #3073 ) ;
#7464 = EDGE_CURVE ( 'NONE', #4782, #8301, #6492, .T. ) ;
#7465 = DIRECTION ( 'NONE',  ( 0.000000000000000000, 1.000000000000000000, 0.000000000000000000 ) ) ;
#7466 = DIRECTION ( 'NONE',  ( 0.000000000000000000, 1.000000000000000000, 0.000000000000000000 ) ) ;
#7467 = ADVANCED_FACE ( 'NONE', ( #283 ), #3706, .T. ) ;
#7468 = DIRECTION ( 'NONE',  ( 1.000000000000000000, 0.000000000000000000, 0.000000000000000000 ) ) ;
#7469 = CARTESIAN_POINT ( 'NONE',  ( 0.3200000000000008393, 3.699999999999976641, -0.9999999999999983347 ) ) ;
#7470 = CARTESIAN_POINT ( 'NONE',  ( -1.749999999999999778, 1.179999999999976401, 2.296000000000002039 ) ) ;
#7471 = VECTOR ( 'NONE', #6535, 1000.000000000000000 ) ;
#7472 = EDGE_CURVE ( 'NONE', #2986, #3100, #2860, .T. ) ;
#7473 = AXIS2_PLACEMENT_3D ( 'NONE', #659, #6652, #9170 ) ;
#7474 = DIRECTION ( 'NONE',  ( 1.000000000000000000, 0.000000000000000000, 0.000000000000000000 ) ) ;
#7475 = ORIENTED_EDGE ( 'NONE', *, *, #10520, .T. ) ;
#7476 = LINE ( 'NONE', #5913, #2857 ) ;
#7477 = EDGE_CURVE ( 'NONE', #9132, #3894, #5444, .T. ) ;
#7478 = LINE ( 'NONE', #10102, #5211 ) ;
#7479 = CARTESIAN_POINT ( 'NONE',  ( 3.319999999999999840, 4.359999999999976339, 2.296000000000002039 ) ) ;
#7480 = VECTOR ( 'NONE', #2228, 1000.000000000000000 ) ;
#7481 = CARTESIAN_POINT ( 'NONE',  ( -14.65000000000000036, -2.341876692568689577E-14, 5.300000000000002487 ) ) ;
#7482 = EDGE_CURVE ( 'NONE', #8057, #4123, #8850, .T. ) ;
#7483 = EDGE_CURVE ( 'NONE', #3869, #10409, #1230, .T. ) ;
#7484 = CARTESIAN_POINT ( 'NONE',  ( -1.649999999999999467, -2.341876692568689577E-14, 5.300000000000002487 ) ) ;
#7485 = EDGE_CURVE ( 'NONE', #5564, #4783, #9951, .T. ) ;
#7486 = DIRECTION ( 'NONE',  ( -1.000000000000000000, 0.000000000000000000, 0.000000000000000000 ) ) ;
#7487 = ORIENTED_EDGE ( 'NONE', *, *, #9938, .T. ) ;
#7488 = EDGE_LOOP ( 'NONE', ( #3271, #10332, #7678, #4823 ) ) ;
#7489 = FACE_OUTER_BOUND ( 'NONE', #10014, .T. ) ;
#7490 = CARTESIAN_POINT ( 'NONE',  ( -4.250000000000000000, 3.679999999999976623, 8.900000000000002132 ) ) ;
#7491 = CARTESIAN_POINT ( 'NONE',  ( -14.67999999999999794, -3.220000000000023288, -0.3199999999999982303 ) ) ;
#7492 = LINE ( 'NONE', #5760, #9840 ) ;
#7493 = CARTESIAN_POINT ( 'NONE',  ( 2.360000000000001208, -0.04000000000002352368, 0.8500000000000021982 ) ) ;
#7494 = EDGE_LOOP ( 'NONE', ( #6365, #3417, #6606, #3325, #9582, #3378, #10128, #420, #7134, #9963, #7886, #2132 ) ) ;
#7495 = DIRECTION ( 'NONE',  ( 1.000000000000000000, 0.000000000000000000, 0.000000000000000000 ) ) ;
#7496 = DIRECTION ( 'NONE',  ( 0.000000000000000000, -1.000000000000000000, 0.000000000000000000 ) ) ;
#7497 = LINE ( 'NONE', #3891, #8524 ) ;
#7498 = LINE ( 'NONE', #10899, #430 ) ;
#7499 = EDGE_CURVE ( 'NONE', #6381, #1359, #716, .T. ) ;
#7500 = VERTEX_POINT ( 'NONE', #9062 ) ;
#7501 = VERTEX_POINT ( 'NONE', #4818 ) ;
#7502 = ORIENTED_EDGE ( 'NONE', *, *, #10594, .T. ) ;
#7503 = CARTESIAN_POINT ( 'NONE',  ( 0.3200000000000008393, 4.359999999999976339, 0.3500000000000021982 ) ) ;
#7504 = VECTOR ( 'NONE', #2573, 1000.000000000000000 ) ;
#7505 = CARTESIAN_POINT ( 'NONE',  ( 3.319999999999999840, 4.359999999999976339, 7.500000000000002665 ) ) ;
#7506 = ORIENTED_EDGE ( 'NONE', *, *, #10138, .T. ) ;
#7507 = CARTESIAN_POINT ( 'NONE',  ( -5.830000000000000071, 2.259999999999976250, 6.500000000000002665 ) ) ;
#7508 = VERTEX_POINT ( 'NONE', #9284 ) ;
#7509 = FACE_OUTER_BOUND ( 'NONE', #6668, .T. ) ;
#7510 = ORIENTED_EDGE ( 'NONE', *, *, #3566, .F. ) ;
#7511 = FACE_OUTER_BOUND ( 'NONE', #7687, .T. ) ;
#7512 = CARTESIAN_POINT ( 'NONE',  ( -0.3199999999999999512, 2.429999999999976623, 3.950000000000001954 ) ) ;
#7513 = LINE ( 'NONE', #2305, #6413 ) ;
#7514 = CARTESIAN_POINT ( 'NONE',  ( -13.35000000000000142, -2.341876692568689577E-14, 8.050000000000000711 ) ) ;
#7515 = CIRCLE ( 'NONE', #5729, 1.700000000000000400 ) ;
#7516 = ORIENTED_EDGE ( 'NONE', *, *, #3827, .T. ) ;
#7517 = ORIENTED_EDGE ( 'NONE', *, *, #75, .T. ) ;
#7518 = VECTOR ( 'NONE', #10301, 1000.000000000000000 ) ;
#7519 = VERTEX_POINT ( 'NONE', #1395 ) ;
#7520 = VERTEX_POINT ( 'NONE', #5764 ) ;
#7521 = DIRECTION ( 'NONE',  ( 0.000000000000000000, 0.000000000000000000, 1.000000000000000000 ) ) ;
#7522 = LINE ( 'NONE', #1418, #3134 ) ;
#7523 = FACE_OUTER_BOUND ( 'NONE', #428, .T. ) ;
#7524 = CARTESIAN_POINT ( 'NONE',  ( -15.32000000000000028, 2.429999999999976623, 3.950000000000001954 ) ) ;
#7525 = CARTESIAN_POINT ( 'NONE',  ( -7.249999999999999112, 3.679999999999976623, 8.900000000000002132 ) ) ;
#7526 = ADVANCED_FACE ( 'NONE', ( #4087 ), #3131, .F. ) ;
#7527 = EDGE_CURVE ( 'NONE', #2925, #2359, #1447, .T. ) ;
#7528 = VECTOR ( 'NONE', #7651, 1000.000000000000000 ) ;
#7529 =( NAMED_UNIT ( * ) SI_UNIT ( $, .STERADIAN. ) SOLID_ANGLE_UNIT ( ) );
#7530 = AXIS2_PLACEMENT_3D ( 'NONE', #4113, #3212, #1645 ) ;
#7531 = CARTESIAN_POINT ( 'NONE',  ( -1.749999999999999778, 1.179999999999976401, 8.900000000000002132 ) ) ;
#7532 = EDGE_LOOP ( 'NONE', ( #10071, #5889, #315, #4275, #681, #2245 ) ) ;
#7533 = ORIENTED_EDGE ( 'NONE', *, *, #8060, .F. ) ;
#7534 = CARTESIAN_POINT ( 'NONE',  ( -16.91999999999999815, 3.679999999999976623, 7.500000000000002665 ) ) ;
#7535 = PLANE ( 'NONE',  #1268 ) ;
#7536 = DIRECTION ( 'NONE',  ( 0.000000000000000000, 0.000000000000000000, -1.000000000000000000 ) ) ;
#7537 = ADVANCED_FACE ( 'NONE', ( #3243 ), #7555, .T. ) ;
#7538 = DIRECTION ( 'NONE',  ( 0.000000000000000000, -1.000000000000000000, 0.000000000000000000 ) ) ;
#7539 = AXIS2_PLACEMENT_3D ( 'NONE', #10393, #7156, #4637 ) ;
#7540 = VECTOR ( 'NONE', #8707, 1000.000000000000000 ) ;
#7541 = FACE_OUTER_BOUND ( 'NONE', #9875, .T. ) ;
#7542 = EDGE_CURVE ( 'NONE', #2187, #10963, #4201, .T. ) ;
#7543 = DIRECTION ( 'NONE',  ( -0.3312945782245003690, 0.3312945782245003690, -0.8834522085988016915 ) ) ;
#7544 = ORIENTED_EDGE ( 'NONE', *, *, #10084, .T. ) ;
#7545 = VECTOR ( 'NONE', #9541, 1000.000000000000000 ) ;
#7546 = VERTEX_POINT ( 'NONE', #3301 ) ;
#7547 = ADVANCED_FACE ( 'NONE', ( #10119 ), #8341, .F. ) ;
#7548 = AXIS2_PLACEMENT_3D ( 'NONE', #9475, #6912, #10260 ) ;
#7549 = DIRECTION ( 'NONE',  ( 0.000000000000000000, 0.000000000000000000, 1.000000000000000000 ) ) ;
#7550 = EDGE_CURVE ( 'NONE', #447, #2986, #5039, .T. ) ;
#7551 = LINE ( 'NONE', #6709, #4939 ) ;
#7552 = CARTESIAN_POINT ( 'NONE',  ( -12.31999999999999851, 0.7499999999999763522, -0.9999999999999983347 ) ) ;
#7553 = LINE ( 'NONE', #7610, #5044 ) ;
#7554 = EDGE_LOOP ( 'NONE', ( #10754, #5393, #7063, #8801 ) ) ;
#7555 = PLANE ( 'NONE',  #6842 ) ;
#7556 = EDGE_CURVE ( 'NONE', #2334, #3658, #8286, .T. ) ;
#7557 = DIRECTION ( 'NONE',  ( 0.000000000000000000, 0.000000000000000000, -1.000000000000000000 ) ) ;
#7558 = VECTOR ( 'NONE', #10632, 1000.000000000000000 ) ;
#7559 = CIRCLE ( 'NONE', #760, 1.400000000000000133 ) ;
#7560 = FACE_OUTER_BOUND ( 'NONE', #7832, .T. ) ;
#7561 = ORIENTED_EDGE ( 'NONE', *, *, #10030, .T. ) ;
#7562 = EDGE_CURVE ( 'NONE', #6775, #9506, #9174, .T. ) ;
#7563 = VERTEX_POINT ( 'NONE', #661 ) ;
#7564 = VERTEX_POINT ( 'NONE', #8452 ) ;
#7565 = DIRECTION ( 'NONE',  ( 0.000000000000000000, -1.000000000000000000, 0.000000000000000000 ) ) ;
#7566 = DIRECTION ( 'NONE',  ( 0.000000000000000000, 1.000000000000000000, 0.000000000000000000 ) ) ;
#7567 = VERTEX_POINT ( 'NONE', #10895 ) ;
#7568 = CARTESIAN_POINT ( 'NONE',  ( -5.679999999999999716, 3.484999999999976339, 0.3500000000000021982 ) ) ;
#7569 = ORIENTED_EDGE ( 'NONE', *, *, #8723, .T. ) ;
#7570 = VECTOR ( 'NONE', #8264, 1000.000000000000114 ) ;
#7571 = CARTESIAN_POINT ( 'NONE',  ( -12.31999999999999851, 3.304999999999976179, 0.2700000000000020162 ) ) ;
#7572 = VERTEX_POINT ( 'NONE', #6654 ) ;
#7573 = LINE ( 'NONE', #5112, #1653 ) ;
#7574 = CARTESIAN_POINT ( 'NONE',  ( -5.679999999999999716, 3.304999999999976179, -0.3199999999999982303 ) ) ;
#7575 = FACE_OUTER_BOUND ( 'NONE', #5701, .T. ) ;
#7576 = CARTESIAN_POINT ( 'NONE',  ( 3.270000000000000462, 2.159999999999976605, 1.513829809427001960 ) ) ;
#7577 = VECTOR ( 'NONE', #2580, 1000.000000000000000 ) ;
#7578 = ORIENTED_EDGE ( 'NONE', *, *, #3571, .T. ) ;
#7579 = VERTEX_POINT ( 'NONE', #4984 ) ;
#7580 = EDGE_LOOP ( 'NONE', ( #5465, #9706, #8498, #2755 ) ) ;
#7581 = ORIENTED_EDGE ( 'NONE', *, *, #2336, .T. ) ;
#7582 = EDGE_CURVE ( 'NONE', #10507, #9455, #10061, .T. ) ;
#7583 = CARTESIAN_POINT ( 'NONE',  ( -5.679999999999999716, 2.749999999999976463, 6.500000000000002665 ) ) ;
#7584 = CARTESIAN_POINT ( 'NONE',  ( -14.67999999999999794, 3.304999999999976179, -0.3299999999999978506 ) ) ;
#7585 = DIRECTION ( 'NONE',  ( 1.000000000000000000, 0.000000000000000000, 0.000000000000000000 ) ) ;
#7586 = CARTESIAN_POINT ( 'NONE',  ( -9.169999999999999929, -3.220000000000023288, 0.1700000000000021771 ) ) ;
#7587 = DIRECTION ( 'NONE',  ( 0.000000000000000000, 0.000000000000000000, -1.000000000000000000 ) ) ;
#7588 = DIRECTION ( 'NONE',  ( 0.000000000000000000, 0.000000000000000000, 1.000000000000000000 ) ) ;
#7589 = DIRECTION ( 'NONE',  ( 0.000000000000000000, 1.000000000000000000, 0.000000000000000000 ) ) ;
#7590 = VERTEX_POINT ( 'NONE', #5818 ) ;
#7591 = VERTEX_POINT ( 'NONE', #6599 ) ;
#7592 = VECTOR ( 'NONE', #1002, 1000.000000000000000 ) ;
#7593 = DIRECTION ( 'NONE',  ( 0.000000000000000000, 1.000000000000000000, 0.000000000000000000 ) ) ;
#7594 = CARTESIAN_POINT ( 'NONE',  ( -2.680000000000000160, 2.109999999999976339, 6.500000000000002665 ) ) ;
#7595 = DIRECTION ( 'NONE',  ( 0.000000000000000000, -1.000000000000000000, 0.000000000000000000 ) ) ;
#7596 = EDGE_CURVE ( 'NONE', #783, #9529, #2403, .T. ) ;
#7597 = EDGE_CURVE ( 'NONE', #600, #9662, #11009, .T. ) ;
#7598 = DIRECTION ( 'NONE',  ( 0.000000000000000000, 0.000000000000000000, -1.000000000000000000 ) ) ;
#7599 = FACE_OUTER_BOUND ( 'NONE', #398, .T. ) ;
#7600 = VECTOR ( 'NONE', #1000, 1000.000000000000000 ) ;
#7601 = LINE ( 'NONE', #1774, #7294 ) ;
#7602 = ORIENTED_EDGE ( 'NONE', *, *, #4003, .T. ) ;
#7603 = ORIENTED_EDGE ( 'NONE', *, *, #3124, .F. ) ;
#7604 = VECTOR ( 'NONE', #3386, 1000.000000000000000 ) ;
#7605 = ADVANCED_FACE ( 'NONE', ( #8391 ), #10953, .T. ) ;
#7606 = LINE ( 'NONE', #10165, #6266 ) ;
#7607 = DIRECTION ( 'NONE',  ( 1.000000000000000000, 0.000000000000000000, 0.000000000000000000 ) ) ;
#7608 = DIRECTION ( 'NONE',  ( 1.000000000000000000, 0.000000000000000000, 0.000000000000000000 ) ) ;
#7609 = VECTOR ( 'NONE', #1551, 1000.000000000000000 ) ;
#7610 = CARTESIAN_POINT ( 'NONE',  ( -3.319999999999999840, 3.304999999999976179, 0.2700000000000020162 ) ) ;
#7611 = ORIENTED_EDGE ( 'NONE', *, *, #9196, .T. ) ;
#7612 = CARTESIAN_POINT ( 'NONE',  ( -3.319999999999999840, 3.699999999999976641, -0.9999999999999983347 ) ) ;
#7613 = EDGE_CURVE ( 'NONE', #9359, #4039, #1886, .T. ) ;
#7614 = LINE ( 'NONE', #1731, #2229 ) ;
#7615 = DIRECTION ( 'NONE',  ( 0.000000000000000000, 0.000000000000000000, -1.000000000000000000 ) ) ;
#7616 = VERTEX_POINT ( 'NONE', #2778 ) ;
#7617 = EDGE_CURVE ( 'NONE', #1797, #4111, #6199, .T. ) ;
#7618 = ORIENTED_EDGE ( 'NONE', *, *, #6505, .F. ) ;
#7619 = VECTOR ( 'NONE', #8946, 1000.000000000000000 ) ;
#7620 = ORIENTED_EDGE ( 'NONE', *, *, #7149, .F. ) ;
#7621 = CARTESIAN_POINT ( 'NONE',  ( -2.680000000000000160, 3.304999999999976179, 0.2700000000000020162 ) ) ;
#7622 = VERTEX_POINT ( 'NONE', #4576 ) ;
#7623 = PLANE ( 'NONE',  #9222 ) ;
#7624 = VECTOR ( 'NONE', #7952, 1000.000000000000000 ) ;
#7625 = VERTEX_POINT ( 'NONE', #9489 ) ;
#7626 = DIRECTION ( 'NONE',  ( 1.000000000000000000, 0.000000000000000000, 0.000000000000000000 ) ) ;
#7627 = ORIENTED_EDGE ( 'NONE', *, *, #6881, .F. ) ;
#7628 = DIRECTION ( 'NONE',  ( 0.000000000000000000, 0.000000000000000000, -1.000000000000000000 ) ) ;
#7629 = FACE_OUTER_BOUND ( 'NONE', #1526, .T. ) ;
#7630 = CARTESIAN_POINT ( 'NONE',  ( -16.96000000000000085, 0.7499999999999763522, 0.7000000000000022871 ) ) ;
#7631 = EDGE_CURVE ( 'NONE', #10235, #7501, #2660, .T. ) ;
#7632 = DIRECTION ( 'NONE',  ( 0.000000000000000000, 1.000000000000000000, 0.000000000000000000 ) ) ;
#7633 = PRODUCT_RELATED_PRODUCT_CATEGORY ( 'part', '', ( #3267 ) ) ;
#7634 = AXIS2_PLACEMENT_3D ( 'NONE', #2439, #2318, #9260 ) ;
#7635 = EDGE_CURVE ( 'NONE', #3072, #10178, #1995, .T. ) ;
#7636 = ORIENTED_EDGE ( 'NONE', *, *, #8769, .T. ) ;
#7637 = VERTEX_POINT ( 'NONE', #5364 ) ;
#7638 = ORIENTED_EDGE ( 'NONE', *, *, #1764, .F. ) ;
#7639 = CARTESIAN_POINT ( 'NONE',  ( -14.34999999999999964, 0.4999999999999763522, 8.050000000000000711 ) ) ;
#7640 = ORIENTED_EDGE ( 'NONE', *, *, #10830, .F. ) ;
#7641 = DIRECTION ( 'NONE',  ( 0.000000000000000000, 1.000000000000000000, 0.000000000000000000 ) ) ;
#7642 = PLANE ( 'NONE',  #10620 ) ;
#7643 = PLANE ( 'NONE',  #10578 ) ;
#7644 = CARTESIAN_POINT ( 'NONE',  ( -1.297777769017999461, -2.658021298856023229, 3.300000000000002043 ) ) ;
#7645 = DIRECTION ( 'NONE',  ( 1.000000000000000000, 0.000000000000000000, 0.000000000000000000 ) ) ;
#7646 = EDGE_CURVE ( 'NONE', #4715, #3471, #9604, .T. ) ;
#7647 = CARTESIAN_POINT ( 'NONE',  ( -9.320000000000000284, 2.749999999999976463, 6.100000000000002309 ) ) ;
#7648 = ORIENTED_EDGE ( 'NONE', *, *, #6656, .F. ) ;
#7649 = ORIENTED_EDGE ( 'NONE', *, *, #1734, .T. ) ;
#7650 = CARTESIAN_POINT ( 'NONE',  ( -1.749999999999999778, 3.679999999999976623, 8.900000000000002132 ) ) ;
#7651 = DIRECTION ( 'NONE',  ( 0.000000000000000000, -1.000000000000000000, 0.000000000000000000 ) ) ;
#7652 = DIRECTION ( 'NONE',  ( 0.000000000000000000, 0.000000000000000000, -1.000000000000000000 ) ) ;
#7653 = LINE ( 'NONE', #5195, #7188 ) ;
#7654 = DIRECTION ( 'NONE',  ( 0.000000000000000000, -1.000000000000000000, 0.000000000000000000 ) ) ;
#7655 = LINE ( 'NONE', #9273, #2951 ) ;
#7656 = EDGE_CURVE ( 'NONE', #7508, #9253, #10440, .T. ) ;
#7657 = FACE_OUTER_BOUND ( 'NONE', #2003, .T. ) ;
#7658 = VECTOR ( 'NONE', #6160, 1000.000000000000000 ) ;
#7659 = VERTEX_POINT ( 'NONE', #8656 ) ;
#7660 = VECTOR ( 'NONE', #10646, 1000.000000000000000 ) ;
#7661 = VERTEX_POINT ( 'NONE', #1942 ) ;
#7662 = EDGE_CURVE ( 'NONE', #7792, #8932, #4462, .T. ) ;
#7663 = DIRECTION ( 'NONE',  ( 0.000000000000000000, -1.000000000000000000, 0.000000000000000000 ) ) ;
#7664 = LINE ( 'NONE', #5092, #2961 ) ;
#7665 = DIRECTION ( 'NONE',  ( 1.000000000000000000, 0.000000000000000000, 0.000000000000000000 ) ) ;
#7666 = DIRECTION ( 'NONE',  ( 0.000000000000000000, 0.000000000000000000, -1.000000000000000000 ) ) ;
#7667 =( GEOMETRIC_REPRESENTATION_CONTEXT ( 3 ) GLOBAL_UNCERTAINTY_ASSIGNED_CONTEXT ( ( #4633 ) ) GLOBAL_UNIT_ASSIGNED_CONTEXT ( ( #10871, #4908, #7529 ) ) REPRESENTATION_CONTEXT ( 'NONE', 'WORKASPACE' ) );
#7668 = ORIENTED_EDGE ( 'NONE', *, *, #214, .F. ) ;
#7669 = DIRECTION ( 'NONE',  ( 0.000000000000000000, 1.000000000000000000, 0.000000000000000000 ) ) ;
#7670 = DIRECTION ( 'NONE',  ( 0.000000000000000000, 0.000000000000000000, -1.000000000000000000 ) ) ;
#7671 = VERTEX_POINT ( 'NONE', #8766 ) ;
#7672 = ADVANCED_FACE ( 'NONE', ( #1094 ), #258, .F. ) ;
#7673 = VERTEX_POINT ( 'NONE', #984 ) ;
#7674 = VECTOR ( 'NONE', #4615, 1000.000000000000114 ) ;
#7675 = LINE ( 'NONE', #11070, #9994 ) ;
#7676 = ORIENTED_EDGE ( 'NONE', *, *, #9466, .F. ) ;
#7677 = LINE ( 'NONE', #10179, #1001 ) ;
#7678 = ORIENTED_EDGE ( 'NONE', *, *, #4308, .T. ) ;
#7679 = CARTESIAN_POINT ( 'NONE',  ( 3.319999999999999840, 2.159999999999976605, 1.301063802838002159 ) ) ;
#7680 = ORIENTED_EDGE ( 'NONE', *, *, #9369, .T. ) ;
#7681 = DIRECTION ( 'NONE',  ( 0.000000000000000000, 0.000000000000000000, -1.000000000000000000 ) ) ;
#7682 = DIRECTION ( 'NONE',  ( 0.000000000000000000, 0.000000000000000000, 1.000000000000000000 ) ) ;
#7683 = CARTESIAN_POINT ( 'NONE',  ( -12.31999999999999851, 3.304999999999976179, -0.3199999999999982303 ) ) ;
#7684 = CARTESIAN_POINT ( 'NONE',  ( 3.319999999999999840, -0.04000000000002352368, -0.9999999999999983347 ) ) ;
#7685 = ORIENTED_EDGE ( 'NONE', *, *, #5373, .F. ) ;
#7686 = ORIENTED_EDGE ( 'NONE', *, *, #1095, .F. ) ;
#7687 = EDGE_LOOP ( 'NONE', ( #1686, #6037, #6724, #2267 ) ) ;
#7688 = ORIENTED_EDGE ( 'NONE', *, *, #955, .T. ) ;
#7689 = CARTESIAN_POINT ( 'NONE',  ( -8.830000000000000071, -3.220000000000023288, 0.1700000000000021771 ) ) ;
#7690 = VERTEX_POINT ( 'NONE', #10492 ) ;
#7691 = EDGE_CURVE ( 'NONE', #4212, #6947, #7932, .T. ) ;
#7692 = EDGE_CURVE ( 'NONE', #6069, #2643, #9659, .T. ) ;
#7693 = FACE_OUTER_BOUND ( 'NONE', #5029, .T. ) ;
#7694 = DIRECTION ( 'NONE',  ( 0.000000000000000000, -1.000000000000000000, 0.000000000000000000 ) ) ;
#7695 = LINE ( 'NONE', #5793, #3260 ) ;
#7696 = DIRECTION ( 'NONE',  ( 0.000000000000000000, 0.000000000000000000, -1.000000000000000000 ) ) ;
#7697 = DIRECTION ( 'NONE',  ( 0.000000000000000000, 1.000000000000000000, 0.000000000000000000 ) ) ;
#7698 = VECTOR ( 'NONE', #10769, 1000.000000000000000 ) ;
#7699 = EDGE_CURVE ( 'NONE', #8456, #7907, #10380, .T. ) ;
#7700 = CARTESIAN_POINT ( 'NONE',  ( -3.319999999999999840, 2.109999999999976339, 0.3500000000000021982 ) ) ;
#7701 = ORIENTED_EDGE ( 'NONE', *, *, #8377, .T. ) ;
#7702 = ORIENTED_EDGE ( 'NONE', *, *, #5008, .F. ) ;
#7703 = LINE ( 'NONE', #1601, #6629 ) ;
#7704 = PLANE ( 'NONE',  #3439 ) ;
#7705 = VECTOR ( 'NONE', #3718, 1000.000000000000000 ) ;
#7706 = DIRECTION ( 'NONE',  ( 0.000000000000000000, -1.000000000000000000, 0.000000000000000000 ) ) ;
#7707 = FACE_OUTER_BOUND ( 'NONE', #5930, .T. ) ;
#7708 = LINE ( 'NONE', #3457, #2425 ) ;
#7709 = DIRECTION ( 'NONE',  ( 1.000000000000000000, 0.000000000000000000, 0.000000000000000000 ) ) ;
#7710 = EDGE_LOOP ( 'NONE', ( #4151, #40, #10209, #8075 ) ) ;
#7711 = VERTEX_POINT ( 'NONE', #3565 ) ;
#7712 = DIRECTION ( 'NONE',  ( 0.000000000000000000, -1.000000000000000000, 0.000000000000000000 ) ) ;
#7713 = LINE ( 'NONE', #4080, #6903 ) ;
#7714 = DIRECTION ( 'NONE',  ( 0.000000000000000000, -1.000000000000000000, 0.000000000000000000 ) ) ;
#7715 = AXIS2_PLACEMENT_3D ( 'NONE', #6651, #10839, #5399 ) ;
#7716 = EDGE_CURVE ( 'NONE', #8298, #4639, #7146, .T. ) ;
#7717 = CARTESIAN_POINT ( 'NONE',  ( -5.679999999999999716, 2.109999999999976339, 0.3200000000000021161 ) ) ;
#7718 = VERTEX_POINT ( 'NONE', #10542 ) ;
#7719 = DIRECTION ( 'NONE',  ( 0.000000000000000000, 0.000000000000000000, 1.000000000000000000 ) ) ;
#7720 = CARTESIAN_POINT ( 'NONE',  ( -11.83000000000000007, -3.220000000000023288, 0.1700000000000021771 ) ) ;
#7721 = ORIENTED_EDGE ( 'NONE', *, *, #6391, .F. ) ;
#7722 = VECTOR ( 'NONE', #8157, 1000.000000000000000 ) ;
#7723 = EDGE_LOOP ( 'NONE', ( #8163, #5883, #6866, #6681 ) ) ;
#7724 = DIRECTION ( 'NONE',  ( 0.000000000000000000, 0.000000000000000000, -1.000000000000000000 ) ) ;
#7725 = ORIENTED_EDGE ( 'NONE', *, *, #6786, .T. ) ;
#7726 = CARTESIAN_POINT ( 'NONE',  ( -13.35000000000000142, -2.341876692568689577E-14, 3.300000000000002043 ) ) ;
#7727 = ADVANCED_FACE ( 'NONE', ( #200 ), #6974, .F. ) ;
#7728 = EDGE_LOOP ( 'NONE', ( #4311, #3027, #9121, #2322 ) ) ;
#7729 = VECTOR ( 'NONE', #10433, 1000.000000000000114 ) ;
#7730 = CARTESIAN_POINT ( 'NONE',  ( 1.959999999999999964, 1.159999999999976383, -0.9999999999999983347 ) ) ;
#7731 = EDGE_CURVE ( 'NONE', #721, #9803, #4387, .T. ) ;
#7732 = AXIS2_PLACEMENT_3D ( 'NONE', #8093, #6408, #9807 ) ;
#7733 = VECTOR ( 'NONE', #3191, 1000.000000000000000 ) ;
#7734 = VERTEX_POINT ( 'NONE', #8581 ) ;
#7735 = CARTESIAN_POINT ( 'NONE',  ( -5.830000000000000071, -3.220000000000023288, 0.1700000000000021771 ) ) ;
#7736 = DIRECTION ( 'NONE',  ( 0.000000000000000000, 0.000000000000000000, 1.000000000000000000 ) ) ;
#7737 = CARTESIAN_POINT ( 'NONE',  ( -2.680000000000000160, 1.159999999999976383, -0.3299999999999978506 ) ) ;
#7738 = DIRECTION ( 'NONE',  ( -1.000000000000000000, 0.000000000000000000, 0.000000000000000000 ) ) ;
#7739 = VERTEX_POINT ( 'NONE', #9417 ) ;
#7740 = VERTEX_POINT ( 'NONE', #4854 ) ;
#7741 = ORIENTED_EDGE ( 'NONE', *, *, #9027, .T. ) ;
#7742 = VECTOR ( 'NONE', #7359, 1000.000000000000000 ) ;
#7743 = ORIENTED_EDGE ( 'NONE', *, *, #7865, .T. ) ;
#7744 = CARTESIAN_POINT ( 'NONE',  ( -12.31999999999999851, 4.359999999999976339, -0.9999999999999983347 ) ) ;
#7745 = ORIENTED_EDGE ( 'NONE', *, *, #10268, .T. ) ;
#7746 = FACE_OUTER_BOUND ( 'NONE', #2082, .T. ) ;
#7747 = CARTESIAN_POINT ( 'NONE',  ( -1.249999999999999334, 3.679999999999976623, 2.296000000000002039 ) ) ;
#7748 = EDGE_CURVE ( 'NONE', #1733, #8485, #8528, .T. ) ;
#7749 = LINE ( 'NONE', #10316, #2371 ) ;
#7750 = DIRECTION ( 'NONE',  ( 0.000000000000000000, 0.000000000000000000, -1.000000000000000000 ) ) ;
#7751 = PLANE ( 'NONE',  #10883 ) ;
#7752 = VECTOR ( 'NONE', #4062, 1000.000000000000000 ) ;
#7753 = EDGE_CURVE ( 'NONE', #1127, #2921, #3168, .T. ) ;
#7754 = CARTESIAN_POINT ( 'NONE',  ( -15.32000000000000028, 2.109999999999976339, 2.296000000000002039 ) ) ;
#7755 = ORIENTED_EDGE ( 'NONE', *, *, #4636, .F. ) ;
#7756 = ORIENTED_EDGE ( 'NONE', *, *, #4249, .T. ) ;
#7757 = LINE ( 'NONE', #6248, #3606 ) ;
#7758 = LINE ( 'NONE', #2499, #2352 ) ;
#7759 = DIRECTION ( 'NONE',  ( 1.000000000000000000, 0.000000000000000000, 0.000000000000000000 ) ) ;
#7760 = DIRECTION ( 'NONE',  ( 1.000000000000000000, 0.000000000000000000, 0.000000000000000000 ) ) ;
#7761 = DIRECTION ( 'NONE',  ( 0.000000000000000000, -1.000000000000000000, 0.000000000000000000 ) ) ;
#7762 = ADVANCED_FACE ( 'NONE', ( #73 ), #965, .F. ) ;
#7763 = FILL_AREA_STYLE ('',( #1833 ) ) ;
#7764 = AXIS2_PLACEMENT_3D ( 'NONE', #1342, #4880, #8121 ) ;
#7765 = EDGE_LOOP ( 'NONE', ( #10461, #1238, #8394, #8960 ) ) ;
#7766 = EDGE_CURVE ( 'NONE', #1864, #2482, #9471, .T. ) ;
#7767 = DIRECTION ( 'NONE',  ( 0.000000000000000000, 1.000000000000000000, 0.000000000000000000 ) ) ;
#7768 = LINE ( 'NONE', #5371, #8871 ) ;
#7769 = CARTESIAN_POINT ( 'NONE',  ( -8.679999999999999716, 0.7499999999999763522, -0.9999999999999983347 ) ) ;
#7770 = DIRECTION ( 'NONE',  ( -1.000000000000000000, 0.000000000000000000, 0.000000000000000000 ) ) ;
#7771 = VECTOR ( 'NONE', #6546, 1000.000000000000000 ) ;
#7772 = ORIENTED_EDGE ( 'NONE', *, *, #3949, .F. ) ;
#7773 = LINE ( 'NONE', #6265, #5999 ) ;
#7774 = CARTESIAN_POINT ( 'NONE',  ( 0.3200000000000008393, 2.109999999999976339, 2.296000000000002039 ) ) ;
#7775 = ORIENTED_EDGE ( 'NONE', *, *, #10268, .F. ) ;
#7776 = EDGE_CURVE ( 'NONE', #206, #8349, #3546, .T. ) ;
#7777 = ORIENTED_EDGE ( 'NONE', *, *, #7144, .T. ) ;
#7778 = AXIS2_PLACEMENT_3D ( 'NONE', #10995, #3229, #10218 ) ;
#7779 = CARTESIAN_POINT ( 'NONE',  ( 2.360000000000001208, 1.554999999999976623, 0.2700000000000020162 ) ) ;
#7780 = EDGE_LOOP ( 'NONE', ( #4663, #4172, #6161, #4025 ) ) ;
#7781 = LINE ( 'NONE', #11019, #6905 ) ;
#7782 = ORIENTED_EDGE ( 'NONE', *, *, #2836, .T. ) ;
#7783 = CARTESIAN_POINT ( 'NONE',  ( -14.67999999999999794, 3.304999999999976179, -0.3299999999999978506 ) ) ;
#7784 = ORIENTED_EDGE ( 'NONE', *, *, #2474, .T. ) ;
#7785 = CARTESIAN_POINT ( 'NONE',  ( 2.360000000000001208, 1.159999999999976383, -0.3299999999999978506 ) ) ;
#7786 = CARTESIAN_POINT ( 'NONE',  ( 1.250000000000001110, 1.879999999999976357, 8.900000000000002132 ) ) ;
#7787 = DIRECTION ( 'NONE',  ( -0.3312945782245003690, -0.8834522085988016915, 0.3312945782245003690 ) ) ;
#7788 = AXIS2_PLACEMENT_3D ( 'NONE', #1220, #2064, #9882 ) ;
#7789 = LINE ( 'NONE', #4221, #996 ) ;
#7790 = VERTEX_POINT ( 'NONE', #7689 ) ;
#7791 = VECTOR ( 'NONE', #3587, 1000.000000000000000 ) ;
#7792 = VERTEX_POINT ( 'NONE', #1754 ) ;
#7793 = AXIS2_PLACEMENT_3D ( 'NONE', #1975, #1020, #1134 ) ;
#7794 = ORIENTED_EDGE ( 'NONE', *, *, #6319, .T. ) ;
#7795 = ORIENTED_EDGE ( 'NONE', *, *, #8789, .F. ) ;
#7796 = CARTESIAN_POINT ( 'NONE',  ( -6.200000000000000178, 4.364999999999976232, 8.350000000000003197 ) ) ;
#7797 = EDGE_CURVE ( 'NONE', #9223, #10360, #856, .T. ) ;
#7798 = EDGE_LOOP ( 'NONE', ( #7668, #9928, #10894, #7794 ) ) ;
#7799 = DIRECTION ( 'NONE',  ( 0.000000000000000000, 0.000000000000000000, 1.000000000000000000 ) ) ;
#7800 = DIRECTION ( 'NONE',  ( 0.000000000000000000, 0.000000000000000000, -1.000000000000000000 ) ) ;
#7801 = DIRECTION ( 'NONE',  ( 0.000000000000000000, 1.000000000000000000, 0.000000000000000000 ) ) ;
#7802 = CARTESIAN_POINT ( 'NONE',  ( -15.32000000000000028, 2.749999999999976463, 2.296000000000002039 ) ) ;
#7803 = CARTESIAN_POINT ( 'NONE',  ( -1.424041139090999053, -2.748363505346023139, 3.300000000000002043 ) ) ;
#7804 = CARTESIAN_POINT ( 'NONE',  ( -10.24999999999999822, 1.879999999999976357, 8.900000000000002132 ) ) ;
#7805 = VECTOR ( 'NONE', #9953, 1000.000000000000114 ) ;
#7806 = EDGE_CURVE ( 'NONE', #9242, #1583, #6579, .T. ) ;
#7807 = CARTESIAN_POINT ( 'NONE',  ( -12.94999999999999929, -2.341876692568689577E-14, 4.300000000000001599 ) ) ;
#7808 = VERTEX_POINT ( 'NONE', #9986 ) ;
#7809 = ORIENTED_EDGE ( 'NONE', *, *, #7297, .T. ) ;
#7810 = EDGE_CURVE ( 'NONE', #3100, #3757, #5230, .T. ) ;
#7811 = LINE ( 'NONE', #138, #6990 ) ;
#7812 = CARTESIAN_POINT ( 'NONE',  ( -13.98697972370399967, -2.419006550291023405, 3.300000000000002043 ) ) ;
#7813 = LINE ( 'NONE', #141, #3802 ) ;
#7814 = CARTESIAN_POINT ( 'NONE',  ( 0.5500000000000001554, 1.179999999999976401, 8.900000000000002132 ) ) ;
#7815 = CARTESIAN_POINT ( 'NONE',  ( -1.649999999999999467, -2.341876692568689577E-14, 0.8500000000000021982 ) ) ;
#7816 = CARTESIAN_POINT ( 'NONE',  ( -12.31999999999999851, 0.7499999999999763522, 0.3200000000000021161 ) ) ;
#7817 = DIRECTION ( 'NONE',  ( 0.000000000000000000, 1.000000000000000000, 0.000000000000000000 ) ) ;
#7818 = ORIENTED_EDGE ( 'NONE', *, *, #3523, .F. ) ;
#7819 = EDGE_CURVE ( 'NONE', #2225, #3100, #5121, .T. ) ;
#7820 = ORIENTED_EDGE ( 'NONE', *, *, #6226, .T. ) ;
#7821 = LINE ( 'NONE', #9440, #4655 ) ;
#7822 = LINE ( 'NONE', #10389, #8952 ) ;
#7823 = CARTESIAN_POINT ( 'NONE',  ( -10.24999999999999822, 1.879999999999976357, 2.296000000000002039 ) ) ;
#7824 = ADVANCED_FACE ( 'NONE', ( #10312 ), #6121, .F. ) ;
#7825 = DIRECTION ( 'NONE',  ( 0.6635381078444798630, 0.3455927645022893180, -0.6635381078444798630 ) ) ;
#7826 = VERTEX_POINT ( 'NONE', #2324 ) ;
#7827 = CARTESIAN_POINT ( 'NONE',  ( -9.549999999999998934, 1.179999999999976401, 8.900000000000002132 ) ) ;
#7828 = ADVANCED_FACE ( 'NONE', ( #8636 ), #7422, .T. ) ;
#7829 = VECTOR ( 'NONE', #8148, 1000.000000000000000 ) ;
#7830 = LINE ( 'NONE', #8056, #8658 ) ;
#7831 = ORIENTED_EDGE ( 'NONE', *, *, #5993, .F. ) ;
#7832 = EDGE_LOOP ( 'NONE', ( #8567, #522, #2130, #3433, #7317 ) ) ;
#7833 = AXIS2_PLACEMENT_3D ( 'NONE', #4761, #9949, #5542 ) ;
#7834 = LINE ( 'NONE', #9567, #6405 ) ;
#7835 = VERTEX_POINT ( 'NONE', #4277 ) ;
#7836 = LINE ( 'NONE', #6272, #6195 ) ;
#7837 = DIRECTION ( 'NONE',  ( 0.000000000000000000, 0.000000000000000000, -1.000000000000000000 ) ) ;
#7838 = AXIS2_PLACEMENT_3D ( 'NONE', #3297, #6710, #1613 ) ;
#7839 = ORIENTED_EDGE ( 'NONE', *, *, #7731, .F. ) ;
#7840 = EDGE_CURVE ( 'NONE', #2035, #10141, #3990, .T. ) ;
#7841 = FACE_OUTER_BOUND ( 'NONE', #8250, .T. ) ;
#7842 = CARTESIAN_POINT ( 'NONE',  ( 0.3200000000000008393, 2.429999999999976623, 3.950000000000001954 ) ) ;
#7843 = CARTESIAN_POINT ( 'NONE',  ( -12.16999999999999993, -3.220000000000023288, -0.1699999999999982636 ) ) ;
#7844 = CARTESIAN_POINT ( 'NONE',  ( -11.67999999999999972, -2.820000000000023821, -0.3199999999999982303 ) ) ;
#7845 = VERTEX_POINT ( 'NONE', #6853 ) ;
#7846 = VECTOR ( 'NONE', #7787, 1000.000000000000114 ) ;
#7847 = ORIENTED_EDGE ( 'NONE', *, *, #5449, .T. ) ;
#7848 = ORIENTED_EDGE ( 'NONE', *, *, #6771, .F. ) ;
#7849 = ORIENTED_EDGE ( 'NONE', *, *, #2396, .T. ) ;
#7850 = CARTESIAN_POINT ( 'NONE',  ( -2.830000000000000071, -3.220000000000023288, 0.1700000000000021771 ) ) ;
#7851 = VERTEX_POINT ( 'NONE', #1698 ) ;
#7852 = CARTESIAN_POINT ( 'NONE',  ( -18.32000000000000028, 1.679999999999976401, -0.9999999999999983347 ) ) ;
#7853 = PLANE ( 'NONE',  #3430 ) ;
#7854 = CARTESIAN_POINT ( 'NONE',  ( -13.35000000000000320, -3.242252262321842160, 4.922601176880784024 ) ) ;
#7855 = EDGE_CURVE ( 'NONE', #3981, #660, #5959, .T. ) ;
#7856 = DIRECTION ( 'NONE',  ( 0.000000000000000000, 0.000000000000000000, -1.000000000000000000 ) ) ;
#7857 = LINE ( 'NONE', #1981, #2206 ) ;
#7858 = DIRECTION ( 'NONE',  ( 0.000000000000000000, 0.000000000000000000, 1.000000000000000000 ) ) ;
#7859 = CARTESIAN_POINT ( 'NONE',  ( 0.3200000000000008393, 3.484999999999976339, 0.3500000000000021982 ) ) ;
#7860 = CARTESIAN_POINT ( 'NONE',  ( 2.360000000000001208, 0.4999999999999763522, 5.400000000000002132 ) ) ;
#7861 = ORIENTED_EDGE ( 'NONE', *, *, #8450, .T. ) ;
#7862 = VERTEX_POINT ( 'NONE', #9362 ) ;
#7863 = CARTESIAN_POINT ( 'NONE',  ( -18.32000000000000028, 4.359999999999976339, -0.9999999999999983347 ) ) ;
#7864 = DIRECTION ( 'NONE',  ( 0.000000000000000000, 0.000000000000000000, -1.000000000000000000 ) ) ;
#7865 = EDGE_CURVE ( 'NONE', #10435, #2370, #10256, .T. ) ;
#7866 = VECTOR ( 'NONE', #1146, 1000.000000000000000 ) ;
#7867 = LINE ( 'NONE', #197, #3063 ) ;
#7868 = DIRECTION ( 'NONE',  ( -0.7071067811865474617, 0.000000000000000000, 0.7071067811865474617 ) ) ;
#7869 = DIRECTION ( 'NONE',  ( 0.000000000000000000, 1.000000000000000000, 0.000000000000000000 ) ) ;
#7870 = EDGE_CURVE ( 'NONE', #7970, #7036, #4243, .T. ) ;
#7871 = DIRECTION ( 'NONE',  ( 0.9363291775690363306, 0.000000000000000000, 0.3511234415884135762 ) ) ;
#7872 = CARTESIAN_POINT ( 'NONE',  ( -5.679999999999999716, 0.7499999999999763522, 0.3200000000000021161 ) ) ;
#7873 = VECTOR ( 'NONE', #2843, 1000.000000000000000 ) ;
#7874 = ORIENTED_EDGE ( 'NONE', *, *, #3177, .F. ) ;
#7875 = ORIENTED_EDGE ( 'NONE', *, *, #7948, .T. ) ;
#7876 = EDGE_CURVE ( 'NONE', #8508, #6947, #9547, .T. ) ;
#7877 = CARTESIAN_POINT ( 'NONE',  ( -18.32000000000000028, -0.04000000000002352368, -0.9999999999999983347 ) ) ;
#7878 = CIRCLE ( 'NONE', #3047, 1.400000000000000133 ) ;
#7879 = CARTESIAN_POINT ( 'NONE',  ( -12.94999999999999929, -3.097496087967024359, 4.300000000000001599 ) ) ;
#7880 = PLANE ( 'NONE',  #3736 ) ;
#7881 = CARTESIAN_POINT ( 'NONE',  ( -14.26424287528699963, -2.151769090595023304, 5.300000000000002487 ) ) ;
#7882 = ADVANCED_FACE ( 'NONE', ( #5252 ), #4407, .T. ) ;
#7883 = VERTEX_POINT ( 'NONE', #5196 ) ;
#7884 = CARTESIAN_POINT ( 'NONE',  ( -15.32000000000000028, 2.429999999999976623, 3.950000000000001954 ) ) ;
#7885 = DIRECTION ( 'NONE',  ( 0.7071067811865474617, 0.000000000000000000, 0.7071067811865474617 ) ) ;
#7886 = ORIENTED_EDGE ( 'NONE', *, *, #10942, .T. ) ;
#7887 = ADVANCED_FACE ( 'NONE', ( #8655 ), #5308, .T. ) ;
#7888 = VECTOR ( 'NONE', #3171, 1000.000000000000000 ) ;
#7889 = ORIENTED_EDGE ( 'NONE', *, *, #2625, .T. ) ;
#7890 = EDGE_CURVE ( 'NONE', #8456, #7616, #1038, .T. ) ;
#7891 = VECTOR ( 'NONE', #7439, 1000.000000000000000 ) ;
#7892 = PLANE ( 'NONE',  #1389 ) ;
#7893 = ORIENTED_EDGE ( 'NONE', *, *, #777, .T. ) ;
#7894 = CARTESIAN_POINT ( 'NONE',  ( -15.32000000000000028, 4.359999999999976339, 0.3500000000000021982 ) ) ;
#7895 = LINE ( 'NONE', #9731, #3947 ) ;
#7896 = ORIENTED_EDGE ( 'NONE', *, *, #3326, .F. ) ;
#7897 = LINE ( 'NONE', #171, #9695 ) ;
#7898 = CARTESIAN_POINT ( 'NONE',  ( -12.16999999999999993, -3.220000000000023288, 0.1700000000000021771 ) ) ;
#7899 = LINE ( 'NONE', #230, #8882 ) ;
#7900 = EDGE_CURVE ( 'NONE', #9293, #9904, #6033, .T. ) ;
#7901 = VECTOR ( 'NONE', #1953, 1000.000000000000000 ) ;
#7902 = CARTESIAN_POINT ( 'NONE',  ( -6.319999999999999396, 2.109999999999976339, 2.296000000000002039 ) ) ;
#7903 = AXIS2_PLACEMENT_3D ( 'NONE', #9378, #10323, #3453 ) ;
#7904 = EDGE_LOOP ( 'NONE', ( #4825, #9404, #5960, #7964 ) ) ;
#7905 = EDGE_CURVE ( 'NONE', #4783, #3406, #819, .T. ) ;
#7906 = EDGE_LOOP ( 'NONE', ( #1787, #2533, #2103, #8944 ) ) ;
#7907 = VERTEX_POINT ( 'NONE', #6870 ) ;
#7908 = AXIS2_PLACEMENT_3D ( 'NONE', #4399, #1086, #8537 ) ;
#7909 = ORIENTED_EDGE ( 'NONE', *, *, #3684, .F. ) ;
#7910 = CARTESIAN_POINT ( 'NONE',  ( -11.67999999999999972, -2.820000000000023821, -0.3199999999999982303 ) ) ;
#7911 = EDGE_LOOP ( 'NONE', ( #9863, #4000, #3984, #4314, #9470, #962, #9115, #3747, #7077, #6887 ) ) ;
#7912 = LINE ( 'NONE', #5397, #8912 ) ;
#7913 = VECTOR ( 'NONE', #5349, 1000.000000000000000 ) ;
#7914 = VECTOR ( 'NONE', #9628, 1000.000000000000000 ) ;
#7915 = LINE ( 'NONE', #10365, #8607 ) ;
#7916 = CARTESIAN_POINT ( 'NONE',  ( -13.35000000000000320, -3.339641666713498935, 4.445801351244316635 ) ) ;
#7917 = CARTESIAN_POINT ( 'NONE',  ( -8.679999999999999716, 2.749999999999976463, 6.100000000000002309 ) ) ;
#7918 = FACE_OUTER_BOUND ( 'NONE', #10767, .T. ) ;
#7919 = LINE ( 'NONE', #2042, #5708 ) ;
#7920 = VECTOR ( 'NONE', #4461, 1000.000000000000000 ) ;
#7921 = ORIENTED_EDGE ( 'NONE', *, *, #6915, .F. ) ;
#7922 = LINE ( 'NONE', #6295, #10333 ) ;
#7923 = EDGE_CURVE ( 'NONE', #1383, #934, #10326, .T. ) ;
#7924 = DIRECTION ( 'NONE',  ( -1.000000000000000000, 0.000000000000000000, 0.000000000000000000 ) ) ;
#7925 = ORIENTED_EDGE ( 'NONE', *, *, #8076, .F. ) ;
#7926 = VERTEX_POINT ( 'NONE', #6597 ) ;
#7927 = CARTESIAN_POINT ( 'NONE',  ( -12.31999999999999851, 2.109999999999976339, 6.100000000000002309 ) ) ;
#7928 = DIRECTION ( 'NONE',  ( -1.000000000000000000, 0.000000000000000000, 0.000000000000000000 ) ) ;
#7929 = VECTOR ( 'NONE', #3148, 1000.000000000000000 ) ;
#7930 = PLANE ( 'NONE',  #3269 ) ;
#7931 = DIRECTION ( 'NONE',  ( 0.9363291775690363306, -0.3511234415884135762, 0.000000000000000000 ) ) ;
#7932 = LINE ( 'NONE', #2834, #10418 ) ;
#7933 = DIRECTION ( 'NONE',  ( 0.000000000000000000, 0.000000000000000000, -1.000000000000000000 ) ) ;
#7934 = LINE ( 'NONE', #3687, #9780 ) ;
#7935 = VECTOR ( 'NONE', #9087, 1000.000000000000000 ) ;
#7936 = ORIENTED_EDGE ( 'NONE', *, *, #1651, .F. ) ;
#7937 = ORIENTED_EDGE ( 'NONE', *, *, #7477, .F. ) ;
#7938 = ADVANCED_FACE ( 'NONE', ( #3401 ), #10005, .F. ) ;
#7939 = EDGE_CURVE ( 'NONE', #7790, #1631, #6142, .T. ) ;
#7940 = DIRECTION ( 'NONE',  ( 0.000000000000000000, -1.000000000000000000, 0.000000000000000000 ) ) ;
#7941 = DIRECTION ( 'NONE',  ( 0.000000000000000000, -1.000000000000000000, 0.000000000000000000 ) ) ;
#7942 = PLANE ( 'NONE',  #7364 ) ;
#7943 = CARTESIAN_POINT ( 'NONE',  ( -14.14773418459699883, -2.267826015075024237, 5.300000000000002487 ) ) ;
#7944 = ORIENTED_EDGE ( 'NONE', *, *, #8150, .F. ) ;
#7945 = LINE ( 'NONE', #8611, #1702 ) ;
#7946 = LINE ( 'NONE', #10397, #9730 ) ;
#7947 = ORIENTED_EDGE ( 'NONE', *, *, #5888, .F. ) ;
#7948 = EDGE_CURVE ( 'NONE', #7546, #8384, #6314, .T. ) ;
#7949 = ORIENTED_EDGE ( 'NONE', *, *, #7797, .T. ) ;
#7950 = ADVANCED_FACE ( 'NONE', ( #1827, #142 ), #4295, .T. ) ;
#7951 = DIRECTION ( 'NONE',  ( 1.000000000000000000, 0.000000000000000000, 0.000000000000000000 ) ) ;
#7952 = DIRECTION ( 'NONE',  ( 0.000000000000000000, 0.000000000000000000, -1.000000000000000000 ) ) ;
#7953 = VECTOR ( 'NONE', #10234, 1000.000000000000000 ) ;
#7954 = EDGE_CURVE ( 'NONE', #9082, #1788, #5762, .T. ) ;
#7955 = LINE ( 'NONE', #3704, #1620 ) ;
#7956 = ORIENTED_EDGE ( 'NONE', *, *, #2507, .F. ) ;
#7957 = CARTESIAN_POINT ( 'NONE',  ( -1.257839440500996719, -3.343929029826020916, 4.601591174239302084 ) ) ;
#7958 = CARTESIAN_POINT ( 'NONE',  ( -8.679999999999999716, 0.7499999999999763522, 0.3200000000000021161 ) ) ;
#7959 = DIRECTION ( 'NONE',  ( -0.000000000000000000, 0.9363291775690363306, 0.3511234415884135762 ) ) ;
#7960 = EDGE_CURVE ( 'NONE', #1053, #10231, #5141, .T. ) ;
#7961 = CARTESIAN_POINT ( 'NONE',  ( -13.35000000000000142, -3.097496087967024359, 3.491994854836502071 ) ) ;
#7962 = ORIENTED_EDGE ( 'NONE', *, *, #4004, .T. ) ;
#7963 = AXIS2_PLACEMENT_3D ( 'NONE', #9617, #5376, #10503 ) ;
#7964 = ORIENTED_EDGE ( 'NONE', *, *, #10425, .T. ) ;
#7965 = ORIENTED_EDGE ( 'NONE', *, *, #10569, .F. ) ;
#7966 = EDGE_CURVE ( 'NONE', #8003, #7808, #2555, .T. ) ;
#7967 = VECTOR ( 'NONE', #2989, 1000.000000000000000 ) ;
#7968 = VERTEX_POINT ( 'NONE', #3510 ) ;
#7969 = DIRECTION ( 'NONE',  ( 1.000000000000000000, 0.000000000000000000, 0.000000000000000000 ) ) ;
#7970 = VERTEX_POINT ( 'NONE', #6923 ) ;
#7971 = CARTESIAN_POINT ( 'NONE',  ( -6.169999999999999929, 2.259999999999976250, 6.500000000000002665 ) ) ;
#7972 = DIRECTION ( 'NONE',  ( -1.000000000000000000, 0.000000000000000000, 0.000000000000000000 ) ) ;
#7973 = CARTESIAN_POINT ( 'NONE',  ( -13.35000000000000142, -3.291439707179734331, 4.811145776351610337 ) ) ;
#7974 = VECTOR ( 'NONE', #1325, 1000.000000000000000 ) ;
#7975 = EDGE_CURVE ( 'NONE', #85, #9455, #10379, .T. ) ;
#7976 = DIRECTION ( 'NONE',  ( 0.000000000000000000, -1.110223024625000030E-14, -1.000000000000000000 ) ) ;
#7977 = ADVANCED_FACE ( 'NONE', ( #7707 ), #3456, .F. ) ;
#7978 = DIRECTION ( 'NONE',  ( 0.000000000000000000, -0.3511234415884135762, 0.9363291775690363306 ) ) ;
#7979 = FACE_OUTER_BOUND ( 'NONE', #7446, .T. ) ;
#7980 = VECTOR ( 'NONE', #1162, 1000.000000000000000 ) ;
#7981 = ORIENTED_EDGE ( 'NONE', *, *, #1427, .T. ) ;
#7982 = CARTESIAN_POINT ( 'NONE',  ( -15.32000000000000028, 1.159999999999976383, -0.3299999999999978506 ) ) ;
#7983 = DIRECTION ( 'NONE',  ( 0.000000000000000000, -0.6428712937138820749, -0.7659742160925780974 ) ) ;
#7984 = ORIENTED_EDGE ( 'NONE', *, *, #9196, .F. ) ;
#7985 = ORIENTED_EDGE ( 'NONE', *, *, #7716, .F. ) ;
#7986 = LINE ( 'NONE', #5248, #8067 ) ;
#7987 = CARTESIAN_POINT ( 'NONE',  ( -15.24499999999999922, 2.429999999999976623, 6.300000000000001599 ) ) ;
#7988 = DIRECTION ( 'NONE',  ( 0.000000000000000000, 1.000000000000000000, 0.000000000000000000 ) ) ;
#7989 = LINE ( 'NONE', #5418, #9701 ) ;
#7990 = CARTESIAN_POINT ( 'NONE',  ( -6.319999999999999396, 4.359999999999976339, 0.3500000000000021982 ) ) ;
#7991 = EDGE_CURVE ( 'NONE', #9289, #1088, #7089, .T. ) ;
#7992 = CARTESIAN_POINT ( 'NONE',  ( -18.32000000000000028, 1.159999999999976383, -0.3299999999999978506 ) ) ;
#7993 = SURFACE_STYLE_FILL_AREA ( #7763 ) ;
#7994 = VECTOR ( 'NONE', #2380, 1000.000000000000000 ) ;
#7995 = ORIENTED_EDGE ( 'NONE', *, *, #2667, .F. ) ;
#7996 = ORIENTED_EDGE ( 'NONE', *, *, #5509, .T. ) ;
#7997 = LINE ( 'NONE', #2215, #896 ) ;
#7998 = UNCERTAINTY_MEASURE_WITH_UNIT (LENGTH_MEASURE( 1.000000000000000082E-05 ), #146, 'distance_accuracy_value', 'NONE');
#7999 = PLANE ( 'NONE',  #6534 ) ;
#8000 = LINE ( 'NONE', #5481, #8437 ) ;
#8001 = FACE_OUTER_BOUND ( 'NONE', #9812, .T. ) ;
#8002 = EDGE_CURVE ( 'NONE', #7036, #6420, #10491, .T. ) ;
#8003 = VERTEX_POINT ( 'NONE', #10645 ) ;
#8004 = DIRECTION ( 'NONE',  ( 1.776356839400000049E-13, 0.000000000000000000, -1.000000000000000000 ) ) ;
#8005 = PLANE ( 'NONE',  #10973 ) ;
#8006 = ORIENTED_EDGE ( 'NONE', *, *, #9831, .F. ) ;
#8007 = EDGE_LOOP ( 'NONE', ( #6537, #5843, #7638, #7847 ) ) ;
#8008 = PLANE ( 'NONE',  #3552 ) ;
#8009 = LINE ( 'NONE', #9624, #8333 ) ;
#8010 = DIRECTION ( 'NONE',  ( 0.000000000000000000, 1.000000000000000000, 0.000000000000000000 ) ) ;
#8011 = VECTOR ( 'NONE', #9772, 1000.000000000000000 ) ;
#8012 = ORIENTED_EDGE ( 'NONE', *, *, #1703, .F. ) ;
#8013 = CARTESIAN_POINT ( 'NONE',  ( -11.67999999999999972, 0.7499999999999763522, 0.3200000000000021161 ) ) ;
#8014 = PLANE ( 'NONE',  #1524 ) ;
#8015 = LINE ( 'NONE', #1968, #1544 ) ;
#8016 = EDGE_CURVE ( 'NONE', #1791, #722, #4574, .T. ) ;
#8017 = CARTESIAN_POINT ( 'NONE',  ( -11.83000000000000007, 2.259999999999976250, 6.500000000000002665 ) ) ;
#8018 = ORIENTED_EDGE ( 'NONE', *, *, #7699, .T. ) ;
#8019 = AXIS2_PLACEMENT_3D ( 'NONE', #3966, #4868, #10780 ) ;
#8020 = ORIENTED_EDGE ( 'NONE', *, *, #7617, .F. ) ;
#8021 = ORIENTED_EDGE ( 'NONE', *, *, #10715, .F. ) ;
#8022 = ORIENTED_EDGE ( 'NONE', *, *, #7753, .T. ) ;
#8023 = CARTESIAN_POINT ( 'NONE',  ( -13.35000000000000142, -2.341876692568689577E-14, 3.300000000000002043 ) ) ;
#8024 = ORIENTED_EDGE ( 'NONE', *, *, #6613, .F. ) ;
#8025 = AXIS2_PLACEMENT_3D ( 'NONE', #3548, #5289, #3911 ) ;
#8026 = EDGE_CURVE ( 'NONE', #7006, #5281, #9808, .T. ) ;
#8027 = CARTESIAN_POINT ( 'NONE',  ( -13.35000000000000320, -3.317686002637759479, 4.703160431065813718 ) ) ;
#8028 = PLANE ( 'NONE',  #6133 ) ;
#8029 = PLANE ( 'NONE',  #8824 ) ;
#8030 = DIRECTION ( 'NONE',  ( 0.3312945782245003690, 0.8834522085988016915, 0.3312945782245003690 ) ) ;
#8031 = AXIS2_PLACEMENT_3D ( 'NONE', #6521, #6574, #2264 ) ;
#8032 = LINE ( 'NONE', #10432, #3625 ) ;
#8033 = ADVANCED_FACE ( 'NONE', ( #5576 ), #416, .T. ) ;
#8034 = DIRECTION ( 'NONE',  ( 0.000000000000000000, 0.000000000000000000, -1.000000000000000000 ) ) ;
#8035 = ADVANCED_FACE ( 'NONE', ( #7196 ), #8979, .T. ) ;
#8036 = ORIENTED_EDGE ( 'NONE', *, *, #8721, .F. ) ;
#8037 = EDGE_LOOP ( 'NONE', ( #8390, #5065, #10298, #6157 ) ) ;
#8038 = VECTOR ( 'NONE', #9461, 1000.000000000000000 ) ;
#8039 = CARTESIAN_POINT ( 'NONE',  ( -2.680000000000000160, 4.359999999999976339, 0.3500000000000021982 ) ) ;
#8040 = CARTESIAN_POINT ( 'NONE',  ( -1.070204102886999298, -2.341876692568689577E-14, 5.300000000000002487 ) ) ;
#8041 = ADVANCED_FACE ( 'NONE', ( #5524 ), #1313, .T. ) ;
#8042 = CARTESIAN_POINT ( 'NONE',  ( -8.679999999999999716, 4.359999999999976339, 0.3500000000000021982 ) ) ;
#8043 = DIRECTION ( 'NONE',  ( 0.000000000000000000, -1.000000000000000000, 0.000000000000000000 ) ) ;
#8044 = ADVANCED_FACE ( 'NONE', ( #6251 ), #7030, .T. ) ;
#8045 = CARTESIAN_POINT ( 'NONE',  ( 3.319999999999999840, 3.699999999999976641, -0.3299999999999978506 ) ) ;
#8046 = VECTOR ( 'NONE', #2325, 1000.000000000000000 ) ;
#8047 = CARTESIAN_POINT ( 'NONE',  ( -1.649999999999999467, -2.876112710120023674, 5.300000000000002487 ) ) ;
#8048 = ORIENTED_EDGE ( 'NONE', *, *, #6205, .F. ) ;
#8049 = CARTESIAN_POINT ( 'NONE',  ( -8.679999999999999716, 2.749999999999976463, 6.500000000000002665 ) ) ;
#8050 = CARTESIAN_POINT ( 'NONE',  ( 0.3200000000000008393, 4.359999999999976339, 0.3500000000000021982 ) ) ;
#8051 = LINE ( 'NONE', #1163, #743 ) ;
#8052 = CARTESIAN_POINT ( 'NONE',  ( -13.38564683326199933, -2.859406739973023193, 5.300000000000002487 ) ) ;
#8053 = ORIENTED_EDGE ( 'NONE', *, *, #2089, .T. ) ;
#8054 = CARTESIAN_POINT ( 'NONE',  ( -1.070204102886999298, -1.790000000000023350, 5.300000000000002487 ) ) ;
#8055 = AXIS2_PLACEMENT_3D ( 'NONE', #534, #422, #6416 ) ;
#8056 = CARTESIAN_POINT ( 'NONE',  ( 0.3200000000000008393, 3.304999999999976179, -0.3199999999999982303 ) ) ;
#8057 = VERTEX_POINT ( 'NONE', #8826 ) ;
#8058 = VERTEX_POINT ( 'NONE', #6198 ) ;
#8059 = LINE ( 'NONE', #3805, #5159 ) ;
#8060 = EDGE_CURVE ( 'NONE', #10496, #1753, #10439, .T. ) ;
#8061 = CARTESIAN_POINT ( 'NONE',  ( -18.32000000000000028, 3.699999999999976641, -0.3299999999999978506 ) ) ;
#8062 = CARTESIAN_POINT ( 'NONE',  ( -13.92979589711299937, -1.790000000000023350, 3.300000000000002043 ) ) ;
#8063 = VERTEX_POINT ( 'NONE', #1940 ) ;
#8064 = CARTESIAN_POINT ( 'NONE',  ( -18.32000000000000028, 4.359999999999976339, -0.9999999999999983347 ) ) ;
#8065 = FACE_OUTER_BOUND ( 'NONE', #5789, .T. ) ;
#8066 = DIRECTION ( 'NONE',  ( 0.000000000000000000, 0.000000000000000000, -1.000000000000000000 ) ) ;
#8067 = VECTOR ( 'NONE', #5360, 1000.000000000000000 ) ;
#8068 = LINE ( 'NONE', #3813, #616 ) ;
#8069 = EDGE_LOOP ( 'NONE', ( #4068, #2869, #5078, #11013 ) ) ;
#8070 = VECTOR ( 'NONE', #6685, 1000.000000000000000 ) ;
#8071 = ORIENTED_EDGE ( 'NONE', *, *, #7631, .F. ) ;
#8072 = VERTEX_POINT ( 'NONE', #2886 ) ;
#8073 = ORIENTED_EDGE ( 'NONE', *, *, #3391, .F. ) ;
#8074 = DIRECTION ( 'NONE',  ( 0.000000000000000000, 1.000000000000000000, 0.000000000000000000 ) ) ;
#8075 = ORIENTED_EDGE ( 'NONE', *, *, #8231, .F. ) ;
#8076 = EDGE_CURVE ( 'NONE', #1088, #1823, #2052, .T. ) ;
#8077 = ADVANCED_FACE ( 'NONE', ( #1994 ), #8879, .F. ) ;
#8078 = CARTESIAN_POINT ( 'NONE',  ( -13.34999999999999964, -3.257109240504551639, 3.707291735829764345 ) ) ;
#8079 = VECTOR ( 'NONE', #1674, 1000.000000000000000 ) ;
#8080 = ORIENTED_EDGE ( 'NONE', *, *, #825, .T. ) ;
#8081 = LINE ( 'NONE', #402, #8269 ) ;
#8082 = VECTOR ( 'NONE', #10828, 1000.000000000000000 ) ;
#8083 = FACE_OUTER_BOUND ( 'NONE', #10998, .T. ) ;
#8084 = DIRECTION ( 'NONE',  ( -1.000000000000000000, 0.000000000000000000, 0.000000000000000000 ) ) ;
#8085 = FACE_OUTER_BOUND ( 'NONE', #3618, .T. ) ;
#8086 = VECTOR ( 'NONE', #10602, 1000.000000000000000 ) ;
#8087 = PLANE ( 'NONE',  #5378 ) ;
#8088 = VERTEX_POINT ( 'NONE', #1208 ) ;
#8089 = ORIENTED_EDGE ( 'NONE', *, *, #8740, .F. ) ;
#8090 = CARTESIAN_POINT ( 'NONE',  ( -5.679999999999999716, 3.304999999999976179, -0.3299999999999978506 ) ) ;
#8091 = CARTESIAN_POINT ( 'NONE',  ( -13.75000000000000000, 1.879999999999976357, 8.900000000000002132 ) ) ;
#8092 = EDGE_CURVE ( 'NONE', #932, #4648, #7989, .T. ) ;
#8093 = CARTESIAN_POINT ( 'NONE',  ( -18.32000000000000028, 3.699999999999976641, -0.3299999999999978506 ) ) ;
#8094 = DIRECTION ( 'NONE',  ( 0.000000000000000000, 0.000000000000000000, -1.000000000000000000 ) ) ;
#8095 = VECTOR ( 'NONE', #8751, 1000.000000000000000 ) ;
#8096 = VECTOR ( 'NONE', #9518, 1000.000000000000000 ) ;
#8097 = FACE_OUTER_BOUND ( 'NONE', #4884, .T. ) ;
#8098 = ORIENTED_EDGE ( 'NONE', *, *, #5675, .T. ) ;
#8099 = VERTEX_POINT ( 'NONE', #1093 ) ;
#8100 = VECTOR ( 'NONE', #1771, 1000.000000000000000 ) ;
#8101 = CARTESIAN_POINT ( 'NONE',  ( 0.3200000000000008393, 1.159999999999976383, -0.9999999999999983347 ) ) ;
#8102 = DIRECTION ( 'NONE',  ( 0.000000000000000000, -1.000000000000000000, 0.000000000000000000 ) ) ;
#8103 = CARTESIAN_POINT ( 'NONE',  ( -6.169999999999999929, 2.599999999999976552, 6.500000000000002665 ) ) ;
#8104 = PLANE ( 'NONE',  #9499 ) ;
#8105 = EDGE_CURVE ( 'NONE', #9132, #3328, #4627, .T. ) ;
#8106 = EDGE_LOOP ( 'NONE', ( #607, #6202, #8635, #3210, #356 ) ) ;
#8107 = EDGE_CURVE ( 'NONE', #5345, #2781, #362, .T. ) ;
#8108 = DIRECTION ( 'NONE',  ( 0.000000000000000000, 1.000000000000000000, 0.000000000000000000 ) ) ;
#8109 = AXIS2_PLACEMENT_3D ( 'NONE', #7786, #4378, #7682 ) ;
#8110 = CARTESIAN_POINT ( 'NONE',  ( -11.67999999999999972, 3.699999999999976641, -0.9999999999999983347 ) ) ;
#8111 = EDGE_CURVE ( 'NONE', #10310, #5432, #6360, .T. ) ;
#8112 = ORIENTED_EDGE ( 'NONE', *, *, #2899, .F. ) ;
#8113 = VERTEX_POINT ( 'NONE', #6626 ) ;
#8114 = DIRECTION ( 'NONE',  ( 0.000000000000000000, 0.000000000000000000, 1.000000000000000000 ) ) ;
#8115 = PLANE ( 'NONE',  #7253 ) ;
#8116 = DIRECTION ( 'NONE',  ( 0.000000000000000000, 1.000000000000000000, 0.000000000000000000 ) ) ;
#8117 = ORIENTED_EDGE ( 'NONE', *, *, #3107, .F. ) ;
#8118 = LINE ( 'NONE', #8949, #2372 ) ;
#8119 = CARTESIAN_POINT ( 'NONE',  ( -9.320000000000000284, 4.359999999999976339, 0.3500000000000021982 ) ) ;
#8120 = PLANE ( 'NONE',  #7264 ) ;
#8121 = DIRECTION ( 'NONE',  ( 0.000000000000000000, -1.000000000000000000, 0.000000000000000000 ) ) ;
#8122 = EDGE_CURVE ( 'NONE', #5873, #8486, #691, .T. ) ;
#8123 = ORIENTED_EDGE ( 'NONE', *, *, #6476, .T. ) ;
#8124 = ORIENTED_EDGE ( 'NONE', *, *, #7939, .T. ) ;
#8125 = ORIENTED_EDGE ( 'NONE', *, *, #3107, .T. ) ;
#8126 = VECTOR ( 'NONE', #5486, 1000.000000000000000 ) ;
#8127 = VERTEX_POINT ( 'NONE', #6464 ) ;
#8128 = CARTESIAN_POINT ( 'NONE',  ( -1.650000000000000355, -3.330575962480076591, 4.616201689247753315 ) ) ;
#8129 = ORIENTED_EDGE ( 'NONE', *, *, #8111, .T. ) ;
#8130 = DIRECTION ( 'NONE',  ( 1.000000000000000000, 0.000000000000000000, 0.000000000000000000 ) ) ;
#8131 = DIRECTION ( 'NONE',  ( 0.000000000000000000, -1.000000000000000000, 0.000000000000000000 ) ) ;
#8132 = PLANE ( 'NONE',  #4896 ) ;
#8133 = LINE ( 'NONE', #459, #9451 ) ;
#8134 = VECTOR ( 'NONE', #5660, 1000.000000000000000 ) ;
#8135 = ORIENTED_EDGE ( 'NONE', *, *, #2410, .F. ) ;
#8136 = VECTOR ( 'NONE', #3441, 1000.000000000000000 ) ;
#8137 = EDGE_CURVE ( 'NONE', #8375, #1805, #1539, .T. ) ;
#8138 = ORIENTED_EDGE ( 'NONE', *, *, #1261, .T. ) ;
#8139 = DIRECTION ( 'NONE',  ( 0.000000000000000000, 0.000000000000000000, -1.000000000000000000 ) ) ;
#8140 = EDGE_LOOP ( 'NONE', ( #963, #532, #5212, #1307 ) ) ;
#8141 = ORIENTED_EDGE ( 'NONE', *, *, #1278, .T. ) ;
#8142 = VECTOR ( 'NONE', #2308, 1000.000000000000000 ) ;
#8143 = FACE_OUTER_BOUND ( 'NONE', #7798, .T. ) ;
#8144 = DIRECTION ( 'NONE',  ( -0.7071067811865474617, -0.7071067811865474617, 0.000000000000000000 ) ) ;
#8145 = DIRECTION ( 'NONE',  ( -0.3312945782245003690, 0.3312945782245003690, 0.8834522085988016915 ) ) ;
#8146 = DIRECTION ( 'NONE',  ( 8.881784197000999888E-14, 0.000000000000000000, -1.000000000000000000 ) ) ;
#8147 = EDGE_CURVE ( 'NONE', #10255, #5564, #3890, .T. ) ;
#8148 = DIRECTION ( 'NONE',  ( 0.000000000000000000, 0.000000000000000000, 1.000000000000000000 ) ) ;
#8149 = AXIS2_PLACEMENT_3D ( 'NONE', #7879, #6206, #98 ) ;
#8150 = EDGE_CURVE ( 'NONE', #880, #666, #2208, .T. ) ;
#8151 = VERTEX_POINT ( 'NONE', #4959 ) ;
#8152 = EDGE_LOOP ( 'NONE', ( #4306, #1667, #4371, #551 ) ) ;
#8153 = VECTOR ( 'NONE', #3257, 1000.000000000000000 ) ;
#8154 = DIRECTION ( 'NONE',  ( 0.000000000000000000, 1.000000000000000000, 0.000000000000000000 ) ) ;
#8155 = DIRECTION ( 'NONE',  ( 0.000000000000000000, 1.000000000000000000, 0.000000000000000000 ) ) ;
#8156 = CARTESIAN_POINT ( 'NONE',  ( -14.34999999999999964, 0.4999999999999763522, 8.050000000000000711 ) ) ;
#8157 = DIRECTION ( 'NONE',  ( 0.000000000000000000, -1.000000000000000000, 0.000000000000000000 ) ) ;
#8158 = ORIENTED_EDGE ( 'NONE', *, *, #6127, .F. ) ;
#8159 = FACE_OUTER_BOUND ( 'NONE', #5680, .T. ) ;
#8160 = AXIS2_PLACEMENT_3D ( 'NONE', #3654, #7057, #9684 ) ;
#8161 = DIRECTION ( 'NONE',  ( 0.000000000000000000, -1.000000000000000000, 0.000000000000000000 ) ) ;
#8162 = ORIENTED_EDGE ( 'NONE', *, *, #1604, .T. ) ;
#8163 = ORIENTED_EDGE ( 'NONE', *, *, #346, .T. ) ;
#8164 = ADVANCED_FACE ( 'NONE', ( #5738 ), #10817, .F. ) ;
#8165 = FACE_OUTER_BOUND ( 'NONE', #9727, .T. ) ;
#8166 = FACE_OUTER_BOUND ( 'NONE', #6907, .T. ) ;
#8167 = PLANE ( 'NONE',  #8025 ) ;
#8168 = DIRECTION ( 'NONE',  ( 1.000000000000000000, 0.000000000000000000, 0.000000000000000000 ) ) ;
#8169 = CARTESIAN_POINT ( 'NONE',  ( -13.10633400735200205, -3.339878673358019245, 3.945393258246970181 ) ) ;
#8170 = ADVANCED_FACE ( 'NONE', ( #3216 ), #9259, .F. ) ;
#8171 = ORIENTED_EDGE ( 'NONE', *, *, #10, .F. ) ;
#8172 = CARTESIAN_POINT ( 'NONE',  ( -1.734201276493996469, -3.253451366379025878, 3.583685243608501381 ) ) ;
#8173 = LINE ( 'NONE', #10009, #3494 ) ;
#8174 = DIRECTION ( 'NONE',  ( -1.000000000000000000, 0.000000000000000000, 0.000000000000000000 ) ) ;
#8175 = CARTESIAN_POINT ( 'NONE',  ( 1.959999999999999964, 4.359999999999976339, -0.9999999999999983347 ) ) ;
#8176 = EDGE_LOOP ( 'NONE', ( #161, #5845, #8844, #8672 ) ) ;
#8177 = ORIENTED_EDGE ( 'NONE', *, *, #6328, .F. ) ;
#8178 = ORIENTED_EDGE ( 'NONE', *, *, #6944, .T. ) ;
#8179 = VERTEX_POINT ( 'NONE', #10927 ) ;
#8180 = CARTESIAN_POINT ( 'NONE',  ( -1.649999999999999467, -3.324949235016698701, 4.659896301062749657 ) ) ;
#8181 = ORIENTED_EDGE ( 'NONE', *, *, #8628, .T. ) ;
#8182 = ADVANCED_FACE ( 'NONE', ( #3277 ), #10700, .T. ) ;
#8183 = CARTESIAN_POINT ( 'NONE',  ( -5.830000000000000071, 2.599999999999976552, 6.500000000000002665 ) ) ;
#8184 = ORIENTED_EDGE ( 'NONE', *, *, #5344, .F. ) ;
#8185 = LINE ( 'NONE', #10581, #7558 ) ;
#8186 = DIRECTION ( 'NONE',  ( 0.000000000000000000, 0.000000000000000000, 1.000000000000000000 ) ) ;
#8187 = LINE ( 'NONE', #6508, #6776 ) ;
#8188 = AXIS2_PLACEMENT_3D ( 'NONE', #1445, #1336, #3971 ) ;
#8189 = CARTESIAN_POINT ( 'NONE',  ( -2.680000000000000160, 4.359999999999976339, 0.3500000000000021982 ) ) ;
#8190 = AXIS2_PLACEMENT_3D ( 'NONE', #7252, #529, #8259 ) ;
#8191 = EDGE_LOOP ( 'NONE', ( #5043, #1350, #3559, #9943 ) ) ;
#8192 = EDGE_LOOP ( 'NONE', ( #10628, #8306, #6313, #4057, #4301 ) ) ;
#8193 = CARTESIAN_POINT ( 'NONE',  ( -18.32000000000000028, -2.341876692568689577E-14, 8.900000000000002132 ) ) ;
#8194 = VERTEX_POINT ( 'NONE', #6688 ) ;
#8195 = ORIENTED_EDGE ( 'NONE', *, *, #9514, .T. ) ;
#8196 = EDGE_CURVE ( 'NONE', #9689, #4965, #9868, .T. ) ;
#8197 = CARTESIAN_POINT ( 'NONE',  ( -9.320000000000000284, 2.109999999999976339, 6.100000000000002309 ) ) ;
#8198 = DIRECTION ( 'NONE',  ( -1.000000000000000000, 0.000000000000000000, 0.000000000000000000 ) ) ;
#8199 = COLOUR_RGB ( '',0.7921568627450980005, 0.8196078431372548767, 0.9333333333333333481 ) ;
#8200 = DIRECTION ( 'NONE',  ( 0.000000000000000000, 0.000000000000000000, -1.000000000000000000 ) ) ;
#8201 = LINE ( 'NONE', #527, #7752 ) ;
#8202 = CARTESIAN_POINT ( 'NONE',  ( -11.67999999999999972, 3.699999999999976641, -0.9999999999999983347 ) ) ;
#8203 = VECTOR ( 'NONE', #4510, 1000.000000000000000 ) ;
#8204 = PLANE ( 'NONE',  #2830 ) ;
#8205 = AXIS2_PLACEMENT_3D ( 'NONE', #1246, #7858, #1928 ) ;
#8206 = ORIENTED_EDGE ( 'NONE', *, *, #5218, .T. ) ;
#8207 = ORIENTED_EDGE ( 'NONE', *, *, #3862, .F. ) ;
#8208 = EDGE_CURVE ( 'NONE', #3604, #8603, #10092, .T. ) ;
#8209 = DIRECTION ( 'NONE',  ( 1.000000000000000000, 0.000000000000000000, 0.000000000000000000 ) ) ;
#8210 = CARTESIAN_POINT ( 'NONE',  ( -2.680000000000000160, 1.159999999999976383, -0.9999999999999983347 ) ) ;
#8211 = LINE ( 'NONE', #7369, #10217 ) ;
#8212 = ADVANCED_FACE ( 'NONE', ( #5632 ), #5850, .T. ) ;
#8213 = PLANE ( 'NONE',  #1819 ) ;
#8214 = ORIENTED_EDGE ( 'NONE', *, *, #9279, .F. ) ;
#8215 = DIRECTION ( 'NONE',  ( 0.000000000000000000, -1.000000000000000000, 0.000000000000000000 ) ) ;
#8216 = CARTESIAN_POINT ( 'NONE',  ( -9.320000000000000284, 3.699999999999976641, -0.3299999999999978506 ) ) ;
#8217 = VECTOR ( 'NONE', #7566, 1000.000000000000000 ) ;
#8218 = ORIENTED_EDGE ( 'NONE', *, *, #5565, .F. ) ;
#8219 = VERTEX_POINT ( 'NONE', #638 ) ;
#8220 = CARTESIAN_POINT ( 'NONE',  ( -16.96000000000000085, 4.359999999999976339, -0.9999999999999983347 ) ) ;
#8221 = CARTESIAN_POINT ( 'NONE',  ( -5.679999999999999716, 1.554999999999976623, 0.2700000000000020162 ) ) ;
#8222 = DIRECTION ( 'NONE',  ( 0.000000000000000000, 0.000000000000000000, -1.000000000000000000 ) ) ;
#8223 = EDGE_CURVE ( 'NONE', #6791, #3863, #2262, .T. ) ;
#8224 = CARTESIAN_POINT ( 'NONE',  ( -15.32000000000000028, 4.359999999999976339, -0.9999999999999983347 ) ) ;
#8225 = LINE ( 'NONE', #3860, #4260 ) ;
#8226 = VECTOR ( 'NONE', #5091, 1000.000000000000114 ) ;
#8227 = VERTEX_POINT ( 'NONE', #1369 ) ;
#8228 = DIRECTION ( 'NONE',  ( -1.000000000000000000, 0.000000000000000000, 0.000000000000000000 ) ) ;
#8229 = DIRECTION ( 'NONE',  ( 0.000000000000000000, 1.000000000000000000, 0.000000000000000000 ) ) ;
#8230 = LINE ( 'NONE', #7224, #1009 ) ;
#8231 = EDGE_CURVE ( 'NONE', #9856, #5719, #8201, .T. ) ;
#8232 = DIRECTION ( 'NONE',  ( 0.000000000000000000, 1.000000000000000000, 0.000000000000000000 ) ) ;
#8233 = EDGE_LOOP ( 'NONE', ( #9973, #6325, #9418, #2484 ) ) ;
#8234 = ORIENTED_EDGE ( 'NONE', *, *, #1249, .F. ) ;
#8235 = ORIENTED_EDGE ( 'NONE', *, *, #2463, .T. ) ;
#8236 = ORIENTED_EDGE ( 'NONE', *, *, #4892, .F. ) ;
#8237 = CARTESIAN_POINT ( 'NONE',  ( -1.649999999999999245, -3.328194476482464470, 3.961272374786792838 ) ) ;
#8238 = ORIENTED_EDGE ( 'NONE', *, *, #3008, .F. ) ;
#8239 = VECTOR ( 'NONE', #3650, 1000.000000000000000 ) ;
#8240 = PLANE ( 'NONE',  #10900 ) ;
#8241 = LINE ( 'NONE', #4834, #4697 ) ;
#8242 = CARTESIAN_POINT ( 'NONE',  ( -15.32000000000000028, 0.7499999999999763522, -0.9999999999999983347 ) ) ;
#8243 = DIRECTION ( 'NONE',  ( 0.000000000000000000, -1.000000000000000000, 0.000000000000000000 ) ) ;
#8244 = EDGE_CURVE ( 'NONE', #9242, #4582, #3945, .T. ) ;
#8245 = DIRECTION ( 'NONE',  ( 0.000000000000000000, -1.000000000000000000, 0.000000000000000000 ) ) ;
#8246 = EDGE_LOOP ( 'NONE', ( #1610, #4312, #7409, #8579 ) ) ;
#8247 = EDGE_CURVE ( 'NONE', #10960, #5817, #6518, .T. ) ;
#8248 = ORIENTED_EDGE ( 'NONE', *, *, #2667, .T. ) ;
#8249 = VECTOR ( 'NONE', #2159, 1000.000000000000000 ) ;
#8250 = EDGE_LOOP ( 'NONE', ( #4001, #10738, #5056, #3829, #2343, #8036, #8218, #2046, #3151, #9996 ) ) ;
#8251 = ORIENTED_EDGE ( 'NONE', *, *, #10096, .F. ) ;
#8252 = VECTOR ( 'NONE', #6070, 1000.000000000000000 ) ;
#8253 = CARTESIAN_POINT ( 'NONE',  ( -8.799999999999998934, 4.364999999999976232, 8.350000000000003197 ) ) ;
#8254 = CARTESIAN_POINT ( 'NONE',  ( -5.679999999999999716, 1.159999999999976383, -0.3299999999999978506 ) ) ;
#8255 = DIRECTION ( 'NONE',  ( 1.000000000000000000, 0.000000000000000000, 0.000000000000000000 ) ) ;
#8256 = DIRECTION ( 'NONE',  ( 0.000000000000000000, 0.000000000000000000, -1.000000000000000000 ) ) ;
#8257 = CARTESIAN_POINT ( 'NONE',  ( -9.320000000000000284, 3.699999999999976641, -0.9999999999999983347 ) ) ;
#8258 = VECTOR ( 'NONE', #6585, 1000.000000000000000 ) ;
#8259 = DIRECTION ( 'NONE',  ( 0.000000000000000000, 1.000000000000000000, 0.000000000000000000 ) ) ;
#8260 = EDGE_CURVE ( 'NONE', #8298, #8593, #5794, .T. ) ;
#8261 = VECTOR ( 'NONE', #8887, 1000.000000000000000 ) ;
#8262 = CARTESIAN_POINT ( 'NONE',  ( -15.32000000000000028, 0.7499999999999763522, 0.3500000000000021982 ) ) ;
#8263 = ORIENTED_EDGE ( 'NONE', *, *, #7527, .T. ) ;
#8264 = DIRECTION ( 'NONE',  ( 0.3312945782245003690, -0.8834522085988016915, -0.3312945782245003690 ) ) ;
#8265 = CARTESIAN_POINT ( 'NONE',  ( 0.3200000000000008393, 2.109999999999976339, 0.3500000000000021982 ) ) ;
#8266 = LINE ( 'NONE', #8989, #4858 ) ;
#8267 = CARTESIAN_POINT ( 'NONE',  ( -11.67999999999999972, 2.109999999999976339, 6.100000000000002309 ) ) ;
#8268 = VECTOR ( 'NONE', #7414, 1000.000000000000000 ) ;
#8269 = VECTOR ( 'NONE', #3823, 1000.000000000000000 ) ;
#8270 = CARTESIAN_POINT ( 'NONE',  ( -18.32000000000000028, -0.04000000000002352368, -0.9999999999999983347 ) ) ;
#8271 = ORIENTED_EDGE ( 'NONE', *, *, #7870, .F. ) ;
#8272 = CARTESIAN_POINT ( 'NONE',  ( -2.680000000000000160, 3.304999999999976179, -0.3199999999999982303 ) ) ;
#8273 = CARTESIAN_POINT ( 'NONE',  ( -16.25000000000000000, 1.179999999999976401, 8.900000000000002132 ) ) ;
#8274 = ORIENTED_EDGE ( 'NONE', *, *, #7662, .T. ) ;
#8275 = EDGE_CURVE ( 'NONE', #5594, #6470, #1421, .T. ) ;
#8276 = EDGE_CURVE ( 'NONE', #10041, #8179, #3334, .T. ) ;
#8277 = VECTOR ( 'NONE', #1806, 1000.000000000000000 ) ;
#8278 = ORIENTED_EDGE ( 'NONE', *, *, #1659, .T. ) ;
#8279 = FACE_OUTER_BOUND ( 'NONE', #5824, .T. ) ;
#8280 = CARTESIAN_POINT ( 'NONE',  ( -13.25000000000000000, 1.179999999999976401, 8.900000000000002132 ) ) ;
#8281 = PLANE ( 'NONE',  #3379 ) ;
#8282 = LINE ( 'NONE', #8810, #5571 ) ;
#8283 = LINE ( 'NONE', #7385, #4622 ) ;
#8284 = AXIS2_PLACEMENT_3D ( 'NONE', #10478, #7131, #187 ) ;
#8285 = ORIENTED_EDGE ( 'NONE', *, *, #5861, .F. ) ;
#8286 = LINE ( 'NONE', #7612, #6134 ) ;
#8287 = CARTESIAN_POINT ( 'NONE',  ( 1.959999999999999964, 1.554999999999976623, 0.2700000000000020162 ) ) ;
#8288 = DIRECTION ( 'NONE',  ( 0.000000000000000000, 0.000000000000000000, 1.000000000000000000 ) ) ;
#8289 = EDGE_CURVE ( 'NONE', #669, #880, #131, .T. ) ;
#8290 = FACE_OUTER_BOUND ( 'NONE', #7494, .T. ) ;
#8291 = ORIENTED_EDGE ( 'NONE', *, *, #781, .F. ) ;
#8292 = EDGE_CURVE ( 'NONE', #1516, #4183, #4366, .T. ) ;
#8293 = EDGE_LOOP ( 'NONE', ( #2169, #10087, #1755, #10468 ) ) ;
#8294 = EDGE_CURVE ( 'NONE', #411, #8345, #6798, .T. ) ;
#8295 = ORIENTED_EDGE ( 'NONE', *, *, #3582, .T. ) ;
#8296 = ORIENTED_EDGE ( 'NONE', *, *, #9981, .T. ) ;
#8297 = CARTESIAN_POINT ( 'NONE',  ( -1.649999999999999245, -3.242250454703675011, 3.677395281018217776 ) ) ;
#8298 = VERTEX_POINT ( 'NONE', #6913 ) ;
#8299 = FACE_OUTER_BOUND ( 'NONE', #9252, .T. ) ;
#8300 = EDGE_CURVE ( 'NONE', #10241, #1680, #2489, .T. ) ;
#8301 = VERTEX_POINT ( 'NONE', #2595 ) ;
#8302 = DIRECTION ( 'NONE',  ( 1.000000000000000000, 0.000000000000000000, 0.000000000000000000 ) ) ;
#8303 = DIRECTION ( 'NONE',  ( 0.000000000000000000, 1.000000000000000000, 0.000000000000000000 ) ) ;
#8304 = CARTESIAN_POINT ( 'NONE',  ( -2.049999999999999822, 0.1669999999999766394, 4.300000000000001599 ) ) ;
#8305 = LINE ( 'NONE', #8358, #9566 ) ;
#8306 = ORIENTED_EDGE ( 'NONE', *, *, #8908, .F. ) ;
#8307 = ADVANCED_FACE ( 'NONE', ( #6963 ), #5904, .T. ) ;
#8308 = ORIENTED_EDGE ( 'NONE', *, *, #6442, .F. ) ;
#8309 = ORIENTED_EDGE ( 'NONE', *, *, #3144, .F. ) ;
#8310 = VERTEX_POINT ( 'NONE', #7586 ) ;
#8311 = ADVANCED_FACE ( 'NONE', ( #10317 ), #6859, .F. ) ;
#8312 = ADVANCED_FACE ( 'NONE', ( #10368 ), #2542, .T. ) ;
#8313 = CARTESIAN_POINT ( 'NONE',  ( -14.67999999999999794, 3.304999999999976179, -0.3199999999999982303 ) ) ;
#8314 = DIRECTION ( 'NONE',  ( 1.000000000000000000, 0.000000000000000000, 0.000000000000000000 ) ) ;
#8315 = VECTOR ( 'NONE', #6935, 1000.000000000000000 ) ;
#8316 = ADVANCED_FACE ( 'NONE', ( #4231 ), #10261, .T. ) ;
#8317 = LINE ( 'NONE', #1591, #9157 ) ;
#8318 = DIRECTION ( 'NONE',  ( 0.000000000000000000, 0.000000000000000000, -1.000000000000000000 ) ) ;
#8319 = DIRECTION ( 'NONE',  ( 0.000000000000000000, 0.000000000000000000, 1.000000000000000000 ) ) ;
#8320 = VECTOR ( 'NONE', #4491, 1000.000000000000000 ) ;
#8321 = DIRECTION ( 'NONE',  ( 0.000000000000000000, 0.000000000000000000, -1.000000000000000000 ) ) ;
#8322 = ORIENTED_EDGE ( 'NONE', *, *, #9504, .T. ) ;
#8323 = CARTESIAN_POINT ( 'NONE',  ( -2.680000000000000160, 1.554999999999976623, -0.3199999999999982303 ) ) ;
#8324 = DIRECTION ( 'NONE',  ( -1.000000000000000000, 0.000000000000000000, 0.000000000000000000 ) ) ;
#8325 = DIRECTION ( 'NONE',  ( -0.3312945782245003690, 0.3312945782245003690, -0.8834522085988016915 ) ) ;
#8326 = EDGE_CURVE ( 'NONE', #684, #3141, #79, .T. ) ;
#8327 = FACE_OUTER_BOUND ( 'NONE', #7554, .T. ) ;
#8328 = AXIS2_PLACEMENT_3D ( 'NONE', #10604, #5698, #4640 ) ;
#8329 = DIRECTION ( 'NONE',  ( 0.000000000000000000, 0.000000000000000000, -1.000000000000000000 ) ) ;
#8330 = VECTOR ( 'NONE', #5383, 1000.000000000000000 ) ;
#8331 = CARTESIAN_POINT ( 'NONE',  ( -16.96000000000000085, 0.4999999999999763522, 5.400000000000002132 ) ) ;
#8332 = ORIENTED_EDGE ( 'NONE', *, *, #5218, .F. ) ;
#8333 = VECTOR ( 'NONE', #7166, 1000.000000000000000 ) ;
#8334 = ORIENTED_EDGE ( 'NONE', *, *, #5083, .T. ) ;
#8335 = DIRECTION ( 'NONE',  ( -1.000000000000000000, 0.000000000000000000, 0.000000000000000000 ) ) ;
#8336 = DIRECTION ( 'NONE',  ( 1.000000000000000000, 0.000000000000000000, 0.000000000000000000 ) ) ;
#8337 = DIRECTION ( 'NONE',  ( -0.000000000000000000, 1.000000000000000000, 0.000000000000000000 ) ) ;
#8338 = LINE ( 'NONE', #6488, #2164 ) ;
#8339 = CARTESIAN_POINT ( 'NONE',  ( -17.35999999999999943, 3.699999999999976641, -0.9999999999999983347 ) ) ;
#8340 = VERTEX_POINT ( 'NONE', #9536 ) ;
#8341 = PLANE ( 'NONE',  #7020 ) ;
#8342 = DIRECTION ( 'NONE',  ( 0.000000000000000000, 0.000000000000000000, -1.000000000000000000 ) ) ;
#8343 = CARTESIAN_POINT ( 'NONE',  ( -3.319999999999999840, 1.554999999999976623, 0.2700000000000020162 ) ) ;
#8344 = FACE_OUTER_BOUND ( 'NONE', #1072, .T. ) ;
#8345 = VERTEX_POINT ( 'NONE', #2649 ) ;
#8346 = EDGE_LOOP ( 'NONE', ( #1628, #1749, #10932, #3143 ) ) ;
#8347 = ORIENTED_EDGE ( 'NONE', *, *, #10716, .T. ) ;
#8348 = LINE ( 'NONE', #3418, #2671 ) ;
#8349 = VERTEX_POINT ( 'NONE', #6074 ) ;
#8350 = CARTESIAN_POINT ( 'NONE',  ( -1.649999999999999467, -3.339008864474346971, 4.472329111310094696 ) ) ;
#8351 = ORIENTED_EDGE ( 'NONE', *, *, #5073, .F. ) ;
#8352 = LINE ( 'NONE', #6611, #9824 ) ;
#8353 = EDGE_CURVE ( 'NONE', #8416, #3988, #9476, .T. ) ;
#8354 = ORIENTED_EDGE ( 'NONE', *, *, #3323, .T. ) ;
#8355 = FACE_OUTER_BOUND ( 'NONE', #9277, .T. ) ;
#8356 = DIRECTION ( 'NONE',  ( 0.000000000000000000, 0.000000000000000000, 1.000000000000000000 ) ) ;
#8357 = DIRECTION ( 'NONE',  ( 1.000000000000000000, 0.000000000000000000, 0.000000000000000000 ) ) ;
#8358 = CARTESIAN_POINT ( 'NONE',  ( -8.679999999999999716, 1.159999999999976383, -0.3299999999999978506 ) ) ;
#8359 = ORIENTED_EDGE ( 'NONE', *, *, #2419, .F. ) ;
#8360 = ORIENTED_EDGE ( 'NONE', *, *, #5918, .T. ) ;
#8361 = EDGE_CURVE ( 'NONE', #7351, #1735, #11040, .T. ) ;
#8362 = ORIENTED_EDGE ( 'NONE', *, *, #689, .F. ) ;
#8363 = EDGE_LOOP ( 'NONE', ( #2110, #4488, #6179, #503, #6137, #10648 ) ) ;
#8364 = CARTESIAN_POINT ( 'NONE',  ( -5.679999999999999716, 1.554999999999976623, 0.2700000000000020162 ) ) ;
#8365 = DIRECTION ( 'NONE',  ( 1.000000000000000000, 0.000000000000000000, 0.000000000000000000 ) ) ;
#8366 = CARTESIAN_POINT ( 'NONE',  ( -6.319999999999999396, 1.554999999999976623, 0.2700000000000020162 ) ) ;
#8367 = DIRECTION ( 'NONE',  ( 0.000000000000000000, 1.000000000000000000, 0.000000000000000000 ) ) ;
#8368 = DIRECTION ( 'NONE',  ( 0.000000000000000000, 0.000000000000000000, -1.000000000000000000 ) ) ;
#8369 = AXIS2_PLACEMENT_3D ( 'NONE', #3348, #8601, #3291 ) ;
#8370 = EDGE_CURVE ( 'NONE', #5132, #7094, #4395, .T. ) ;
#8371 = ADVANCED_FACE ( 'NONE', ( #5127 ), #5239, .F. ) ;
#8372 = VECTOR ( 'NONE', #2341, 1000.000000000000000 ) ;
#8373 = PLANE ( 'NONE',  #7194 ) ;
#8374 = VERTEX_POINT ( 'NONE', #5512 ) ;
#8375 = VERTEX_POINT ( 'NONE', #1140 ) ;
#8376 = CARTESIAN_POINT ( 'NONE',  ( 3.319999999999999840, 1.554999999999976623, -0.3299999999999978506 ) ) ;
#8377 = EDGE_CURVE ( 'NONE', #10718, #4920, #3611, .T. ) ;
#8378 = DIRECTION ( 'NONE',  ( 0.000000000000000000, 0.000000000000000000, 1.000000000000000000 ) ) ;
#8379 = CARTESIAN_POINT ( 'NONE',  ( -1.249999999999999334, 3.679999999999976623, 8.900000000000002132 ) ) ;
#8380 = DIRECTION ( 'NONE',  ( 0.000000000000000000, 0.000000000000000000, -1.000000000000000000 ) ) ;
#8381 = ADVANCED_FACE ( 'NONE', ( #7918 ), #1197, .F. ) ;
#8382 = CARTESIAN_POINT ( 'NONE',  ( 0.3200000000000008393, 0.7499999999999763522, 0.3200000000000021161 ) ) ;
#8383 = PLANE ( 'NONE',  #6046 ) ;
#8384 = VERTEX_POINT ( 'NONE', #2762 ) ;
#8385 = EDGE_LOOP ( 'NONE', ( #6966, #9610, #780, #5339 ) ) ;
#8386 = DIRECTION ( 'NONE',  ( 1.000000000000000000, 0.000000000000000000, 0.000000000000000000 ) ) ;
#8387 = DIRECTION ( 'NONE',  ( 0.000000000000000000, 1.000000000000000000, 0.000000000000000000 ) ) ;
#8388 = LINE ( 'NONE', #2457, #9794 ) ;
#8389 = FACE_OUTER_BOUND ( 'NONE', #3941, .T. ) ;
#8390 = ORIENTED_EDGE ( 'NONE', *, *, #8710, .T. ) ;
#8391 = FACE_OUTER_BOUND ( 'NONE', #6604, .T. ) ;
#8392 = CARTESIAN_POINT ( 'NONE',  ( -0.3199999999999999512, 0.7499999999999763522, 0.3200000000000021161 ) ) ;
#8393 = LINE ( 'NONE', #5877, #9375 ) ;
#8394 = ORIENTED_EDGE ( 'NONE', *, *, #3024, .T. ) ;
#8395 = ADVANCED_FACE ( 'NONE', ( #5404 ), #2981, .T. ) ;
#8396 = ORIENTED_EDGE ( 'NONE', *, *, #502, .F. ) ;
#8397 = VERTEX_POINT ( 'NONE', #8752 ) ;
#8398 = CARTESIAN_POINT ( 'NONE',  ( -2.830000000000000071, 2.599999999999976552, 6.500000000000002665 ) ) ;
#8399 = CARTESIAN_POINT ( 'NONE',  ( 0.3200000000000008393, 3.304999999999976179, -0.3299999999999978506 ) ) ;
#8400 = ORIENTED_EDGE ( 'NONE', *, *, #9713, .T. ) ;
#8401 = DIRECTION ( 'NONE',  ( 0.000000000000000000, 1.000000000000000000, 0.000000000000000000 ) ) ;
#8402 = ORIENTED_EDGE ( 'NONE', *, *, #4826, .F. ) ;
#8403 = AXIS2_PLACEMENT_3D ( 'NONE', #3557, #6243, #6965 ) ;
#8404 = CARTESIAN_POINT ( 'NONE',  ( 0.2450000000000004396, -3.020000000000023554, 1.734723475976807094E-15 ) ) ;
#8405 = ORIENTED_EDGE ( 'NONE', *, *, #10425, .F. ) ;
#8406 = CARTESIAN_POINT ( 'NONE',  ( -3.244999999999999662, -3.020000000000023554, 1.734723475976807094E-15 ) ) ;
#8407 = CARTESIAN_POINT ( 'NONE',  ( -0.3199999999999999512, 0.7499999999999763522, 0.3200000000000021161 ) ) ;
#8408 = LINE ( 'NONE', #5222, #1236 ) ;
#8409 = CARTESIAN_POINT ( 'NONE',  ( -0.3199999999999999512, 3.484999999999976339, -0.3199999999999982303 ) ) ;
#8410 = AXIS2_PLACEMENT_3D ( 'NONE', #9717, #5530, #1376 ) ;
#8411 = ORIENTED_EDGE ( 'NONE', *, *, #7855, .T. ) ;
#8412 = ORIENTED_EDGE ( 'NONE', *, *, #6801, .T. ) ;
#8413 = EDGE_CURVE ( 'NONE', #9082, #10235, #7857, .T. ) ;
#8414 = ADVANCED_FACE ( 'NONE', ( #8083 ), #4448, .T. ) ;
#8415 = VECTOR ( 'NONE', #5944, 1000.000000000000000 ) ;
#8416 = VERTEX_POINT ( 'NONE', #7018 ) ;
#8417 = VERTEX_POINT ( 'NONE', #7184 ) ;
#8418 = LINE ( 'NONE', #9308, #7355 ) ;
#8419 = CARTESIAN_POINT ( 'NONE',  ( 2.360000000000001208, 0.4999999999999763522, 5.400000000000002132 ) ) ;
#8420 = PLANE ( 'NONE',  #8622 ) ;
#8421 = CARTESIAN_POINT ( 'NONE',  ( -11.67999999999999972, 4.359999999999976339, -0.9999999999999983347 ) ) ;
#8422 = LINE ( 'NONE', #9035, #7093 ) ;
#8423 = EDGE_CURVE ( 'NONE', #4183, #4685, #10242, .T. ) ;
#8424 = VECTOR ( 'NONE', #6473, 1000.000000000000000 ) ;
#8425 = APPLICATION_PROTOCOL_DEFINITION ( 'draft international standard', 'automotive_design', 1998, #4664 ) ;
#8426 = VECTOR ( 'NONE', #5182, 1000.000000000000000 ) ;
#8427 = CARTESIAN_POINT ( 'NONE',  ( -10.24999999999999822, 1.879999999999976357, 8.900000000000002132 ) ) ;
#8428 = ORIENTED_EDGE ( 'NONE', *, *, #7269, .T. ) ;
#8429 = ORIENTED_EDGE ( 'NONE', *, *, #4130, .F. ) ;
#8430 = DIRECTION ( 'NONE',  ( 0.000000000000000000, 1.000000000000000000, 0.000000000000000000 ) ) ;
#8431 = EDGE_CURVE ( 'NONE', #411, #9137, #10582, .T. ) ;
#8432 = PLANE ( 'NONE',  #7352 ) ;
#8433 = CARTESIAN_POINT ( 'NONE',  ( -1.249999999999999334, 1.179999999999976401, 8.900000000000002132 ) ) ;
#8434 = LINE ( 'NONE', #4188, #3614 ) ;
#8435 = ADVANCED_FACE ( 'NONE', ( #5295 ), #1082, .T. ) ;
#8436 = VECTOR ( 'NONE', #2566, 1000.000000000000000 ) ;
#8437 = VECTOR ( 'NONE', #7259, 1000.000000000000000 ) ;
#8438 = DIRECTION ( 'NONE',  ( 0.000000000000000000, 0.000000000000000000, 1.000000000000000000 ) ) ;
#8439 = LINE ( 'NONE', #6036, #9618 ) ;
#8440 = ORIENTED_EDGE ( 'NONE', *, *, #7482, .T. ) ;
#8441 = AXIS2_PLACEMENT_3D ( 'NONE', #7531, #2321, #1542 ) ;
#8442 = EDGE_LOOP ( 'NONE', ( #3155, #1530, #1565, #8505 ) ) ;
#8443 = VECTOR ( 'NONE', #5828, 1000.000000000000000 ) ;
#8444 = VECTOR ( 'NONE', #2051, 1000.000000000000000 ) ;
#8445 = DIRECTION ( 'NONE',  ( 0.000000000000000000, -1.000000000000000000, 0.000000000000000000 ) ) ;
#8446 = DIRECTION ( 'NONE',  ( 0.000000000000000000, 0.000000000000000000, -1.000000000000000000 ) ) ;
#8447 = FACE_OUTER_BOUND ( 'NONE', #9101, .T. ) ;
#8448 = ADVANCED_FACE ( 'NONE', ( #3720 ), #6349, .F. ) ;
#8449 = CARTESIAN_POINT ( 'NONE',  ( 0.5500000000000001554, 1.179999999999976401, 2.296000000000002039 ) ) ;
#8450 = EDGE_CURVE ( 'NONE', #9245, #3477, #10633, .T. ) ;
#8451 = ORIENTED_EDGE ( 'NONE', *, *, #2899, .T. ) ;
#8452 = CARTESIAN_POINT ( 'NONE',  ( 3.319999999999999840, 2.316249999999976161, 1.700000000000002398 ) ) ;
#8453 = DIRECTION ( 'NONE',  ( 0.000000000000000000, 0.000000000000000000, -1.000000000000000000 ) ) ;
#8454 = AXIS2_PLACEMENT_3D ( 'NONE', #6924, #10327, #5659 ) ;
#8455 = CARTESIAN_POINT ( 'NONE',  ( -13.75000000000000000, 1.879999999999976357, 8.900000000000002132 ) ) ;
#8456 = VERTEX_POINT ( 'NONE', #4614 ) ;
#8457 = ORIENTED_EDGE ( 'NONE', *, *, #7562, .F. ) ;
#8458 = VERTEX_POINT ( 'NONE', #8869 ) ;
#8459 = CARTESIAN_POINT ( 'NONE',  ( -18.32000000000000028, 1.159999999999976383, -0.3299999999999978506 ) ) ;
#8460 = ORIENTED_EDGE ( 'NONE', *, *, #1537, .F. ) ;
#8461 = CARTESIAN_POINT ( 'NONE',  ( -1.649999999999999467, -3.280264896447223411, 4.838559168497762464 ) ) ;
#8462 = ORIENTED_EDGE ( 'NONE', *, *, #350, .F. ) ;
#8463 = AXIS2_PLACEMENT_3D ( 'NONE', #2100, #6409, #2153 ) ;
#8464 = FACE_OUTER_BOUND ( 'NONE', #9756, .T. ) ;
#8465 = ORIENTED_EDGE ( 'NONE', *, *, #5888, .T. ) ;
#8466 = ADVANCED_FACE ( 'NONE', ( #2874 ), #2091, .T. ) ;
#8467 = DIRECTION ( 'NONE',  ( -0.3511234415884135762, 0.9363291775690363306, 0.000000000000000000 ) ) ;
#8468 = CARTESIAN_POINT ( 'NONE',  ( -14.67999999999999794, 2.429999999999976623, 3.950000000000001954 ) ) ;
#8469 = DIRECTION ( 'NONE',  ( -0.000000000000000000, 1.000000000000000000, 0.000000000000000000 ) ) ;
#8470 = FACE_OUTER_BOUND ( 'NONE', #4102, .T. ) ;
#8471 = AXIS2_PLACEMENT_3D ( 'NONE', #1760, #8587, #7750 ) ;
#8472 = ORIENTED_EDGE ( 'NONE', *, *, #6691, .F. ) ;
#8473 = ORIENTED_EDGE ( 'NONE', *, *, #2462, .T. ) ;
#8474 = EDGE_LOOP ( 'NONE', ( #9774, #10252, #3300, #6453 ) ) ;
#8475 = DIRECTION ( 'NONE',  ( -1.000000000000000000, 0.000000000000000000, 0.000000000000000000 ) ) ;
#8476 = VERTEX_POINT ( 'NONE', #1927 ) ;
#8477 = DIRECTION ( 'NONE',  ( 0.000000000000000000, 1.000000000000000000, 0.000000000000000000 ) ) ;
#8478 = LINE ( 'NONE', #6911, #2236 ) ;
#8479 = CARTESIAN_POINT ( 'NONE',  ( -12.31999999999999851, 4.359999999999976339, 0.3500000000000021982 ) ) ;
#8480 = CARTESIAN_POINT ( 'NONE',  ( -1.540553040801999840, -2.820917101435023611, 3.300000000000002043 ) ) ;
#8481 = CARTESIAN_POINT ( 'NONE',  ( -2.680000000000000160, 2.749999999999976463, 6.500000000000002665 ) ) ;
#8482 = ADVANCED_FACE ( 'NONE', ( #2041 ), #8029, .T. ) ;
#8483 =( NAMED_UNIT ( * ) SI_UNIT ( $, .STERADIAN. ) SOLID_ANGLE_UNIT ( ) );
#8484 = LINE ( 'NONE', #3166, #5052 ) ;
#8485 = VERTEX_POINT ( 'NONE', #245 ) ;
#8486 = VERTEX_POINT ( 'NONE', #6237 ) ;
#8487 = VECTOR ( 'NONE', #6548, 1000.000000000000000 ) ;
#8488 = CARTESIAN_POINT ( 'NONE',  ( 2.360000000000001208, 3.304999999999976179, -0.3299999999999978506 ) ) ;
#8489 = DIRECTION ( 'NONE',  ( 1.000000000000000000, 0.000000000000000000, 0.000000000000000000 ) ) ;
#8490 = CARTESIAN_POINT ( 'NONE',  ( -17.35999999999999943, 3.304999999999976179, 0.2700000000000020162 ) ) ;
#8491 = DIRECTION ( 'NONE',  ( 0.000000000000000000, 1.000000000000000000, 0.000000000000000000 ) ) ;
#8492 = DIRECTION ( 'NONE',  ( -1.000000000000000000, 0.000000000000000000, 0.000000000000000000 ) ) ;
#8493 = EDGE_CURVE ( 'NONE', #5637, #8907, #9645, .T. ) ;
#8494 = LINE ( 'NONE', #6700, #4393 ) ;
#8495 = VECTOR ( 'NONE', #2672, 1000.000000000000000 ) ;
#8496 = LINE ( 'NONE', #39, #10853 ) ;
#8497 = ORIENTED_EDGE ( 'NONE', *, *, #2038, .F. ) ;
#8498 = ORIENTED_EDGE ( 'NONE', *, *, #7323, .T. ) ;
#8499 = VECTOR ( 'NONE', #19, 1000.000000000000000 ) ;
#8500 = DIRECTION ( 'NONE',  ( -1.000000000000000000, 0.000000000000000000, 0.000000000000000000 ) ) ;
#8501 = DIRECTION ( 'NONE',  ( 0.000000000000000000, 1.000000000000000000, 0.000000000000000000 ) ) ;
#8502 = PLANE ( 'NONE',  #10744 ) ;
#8503 = VECTOR ( 'NONE', #6642, 1000.000000000000000 ) ;
#8504 = DIRECTION ( 'NONE',  ( 0.000000000000000000, 1.000000000000000000, 0.000000000000000000 ) ) ;
#8505 = ORIENTED_EDGE ( 'NONE', *, *, #11002, .T. ) ;
#8506 = DIRECTION ( 'NONE',  ( 0.000000000000000000, 0.000000000000000000, -1.000000000000000000 ) ) ;
#8507 = CARTESIAN_POINT ( 'NONE',  ( -15.32000000000000028, 3.304999999999976179, 0.2700000000000020162 ) ) ;
#8508 = VERTEX_POINT ( 'NONE', #4893 ) ;
#8509 = EDGE_CURVE ( 'NONE', #4326, #8874, #4720, .T. ) ;
#8510 = ORIENTED_EDGE ( 'NONE', *, *, #2079, .F. ) ;
#8511 = PLANE ( 'NONE',  #1247 ) ;
#8512 = ORIENTED_EDGE ( 'NONE', *, *, #2022, .F. ) ;
#8513 = CARTESIAN_POINT ( 'NONE',  ( -1.070204102886999298, -2.341876692568689577E-14, 3.300000000000002043 ) ) ;
#8514 = VECTOR ( 'NONE', #1517, 1000.000000000000000 ) ;
#8515 = VERTEX_POINT ( 'NONE', #2194 ) ;
#8516 = ADVANCED_FACE ( 'NONE', ( #3263 ), #8132, .T. ) ;
#8517 = DIRECTION ( 'NONE',  ( 0.000000000000000000, -1.000000000000000000, 0.000000000000000000 ) ) ;
#8518 = VERTEX_POINT ( 'NONE', #5561 ) ;
#8519 = FACE_OUTER_BOUND ( 'NONE', #4534, .T. ) ;
#8520 = DIRECTION ( 'NONE',  ( 0.000000000000000000, 0.000000000000000000, 1.000000000000000000 ) ) ;
#8521 = DIRECTION ( 'NONE',  ( 0.000000000000000000, 1.000000000000000000, 0.000000000000000000 ) ) ;
#8522 = PLANE ( 'NONE',  #3299 ) ;
#8523 = VERTEX_POINT ( 'NONE', #9798 ) ;
#8524 = VECTOR ( 'NONE', #9926, 1000.000000000000000 ) ;
#8525 = VERTEX_POINT ( 'NONE', #458 ) ;
#8526 = ORIENTED_EDGE ( 'NONE', *, *, #3666, .F. ) ;
#8527 = EDGE_LOOP ( 'NONE', ( #8195, #10174, #10122, #8771, #1241 ) ) ;
#8528 = LINE ( 'NONE', #6068, #8986 ) ;
#8529 = ORIENTED_EDGE ( 'NONE', *, *, #686, .T. ) ;
#8530 = LINE ( 'NONE', #858, #10382 ) ;
#8531 = LINE ( 'NONE', #803, #4037 ) ;
#8532 = CARTESIAN_POINT ( 'NONE',  ( 0.3200000000000008393, 2.109999999999976339, 6.500000000000002665 ) ) ;
#8533 = CARTESIAN_POINT ( 'NONE',  ( -1.649999999999999467, -2.876112710120023674, 3.300000000000002043 ) ) ;
#8534 = CARTESIAN_POINT ( 'NONE',  ( -6.319999999999999396, 2.109999999999976339, 2.296000000000002039 ) ) ;
#8535 = CARTESIAN_POINT ( 'NONE',  ( -8.679999999999999716, 3.699999999999976641, -0.9999999999999983347 ) ) ;
#8536 = ADVANCED_FACE ( 'NONE', ( #8966 ), #5618, .F. ) ;
#8537 = DIRECTION ( 'NONE',  ( 0.000000000000000000, 1.000000000000000000, 0.000000000000000000 ) ) ;
#8538 = VERTEX_POINT ( 'NONE', #9851 ) ;
#8539 = EDGE_LOOP ( 'NONE', ( #2881, #9793, #8864, #1722, #4988 ) ) ;
#8540 = DIRECTION ( 'NONE',  ( 0.000000000000000000, 0.000000000000000000, -1.000000000000000000 ) ) ;
#8541 = DIRECTION ( 'NONE',  ( -0.3312945782245003690, -0.8834522085988016915, 0.3312945782245003690 ) ) ;
#8542 = DIRECTION ( 'NONE',  ( 0.000000000000000000, 0.000000000000000000, -1.000000000000000000 ) ) ;
#8543 = LINE ( 'NONE', #11050, #4149 ) ;
#8544 = DIRECTION ( 'NONE',  ( 0.000000000000000000, -1.000000000000000000, 0.000000000000000000 ) ) ;
#8545 = LINE ( 'NONE', #1605, #6361 ) ;
#8546 = CARTESIAN_POINT ( 'NONE',  ( -12.31999999999999851, 4.359999999999976339, 0.3500000000000021982 ) ) ;
#8547 = VECTOR ( 'NONE', #3069, 1000.000000000000000 ) ;
#8548 = ORIENTED_EDGE ( 'NONE', *, *, #611, .T. ) ;
#8549 = CARTESIAN_POINT ( 'NONE',  ( -2.680000000000000160, 2.429999999999976623, 3.950000000000001954 ) ) ;
#8550 = EDGE_CURVE ( 'NONE', #5375, #10751, #10022, .T. ) ;
#8551 =( GEOMETRIC_REPRESENTATION_CONTEXT ( 3 ) GLOBAL_UNCERTAINTY_ASSIGNED_CONTEXT ( ( #7998 ) ) GLOBAL_UNIT_ASSIGNED_CONTEXT ( ( #146, #6087, #10543 ) ) REPRESENTATION_CONTEXT ( 'NONE', 'WORKASPACE' ) );
#8552 = ORIENTED_EDGE ( 'NONE', *, *, #9587, .F. ) ;
#8553 = VECTOR ( 'NONE', #1557, 1000.000000000000000 ) ;
#8554 = EDGE_CURVE ( 'NONE', #10963, #4607, #9019, .T. ) ;
#8555 = CARTESIAN_POINT ( 'NONE',  ( -9.320000000000000284, 2.109999999999976339, 0.3500000000000021982 ) ) ;
#8556 = CARTESIAN_POINT ( 'NONE',  ( -12.31999999999999851, 0.7499999999999763522, 0.3200000000000021161 ) ) ;
#8557 = CARTESIAN_POINT ( 'NONE',  ( -11.67999999999999972, 4.359999999999976339, 0.3500000000000021982 ) ) ;
#8558 = DIRECTION ( 'NONE',  ( 0.000000000000000000, -1.000000000000000000, 0.000000000000000000 ) ) ;
#8559 = ORIENTED_EDGE ( 'NONE', *, *, #6172, .F. ) ;
#8560 = CARTESIAN_POINT ( 'NONE',  ( -8.679999999999999716, -3.220000000000023288, 0.3200000000000021161 ) ) ;
#8561 = DIRECTION ( 'NONE',  ( 0.000000000000000000, 0.000000000000000000, 1.000000000000000000 ) ) ;
#8562 = EDGE_LOOP ( 'NONE', ( #10385, #6773, #7620, #72 ) ) ;
#8563 = ORIENTED_EDGE ( 'NONE', *, *, #10328, .T. ) ;
#8564 = VECTOR ( 'NONE', #10857, 1000.000000000000000 ) ;
#8565 = EDGE_CURVE ( 'NONE', #10015, #447, #3994, .T. ) ;
#8566 = DIRECTION ( 'NONE',  ( 1.000000000000000000, 0.000000000000000000, 0.000000000000000000 ) ) ;
#8567 = ORIENTED_EDGE ( 'NONE', *, *, #911, .F. ) ;
#8568 = LINE ( 'NONE', #895, #1900 ) ;
#8569 = ORIENTED_EDGE ( 'NONE', *, *, #9938, .F. ) ;
#8570 = LINE ( 'NONE', #898, #1084 ) ;
#8571 = EDGE_LOOP ( 'NONE', ( #291, #4475, #4526, #7462, #5529, #7232 ) ) ;
#8572 = CARTESIAN_POINT ( 'NONE',  ( -0.6752272915129999831, -2.090000000000023395, 5.300000000000002487 ) ) ;
#8573 = CARTESIAN_POINT ( 'NONE',  ( -8.679999999999999716, 0.7499999999999763522, 0.3200000000000021161 ) ) ;
#8574 = LINE ( 'NONE', #1746, #3013 ) ;
#8575 = PLANE ( 'NONE',  #5298 ) ;
#8576 = EDGE_LOOP ( 'NONE', ( #4994, #6491, #1473, #3763, #4700, #8820 ) ) ;
#8577 = AXIS2_PLACEMENT_3D ( 'NONE', #645, #4967, #5020 ) ;
#8578 = ORIENTED_EDGE ( 'NONE', *, *, #2020, .T. ) ;
#8579 = ORIENTED_EDGE ( 'NONE', *, *, #6319, .F. ) ;
#8580 = ORIENTED_EDGE ( 'NONE', *, *, #4007, .F. ) ;
#8581 = CARTESIAN_POINT ( 'NONE',  ( -0.3199999999999999512, 3.484999999999976339, 0.3500000000000021982 ) ) ;
#8582 = ORIENTED_EDGE ( 'NONE', *, *, #4139, .T. ) ;
#8583 = CARTESIAN_POINT ( 'NONE',  ( -9.320000000000000284, 1.159999999999976383, -0.3299999999999978506 ) ) ;
#8584 = LINE ( 'NONE', #77, #3843 ) ;
#8585 = EDGE_CURVE ( 'NONE', #7010, #9705, #5673, .T. ) ;
#8586 = DIRECTION ( 'NONE',  ( -1.000000000000000000, 0.000000000000000000, 0.000000000000000000 ) ) ;
#8587 = DIRECTION ( 'NONE',  ( 0.000000000000000000, -1.000000000000000000, 0.000000000000000000 ) ) ;
#8588 = CARTESIAN_POINT ( 'NONE',  ( -0.3199999999999999512, 3.699999999999976641, -0.3299999999999978506 ) ) ;
#8589 = VECTOR ( 'NONE', #152, 1000.000000000000000 ) ;
#8590 = ADVANCED_FACE ( 'NONE', ( #7403 ), #7291, .F. ) ;
#8591 = CARTESIAN_POINT ( 'NONE',  ( 0.3200000000000008393, 2.749999999999976463, 6.100000000000002309 ) ) ;
#8592 = ORIENTED_EDGE ( 'NONE', *, *, #8853, .F. ) ;
#8593 = VERTEX_POINT ( 'NONE', #10745 ) ;
#8594 = LINE ( 'NONE', #3506, #3425 ) ;
#8595 = DIRECTION ( 'NONE',  ( 1.000000000000000000, 0.000000000000000000, 0.000000000000000000 ) ) ;
#8596 = FACE_OUTER_BOUND ( 'NONE', #9573, .T. ) ;
#8597 = CARTESIAN_POINT ( 'NONE',  ( 3.319999999999999840, 1.679999999999976401, 7.500000000000002665 ) ) ;
#8598 = ADVANCED_FACE ( 'NONE', ( #3091 ), #10856, .F. ) ;
#8599 = ADVANCED_FACE ( 'NONE', ( #3031 ), #9909, .T. ) ;
#8600 = CARTESIAN_POINT ( 'NONE',  ( -12.31999999999999851, 2.749999999999976463, 2.296000000000002039 ) ) ;
#8601 = DIRECTION ( 'NONE',  ( 0.000000000000000000, 0.000000000000000000, 1.000000000000000000 ) ) ;
#8602 = ORIENTED_EDGE ( 'NONE', *, *, #9906, .F. ) ;
#8603 = VERTEX_POINT ( 'NONE', #1408 ) ;
#8604 = CARTESIAN_POINT ( 'NONE',  ( -13.35000000000000142, -2.341876692568689577E-14, 5.300000000000002487 ) ) ;
#8605 = DIRECTION ( 'NONE',  ( 0.000000000000000000, 0.000000000000000000, -1.000000000000000000 ) ) ;
#8606 = CARTESIAN_POINT ( 'NONE',  ( -14.44999999999999929, 1.179999999999976401, 8.900000000000002132 ) ) ;
#8607 = VECTOR ( 'NONE', #3664, 1000.000000000000000 ) ;
#8608 = VECTOR ( 'NONE', #6474, 1000.000000000000000 ) ;
#8609 = DIRECTION ( 'NONE',  ( 0.000000000000000000, 0.000000000000000000, 1.000000000000000000 ) ) ;
#8610 = ORIENTED_EDGE ( 'NONE', *, *, #4247, .T. ) ;
#8611 = CARTESIAN_POINT ( 'NONE',  ( -0.6499999999999995781, 0.4999999999999763522, 0.8500000000000021982 ) ) ;
#8612 = CARTESIAN_POINT ( 'NONE',  ( -8.679999999999999716, 1.159999999999976383, -0.3299999999999978506 ) ) ;
#8613 = EDGE_LOOP ( 'NONE', ( #4078, #999, #4947, #3022 ) ) ;
#8614 = EDGE_CURVE ( 'NONE', #5538, #740, #4835, .T. ) ;
#8615 = AXIS2_PLACEMENT_3D ( 'NONE', #6766, #3411, #1728 ) ;
#8616 = ORIENTED_EDGE ( 'NONE', *, *, #10158, .T. ) ;
#8617 = FACE_OUTER_BOUND ( 'NONE', #3643, .T. ) ;
#8618 = ORIENTED_EDGE ( 'NONE', *, *, #6233, .T. ) ;
#8619 = CARTESIAN_POINT ( 'NONE',  ( -1.649999999999999689, -3.161726220324896808, 5.051209360064015108 ) ) ;
#8620 = EDGE_LOOP ( 'NONE', ( #2253, #4041, #2047, #3061, #1494, #3307 ) ) ;
#8621 = LINE ( 'NONE', #10460, #7342 ) ;
#8622 = AXIS2_PLACEMENT_3D ( 'NONE', #4175, #3276, #1476 ) ;
#8623 = VECTOR ( 'NONE', #1181, 1000.000000000000000 ) ;
#8624 = EDGE_LOOP ( 'NONE', ( #8859, #10451, #739, #3639 ) ) ;
#8625 = DIRECTION ( 'NONE',  ( 0.000000000000000000, 0.000000000000000000, -1.000000000000000000 ) ) ;
#8626 = LINE ( 'NONE', #9353, #9538 ) ;
#8627 = LINE ( 'NONE', #7630, #10688 ) ;
#8628 = EDGE_CURVE ( 'NONE', #7520, #1237, #569, .T. ) ;
#8629 = LINE ( 'NONE', #794, #4398 ) ;
#8630 = ORIENTED_EDGE ( 'NONE', *, *, #3632, .F. ) ;
#8631 = EDGE_CURVE ( 'NONE', #8523, #8099, #1462, .T. ) ;
#8632 = ORIENTED_EDGE ( 'NONE', *, *, #10168, .F. ) ;
#8633 = ORIENTED_EDGE ( 'NONE', *, *, #6129, .F. ) ;
#8634 = VECTOR ( 'NONE', #1428, 1000.000000000000000 ) ;
#8635 = ORIENTED_EDGE ( 'NONE', *, *, #1532, .F. ) ;
#8636 = FACE_OUTER_BOUND ( 'NONE', #8527, .T. ) ;
#8637 = EDGE_LOOP ( 'NONE', ( #10075, #8053, #2453, #8670 ) ) ;
#8638 = LINE ( 'NONE', #5598, #5525 ) ;
#8639 = LINE ( 'NONE', #1023, #4140 ) ;
#8640 = FACE_OUTER_BOUND ( 'NONE', #2223, .T. ) ;
#8641 = DIRECTION ( 'NONE',  ( 0.000000000000000000, 0.000000000000000000, 1.000000000000000000 ) ) ;
#8642 = DIRECTION ( 'NONE',  ( 0.000000000000000000, -1.000000000000000000, 0.000000000000000000 ) ) ;
#8643 = DIRECTION ( 'NONE',  ( 0.000000000000000000, 1.000000000000000000, 0.000000000000000000 ) ) ;
#8644 = VECTOR ( 'NONE', #9191, 1000.000000000000000 ) ;
#8645 = EDGE_CURVE ( 'NONE', #10040, #4111, #3205, .T. ) ;
#8646 = EDGE_CURVE ( 'NONE', #10296, #3816, #2364, .T. ) ;
#8647 = DIRECTION ( 'NONE',  ( 0.000000000000000000, -1.000000000000000000, 0.000000000000000000 ) ) ;
#8648 = EDGE_CURVE ( 'NONE', #1203, #9900, #5001, .T. ) ;
#8649 = EDGE_LOOP ( 'NONE', ( #6524, #1518, #754, #8832, #5214 ) ) ;
#8650 = ORIENTED_EDGE ( 'NONE', *, *, #8694, .T. ) ;
#8651 = DIRECTION ( 'NONE',  ( 0.000000000000000000, -1.000000000000000000, 0.000000000000000000 ) ) ;
#8652 = CARTESIAN_POINT ( 'NONE',  ( -16.96000000000000085, 3.699999999999976641, -0.3299999999999978506 ) ) ;
#8653 = EDGE_CURVE ( 'NONE', #8899, #1916, #6732, .T. ) ;
#8654 = CARTESIAN_POINT ( 'NONE',  ( 0.3200000000000008393, 1.554999999999976623, -0.3199999999999982303 ) ) ;
#8655 = FACE_OUTER_BOUND ( 'NONE', #8904, .T. ) ;
#8656 = CARTESIAN_POINT ( 'NONE',  ( -12.31999999999999851, 2.109999999999976339, 0.3500000000000021982 ) ) ;
#8657 = CARTESIAN_POINT ( 'NONE',  ( -14.67999999999999794, -2.820000000000023821, -0.3199999999999982303 ) ) ;
#8658 = VECTOR ( 'NONE', #2904, 1000.000000000000000 ) ;
#8659 = EDGE_LOOP ( 'NONE', ( #10313, #2232, #1129, #8178 ) ) ;
#8660 = ORIENTED_EDGE ( 'NONE', *, *, #6786, .F. ) ;
#8661 = DIRECTION ( 'NONE',  ( 0.000000000000000000, 0.000000000000000000, -1.000000000000000000 ) ) ;
#8662 = ADVANCED_FACE ( 'NONE', ( #4270 ), #2423, .T. ) ;
#8663 = FACE_OUTER_BOUND ( 'NONE', #6154, .T. ) ;
#8664 = LINE ( 'NONE', #4252, #2481 ) ;
#8665 = CARTESIAN_POINT ( 'NONE',  ( 2.360000000000001208, 0.4999999999999763522, 8.460000000000002629 ) ) ;
#8666 = VECTOR ( 'NONE', #9723, 1000.000000000000000 ) ;
#8667 = VERTEX_POINT ( 'NONE', #10077 ) ;
#8668 = PLANE ( 'NONE',  #7963 ) ;
#8669 = DIRECTION ( 'NONE',  ( -0.000000000000000000, 1.000000000000000000, 0.000000000000000000 ) ) ;
#8670 = ORIENTED_EDGE ( 'NONE', *, *, #5354, .F. ) ;
#8671 = AXIS2_PLACEMENT_3D ( 'NONE', #8976, #6462, #1535 ) ;
#8672 = ORIENTED_EDGE ( 'NONE', *, *, #2767, .T. ) ;
#8673 = VECTOR ( 'NONE', #6145, 1000.000000000000000 ) ;
#8674 = FACE_OUTER_BOUND ( 'NONE', #942, .T. ) ;
#8675 = VERTEX_POINT ( 'NONE', #1690 ) ;
#8676 = PLANE ( 'NONE',  #4233 ) ;
#8677 = FACE_OUTER_BOUND ( 'NONE', #61, .T. ) ;
#8678 = ORIENTED_EDGE ( 'NONE', *, *, #4902, .T. ) ;
#8679 = CARTESIAN_POINT ( 'NONE',  ( 0.3200000000000008393, 3.304999999999976179, -0.3299999999999978506 ) ) ;
#8680 = LINE ( 'NONE', #10564, #3677 ) ;
#8681 = CARTESIAN_POINT ( 'NONE',  ( -11.67999999999999972, 3.699999999999976641, -0.3299999999999978506 ) ) ;
#8682 = VECTOR ( 'NONE', #10972, 1000.000000000000000 ) ;
#8683 = CARTESIAN_POINT ( 'NONE',  ( -13.35000000000000142, -3.063334912956023448, 3.461787681294302033 ) ) ;
#8684 = ORIENTED_EDGE ( 'NONE', *, *, #5073, .T. ) ;
#8685 = VECTOR ( 'NONE', #10948, 1000.000000000000000 ) ;
#8686 = VERTEX_POINT ( 'NONE', #5221 ) ;
#8687 = VECTOR ( 'NONE', #9692, 1000.000000000000000 ) ;
#8688 = EDGE_CURVE ( 'NONE', #7151, #7400, #6784, .T. ) ;
#8689 = ORIENTED_EDGE ( 'NONE', *, *, #2765, .T. ) ;
#8690 = ORIENTED_EDGE ( 'NONE', *, *, #4004, .F. ) ;
#8691 = CARTESIAN_POINT ( 'NONE',  ( -0.3199999999999999512, 3.484999999999976339, 0.3500000000000021982 ) ) ;
#8692 = ORIENTED_EDGE ( 'NONE', *, *, #11034, .F. ) ;
#8693 = CARTESIAN_POINT ( 'NONE',  ( -0.3199999999999999512, 2.429999999999976623, 3.950000000000001954 ) ) ;
#8694 = EDGE_CURVE ( 'NONE', #8523, #3529, #66, .T. ) ;
#8695 = DIRECTION ( 'NONE',  ( 0.000000000000000000, 0.000000000000000000, 1.000000000000000000 ) ) ;
#8696 = CARTESIAN_POINT ( 'NONE',  ( -14.67999999999999794, 2.109999999999976339, 6.500000000000002665 ) ) ;
#8697 = DIRECTION ( 'NONE',  ( 0.000000000000000000, 1.000000000000000000, 0.000000000000000000 ) ) ;
#8698 = CARTESIAN_POINT ( 'NONE',  ( -18.32000000000000028, 3.699999999999976641, -0.3299999999999978506 ) ) ;
#8699 = DIRECTION ( 'NONE',  ( 0.000000000000000000, 0.000000000000000000, -1.000000000000000000 ) ) ;
#8700 = AXIS2_PLACEMENT_3D ( 'NONE', #3133, #6547, #2290 ) ;
#8701 = EDGE_CURVE ( 'NONE', #9773, #5451, #5837, .T. ) ;
#8702 = DIRECTION ( 'NONE',  ( 0.000000000000000000, -1.000000000000000000, 0.000000000000000000 ) ) ;
#8703 = ORIENTED_EDGE ( 'NONE', *, *, #784, .F. ) ;
#8704 = ORIENTED_EDGE ( 'NONE', *, *, #10254, .T. ) ;
#8705 = EDGE_CURVE ( 'NONE', #6497, #3645, #8626, .T. ) ;
#8706 = LINE ( 'NONE', #10436, #1809 ) ;
#8707 = DIRECTION ( 'NONE',  ( 0.000000000000000000, 1.000000000000000000, 0.000000000000000000 ) ) ;
#8708 = LINE ( 'NONE', #6303, #6841 ) ;
#8709 = DIRECTION ( 'NONE',  ( 0.000000000000000000, 0.000000000000000000, -1.000000000000000000 ) ) ;
#8710 = EDGE_CURVE ( 'NONE', #10660, #1528, #6845, .T. ) ;
#8711 = DIRECTION ( 'NONE',  ( 1.000000000000000000, 0.000000000000000000, 0.000000000000000000 ) ) ;
#8712 = EDGE_CURVE ( 'NONE', #10681, #3766, #4218, .T. ) ;
#8713 = DIRECTION ( 'NONE',  ( 0.000000000000000000, -1.000000000000000000, 0.000000000000000000 ) ) ;
#8714 = DIRECTION ( 'NONE',  ( 0.000000000000000000, 1.000000000000000000, 0.000000000000000000 ) ) ;
#8715 = VERTEX_POINT ( 'NONE', #1633 ) ;
#8716 = EDGE_CURVE ( 'NONE', #8340, #7433, #10246, .T. ) ;
#8717 = VERTEX_POINT ( 'NONE', #2526 ) ;
#8718 = DIRECTION ( 'NONE',  ( 1.000000000000000000, 0.000000000000000000, 0.000000000000000000 ) ) ;
#8719 = DIRECTION ( 'NONE',  ( 0.000000000000000000, 0.000000000000000000, -1.000000000000000000 ) ) ;
#8720 = LINE ( 'NONE', #1840, #3906 ) ;
#8721 = EDGE_CURVE ( 'NONE', #5038, #10111, #6676, .T. ) ;
#8722 = PLANE ( 'NONE',  #3965 ) ;
#8723 = EDGE_CURVE ( 'NONE', #3202, #1848, #3481, .T. ) ;
#8724 = EDGE_LOOP ( 'NONE', ( #7949, #3394, #6854, #450 ) ) ;
#8725 = DIRECTION ( 'NONE',  ( 1.000000000000000000, 0.000000000000000000, 0.000000000000000000 ) ) ;
#8726 = VECTOR ( 'NONE', #8161, 1000.000000000000000 ) ;
#8727 = LINE ( 'NONE', #1056, #6163 ) ;
#8728 = ORIENTED_EDGE ( 'NONE', *, *, #10756, .F. ) ;
#8729 = ORIENTED_EDGE ( 'NONE', *, *, #237, .F. ) ;
#8730 = CARTESIAN_POINT ( 'NONE',  ( -14.34999999999999964, 0.4999999999999763522, 0.8500000000000021982 ) ) ;
#8731 = VERTEX_POINT ( 'NONE', #6009 ) ;
#8732 = CARTESIAN_POINT ( 'NONE',  ( -6.200000000000000178, 4.864999999999977121, 5.900000000000002132 ) ) ;
#8733 = CARTESIAN_POINT ( 'NONE',  ( -8.679999999999999716, 3.304999999999976179, 0.2700000000000020162 ) ) ;
#8734 = AXIS2_PLACEMENT_3D ( 'NONE', #2565, #48, #4472 ) ;
#8735 = ORIENTED_EDGE ( 'NONE', *, *, #8721, .T. ) ;
#8736 = CARTESIAN_POINT ( 'NONE',  ( -0.7357571247129995884, -2.151769090595023304, 5.300000000000002487 ) ) ;
#8737 = LINE ( 'NONE', #5388, #10614 ) ;
#8738 = CARTESIAN_POINT ( 'NONE',  ( -3.169999999999999929, 2.259999999999976250, 6.500000000000002665 ) ) ;
#8739 = DIRECTION ( 'NONE',  ( 0.000000000000000000, 0.000000000000000000, -1.000000000000000000 ) ) ;
#8740 = EDGE_CURVE ( 'NONE', #7926, #8345, #2476, .T. ) ;
#8741 = EDGE_LOOP ( 'NONE', ( #9302, #10957, #1585, #11031 ) ) ;
#8742 = AXIS2_PLACEMENT_3D ( 'NONE', #6898, #959, #2635 ) ;
#8743 = VERTEX_POINT ( 'NONE', #5891 ) ;
#8744 = ORIENTED_EDGE ( 'NONE', *, *, #11034, .T. ) ;
#8745 = ORIENTED_EDGE ( 'NONE', *, *, #8377, .F. ) ;
#8746 = FACE_OUTER_BOUND ( 'NONE', #8363, .T. ) ;
#8747 = ORIENTED_EDGE ( 'NONE', *, *, #2126, .T. ) ;
#8748 = DIRECTION ( 'NONE',  ( 1.000000000000000000, 0.000000000000000000, 0.000000000000000000 ) ) ;
#8749 = DIRECTION ( 'NONE',  ( 0.000000000000000000, 0.000000000000000000, 1.000000000000000000 ) ) ;
#8750 = CARTESIAN_POINT ( 'NONE',  ( -13.35000000000000142, -3.337992992349485988, 4.507642763073001824 ) ) ;
#8751 = DIRECTION ( 'NONE',  ( 0.000000000000000000, 1.000000000000000000, 0.000000000000000000 ) ) ;
#8752 = CARTESIAN_POINT ( 'NONE',  ( -18.32000000000000028, 3.304999999999976179, -0.3299999999999978506 ) ) ;
#8753 = LINE ( 'NONE', #10479, #877 ) ;
#8754 = VECTOR ( 'NONE', #404, 1000.000000000000000 ) ;
#8755 = EDGE_CURVE ( 'NONE', #6953, #8151, #9460, .T. ) ;
#8756 = EDGE_CURVE ( 'NONE', #7059, #3893, #11026, .T. ) ;
#8757 = CARTESIAN_POINT ( 'NONE',  ( -14.67999999999999794, 3.699999999999976641, -0.3299999999999978506 ) ) ;
#8758 = FACE_OUTER_BOUND ( 'NONE', #9265, .T. ) ;
#8759 = ORIENTED_EDGE ( 'NONE', *, *, #2732, .F. ) ;
#8760 = ORIENTED_EDGE ( 'NONE', *, *, #8688, .F. ) ;
#8761 = CARTESIAN_POINT ( 'NONE',  ( -15.32000000000000028, 3.484999999999976339, 0.3500000000000021982 ) ) ;
#8762 = CARTESIAN_POINT ( 'NONE',  ( 0.3200000000000008393, 3.304999999999976179, 0.2700000000000020162 ) ) ;
#8763 = AXIS2_PLACEMENT_3D ( 'NONE', #3037, #3254, #520 ) ;
#8764 = DIRECTION ( 'NONE',  ( 1.000000000000000000, 0.000000000000000000, 0.000000000000000000 ) ) ;
#8765 = DIRECTION ( 'NONE',  ( -2.220446049250000061E-13, -1.110223024625000030E-14, -1.000000000000000000 ) ) ;
#8766 = CARTESIAN_POINT ( 'NONE',  ( -14.67999999999999794, 0.7499999999999763522, 0.3200000000000021161 ) ) ;
#8767 = ADVANCED_FACE ( 'NONE', ( #7629 ), #1745, .T. ) ;
#8768 = LINE ( 'NONE', #2835, #6711 ) ;
#8769 = EDGE_CURVE ( 'NONE', #2395, #4167, #3373, .T. ) ;
#8770 = EDGE_CURVE ( 'NONE', #2677, #5357, #2634, .T. ) ;
#8771 = ORIENTED_EDGE ( 'NONE', *, *, #1132, .F. ) ;
#8772 = ORIENTED_EDGE ( 'NONE', *, *, #8244, .T. ) ;
#8773 = DIRECTION ( 'NONE',  ( -0.000000000000000000, 0.9363291775690363306, 0.3511234415884135762 ) ) ;
#8774 = VECTOR ( 'NONE', #10511, 1000.000000000000000 ) ;
#8775 = LINE ( 'NONE', #2894, #2603 ) ;
#8776 = PLANE ( 'NONE',  #1821 ) ;
#8777 = ADVANCED_FACE ( 'NONE', ( #8065 ), #9519, .T. ) ;
#8778 = LINE ( 'NONE', #9669, #5755 ) ;
#8779 = ORIENTED_EDGE ( 'NONE', *, *, #8843, .F. ) ;
#8780 = DIRECTION ( 'NONE',  ( 0.000000000000000000, 0.000000000000000000, 1.000000000000000000 ) ) ;
#8781 = DIRECTION ( 'NONE',  ( 0.000000000000000000, 1.000000000000000000, 0.000000000000000000 ) ) ;
#8782 = ORIENTED_EDGE ( 'NONE', *, *, #7582, .T. ) ;
#8783 = EDGE_CURVE ( 'NONE', #10885, #7351, #3759, .T. ) ;
#8784 = AXIS2_PLACEMENT_3D ( 'NONE', #6528, #3791, #7205 ) ;
#8785 = EDGE_LOOP ( 'NONE', ( #3699, #9971, #9691, #305, #6646, #1638, #421, #1971 ) ) ;
#8786 = ADVANCED_FACE ( 'NONE', ( #10411 ), #6336, .T. ) ;
#8787 = VECTOR ( 'NONE', #4228, 1000.000000000000000 ) ;
#8788 = LINE ( 'NONE', #4540, #4082 ) ;
#8789 = EDGE_CURVE ( 'NONE', #7567, #5257, #10514, .T. ) ;
#8790 = DIRECTION ( 'NONE',  ( 0.000000000000000000, -1.000000000000000000, 0.000000000000000000 ) ) ;
#8791 = FACE_OUTER_BOUND ( 'NONE', #1003, .T. ) ;
#8792 = VERTEX_POINT ( 'NONE', #10463 ) ;
#8793 = CARTESIAN_POINT ( 'NONE',  ( -12.94999999999999929, -1.790000000000023350, 4.300000000000001599 ) ) ;
#8794 = LINE ( 'NONE', #1123, #6356 ) ;
#8795 = CARTESIAN_POINT ( 'NONE',  ( 3.319999999999999840, 2.472499999999976605, 0.4500000000000020650 ) ) ;
#8796 = AXIS2_PLACEMENT_3D ( 'NONE', #5205, #4363, #2458 ) ;
#8797 = CARTESIAN_POINT ( 'NONE',  ( -5.679999999999999716, 1.159999999999976383, -0.3299999999999978506 ) ) ;
#8798 = VECTOR ( 'NONE', #2666, 1000.000000000000000 ) ;
#8799 = ORIENTED_EDGE ( 'NONE', *, *, #288, .T. ) ;
#8800 = ORIENTED_EDGE ( 'NONE', *, *, #8361, .T. ) ;
#8801 = ORIENTED_EDGE ( 'NONE', *, *, #6424, .T. ) ;
#8802 = VECTOR ( 'NONE', #5798, 1000.000000000000000 ) ;
#8803 = ORIENTED_EDGE ( 'NONE', *, *, #276, .T. ) ;
#8804 = LINE ( 'NONE', #1865, #640 ) ;
#8805 = ORIENTED_EDGE ( 'NONE', *, *, #6252, .F. ) ;
#8806 = DIRECTION ( 'NONE',  ( 0.000000000000000000, 0.000000000000000000, -1.000000000000000000 ) ) ;
#8807 = VECTOR ( 'NONE', #981, 1000.000000000000000 ) ;
#8808 = AXIS2_PLACEMENT_3D ( 'NONE', #10617, #2123, #5545 ) ;
#8809 = EDGE_CURVE ( 'NONE', #2241, #683, #9629, .T. ) ;
#8810 = CARTESIAN_POINT ( 'NONE',  ( 0.3200000000000008393, 0.7499999999999763522, 0.3200000000000021161 ) ) ;
#8811 = CARTESIAN_POINT ( 'NONE',  ( -13.35000000000000142, -3.322407828109262606, 4.676236883436533986 ) ) ;
#8812 = CARTESIAN_POINT ( 'NONE',  ( -3.319999999999999840, 1.554999999999976623, -0.3199999999999982303 ) ) ;
#8813 = CARTESIAN_POINT ( 'NONE',  ( -5.679999999999999716, 2.749999999999976463, 1.500000000000002220 ) ) ;
#8814 = LINE ( 'NONE', #349, #9274 ) ;
#8815 = VECTOR ( 'NONE', #3162, 1000.000000000000000 ) ;
#8816 = ORIENTED_EDGE ( 'NONE', *, *, #2265, .F. ) ;
#8817 = LINE ( 'NONE', #4617, #2115 ) ;
#8818 = CARTESIAN_POINT ( 'NONE',  ( -15.32000000000000028, 2.109999999999976339, 6.100000000000002309 ) ) ;
#8819 = EDGE_LOOP ( 'NONE', ( #507, #5895, #2808, #4774, #3705, #10535 ) ) ;
#8820 = ORIENTED_EDGE ( 'NONE', *, *, #5262, .F. ) ;
#8821 = EDGE_CURVE ( 'NONE', #10681, #3471, #3538, .T. ) ;
#8822 = DIRECTION ( 'NONE',  ( 0.000000000000000000, 1.000000000000000000, 0.000000000000000000 ) ) ;
#8823 = DIRECTION ( 'NONE',  ( 0.000000000000000000, 0.000000000000000000, -1.000000000000000000 ) ) ;
#8824 = AXIS2_PLACEMENT_3D ( 'NONE', #348, #5350, #4507 ) ;
#8825 = LINE ( 'NONE', #4352, #8807 ) ;
#8826 = CARTESIAN_POINT ( 'NONE',  ( -14.83000000000000007, 2.259999999999976250, 6.500000000000002665 ) ) ;
#8827 = EDGE_CURVE ( 'NONE', #4656, #9329, #8737, .T. ) ;
#8828 = DIRECTION ( 'NONE',  ( 0.000000000000000000, 0.000000000000000000, 1.000000000000000000 ) ) ;
#8829 = CARTESIAN_POINT ( 'NONE',  ( -0.3199999999999999512, 3.304999999999976179, 0.2700000000000020162 ) ) ;
#8830 = DIRECTION ( 'NONE',  ( -1.000000000000000000, 0.000000000000000000, 0.000000000000000000 ) ) ;
#8831 = VECTOR ( 'NONE', #2077, 1000.000000000000114 ) ;
#8832 = ORIENTED_EDGE ( 'NONE', *, *, #1295, .T. ) ;
#8833 = VERTEX_POINT ( 'NONE', #4546 ) ;
#8834 = CARTESIAN_POINT ( 'NONE',  ( -9.320000000000000284, 4.359999999999976339, -0.9999999999999983347 ) ) ;
#8835 = FACE_OUTER_BOUND ( 'NONE', #1439, .T. ) ;
#8836 = DIRECTION ( 'NONE',  ( 0.000000000000000000, 0.000000000000000000, 1.000000000000000000 ) ) ;
#8837 = EDGE_CURVE ( 'NONE', #4783, #788, #8901, .T. ) ;
#8838 = LINE ( 'NONE', #156, #1830 ) ;
#8839 = VERTEX_POINT ( 'NONE', #10353 ) ;
#8840 = CARTESIAN_POINT ( 'NONE',  ( -8.679999999999999716, -2.820000000000023821, 0.3200000000000021161 ) ) ;
#8841 = LINE ( 'NONE', #6211, #973 ) ;
#8842 = VERTEX_POINT ( 'NONE', #7056 ) ;
#8843 = EDGE_CURVE ( 'NONE', #6952, #7501, #2861, .T. ) ;
#8844 = ORIENTED_EDGE ( 'NONE', *, *, #8122, .T. ) ;
#8845 = CARTESIAN_POINT ( 'NONE',  ( -8.799999999999998934, 4.864999999999977121, 6.400000000000002132 ) ) ;
#8846 = FACE_OUTER_BOUND ( 'NONE', #3751, .T. ) ;
#8847 = VECTOR ( 'NONE', #6717, 1000.000000000000000 ) ;
#8848 = DIRECTION ( 'NONE',  ( 0.000000000000000000, 0.000000000000000000, -1.000000000000000000 ) ) ;
#8849 = VERTEX_POINT ( 'NONE', #2803 ) ;
#8850 = LINE ( 'NONE', #333, #10938 ) ;
#8851 = DIRECTION ( 'NONE',  ( 0.000000000000000000, 0.000000000000000000, -1.000000000000000000 ) ) ;
#8852 = LINE ( 'NONE', #1183, #6028 ) ;
#8853 = EDGE_CURVE ( 'NONE', #10885, #10339, #8680, .T. ) ;
#8854 = DIRECTION ( 'NONE',  ( 0.000000000000000000, -1.000000000000000000, 0.000000000000000000 ) ) ;
#8855 = EDGE_CURVE ( 'NONE', #9511, #10718, #8794, .T. ) ;
#8856 = ORIENTED_EDGE ( 'NONE', *, *, #2999, .F. ) ;
#8857 = AXIS2_PLACEMENT_3D ( 'NONE', #6045, #10954, #7669 ) ;
#8858 = ORIENTED_EDGE ( 'NONE', *, *, #3024, .F. ) ;
#8859 = ORIENTED_EDGE ( 'NONE', *, *, #1065, .F. ) ;
#8860 = ADVANCED_FACE ( 'NONE', ( #2685 ), #6276, .F. ) ;
#8861 = VECTOR ( 'NONE', #7412, 1000.000000000000000 ) ;
#8862 = ORIENTED_EDGE ( 'NONE', *, *, #5509, .F. ) ;
#8863 = CARTESIAN_POINT ( 'NONE',  ( -6.200000000000000178, 4.864999999999977121, 6.400000000000002132 ) ) ;
#8864 = ORIENTED_EDGE ( 'NONE', *, *, #5139, .F. ) ;
#8865 = CARTESIAN_POINT ( 'NONE',  ( -13.35000000000000142, -3.330573413035704533, 3.983774501704405946 ) ) ;
#8866 = AXIS2_PLACEMENT_3D ( 'NONE', #4806, #8215, #540 ) ;
#8867 = EDGE_CURVE ( 'NONE', #9622, #5132, #2028, .T. ) ;
#8868 = FACE_OUTER_BOUND ( 'NONE', #2475, .T. ) ;
#8869 = CARTESIAN_POINT ( 'NONE',  ( 2.360000000000001208, 1.159999999999976383, -0.9999999999999983347 ) ) ;
#8870 = FACE_OUTER_BOUND ( 'NONE', #4609, .T. ) ;
#8871 = VECTOR ( 'NONE', #7941, 1000.000000000000000 ) ;
#8872 = PLANE ( 'NONE',  #219 ) ;
#8873 = CARTESIAN_POINT ( 'NONE',  ( -11.67999999999999972, 3.304999999999976179, 0.2700000000000020162 ) ) ;
#8874 = VERTEX_POINT ( 'NONE', #2746 ) ;
#8875 = ORIENTED_EDGE ( 'NONE', *, *, #5634, .F. ) ;
#8876 = DIRECTION ( 'NONE',  ( 1.000000000000000000, 0.000000000000000000, 0.000000000000000000 ) ) ;
#8877 = DIRECTION ( 'NONE',  ( 1.000000000000000000, 0.000000000000000000, 0.000000000000000000 ) ) ;
#8878 = LINE ( 'NONE', #415, #751 ) ;
#8879 = PLANE ( 'NONE',  #5957 ) ;
#8880 = CARTESIAN_POINT ( 'NONE',  ( -6.319999999999999396, 2.109999999999976339, 0.3500000000000021982 ) ) ;
#8881 = ADVANCED_FACE ( 'NONE', ( #5278 ), #8014, .T. ) ;
#8882 = VECTOR ( 'NONE', #10010, 1000.000000000000114 ) ;
#8883 = DIRECTION ( 'NONE',  ( 0.000000000000000000, 0.000000000000000000, 1.000000000000000000 ) ) ;
#8884 = ORIENTED_EDGE ( 'NONE', *, *, #1278, .F. ) ;
#8885 = DIRECTION ( 'NONE',  ( 1.000000000000000000, 0.000000000000000000, 0.000000000000000000 ) ) ;
#8886 = LINE ( 'NONE', #8210, #7888 ) ;
#8887 = DIRECTION ( 'NONE',  ( 0.000000000000000000, 1.000000000000000000, 0.000000000000000000 ) ) ;
#8888 = DIRECTION ( 'NONE',  ( 0.000000000000000000, -1.000000000000000000, 0.000000000000000000 ) ) ;
#8889 = ORIENTED_EDGE ( 'NONE', *, *, #2772, .F. ) ;
#8890 = PLANE ( 'NONE',  #8328 ) ;
#8891 = PLANE ( 'NONE',  #5801 ) ;
#8892 = ORIENTED_EDGE ( 'NONE', *, *, #2732, .T. ) ;
#8893 = EDGE_CURVE ( 'NONE', #8957, #3035, #1912, .T. ) ;
#8894 = VERTEX_POINT ( 'NONE', #7898 ) ;
#8895 = CARTESIAN_POINT ( 'NONE',  ( -14.67999999999999794, 1.159999999999976383, -0.9999999999999983347 ) ) ;
#8896 = LINE ( 'NONE', #4541, #6366 ) ;
#8897 = CARTESIAN_POINT ( 'NONE',  ( -13.19023499788400144, -3.343929033009024998, 3.755083693576302561 ) ) ;
#8898 = VECTOR ( 'NONE', #10606, 1000.000000000000000 ) ;
#8899 = VERTEX_POINT ( 'NONE', #6220 ) ;
#8900 = CARTESIAN_POINT ( 'NONE',  ( -0.1700000000000000122, -3.220000000000023288, -0.1699999999999982636 ) ) ;
#8901 = LINE ( 'NONE', #6949, #1514 ) ;
#8902 = CARTESIAN_POINT ( 'NONE',  ( -14.67999999999999794, 2.749999999999976463, 6.100000000000002309 ) ) ;
#8903 = CARTESIAN_POINT ( 'NONE',  ( -5.679999999999999716, 3.304999999999976179, -0.3199999999999982303 ) ) ;
#8904 = EDGE_LOOP ( 'NONE', ( #1730, #1344, #4654, #8956 ) ) ;
#8905 = VECTOR ( 'NONE', #1059, 1000.000000000000000 ) ;
#8906 = ORIENTED_EDGE ( 'NONE', *, *, #9621, .T. ) ;
#8907 = VERTEX_POINT ( 'NONE', #1182 ) ;
#8908 = EDGE_CURVE ( 'NONE', #8349, #9770, #334, .T. ) ;
#8909 = ORIENTED_EDGE ( 'NONE', *, *, #6915, .T. ) ;
#8910 = CARTESIAN_POINT ( 'NONE',  ( -3.319999999999999840, 0.7499999999999763522, -0.3199999999999982303 ) ) ;
#8911 = ORIENTED_EDGE ( 'NONE', *, *, #8550, .T. ) ;
#8912 = VECTOR ( 'NONE', #8748, 1000.000000000000000 ) ;
#8913 = CARTESIAN_POINT ( 'NONE',  ( -13.34999999999999964, -3.260751965635722005, 3.715248993105752628 ) ) ;
#8914 = ORIENTED_EDGE ( 'NONE', *, *, #4125, .F. ) ;
#8915 = DIRECTION ( 'NONE',  ( -1.000000000000000000, 0.000000000000000000, 0.000000000000000000 ) ) ;
#8916 = CARTESIAN_POINT ( 'NONE',  ( -6.319999999999999396, 4.359999999999976339, 0.3500000000000021982 ) ) ;
#8917 = CARTESIAN_POINT ( 'NONE',  ( -11.67999999999999972, 2.109999999999976339, 0.3500000000000021982 ) ) ;
#8918 = CARTESIAN_POINT ( 'NONE',  ( -12.31999999999999851, 3.304999999999976179, -0.3199999999999982303 ) ) ;
#8919 = CARTESIAN_POINT ( 'NONE',  ( -5.679999999999999716, 3.484999999999976339, 0.3500000000000021982 ) ) ;
#8920 = EDGE_LOOP ( 'NONE', ( #9929, #1011, #6875, #9670 ) ) ;
#8921 = ORIENTED_EDGE ( 'NONE', *, *, #2117, .F. ) ;
#8922 = EDGE_CURVE ( 'NONE', #7625, #8538, #9952, .T. ) ;
#8923 = EDGE_CURVE ( 'NONE', #6947, #4713, #7223, .T. ) ;
#8924 = DIRECTION ( 'NONE',  ( -0.000000000000000000, 0.7071067811865475727, 0.7071067811865475727 ) ) ;
#8925 = PLANE ( 'NONE',  #10281 ) ;
#8926 = DIRECTION ( 'NONE',  ( 0.000000000000000000, 0.000000000000000000, -1.000000000000000000 ) ) ;
#8927 = EDGE_CURVE ( 'NONE', #8715, #8743, #4707, .T. ) ;
#8928 = CARTESIAN_POINT ( 'NONE',  ( 0.3200000000000008393, 2.109999999999976339, 2.296000000000002039 ) ) ;
#8929 = DIRECTION ( 'NONE',  ( -1.000000000000000000, 0.000000000000000000, 0.000000000000000000 ) ) ;
#8930 = AXIS2_PLACEMENT_3D ( 'NONE', #4285, #10147, #7697 ) ;
#8931 = CARTESIAN_POINT ( 'NONE',  ( -9.169999999999999929, -3.220000000000023288, -0.1699999999999982636 ) ) ;
#8932 = VERTEX_POINT ( 'NONE', #10726 ) ;
#8933 = PLANE ( 'NONE',  #8055 ) ;
#8934 = DIRECTION ( 'NONE',  ( 1.000000000000000000, 0.000000000000000000, 0.000000000000000000 ) ) ;
#8935 = DIRECTION ( 'NONE',  ( -0.3511234415884135762, 0.9363291775690363306, 0.000000000000000000 ) ) ;
#8936 = EDGE_CURVE ( 'NONE', #3016, #5281, #388, .T. ) ;
#8937 = CARTESIAN_POINT ( 'NONE',  ( -12.31999999999999851, 3.699999999999976641, -0.9999999999999983347 ) ) ;
#8938 = ORIENTED_EDGE ( 'NONE', *, *, #10877, .F. ) ;
#8939 = CARTESIAN_POINT ( 'NONE',  ( -9.320000000000000284, -2.820000000000023821, 0.3200000000000021161 ) ) ;
#8940 = VECTOR ( 'NONE', #6204, 1000.000000000000000 ) ;
#8941 = DIRECTION ( 'NONE',  ( -1.000000000000000000, 0.000000000000000000, 0.000000000000000000 ) ) ;
#8942 = VERTEX_POINT ( 'NONE', #5546 ) ;
#8943 = AXIS2_PLACEMENT_3D ( 'NONE', #7679, #9406, #1742 ) ;
#8944 = ORIENTED_EDGE ( 'NONE', *, *, #4073, .T. ) ;
#8945 = CARTESIAN_POINT ( 'NONE',  ( -2.680000000000000160, 1.159999999999976383, -0.3299999999999978506 ) ) ;
#8946 = DIRECTION ( 'NONE',  ( 0.000000000000000000, 1.000000000000000000, 0.000000000000000000 ) ) ;
#8947 = DIRECTION ( 'NONE',  ( -0.000000000000000000, 1.000000000000000000, 0.000000000000000000 ) ) ;
#8948 = ORIENTED_EDGE ( 'NONE', *, *, #5920, .T. ) ;
#8949 = CARTESIAN_POINT ( 'NONE',  ( -5.679999999999999716, 2.109999999999976339, 0.3200000000000021161 ) ) ;
#8950 = DIRECTION ( 'NONE',  ( 0.000000000000000000, 0.000000000000000000, -1.000000000000000000 ) ) ;
#8951 = DIRECTION ( 'NONE',  ( 0.000000000000000000, 0.000000000000000000, -1.000000000000000000 ) ) ;
#8952 = VECTOR ( 'NONE', #5480, 1000.000000000000000 ) ;
#8953 = CARTESIAN_POINT ( 'NONE',  ( -13.92979589711299937, -1.790000000000023350, 3.300000000000002043 ) ) ;
#8954 = VERTEX_POINT ( 'NONE', #6434 ) ;
#8955 = VECTOR ( 'NONE', #10589, 1000.000000000000000 ) ;
#8956 = ORIENTED_EDGE ( 'NONE', *, *, #3753, .T. ) ;
#8957 = VERTEX_POINT ( 'NONE', #443 ) ;
#8958 = ORIENTED_EDGE ( 'NONE', *, *, #2772, .T. ) ;
#8959 = CARTESIAN_POINT ( 'NONE',  ( -1.649999999999999689, -3.338082093135797734, 4.512410740451846536 ) ) ;
#8960 = ORIENTED_EDGE ( 'NONE', *, *, #5008, .T. ) ;
#8961 = CARTESIAN_POINT ( 'NONE',  ( -6.319999999999999396, 2.749999999999976463, 2.296000000000002039 ) ) ;
#8962 = ADVANCED_FACE ( 'NONE', ( #6383 ), #3074, .T. ) ;
#8963 = VECTOR ( 'NONE', #10449, 1000.000000000000000 ) ;
#8964 = DIRECTION ( 'NONE',  ( 0.000000000000000000, 0.000000000000000000, -1.000000000000000000 ) ) ;
#8965 = VECTOR ( 'NONE', #6301, 1000.000000000000000 ) ;
#8966 = FACE_OUTER_BOUND ( 'NONE', #7532, .T. ) ;
#8967 = CARTESIAN_POINT ( 'NONE',  ( 3.319999999999999840, 3.679999999999976623, 7.500000000000002665 ) ) ;
#8968 = EDGE_CURVE ( 'NONE', #8063, #7590, #9783, .T. ) ;
#8969 = VECTOR ( 'NONE', #6135, 1000.000000000000114 ) ;
#8970 = ORIENTED_EDGE ( 'NONE', *, *, #10200, .F. ) ;
#8971 = VECTOR ( 'NONE', #8586, 1000.000000000000000 ) ;
#8972 = CARTESIAN_POINT ( 'NONE',  ( -18.32000000000000028, -0.04000000000002352368, 0.8500000000000021982 ) ) ;
#8973 = ORIENTED_EDGE ( 'NONE', *, *, #4007, .T. ) ;
#8974 = ORIENTED_EDGE ( 'NONE', *, *, #6328, .T. ) ;
#8975 = CARTESIAN_POINT ( 'NONE',  ( -0.3199999999999999512, 0.7499999999999763522, -0.3199999999999982303 ) ) ;
#8976 = CARTESIAN_POINT ( 'NONE',  ( -1.249999999999999334, 1.179999999999976401, 8.900000000000002132 ) ) ;
#8977 = DIRECTION ( 'NONE',  ( -0.000000000000000000, 1.000000000000000000, 0.000000000000000000 ) ) ;
#8978 = EDGE_CURVE ( 'NONE', #7835, #4713, #3865, .T. ) ;
#8979 = PLANE ( 'NONE',  #3641 ) ;
#8980 = VECTOR ( 'NONE', #10685, 1000.000000000000000 ) ;
#8981 = VECTOR ( 'NONE', #8302, 1000.000000000000000 ) ;
#8982 = ADVANCED_FACE ( 'NONE', ( #3018 ), #10618, .F. ) ;
#8983 = DIRECTION ( 'NONE',  ( 0.000000000000000000, 0.000000000000000000, -1.000000000000000000 ) ) ;
#8984 = ORIENTED_EDGE ( 'NONE', *, *, #10955, .T. ) ;
#8985 = ORIENTED_EDGE ( 'NONE', *, *, #5565, .T. ) ;
#8986 = VECTOR ( 'NONE', #125, 1000.000000000000000 ) ;
#8987 = EDGE_CURVE ( 'NONE', #5997, #7883, #4819, .T. ) ;
#8988 = CARTESIAN_POINT ( 'NONE',  ( -15.32000000000000028, 2.749999999999976463, 2.296000000000002039 ) ) ;
#8989 = CARTESIAN_POINT ( 'NONE',  ( -11.67999999999999972, 0.7499999999999763522, -0.3199999999999982303 ) ) ;
#8990 = LINE ( 'NONE', #10448, #3617 ) ;
#8991 = DIRECTION ( 'NONE',  ( 0.000000000000000000, 0.000000000000000000, -1.000000000000000000 ) ) ;
#8992 = ORIENTED_EDGE ( 'NONE', *, *, #7819, .T. ) ;
#8993 = PLANE ( 'NONE',  #4029 ) ;
#8994 = AXIS2_PLACEMENT_3D ( 'NONE', #2317, #7305, #3044 ) ;
#8995 = CARTESIAN_POINT ( 'NONE',  ( -18.32000000000000028, 3.679999999999976623, 7.500000000000002665 ) ) ;
#8996 = ORIENTED_EDGE ( 'NONE', *, *, #8987, .T. ) ;
#8997 = EDGE_CURVE ( 'NONE', #2643, #10975, #4875, .T. ) ;
#8998 = ORIENTED_EDGE ( 'NONE', *, *, #842, .T. ) ;
#8999 = FACE_OUTER_BOUND ( 'NONE', #5954, .T. ) ;
#9000 = CARTESIAN_POINT ( 'NONE',  ( -17.62000000000000099, 2.429999999999976623, 8.200000000000002842 ) ) ;
#9001 = DIRECTION ( 'NONE',  ( 1.000000000000000000, 0.000000000000000000, 0.000000000000000000 ) ) ;
#9002 = DIRECTION ( 'NONE',  ( 0.000000000000000000, 0.000000000000000000, -1.000000000000000000 ) ) ;
#9003 = CARTESIAN_POINT ( 'NONE',  ( -14.15909273038699823, -3.088021493513029458, 3.839674511752802388 ) ) ;
#9004 = EDGE_LOOP ( 'NONE', ( #6503, #4014, #9449, #6567 ) ) ;
#9005 = FACE_OUTER_BOUND ( 'NONE', #166, .T. ) ;
#9006 = DIRECTION ( 'NONE',  ( 0.000000000000000000, 1.000000000000000000, 0.000000000000000000 ) ) ;
#9007 = DIRECTION ( 'NONE',  ( 0.000000000000000000, 1.000000000000000000, 0.000000000000000000 ) ) ;
#9008 = DIRECTION ( 'NONE',  ( 0.000000000000000000, 1.000000000000000000, 0.000000000000000000 ) ) ;
#9009 = VERTEX_POINT ( 'NONE', #2966 ) ;
#9010 = EDGE_CURVE ( 'NONE', #1053, #5179, #9911, .T. ) ;
#9011 = EDGE_LOOP ( 'NONE', ( #3871, #70, #6551, #9221 ) ) ;
#9012 = ORIENTED_EDGE ( 'NONE', *, *, #2462, .F. ) ;
#9013 = VECTOR ( 'NONE', #8781, 1000.000000000000000 ) ;
#9014 = ORIENTED_EDGE ( 'NONE', *, *, #4003, .F. ) ;
#9015 = CARTESIAN_POINT ( 'NONE',  ( -15.32000000000000028, 1.159999999999976383, -0.3299999999999978506 ) ) ;
#9016 = ORIENTED_EDGE ( 'NONE', *, *, #5968, .T. ) ;
#9017 = DIRECTION ( 'NONE',  ( -1.000000000000000000, 0.000000000000000000, 0.000000000000000000 ) ) ;
#9018 = LINE ( 'NONE', #10527, #10752 ) ;
#9019 = LINE ( 'NONE', #5726, #10768 ) ;
#9020 = DIRECTION ( 'NONE',  ( 0.000000000000000000, 0.000000000000000000, 1.000000000000000000 ) ) ;
#9021 = VECTOR ( 'NONE', #7043, 1000.000000000000000 ) ;
#9022 = CYLINDRICAL_SURFACE ( 'NONE', #10457, 1.700000000000000178 ) ;
#9023 = EDGE_CURVE ( 'NONE', #3515, #10300, #6601, .T. ) ;
#9024 = EDGE_LOOP ( 'NONE', ( #2690, #7168, #205, #1891 ) ) ;
#9025 = VECTOR ( 'NONE', #8877, 1000.000000000000000 ) ;
#9026 = ORIENTED_EDGE ( 'NONE', *, *, #1233, .F. ) ;
#9027 = EDGE_CURVE ( 'NONE', #9181, #11014, #553, .T. ) ;
#9028 = CARTESIAN_POINT ( 'NONE',  ( -17.35999999999999943, -0.04000000000002352368, 0.8500000000000021982 ) ) ;
#9029 = ORIENTED_EDGE ( 'NONE', *, *, #1861, .T. ) ;
#9030 = ORIENTED_EDGE ( 'NONE', *, *, #1815, .F. ) ;
#9031 = CARTESIAN_POINT ( 'NONE',  ( -11.67999999999999972, 1.554999999999976623, -0.3299999999999978506 ) ) ;
#9032 = CARTESIAN_POINT ( 'NONE',  ( 3.319999999999999840, 2.472499999999976605, 0.4500000000000020650 ) ) ;
#9033 = DIRECTION ( 'NONE',  ( 0.000000000000000000, -1.000000000000000000, 0.000000000000000000 ) ) ;
#9034 = CARTESIAN_POINT ( 'NONE',  ( -11.67999999999999972, 3.304999999999976179, -0.3299999999999978506 ) ) ;
#9035 = CARTESIAN_POINT ( 'NONE',  ( 1.959999999999999964, 0.7499999999999763522, 0.8500000000000021982 ) ) ;
#9036 = EDGE_CURVE ( 'NONE', #7616, #5942, #7390, .T. ) ;
#9037 = CARTESIAN_POINT ( 'NONE',  ( -3.169999999999999929, 2.259999999999976250, 6.500000000000002665 ) ) ;
#9038 = EDGE_CURVE ( 'NONE', #8525, #2186, #8173, .T. ) ;
#9039 = ORIENTED_EDGE ( 'NONE', *, *, #3584, .F. ) ;
#9040 = ORIENTED_EDGE ( 'NONE', *, *, #6090, .F. ) ;
#9041 = VECTOR ( 'NONE', #3754, 1000.000000000000000 ) ;
#9042 = CARTESIAN_POINT ( 'NONE',  ( -8.679999999999999716, 3.304999999999976179, -0.3299999999999978506 ) ) ;
#9043 = CARTESIAN_POINT ( 'NONE',  ( -14.34999999999999964, -2.341876692568689577E-14, 0.8500000000000021982 ) ) ;
#9044 = LINE ( 'NONE', #536, #9500 ) ;
#9045 = EDGE_CURVE ( 'NONE', #4715, #3766, #498, .T. ) ;
#9046 = LINE ( 'NONE', #3956, #7722 ) ;
#9047 = EDGE_CURVE ( 'NONE', #1352, #956, #1448, .T. ) ;
#9048 = VERTEX_POINT ( 'NONE', #2345 ) ;
#9049 = PLANE ( 'NONE',  #8866 ) ;
#9050 = VECTOR ( 'NONE', #639, 1000.000000000000000 ) ;
#9051 = PLANE ( 'NONE',  #2640 ) ;
#9052 = ORIENTED_EDGE ( 'NONE', *, *, #8550, .F. ) ;
#9053 = ORIENTED_EDGE ( 'NONE', *, *, #2972, .F. ) ;
#9054 = EDGE_CURVE ( 'NONE', #3181, #892, #9175, .T. ) ;
#9055 = FACE_BOUND ( 'NONE', #2212, .T. ) ;
#9056 = CARTESIAN_POINT ( 'NONE',  ( -18.32000000000000028, 3.304999999999976179, -0.3299999999999978506 ) ) ;
#9057 = CARTESIAN_POINT ( 'NONE',  ( -18.32000000000000028, 3.304999999999976179, -0.3299999999999978506 ) ) ;
#9058 = EDGE_CURVE ( 'NONE', #9529, #3529, #6827, .T. ) ;
#9059 = FACE_OUTER_BOUND ( 'NONE', #4107, .T. ) ;
#9060 = CARTESIAN_POINT ( 'NONE',  ( -13.74216055092900213, -3.343929033009021445, 3.998408829023512023 ) ) ;
#9061 = ORIENTED_EDGE ( 'NONE', *, *, #1736, .T. ) ;
#9062 = CARTESIAN_POINT ( 'NONE',  ( -15.32000000000000028, 2.109999999999976339, 0.3500000000000021982 ) ) ;
#9063 = DIRECTION ( 'NONE',  ( 0.000000000000000000, 1.000000000000000000, 0.000000000000000000 ) ) ;
#9064 = CARTESIAN_POINT ( 'NONE',  ( 2.360000000000001208, -0.6005000000000237925, 5.400000000000002132 ) ) ;
#9065 = FACE_OUTER_BOUND ( 'NONE', #7281, .T. ) ;
#9066 = ORIENTED_EDGE ( 'NONE', *, *, #9268, .T. ) ;
#9067 = ORIENTED_EDGE ( 'NONE', *, *, #1941, .F. ) ;
#9068 = ORIENTED_EDGE ( 'NONE', *, *, #2081, .F. ) ;
#9069 = EDGE_LOOP ( 'NONE', ( #617, #3619, #3713, #8618 ) ) ;
#9070 = DIRECTION ( 'NONE',  ( 0.000000000000000000, 0.000000000000000000, -1.000000000000000000 ) ) ;
#9071 = ORIENTED_EDGE ( 'NONE', *, *, #6941, .T. ) ;
#9072 = CARTESIAN_POINT ( 'NONE',  ( -2.680000000000000160, 2.749999999999976463, 6.100000000000002309 ) ) ;
#9073 = ADVANCED_FACE ( 'NONE', ( #3245 ), #5931, .T. ) ;
#9074 = CARTESIAN_POINT ( 'NONE',  ( 1.959999999999999964, 0.7499999999999763522, -0.9999999999999983347 ) ) ;
#9075 = DIRECTION ( 'NONE',  ( -0.3312945782245003690, 0.8834522085988016915, -0.3312945782245003690 ) ) ;
#9076 = LINE ( 'NONE', #1355, #4638 ) ;
#9077 = VECTOR ( 'NONE', #4026, 1000.000000000000000 ) ;
#9078 = DIRECTION ( 'NONE',  ( 0.000000000000000000, 0.000000000000000000, -1.000000000000000000 ) ) ;
#9079 = CIRCLE ( 'NONE', #10504, 0.9015943182001001643 ) ;
#9080 = ORIENTED_EDGE ( 'NONE', *, *, #4145, .F. ) ;
#9081 = ORIENTED_EDGE ( 'NONE', *, *, #10596, .T. ) ;
#9082 = VERTEX_POINT ( 'NONE', #2569 ) ;
#9083 = ORIENTED_EDGE ( 'NONE', *, *, #3505, .T. ) ;
#9084 = FACE_OUTER_BOUND ( 'NONE', #6661, .T. ) ;
#9085 = CARTESIAN_POINT ( 'NONE',  ( -13.75000000000000000, 1.879999999999976357, 2.296000000000002039 ) ) ;
#9086 = LINE ( 'NONE', #5684, #1836 ) ;
#9087 = DIRECTION ( 'NONE',  ( 1.000000000000000000, 0.000000000000000000, 0.000000000000000000 ) ) ;
#9088 = DIRECTION ( 'NONE',  ( 0.000000000000000000, 1.000000000000000000, 0.000000000000000000 ) ) ;
#9089 = EDGE_CURVE ( 'NONE', #1848, #1693, #717, .T. ) ;
#9090 = EDGE_CURVE ( 'NONE', #7094, #6998, #11010, .T. ) ;
#9091 = CARTESIAN_POINT ( 'NONE',  ( -15.00000000000000000, 2.184999999999976517, 6.300000000000001599 ) ) ;
#9092 = VECTOR ( 'NONE', #3879, 1000.000000000000114 ) ;
#9093 = ORIENTED_EDGE ( 'NONE', *, *, #3615, .T. ) ;
#9094 = VERTEX_POINT ( 'NONE', #3469 ) ;
#9095 = DIRECTION ( 'NONE',  ( 1.000000000000000000, 0.000000000000000000, 0.000000000000000000 ) ) ;
#9096 = LINE ( 'NONE', #2269, #4670 ) ;
#9097 = CARTESIAN_POINT ( 'NONE',  ( -13.92979589711299937, -1.790000000000023350, 5.300000000000002487 ) ) ;
#9098 = EDGE_CURVE ( 'NONE', #5609, #6619, #9339, .T. ) ;
#9099 = LINE ( 'NONE', #1433, #2897 ) ;
#9100 = EDGE_CURVE ( 'NONE', #8792, #10435, #7614, .T. ) ;
#9101 = EDGE_LOOP ( 'NONE', ( #10192, #7460, #3714, #6283 ) ) ;
#9102 = DIRECTION ( 'NONE',  ( 1.000000000000000000, 0.000000000000000000, 0.000000000000000000 ) ) ;
#9103 = ADVANCED_FACE ( 'NONE', ( #4255 ), #4985, .T. ) ;
#9104 = DIRECTION ( 'NONE',  ( -1.000000000000000000, 0.000000000000000000, 0.000000000000000000 ) ) ;
#9105 = VECTOR ( 'NONE', #6000, 1000.000000000000000 ) ;
#9106 = ORIENTED_EDGE ( 'NONE', *, *, #7454, .T. ) ;
#9107 = ORIENTED_EDGE ( 'NONE', *, *, #7485, .T. ) ;
#9108 = EDGE_CURVE ( 'NONE', #1143, #10118, #6885, .T. ) ;
#9109 = CARTESIAN_POINT ( 'NONE',  ( -1.649999999999999467, 0.4999999999999763522, 0.8500000000000021982 ) ) ;
#9110 = PLANE ( 'NONE',  #3332 ) ;
#9111 = PLANE ( 'NONE',  #1582 ) ;
#9112 = CARTESIAN_POINT ( 'NONE',  ( 2.360000000000001208, 3.304999999999976179, -0.3299999999999978506 ) ) ;
#9113 = CARTESIAN_POINT ( 'NONE',  ( -13.46550204792699645, -3.339878673358024574, 4.496261813457803846 ) ) ;
#9114 = AXIS2_PLACEMENT_3D ( 'NONE', #4470, #6979, #7096 ) ;
#9115 = ORIENTED_EDGE ( 'NONE', *, *, #2767, .F. ) ;
#9116 = DIRECTION ( 'NONE',  ( 0.000000000000000000, 0.000000000000000000, -1.000000000000000000 ) ) ;
#9117 = CARTESIAN_POINT ( 'NONE',  ( -11.67999999999999972, 1.159999999999976383, -0.9999999999999983347 ) ) ;
#9118 = ADVANCED_FACE ( 'NONE', ( #10232 ), #5097, .T. ) ;
#9119 = LINE ( 'NONE', #444, #9228 ) ;
#9120 = CARTESIAN_POINT ( 'NONE',  ( -14.67999999999999794, -2.820000000000023821, -0.3199999999999982303 ) ) ;
#9121 = ORIENTED_EDGE ( 'NONE', *, *, #9607, .F. ) ;
#9122 = EDGE_CURVE ( 'NONE', #7851, #9094, #9231, .T. ) ;
#9123 = VERTEX_POINT ( 'NONE', #2512 ) ;
#9124 = EDGE_CURVE ( 'NONE', #1455, #2334, #10063, .T. ) ;
#9125 = ORIENTED_EDGE ( 'NONE', *, *, #3795, .F. ) ;
#9126 = EDGE_CURVE ( 'NONE', #7151, #8099, #662, .T. ) ;
#9127 = VERTEX_POINT ( 'NONE', #3413 ) ;
#9128 = CARTESIAN_POINT ( 'NONE',  ( -11.67999999999999972, 3.304999999999976179, -0.3199999999999982303 ) ) ;
#9129 = EDGE_LOOP ( 'NONE', ( #1147, #3853, #2277, #337 ) ) ;
#9130 = VECTOR ( 'NONE', #5779, 1000.000000000000000 ) ;
#9131 = DIRECTION ( 'NONE',  ( 0.000000000000000000, 0.000000000000000000, 1.000000000000000000 ) ) ;
#9132 = VERTEX_POINT ( 'NONE', #2404 ) ;
#9133 = FILL_AREA_STYLE ('',( #3317 ) ) ;
#9134 = CARTESIAN_POINT ( 'NONE',  ( -18.32000000000000028, 4.359999999999976339, -0.9999999999999983347 ) ) ;
#9135 = LINE ( 'NONE', #7457, #8564 ) ;
#9136 = LINE ( 'NONE', #3265, #809 ) ;
#9137 = VERTEX_POINT ( 'NONE', #10897 ) ;
#9138 = ORIENTED_EDGE ( 'NONE', *, *, #4346, .F. ) ;
#9139 = EDGE_CURVE ( 'NONE', #3471, #8833, #5819, .T. ) ;
#9140 = ORIENTED_EDGE ( 'NONE', *, *, #537, .T. ) ;
#9141 = ORIENTED_EDGE ( 'NONE', *, *, #7810, .F. ) ;
#9142 = VECTOR ( 'NONE', #7245, 1000.000000000000000 ) ;
#9143 = FACE_OUTER_BOUND ( 'NONE', #9781, .T. ) ;
#9144 = LINE ( 'NONE', #3102, #10807 ) ;
#9145 = CARTESIAN_POINT ( 'NONE',  ( -5.679999999999999716, 0.7499999999999763522, -0.9999999999999983347 ) ) ;
#9146 = CARTESIAN_POINT ( 'NONE',  ( -8.679999999999999716, 1.554999999999976623, -0.3199999999999982303 ) ) ;
#9147 = PLANE ( 'NONE',  #7634 ) ;
#9148 = VECTOR ( 'NONE', #6813, 1000.000000000000000 ) ;
#9149 = EDGE_CURVE ( 'NONE', #10862, #4111, #3303, .T. ) ;
#9150 = LINE ( 'NONE', #2492, #2544 ) ;
#9151 = EDGE_LOOP ( 'NONE', ( #7067, #7506, #9415, #4604 ) ) ;
#9152 = CARTESIAN_POINT ( 'NONE',  ( -13.35000000000000142, -3.097496087967024359, 5.108005145163001970 ) ) ;
#9153 = VECTOR ( 'NONE', #10208, 1000.000000000000000 ) ;
#9154 = PLANE ( 'NONE',  #3222 ) ;
#9155 = DIRECTION ( 'NONE',  ( 1.000000000000000000, 0.000000000000000000, 0.000000000000000000 ) ) ;
#9156 = LINE ( 'NONE', #592, #568 ) ;
#9157 = VECTOR ( 'NONE', #5903, 1000.000000000000000 ) ;
#9158 = AXIS2_PLACEMENT_3D ( 'NONE', #3262, #9246, #6675 ) ;
#9159 = CARTESIAN_POINT ( 'NONE',  ( -8.830000000000000071, -3.220000000000023288, 0.1700000000000021771 ) ) ;
#9160 = FACE_BOUND ( 'NONE', #1485, .T. ) ;
#9161 = DIRECTION ( 'NONE',  ( -1.000000000000000000, 0.000000000000000000, 0.000000000000000000 ) ) ;
#9162 = ORIENTED_EDGE ( 'NONE', *, *, #4119, .F. ) ;
#9163 = VECTOR ( 'NONE', #8475, 1000.000000000000000 ) ;
#9164 = ORIENTED_EDGE ( 'NONE', *, *, #4934, .T. ) ;
#9165 = ADVANCED_FACE ( 'NONE', ( #5875 ), #9285, .T. ) ;
#9166 = CARTESIAN_POINT ( 'NONE',  ( -16.96000000000000085, -0.6005000000000237925, 5.400000000000002132 ) ) ;
#9167 = CARTESIAN_POINT ( 'NONE',  ( -18.32000000000000028, 0.9999999999999763522, 0.8500000000000021982 ) ) ;
#9168 = PLANE ( 'NONE',  #5876 ) ;
#9169 = CARTESIAN_POINT ( 'NONE',  ( -17.35999999999999943, 3.699999999999976641, -0.3299999999999978506 ) ) ;
#9170 = DIRECTION ( 'NONE',  ( 0.000000000000000000, 1.000000000000000000, 0.000000000000000000 ) ) ;
#9171 = CARTESIAN_POINT ( 'NONE',  ( -18.32000000000000028, 1.159999999999976383, 0.2700000000000020162 ) ) ;
#9172 = VECTOR ( 'NONE', #6897, 1000.000000000000000 ) ;
#9173 = EDGE_LOOP ( 'NONE', ( #9495, #6891, #10919, #5658 ) ) ;
#9174 = LINE ( 'NONE', #7442, #6308 ) ;
#9175 = LINE ( 'NONE', #6655, #10090 ) ;
#9176 = DIRECTION ( 'NONE',  ( 0.000000000000000000, -1.000000000000000000, 0.000000000000000000 ) ) ;
#9177 = EDGE_CURVE ( 'NONE', #10695, #8194, #778, .T. ) ;
#9178 = DIRECTION ( 'NONE',  ( 0.000000000000000000, 1.000000000000000000, 0.000000000000000000 ) ) ;
#9179 = ORIENTED_EDGE ( 'NONE', *, *, #133, .T. ) ;
#9180 = VERTEX_POINT ( 'NONE', #1843 ) ;
#9181 = VERTEX_POINT ( 'NONE', #6098 ) ;
#9182 = CARTESIAN_POINT ( 'NONE',  ( -14.83000000000000007, 2.599999999999976552, 6.500000000000002665 ) ) ;
#9183 = ORIENTED_EDGE ( 'NONE', *, *, #1360, .T. ) ;
#9184 = CARTESIAN_POINT ( 'NONE',  ( -1.649999999999999467, -3.333099903703064193, 4.004859695714102052 ) ) ;
#9185 = ORIENTED_EDGE ( 'NONE', *, *, #6279, .T. ) ;
#9186 = CARTESIAN_POINT ( 'NONE',  ( -8.830000000000000071, 2.599999999999976552, 6.500000000000002665 ) ) ;
#9187 = EDGE_CURVE ( 'NONE', #7659, #7572, #1054, .T. ) ;
#9188 = ORIENTED_EDGE ( 'NONE', *, *, #9697, .F. ) ;
#9189 =( NAMED_UNIT ( * ) PLANE_ANGLE_UNIT ( ) SI_UNIT ( $, .RADIAN. ) );
#9190 = EDGE_CURVE ( 'NONE', #8397, #4376, #3748, .T. ) ;
#9191 = DIRECTION ( 'NONE',  ( 0.000000000000000000, 1.000000000000000000, 0.000000000000000000 ) ) ;
#9192 = LINE ( 'NONE', #2249, #4457 ) ;
#9193 = DIRECTION ( 'NONE',  ( -1.000000000000000000, 0.000000000000000000, 0.000000000000000000 ) ) ;
#9194 = AXIS2_PLACEMENT_3D ( 'NONE', #4822, #1508, #4767 ) ;
#9195 = ORIENTED_EDGE ( 'NONE', *, *, #1622, .T. ) ;
#9196 = EDGE_CURVE ( 'NONE', #726, #6105, #3640, .T. ) ;
#9197 = ORIENTED_EDGE ( 'NONE', *, *, #6460, .T. ) ;
#9198 = ORIENTED_EDGE ( 'NONE', *, *, #3779, .T. ) ;
#9199 = ORIENTED_EDGE ( 'NONE', *, *, #10405, .T. ) ;
#9200 = EDGE_CURVE ( 'NONE', #6645, #5088, #2790, .T. ) ;
#9201 = DIRECTION ( 'NONE',  ( 1.000000000000000000, 0.000000000000000000, 0.000000000000000000 ) ) ;
#9202 = PLANE ( 'NONE',  #8671 ) ;
#9203 = VECTOR ( 'NONE', #9396, 1000.000000000000000 ) ;
#9204 = LINE ( 'NONE', #8366, #5768 ) ;
#9205 = CARTESIAN_POINT ( 'NONE',  ( -8.679999999999999716, 2.109999999999976339, 6.100000000000002309 ) ) ;
#9206 = CARTESIAN_POINT ( 'NONE',  ( -5.679999999999999716, 0.7499999999999763522, 0.3200000000000021161 ) ) ;
#9207 = VECTOR ( 'NONE', #688, 1000.000000000000000 ) ;
#9208 = VECTOR ( 'NONE', #7318, 1000.000000000000000 ) ;
#9209 = DIRECTION ( 'NONE',  ( 0.000000000000000000, 1.000000000000000000, 0.000000000000000000 ) ) ;
#9210 = VERTEX_POINT ( 'NONE', #1957 ) ;
#9211 = EDGE_LOOP ( 'NONE', ( #6848, #7517, #7267, #10691 ) ) ;
#9212 = CARTESIAN_POINT ( 'NONE',  ( -16.91999999999999815, 0.4999999999999763522, 8.900000000000002132 ) ) ;
#9213 = DIRECTION ( 'NONE',  ( 0.000000000000000000, 1.000000000000000000, 0.000000000000000000 ) ) ;
#9214 = DIRECTION ( 'NONE',  ( 0.000000000000000000, 0.000000000000000000, -1.000000000000000000 ) ) ;
#9215 = CARTESIAN_POINT ( 'NONE',  ( -3.000000000000000000, -3.020000000000023554, -0.2449999999999978306 ) ) ;
#9216 = VECTOR ( 'NONE', #9463, 1000.000000000000000 ) ;
#9217 = ADVANCED_FACE ( 'NONE', ( #3696 ), #216, .T. ) ;
#9218 = DIRECTION ( 'NONE',  ( 0.000000000000000000, 0.000000000000000000, -1.000000000000000000 ) ) ;
#9219 = AXIS2_PLACEMENT_3D ( 'NONE', #3968, #4756, #4812 ) ;
#9220 = DIRECTION ( 'NONE',  ( 0.000000000000000000, 1.000000000000000000, 0.000000000000000000 ) ) ;
#9221 = ORIENTED_EDGE ( 'NONE', *, *, #8002, .T. ) ;
#9222 = AXIS2_PLACEMENT_3D ( 'NONE', #6779, #1569, #5941 ) ;
#9223 = VERTEX_POINT ( 'NONE', #6210 ) ;
#9224 = PLANE ( 'NONE',  #11038 ) ;
#9225 = LINE ( 'NONE', #7490, #1712 ) ;
#9226 = LINE ( 'NONE', #4980, #7480 ) ;
#9227 = PLANE ( 'NONE',  #6296 ) ;
#9228 = VECTOR ( 'NONE', #9176, 1000.000000000000000 ) ;
#9229 = ORIENTED_EDGE ( 'NONE', *, *, #3086, .T. ) ;
#9230 = CARTESIAN_POINT ( 'NONE',  ( -9.000000000000000000, -3.020000000000023554, 0.2450000000000021605 ) ) ;
#9231 = LINE ( 'NONE', #4088, #5807 ) ;
#9232 = ADVANCED_FACE ( 'NONE', ( #3578 ), #4365, .F. ) ;
#9233 = EDGE_CURVE ( 'NONE', #6375, #5199, #323, .T. ) ;
#9234 = CARTESIAN_POINT ( 'NONE',  ( -15.32000000000000028, 3.699999999999976641, -0.3299999999999978506 ) ) ;
#9235 = ORIENTED_EDGE ( 'NONE', *, *, #4341, .F. ) ;
#9236 = ORIENTED_EDGE ( 'NONE', *, *, #2975, .F. ) ;
#9237 = ORIENTED_EDGE ( 'NONE', *, *, #8353, .F. ) ;
#9238 = CARTESIAN_POINT ( 'NONE',  ( -16.96000000000000085, 3.304999999999976179, -0.3299999999999978506 ) ) ;
#9239 = CARTESIAN_POINT ( 'NONE',  ( -17.35999999999999943, 0.4999999999999763522, 0.8500000000000021982 ) ) ;
#9240 = EDGE_LOOP ( 'NONE', ( #7106, #4246, #2026, #6778, #560 ) ) ;
#9241 = CARTESIAN_POINT ( 'NONE',  ( -12.31999999999999851, 1.554999999999976623, -0.3299999999999978506 ) ) ;
#9242 = VERTEX_POINT ( 'NONE', #7159 ) ;
#9243 = LINE ( 'NONE', #6005, #2514 ) ;
#9244 = EDGE_CURVE ( 'NONE', #3404, #8058, #6322, .T. ) ;
#9245 = VERTEX_POINT ( 'NONE', #7103 ) ;
#9246 = DIRECTION ( 'NONE',  ( -0.000000000000000000, 1.000000000000000000, 0.000000000000000000 ) ) ;
#9247 = CARTESIAN_POINT ( 'NONE',  ( -2.680000000000000160, -2.820000000000023821, -0.3199999999999982303 ) ) ;
#9248 = LINE ( 'NONE', #7737, #8038 ) ;
#9249 = LINE ( 'NONE', #4950, #2780 ) ;
#9250 = EDGE_CURVE ( 'NONE', #6470, #9803, #6933, .T. ) ;
#9251 = ORIENTED_EDGE ( 'NONE', *, *, #3615, .F. ) ;
#9252 = EDGE_LOOP ( 'NONE', ( #4497, #900, #7510, #10485 ) ) ;
#9253 = VERTEX_POINT ( 'NONE', #10340 ) ;
#9254 = ORIENTED_EDGE ( 'NONE', *, *, #7111, .T. ) ;
#9255 = EDGE_CURVE ( 'NONE', #3367, #11014, #3525, .T. ) ;
#9256 = DIRECTION ( 'NONE',  ( -0.7071067811865475727, 0.7071067811865475727, 0.000000000000000000 ) ) ;
#9257 = CARTESIAN_POINT ( 'NONE',  ( 2.360000000000001208, 1.159999999999976383, -0.9999999999999983347 ) ) ;
#9258 = DIRECTION ( 'NONE',  ( 1.000000000000000000, 0.000000000000000000, 0.000000000000000000 ) ) ;
#9259 = PLANE ( 'NONE',  #5079 ) ;
#9260 = DIRECTION ( 'NONE',  ( 0.000000000000000000, -1.000000000000000000, 0.000000000000000000 ) ) ;
#9261 = AXIS2_PLACEMENT_3D ( 'NONE', #9942, #2222, #5700 ) ;
#9262 = ADVANCED_FACE ( 'NONE', ( #4535 ), #8668, .T. ) ;
#9263 = DIRECTION ( 'NONE',  ( 0.000000000000000000, 1.000000000000000000, 0.000000000000000000 ) ) ;
#9264 = ORIENTED_EDGE ( 'NONE', *, *, #3900, .F. ) ;
#9265 = EDGE_LOOP ( 'NONE', ( #294, #3924, #4710, #4966, #2956, #238, #2806, #3419, #5534, #2789, #2416, #3121, #7102, #8291, #3592, #5865 ) ) ;
#9266 = EDGE_CURVE ( 'NONE', #6456, #8593, #7945, .T. ) ;
#9267 = CARTESIAN_POINT ( 'NONE',  ( -14.67999999999999794, 2.109999999999976339, 2.296000000000002039 ) ) ;
#9268 = EDGE_CURVE ( 'NONE', #7567, #10360, #7773, .T. ) ;
#9269 = DIRECTION ( 'NONE',  ( 1.000000000000000000, 0.000000000000000000, 0.000000000000000000 ) ) ;
#9270 = DIRECTION ( 'NONE',  ( -1.000000000000000000, 0.000000000000000000, 0.000000000000000000 ) ) ;
#9271 = VECTOR ( 'NONE', #1136, 1000.000000000000114 ) ;
#9272 = PLANE ( 'NONE',  #7362 ) ;
#9273 = CARTESIAN_POINT ( 'NONE',  ( -11.67999999999999972, 3.699999999999976641, -0.3299999999999978506 ) ) ;
#9274 = VECTOR ( 'NONE', #3825, 1000.000000000000000 ) ;
#9275 = LINE ( 'NONE', #1666, #4616 ) ;
#9276 = ORIENTED_EDGE ( 'NONE', *, *, #10940, .T. ) ;
#9277 = EDGE_LOOP ( 'NONE', ( #3577, #4262, #7795, #9066 ) ) ;
#9278 = LINE ( 'NONE', #1725, #3002 ) ;
#9279 = EDGE_CURVE ( 'NONE', #1031, #5997, #2013, .T. ) ;
#9280 = LINE ( 'NONE', #5034, #5302 ) ;
#9281 = DIRECTION ( 'NONE',  ( 0.000000000000000000, 1.000000000000000000, 0.000000000000000000 ) ) ;
#9282 = PLANE ( 'NONE',  #4511 ) ;
#9283 = ORIENTED_EDGE ( 'NONE', *, *, #427, .F. ) ;
#9284 = CARTESIAN_POINT ( 'NONE',  ( -15.32000000000000028, 1.554999999999976623, 0.2700000000000020162 ) ) ;
#9285 = PLANE ( 'NONE',  #10981 ) ;
#9286 = DIRECTION ( 'NONE',  ( 0.000000000000000000, 1.000000000000000000, 0.000000000000000000 ) ) ;
#9287 = ORIENTED_EDGE ( 'NONE', *, *, #10525, .F. ) ;
#9288 = ORIENTED_EDGE ( 'NONE', *, *, #5568, .T. ) ;
#9289 = VERTEX_POINT ( 'NONE', #10395 ) ;
#9290 = CARTESIAN_POINT ( 'NONE',  ( -12.31999999999999851, 1.159999999999976383, -0.9999999999999983347 ) ) ;
#9291 = ORIENTED_EDGE ( 'NONE', *, *, #11011, .F. ) ;
#9292 = FACE_OUTER_BOUND ( 'NONE', #10577, .T. ) ;
#9293 = VERTEX_POINT ( 'NONE', #7827 ) ;
#9294 = AXIS2_PLACEMENT_3D ( 'NONE', #2932, #7241, #2985 ) ;
#9295 = CARTESIAN_POINT ( 'NONE',  ( -3.319999999999999840, 1.159999999999976383, -0.9999999999999983347 ) ) ;
#9296 = EDGE_CURVE ( 'NONE', #6414, #7059, #2731, .T. ) ;
#9297 = EDGE_LOOP ( 'NONE', ( #8428, #1058, #1192, #9029 ) ) ;
#9298 = DIRECTION ( 'NONE',  ( -1.000000000000000000, 0.000000000000000000, 0.000000000000000000 ) ) ;
#9299 = PLANE ( 'NONE',  #5881 ) ;
#9300 = LINE ( 'NONE', #2688, #8682 ) ;
#9301 = AXIS2_PLACEMENT_3D ( 'NONE', #316, #2946, #6315 ) ;
#9302 = ORIENTED_EDGE ( 'NONE', *, *, #3520, .T. ) ;
#9303 = VERTEX_POINT ( 'NONE', #5324 ) ;
#9304 = VECTOR ( 'NONE', #5559, 1000.000000000000000 ) ;
#9305 = ORIENTED_EDGE ( 'NONE', *, *, #6196, .F. ) ;
#9306 = ORIENTED_EDGE ( 'NONE', *, *, #5415, .F. ) ;
#9307 = EDGE_CURVE ( 'NONE', #908, #7311, #9561, .T. ) ;
#9308 = CARTESIAN_POINT ( 'NONE',  ( -4.750000000000000000, 1.179999999999976401, 8.900000000000002132 ) ) ;
#9309 = CARTESIAN_POINT ( 'NONE',  ( -15.32000000000000028, 3.304999999999976179, -0.3299999999999978506 ) ) ;
#9310 = EDGE_CURVE ( 'NONE', #707, #8833, #3118, .T. ) ;
#9311 = LINE ( 'NONE', #3443, #10225 ) ;
#9312 = DIRECTION ( 'NONE',  ( 0.000000000000000000, 1.000000000000000000, 0.000000000000000000 ) ) ;
#9313 = CYLINDRICAL_SURFACE ( 'NONE', #5192, 1.700000000000000178 ) ;
#9314 = VECTOR ( 'NONE', #1377, 1000.000000000000000 ) ;
#9315 = PLANE ( 'NONE',  #7303 ) ;
#9316 = AXIS2_PLACEMENT_3D ( 'NONE', #3560, #6081, #6461 ) ;
#9317 = DIRECTION ( 'NONE',  ( 0.000000000000000000, 1.000000000000000000, 0.000000000000000000 ) ) ;
#9318 = VERTEX_POINT ( 'NONE', #8272 ) ;
#9319 = ORIENTED_EDGE ( 'NONE', *, *, #4808, .F. ) ;
#9320 = DIRECTION ( 'NONE',  ( 1.000000000000000000, 0.000000000000000000, 0.000000000000000000 ) ) ;
#9321 = PLANE ( 'NONE',  #372 ) ;
#9322 = DIRECTION ( 'NONE',  ( 0.000000000000000000, -1.000000000000000000, 0.000000000000000000 ) ) ;
#9323 = CARTESIAN_POINT ( 'NONE',  ( -13.35000000000000142, -2.341876692568689577E-14, 0.8500000000000021982 ) ) ;
#9324 = ADVANCED_FACE ( 'NONE', ( #8159 ), #8993, .T. ) ;
#9325 = AXIS2_PLACEMENT_3D ( 'NONE', #7087, #5362, #7988 ) ;
#9326 = VECTOR ( 'NONE', #4801, 1000.000000000000000 ) ;
#9327 = LINE ( 'NONE', #8382, #4578 ) ;
#9328 = CARTESIAN_POINT ( 'NONE',  ( -18.32000000000000028, 1.159999999999976383, -0.9999999999999983347 ) ) ;
#9329 = VERTEX_POINT ( 'NONE', #3059 ) ;
#9330 = EDGE_CURVE ( 'NONE', #9048, #5898, #6533, .T. ) ;
#9331 = ORIENTED_EDGE ( 'NONE', *, *, #2126, .F. ) ;
#9332 = VECTOR ( 'NONE', #4506, 1000.000000000000000 ) ;
#9333 = VECTOR ( 'NONE', #7681, 1000.000000000000000 ) ;
#9334 = DIRECTION ( 'NONE',  ( 0.000000000000000000, 1.000000000000000000, 0.000000000000000000 ) ) ;
#9335 = LINE ( 'NONE', #4196, #2072 ) ;
#9336 = DIRECTION ( 'NONE',  ( -1.000000000000000000, 0.000000000000000000, 0.000000000000000000 ) ) ;
#9337 = DIRECTION ( 'NONE',  ( 0.000000000000000000, 0.000000000000000000, -1.000000000000000000 ) ) ;
#9338 = ORIENTED_EDGE ( 'NONE', *, *, #7147, .T. ) ;
#9339 = LINE ( 'NONE', #1678, #9203 ) ;
#9340 = AXIS2_PLACEMENT_3D ( 'NONE', #3784, #7931, #3735 ) ;
#9341 = DIRECTION ( 'NONE',  ( 0.3312945782245003690, -0.8834522085988016915, -0.3312945782245003690 ) ) ;
#9342 = ADVANCED_FACE ( 'NONE', ( #4862 ), #3176, .T. ) ;
#9343 = ORIENTED_EDGE ( 'NONE', *, *, #4804, .F. ) ;
#9344 = ORIENTED_EDGE ( 'NONE', *, *, #4408, .F. ) ;
#9345 = DIRECTION ( 'NONE',  ( 1.000000000000000000, 0.000000000000000000, 0.000000000000000000 ) ) ;
#9346 = ORIENTED_EDGE ( 'NONE', *, *, #3855, .T. ) ;
#9347 = CARTESIAN_POINT ( 'NONE',  ( -1.649999999999999245, -3.260753187745648152, 4.884747779202845308 ) ) ;
#9348 = EDGE_LOOP ( 'NONE', ( #6670, #2384, #7725, #1399 ) ) ;
#9349 = VECTOR ( 'NONE', #2379, 1000.000000000000000 ) ;
#9350 = LINE ( 'NONE', #843, #9481 ) ;
#9351 = ORIENTED_EDGE ( 'NONE', *, *, #1443, .F. ) ;
#9352 = LINE ( 'NONE', #10969, #6659 ) ;
#9353 = CARTESIAN_POINT ( 'NONE',  ( -5.679999999999999716, 3.699999999999976641, -0.9999999999999983347 ) ) ;
#9354 = CARTESIAN_POINT ( 'NONE',  ( -3.319999999999999840, 0.7499999999999763522, 0.3200000000000021161 ) ) ;
#9355 = CARTESIAN_POINT ( 'NONE',  ( -0.6752272915129999831, -1.790000000000023350, 5.300000000000002487 ) ) ;
#9356 = EDGE_CURVE ( 'NONE', #6452, #7094, #10712, .T. ) ;
#9357 = ORIENTED_EDGE ( 'NONE', *, *, #2879, .F. ) ;
#9358 = AXIS2_PLACEMENT_3D ( 'NONE', #5497, #4601, #1967 ) ;
#9359 = VERTEX_POINT ( 'NONE', #9771 ) ;
#9360 = ORIENTED_EDGE ( 'NONE', *, *, #9594, .F. ) ;
#9361 = ORIENTED_EDGE ( 'NONE', *, *, #29, .T. ) ;
#9362 = CARTESIAN_POINT ( 'NONE',  ( -16.96000000000000085, 4.359999999999976339, 0.7000000000000022871 ) ) ;
#9363 = ORIENTED_EDGE ( 'NONE', *, *, #46, .T. ) ;
#9364 = CARTESIAN_POINT ( 'NONE',  ( -10.75000000000000000, 1.879999999999976357, 8.900000000000002132 ) ) ;
#9365 = CARTESIAN_POINT ( 'NONE',  ( -9.320000000000000284, 3.484999999999976339, 0.3500000000000021982 ) ) ;
#9366 = LINE ( 'NONE', #4061, #5586 ) ;
#9367 = CARTESIAN_POINT ( 'NONE',  ( 1.919999999999999929, 4.359999999999976339, 8.900000000000002132 ) ) ;
#9368 = DIRECTION ( 'NONE',  ( 0.000000000000000000, 0.000000000000000000, -1.000000000000000000 ) ) ;
#9369 = EDGE_CURVE ( 'NONE', #5899, #3767, #6586, .T. ) ;
#9370 = EDGE_CURVE ( 'NONE', #7394, #5412, #2953, .T. ) ;
#9371 = DIRECTION ( 'NONE',  ( 0.000000000000000000, -1.000000000000000000, 0.000000000000000000 ) ) ;
#9372 = DIRECTION ( 'NONE',  ( 0.000000000000000000, 1.000000000000000000, 0.000000000000000000 ) ) ;
#9373 = ORIENTED_EDGE ( 'NONE', *, *, #9540, .T. ) ;
#9374 = ORIENTED_EDGE ( 'NONE', *, *, #2, .F. ) ;
#9375 = VECTOR ( 'NONE', #7615, 1000.000000000000000 ) ;
#9376 = DIRECTION ( 'NONE',  ( 0.000000000000000000, -1.000000000000000000, 0.000000000000000000 ) ) ;
#9377 = DIRECTION ( 'NONE',  ( 0.000000000000000000, 0.000000000000000000, -1.000000000000000000 ) ) ;
#9378 = CARTESIAN_POINT ( 'NONE',  ( -14.67999999999999794, 2.749999999999976463, 6.500000000000002665 ) ) ;
#9379 = CARTESIAN_POINT ( 'NONE',  ( -14.67999999999999794, 3.699999999999976641, -0.3299999999999978506 ) ) ;
#9380 = CARTESIAN_POINT ( 'NONE',  ( -2.049999999999999822, -2.341876692568689577E-14, 4.300000000000001599 ) ) ;
#9381 = CARTESIAN_POINT ( 'NONE',  ( -12.31999999999999851, 2.109999999999976339, 6.100000000000002309 ) ) ;
#9382 = ADVANCED_FACE ( 'NONE', ( #5535 ), #4694, .T. ) ;
#9383 = VECTOR ( 'NONE', #2289, 1000.000000000000000 ) ;
#9384 = CARTESIAN_POINT ( 'NONE',  ( -14.67999999999999794, 3.484999999999976339, -0.3199999999999982303 ) ) ;
#9385 = EDGE_LOOP ( 'NONE', ( #5495, #1766, #5487, #7452 ) ) ;
#9386 = DIRECTION ( 'NONE',  ( 0.000000000000000000, 1.000000000000000000, 0.000000000000000000 ) ) ;
#9387 = ORIENTED_EDGE ( 'NONE', *, *, #1570, .F. ) ;
#9388 = VECTOR ( 'NONE', #196, 1000.000000000000000 ) ;
#9389 = CARTESIAN_POINT ( 'NONE',  ( 0.1700000000000000122, 2.259999999999976250, 6.500000000000002665 ) ) ;
#9390 = DIRECTION ( 'NONE',  ( -2.960594732334000265E-14, 0.000000000000000000, 1.000000000000000000 ) ) ;
#9391 = LINE ( 'NONE', #7769, #1046 ) ;
#9392 = VECTOR ( 'NONE', #461, 1000.000000000000000 ) ;
#9393 = CARTESIAN_POINT ( 'NONE',  ( -18.32000000000000028, -0.04000000000002352368, -0.9999999999999983347 ) ) ;
#9394 = AXIS2_PLACEMENT_3D ( 'NONE', #3691, #6260, #317 ) ;
#9395 = EDGE_LOOP ( 'NONE', ( #6483, #10374, #886, #4631 ) ) ;
#9396 = DIRECTION ( 'NONE',  ( 1.000000000000000000, 0.000000000000000000, 0.000000000000000000 ) ) ;
#9397 = CARTESIAN_POINT ( 'NONE',  ( -11.67999999999999972, 1.159999999999976383, -0.9999999999999983347 ) ) ;
#9398 = ORIENTED_EDGE ( 'NONE', *, *, #8755, .T. ) ;
#9399 = VERTEX_POINT ( 'NONE', #2112 ) ;
#9400 = ADVANCED_FACE ( 'NONE', ( #2166 ), #8890, .T. ) ;
#9401 = CARTESIAN_POINT ( 'NONE',  ( 2.360000000000001208, 4.359999999999976339, 0.7000000000000022871 ) ) ;
#9402 = VERTEX_POINT ( 'NONE', #8939 ) ;
#9403 = DIRECTION ( 'NONE',  ( -1.000000000000000000, 0.000000000000000000, 0.000000000000000000 ) ) ;
#9404 = ORIENTED_EDGE ( 'NONE', *, *, #5402, .F. ) ;
#9405 = EDGE_CURVE ( 'NONE', #1657, #9959, #4021, .T. ) ;
#9406 = DIRECTION ( 'NONE',  ( 0.000000000000000000, 0.7659743427824879936, -0.6428711427641899956 ) ) ;
#9407 = ORIENTED_EDGE ( 'NONE', *, *, #5826, .T. ) ;
#9408 = DIRECTION ( 'NONE',  ( -1.000000000000000000, 0.000000000000000000, 0.000000000000000000 ) ) ;
#9409 = CARTESIAN_POINT ( 'NONE',  ( -2.830000000000000071, -3.220000000000023288, 0.1700000000000021771 ) ) ;
#9410 = DIRECTION ( 'NONE',  ( 0.000000000000000000, 0.000000000000000000, 1.000000000000000000 ) ) ;
#9411 = CARTESIAN_POINT ( 'NONE',  ( -9.549999999999998934, 1.179999999999976401, 2.296000000000002039 ) ) ;
#9412 = ORIENTED_EDGE ( 'NONE', *, *, #502, .T. ) ;
#9413 = VECTOR ( 'NONE', #7334, 1000.000000000000000 ) ;
#9414 = ORIENTED_EDGE ( 'NONE', *, *, #11025, .T. ) ;
#9415 = ORIENTED_EDGE ( 'NONE', *, *, #6916, .F. ) ;
#9416 = ORIENTED_EDGE ( 'NONE', *, *, #3421, .F. ) ;
#9417 = CARTESIAN_POINT ( 'NONE',  ( -15.32000000000000028, 3.699999999999976641, -0.3299999999999978506 ) ) ;
#9418 = ORIENTED_EDGE ( 'NONE', *, *, #6326, .T. ) ;
#9419 = EDGE_CURVE ( 'NONE', #7671, #9455, #7263, .T. ) ;
#9420 = CARTESIAN_POINT ( 'NONE',  ( -5.679999999999999716, 2.429999999999976623, 3.950000000000001954 ) ) ;
#9421 = PLANE ( 'NONE',  #6176 ) ;
#9422 = CARTESIAN_POINT ( 'NONE',  ( 1.959999999999999964, 3.304999999999976179, -0.3299999999999978506 ) ) ;
#9423 = DIRECTION ( 'NONE',  ( 0.000000000000000000, 0.000000000000000000, 1.000000000000000000 ) ) ;
#9424 = PLANE ( 'NONE',  #351 ) ;
#9425 = CARTESIAN_POINT ( 'NONE',  ( -3.169999999999999929, 2.599999999999976552, 6.500000000000002665 ) ) ;
#9426 = EDGE_LOOP ( 'NONE', ( #2242, #30, #2739, #6918 ) ) ;
#9427 = ORIENTED_EDGE ( 'NONE', *, *, #5139, .T. ) ;
#9428 = DIRECTION ( 'NONE',  ( 0.000000000000000000, 0.000000000000000000, 1.000000000000000000 ) ) ;
#9429 = CARTESIAN_POINT ( 'NONE',  ( -18.32000000000000028, 3.699999999999976641, -0.9999999999999983347 ) ) ;
#9430 = ADVANCED_FACE ( 'NONE', ( #3798 ), #7211, .T. ) ;
#9431 = LINE ( 'NONE', #701, #10922 ) ;
#9432 = CARTESIAN_POINT ( 'NONE',  ( -8.830000000000000071, 2.599999999999976552, 6.500000000000002665 ) ) ;
#9433 = DIRECTION ( 'NONE',  ( -0.3312945782245003690, -0.8834522085988016915, 0.3312945782245003690 ) ) ;
#9434 = FACE_OUTER_BOUND ( 'NONE', #1697, .T. ) ;
#9435 = AXIS2_PLACEMENT_3D ( 'NONE', #279, #9452, #2855 ) ;
#9436 = ORIENTED_EDGE ( 'NONE', *, *, #7776, .T. ) ;
#9437 = VERTEX_POINT ( 'NONE', #10656 ) ;
#9438 = VECTOR ( 'NONE', #5232, 1000.000000000000000 ) ;
#9439 = EDGE_CURVE ( 'NONE', #5772, #1693, #9820, .T. ) ;
#9440 = CARTESIAN_POINT ( 'NONE',  ( -14.67999999999999794, 0.7499999999999763522, 0.3200000000000021161 ) ) ;
#9441 = FACE_OUTER_BOUND ( 'NONE', #9151, .T. ) ;
#9442 = DIRECTION ( 'NONE',  ( 0.000000000000000000, -1.000000000000000000, 0.000000000000000000 ) ) ;
#9443 = ADVANCED_FACE ( 'NONE', ( #4749 ), #9049, .T. ) ;
#9444 = CARTESIAN_POINT ( 'NONE',  ( -18.32000000000000028, 1.159999999999976383, -0.3299999999999978506 ) ) ;
#9445 = EDGE_CURVE ( 'NONE', #1235, #7739, #3959, .T. ) ;
#9446 = ORIENTED_EDGE ( 'NONE', *, *, #4793, .T. ) ;
#9447 = CARTESIAN_POINT ( 'NONE',  ( -18.32000000000000028, 0.4999999999999763522, 8.900000000000002132 ) ) ;
#9448 = CARTESIAN_POINT ( 'NONE',  ( -15.32000000000000028, 3.304999999999976179, -0.3199999999999982303 ) ) ;
#9449 = ORIENTED_EDGE ( 'NONE', *, *, #7865, .F. ) ;
#9450 = ORIENTED_EDGE ( 'NONE', *, *, #4754, .T. ) ;
#9451 = VECTOR ( 'NONE', #9020, 1000.000000000000000 ) ;
#9452 = DIRECTION ( 'NONE',  ( 0.000000000000000000, 0.000000000000000000, 1.000000000000000000 ) ) ;
#9453 = EDGE_LOOP ( 'NONE', ( #4428, #4696, #5544, #7777 ) ) ;
#9454 = CARTESIAN_POINT ( 'NONE',  ( -1.649999999999999467, -3.097496087967024359, 5.108005145163001970 ) ) ;
#9455 = VERTEX_POINT ( 'NONE', #9939 ) ;
#9456 = EDGE_CURVE ( 'NONE', #3863, #10626, #7655, .T. ) ;
#9457 = CARTESIAN_POINT ( 'NONE',  ( -17.35999999999999943, 4.359999999999976339, 0.7000000000000022871 ) ) ;
#9458 = ORIENTED_EDGE ( 'NONE', *, *, #419, .F. ) ;
#9459 = LINE ( 'NONE', #1798, #7371 ) ;
#9460 = LINE ( 'NONE', #1799, #7397 ) ;
#9461 = DIRECTION ( 'NONE',  ( 0.000000000000000000, 1.000000000000000000, 0.000000000000000000 ) ) ;
#9462 = ADVANCED_FACE ( 'NONE', ( #3402 ), #2557, .F. ) ;
#9463 = DIRECTION ( 'NONE',  ( 0.000000000000000000, 1.000000000000000000, 0.000000000000000000 ) ) ;
#9464 = ADVANCED_FACE ( 'NONE', ( #7599 ), #5806, .T. ) ;
#9465 = ORIENTED_EDGE ( 'NONE', *, *, #2136, .T. ) ;
#9466 = EDGE_CURVE ( 'NONE', #5357, #5911, #6815, .T. ) ;
#9467 = VECTOR ( 'NONE', #10984, 1000.000000000000000 ) ;
#9468 = ORIENTED_EDGE ( 'NONE', *, *, #4048, .F. ) ;
#9469 = ORIENTED_EDGE ( 'NONE', *, *, #5233, .F. ) ;
#9470 = ORIENTED_EDGE ( 'NONE', *, *, #1113, .F. ) ;
#9471 = LINE ( 'NONE', #2695, #8277 ) ;
#9472 = ORIENTED_EDGE ( 'NONE', *, *, #3522, .F. ) ;
#9473 = DIRECTION ( 'NONE',  ( 1.000000000000000000, 0.000000000000000000, 0.000000000000000000 ) ) ;
#9474 = CARTESIAN_POINT ( 'NONE',  ( -11.67999999999999972, 0.7499999999999763522, -0.9999999999999983347 ) ) ;
#9475 = CARTESIAN_POINT ( 'NONE',  ( -2.754999999999999449, 2.429999999999976623, 6.300000000000001599 ) ) ;
#9476 = LINE ( 'NONE', #5013, #1676 ) ;
#9477 = CARTESIAN_POINT ( 'NONE',  ( -0.1700000000000000122, -3.220000000000023288, -0.1699999999999982636 ) ) ;
#9478 = AXIS2_PLACEMENT_3D ( 'NONE', #5756, #8335, #654 ) ;
#9479 = PRODUCT_CONTEXT ( 'NONE', #4664, 'mechanical' ) ;
#9480 = ADVANCED_FACE ( 'NONE', ( #7541 ), #5085, .T. ) ;
#9481 = VECTOR ( 'NONE', #3259, 1000.000000000000000 ) ;
#9482 = PLANE ( 'NONE',  #4340 ) ;
#9483 = ORIENTED_EDGE ( 'NONE', *, *, #2240, .T. ) ;
#9484 = EDGE_LOOP ( 'NONE', ( #9188, #9080, #3190, #977 ) ) ;
#9485 = CARTESIAN_POINT ( 'NONE',  ( -15.32000000000000028, 3.304999999999976179, 0.2700000000000020162 ) ) ;
#9486 = LINE ( 'NONE', #5194, #4513 ) ;
#9487 = DIRECTION ( 'NONE',  ( 0.000000000000000000, 1.000000000000000000, 0.000000000000000000 ) ) ;
#9488 = DIRECTION ( 'NONE',  ( 0.000000000000000000, 0.000000000000000000, 1.000000000000000000 ) ) ;
#9489 = CARTESIAN_POINT ( 'NONE',  ( -5.679999999999999716, -2.820000000000023821, 0.3200000000000021161 ) ) ;
#9490 = VECTOR ( 'NONE', #6030, 1000.000000000000000 ) ;
#9491 = CARTESIAN_POINT ( 'NONE',  ( -6.319999999999999396, 1.554999999999976623, 0.2700000000000020162 ) ) ;
#9492 = AXIS2_PLACEMENT_3D ( 'NONE', #4005, #5068, #7641 ) ;
#9493 = LINE ( 'NONE', #1889, #10149 ) ;
#9494 = ORIENTED_EDGE ( 'NONE', *, *, #2060, .F. ) ;
#9495 = ORIENTED_EDGE ( 'NONE', *, *, #7315, .F. ) ;
#9496 = CARTESIAN_POINT ( 'NONE',  ( -5.679999999999999716, 2.749999999999976463, 6.100000000000002309 ) ) ;
#9497 = CARTESIAN_POINT ( 'NONE',  ( -5.679999999999999716, 3.304999999999976179, -0.3199999999999982303 ) ) ;
#9498 = DIRECTION ( 'NONE',  ( 1.000000000000000000, 0.000000000000000000, 0.000000000000000000 ) ) ;
#9499 = AXIS2_PLACEMENT_3D ( 'NONE', #2329, #2218, #3055 ) ;
#9500 = VECTOR ( 'NONE', #3954, 1000.000000000000000 ) ;
#9501 = CARTESIAN_POINT ( 'NONE',  ( -13.35000000000000142, -2.876112710120023674, 5.300000000000002487 ) ) ;
#9502 = ORIENTED_EDGE ( 'NONE', *, *, #9045, .T. ) ;
#9503 = DIRECTION ( 'NONE',  ( -0.3312945782245003690, 0.3312945782245003690, 0.8834522085988016915 ) ) ;
#9504 = EDGE_CURVE ( 'NONE', #844, #11014, #8545, .T. ) ;
#9505 = CARTESIAN_POINT ( 'NONE',  ( -18.32000000000000028, 4.359999999999976339, 7.500000000000002665 ) ) ;
#9506 = VERTEX_POINT ( 'NONE', #820 ) ;
#9507 = EDGE_CURVE ( 'NONE', #6952, #8384, #1720, .T. ) ;
#9508 = VECTOR ( 'NONE', #8697, 1000.000000000000000 ) ;
#9509 = ORIENTED_EDGE ( 'NONE', *, *, #11037, .F. ) ;
#9510 = FACE_OUTER_BOUND ( 'NONE', #2674, .T. ) ;
#9511 = VERTEX_POINT ( 'NONE', #762 ) ;
#9512 = CARTESIAN_POINT ( 'NONE',  ( -3.319999999999999840, 0.7499999999999763522, 0.3500000000000021982 ) ) ;
#9513 = DIRECTION ( 'NONE',  ( 0.000000000000000000, -0.6428712937138820749, -0.7659742160925780974 ) ) ;
#9514 = EDGE_CURVE ( 'NONE', #934, #7062, #5751, .T. ) ;
#9515 = VECTOR ( 'NONE', #1207, 1000.000000000000000 ) ;
#9516 = VECTOR ( 'NONE', #10563, 1000.000000000000000 ) ;
#9517 = VERTEX_POINT ( 'NONE', #4190 ) ;
#9518 = DIRECTION ( 'NONE',  ( 0.000000000000000000, 0.000000000000000000, -1.000000000000000000 ) ) ;
#9519 = PLANE ( 'NONE',  #4542 ) ;
#9520 = CARTESIAN_POINT ( 'NONE',  ( -8.679999999999999716, 0.7499999999999763522, 0.3500000000000021982 ) ) ;
#9521 = LINE ( 'NONE', #4166, #10631 ) ;
#9522 = ORIENTED_EDGE ( 'NONE', *, *, #7499, .T. ) ;
#9523 = EDGE_CURVE ( 'NONE', #3181, #1864, #3347, .T. ) ;
#9524 = ORIENTED_EDGE ( 'NONE', *, *, #8648, .F. ) ;
#9525 = ORIENTED_EDGE ( 'NONE', *, *, #7269, .F. ) ;
#9526 = VECTOR ( 'NONE', #2833, 1000.000000000000000 ) ;
#9527 = ORIENTED_EDGE ( 'NONE', *, *, #8196, .F. ) ;
#9528 = PLANE ( 'NONE',  #462 ) ;
#9529 = VERTEX_POINT ( 'NONE', #876 ) ;
#9530 = DIRECTION ( 'NONE',  ( -0.000000000000000000, 1.000000000000000000, 0.000000000000000000 ) ) ;
#9531 = EDGE_CURVE ( 'NONE', #1733, #10132, #9327, .T. ) ;
#9532 = ADVANCED_FACE ( 'NONE', ( #9160, #10941 ), #2391, .F. ) ;
#9533 = CARTESIAN_POINT ( 'NONE',  ( 1.959999999999999964, 3.699999999999976641, -0.3299999999999978506 ) ) ;
#9534 = CARTESIAN_POINT ( 'NONE',  ( -13.35000000000000142, -3.215241022350890265, 4.970374054102715711 ) ) ;
#9535 = DIRECTION ( 'NONE',  ( 0.000000000000000000, 1.000000000000000000, 0.000000000000000000 ) ) ;
#9536 = CARTESIAN_POINT ( 'NONE',  ( 3.319999999999999840, 0.9999999999999763522, 7.500000000000002665 ) ) ;
#9537 = LINE ( 'NONE', #5296, #9467 ) ;
#9538 = VECTOR ( 'NONE', #5, 1000.000000000000000 ) ;
#9539 = EDGE_CURVE ( 'NONE', #9902, #1693, #7708, .T. ) ;
#9540 = EDGE_CURVE ( 'NONE', #1203, #5283, #1665, .T. ) ;
#9541 = DIRECTION ( 'NONE',  ( -1.000000000000000000, 0.000000000000000000, 0.000000000000000000 ) ) ;
#9542 = VERTEX_POINT ( 'NONE', #704 ) ;
#9543 = ORIENTED_EDGE ( 'NONE', *, *, #6612, .F. ) ;
#9544 = CARTESIAN_POINT ( 'NONE',  ( -18.32000000000000028, -0.04000000000002352368, -0.9999999999999983347 ) ) ;
#9545 = CARTESIAN_POINT ( 'NONE',  ( -3.319999999999999840, 0.7499999999999763522, 0.3500000000000021982 ) ) ;
#9546 = PLANE ( 'NONE',  #9325 ) ;
#9547 = LINE ( 'NONE', #1884, #4178 ) ;
#9548 = CARTESIAN_POINT ( 'NONE',  ( -14.67999999999999794, 2.109999999999976339, 0.3200000000000021161 ) ) ;
#9549 = CARTESIAN_POINT ( 'NONE',  ( 0.2450000000000004396, 2.429999999999976623, 6.300000000000001599 ) ) ;
#9550 = CARTESIAN_POINT ( 'NONE',  ( -18.32000000000000028, 3.304999999999976179, 0.2700000000000020162 ) ) ;
#9551 = VECTOR ( 'NONE', #2918, 1000.000000000000000 ) ;
#9552 = ORIENTED_EDGE ( 'NONE', *, *, #1304, .F. ) ;
#9553 = ORIENTED_EDGE ( 'NONE', *, *, #4933, .T. ) ;
#9554 = DIRECTION ( 'NONE',  ( 0.000000000000000000, 0.000000000000000000, 1.000000000000000000 ) ) ;
#9555 = DIRECTION ( 'NONE',  ( 0.000000000000000000, 0.000000000000000000, 1.000000000000000000 ) ) ;
#9556 = CARTESIAN_POINT ( 'NONE',  ( -2.680000000000000160, 0.7499999999999763522, 0.3200000000000021161 ) ) ;
#9557 = EDGE_CURVE ( 'NONE', #6998, #5357, #2331, .T. ) ;
#9558 = CARTESIAN_POINT ( 'NONE',  ( -11.67999999999999972, 1.554999999999976623, -0.3199999999999982303 ) ) ;
#9559 = VECTOR ( 'NONE', #7719, 1000.000000000000000 ) ;
#9560 = ORIENTED_EDGE ( 'NONE', *, *, #3666, .T. ) ;
#9561 = LINE ( 'NONE', #1899, #1165 ) ;
#9562 = LINE ( 'NONE', #6324, #4731 ) ;
#9563 = ORIENTED_EDGE ( 'NONE', *, *, #4590, .T. ) ;
#9564 = VECTOR ( 'NONE', #5400, 1000.000000000000000 ) ;
#9565 = ORIENTED_EDGE ( 'NONE', *, *, #10138, .F. ) ;
#9566 = VECTOR ( 'NONE', #10747, 1000.000000000000000 ) ;
#9567 = CARTESIAN_POINT ( 'NONE',  ( -5.679999999999999716, 2.109999999999976339, 2.296000000000002039 ) ) ;
#9568 = ORIENTED_EDGE ( 'NONE', *, *, #3160, .F. ) ;
#9569 = CARTESIAN_POINT ( 'NONE',  ( -11.44999999999999929, 1.179999999999976401, 8.900000000000002132 ) ) ;
#9570 = CARTESIAN_POINT ( 'NONE',  ( -6.319999999999999396, 4.359999999999976339, -0.9999999999999983347 ) ) ;
#9571 = EDGE_CURVE ( 'NONE', #3863, #7463, #8494, .T. ) ;
#9572 = EDGE_CURVE ( 'NONE', #6619, #8839, #10160, .T. ) ;
#9573 = EDGE_LOOP ( 'NONE', ( #4583, #10054, #10749, #3601 ) ) ;
#9574 = LINE ( 'NONE', #4377, #8096 ) ;
#9575 = DIRECTION ( 'NONE',  ( 0.000000000000000000, 1.000000000000000000, 0.000000000000000000 ) ) ;
#9576 = CARTESIAN_POINT ( 'NONE',  ( -0.1700000000000000122, -3.220000000000023288, -0.1699999999999982636 ) ) ;
#9577 = CARTESIAN_POINT ( 'NONE',  ( -12.16999999999999993, -3.220000000000023288, -0.1699999999999982636 ) ) ;
#9578 = ORIENTED_EDGE ( 'NONE', *, *, #3034, .T. ) ;
#9579 = VECTOR ( 'NONE', #5653, 1000.000000000000000 ) ;
#9580 = ORIENTED_EDGE ( 'NONE', *, *, #2328, .F. ) ;
#9581 = AXIS2_PLACEMENT_3D ( 'NONE', #8732, #2023, #2796 ) ;
#9582 = ORIENTED_EDGE ( 'NONE', *, *, #4548, .F. ) ;
#9583 = EDGE_LOOP ( 'NONE', ( #9446, #8889, #2096, #1188 ) ) ;
#9584 = LINE ( 'NONE', #2924, #3697 ) ;
#9585 = EDGE_LOOP ( 'NONE', ( #5731, #7434, #8548, #5051 ) ) ;
#9586 = FACE_OUTER_BOUND ( 'NONE', #4278, .T. ) ;
#9587 = EDGE_CURVE ( 'NONE', #6549, #5844, #2451, .T. ) ;
#9588 = FACE_OUTER_BOUND ( 'NONE', #2202, .T. ) ;
#9589 = CARTESIAN_POINT ( 'NONE',  ( -13.34999999999999964, -3.231680113584426195, 4.941932719621522807 ) ) ;
#9590 = DIRECTION ( 'NONE',  ( -1.000000000000000000, 0.000000000000000000, 0.000000000000000000 ) ) ;
#9591 = DIRECTION ( 'NONE',  ( -1.000000000000000000, 0.000000000000000000, 0.000000000000000000 ) ) ;
#9592 = CARTESIAN_POINT ( 'NONE',  ( -14.67999999999999794, 1.554999999999976623, -0.3199999999999982303 ) ) ;
#9593 = VECTOR ( 'NONE', #4876, 1000.000000000000000 ) ;
#9594 = EDGE_CURVE ( 'NONE', #2531, #6105, #10275, .T. ) ;
#9595 = LINE ( 'NONE', #7135, #2651 ) ;
#9596 = EDGE_CURVE ( 'NONE', #6414, #2063, #5422, .T. ) ;
#9597 = CARTESIAN_POINT ( 'NONE',  ( -5.679999999999999716, -2.820000000000023821, -0.3199999999999982303 ) ) ;
#9598 = ORIENTED_EDGE ( 'NONE', *, *, #1570, .T. ) ;
#9599 = ORIENTED_EDGE ( 'NONE', *, *, #8821, .F. ) ;
#9600 = DIRECTION ( 'NONE',  ( 0.000000000000000000, 0.000000000000000000, -1.000000000000000000 ) ) ;
#9601 = DIRECTION ( 'NONE',  ( 0.000000000000000000, -1.000000000000000000, 0.000000000000000000 ) ) ;
#9602 = CARTESIAN_POINT ( 'NONE',  ( 0.1700000000000000122, 2.259999999999976250, 6.500000000000002665 ) ) ;
#9603 = DIRECTION ( 'NONE',  ( 0.000000000000000000, 0.000000000000000000, 1.000000000000000000 ) ) ;
#9604 = LINE ( 'NONE', #6143, #1668 ) ;
#9605 = FACE_OUTER_BOUND ( 'NONE', #5670, .T. ) ;
#9606 = EDGE_CURVE ( 'NONE', #9402, #8310, #8768, .T. ) ;
#9607 = EDGE_CURVE ( 'NONE', #9956, #728, #6200, .T. ) ;
#9608 = ADVANCED_FACE ( 'NONE', ( #9605 ), #3628, .T. ) ;
#9609 = EDGE_LOOP ( 'NONE', ( #6055, #9026, #8184, #2871 ) ) ;
#9610 = ORIENTED_EDGE ( 'NONE', *, *, #4119, .T. ) ;
#9611 = DIRECTION ( 'NONE',  ( 0.000000000000000000, 0.000000000000000000, -1.000000000000000000 ) ) ;
#9612 = CARTESIAN_POINT ( 'NONE',  ( -1.749999999999999778, 1.179999999999976401, 8.900000000000002132 ) ) ;
#9613 = CARTESIAN_POINT ( 'NONE',  ( -17.35999999999999943, 0.4999999999999763522, 5.400000000000002132 ) ) ;
#9614 = DIRECTION ( 'NONE',  ( 0.000000000000000000, -1.000000000000000000, 0.000000000000000000 ) ) ;
#9615 = EDGE_LOOP ( 'NONE', ( #10359, #11046, #615, #339 ) ) ;
#9616 = AXIS2_PLACEMENT_3D ( 'NONE', #9776, #7218, #10559 ) ;
#9617 = CARTESIAN_POINT ( 'NONE',  ( -4.250000000000000000, 1.179999999999976401, 8.900000000000002132 ) ) ;
#9618 = VECTOR ( 'NONE', #9220, 1000.000000000000000 ) ;
#9619 = CARTESIAN_POINT ( 'NONE',  ( 2.360000000000001208, -0.04000000000002352368, -0.9999999999999983347 ) ) ;
#9620 = EDGE_LOOP ( 'NONE', ( #4693, #5276, #6693, #1903 ) ) ;
#9621 = EDGE_CURVE ( 'NONE', #5392, #7311, #2719, .T. ) ;
#9622 = VERTEX_POINT ( 'NONE', #8600 ) ;
#9623 = CARTESIAN_POINT ( 'NONE',  ( -0.3199999999999999512, 0.7499999999999763522, 0.3500000000000021982 ) ) ;
#9624 = CARTESIAN_POINT ( 'NONE',  ( -3.319999999999999840, 2.749999999999976463, 2.296000000000002039 ) ) ;
#9625 = VECTOR ( 'NONE', #6748, 1000.000000000000114 ) ;
#9626 = CARTESIAN_POINT ( 'NONE',  ( 0.3200000000000008393, 3.304999999999976179, 0.2700000000000020162 ) ) ;
#9627 = ORIENTED_EDGE ( 'NONE', *, *, #4142, .T. ) ;
#9628 = DIRECTION ( 'NONE',  ( 1.000000000000000000, 0.000000000000000000, 0.000000000000000000 ) ) ;
#9629 = LINE ( 'NONE', #7114, #10250 ) ;
#9630 = CARTESIAN_POINT ( 'NONE',  ( 1.959999999999999964, 3.304999999999976179, 0.2700000000000020162 ) ) ;
#9631 = DIRECTION ( 'NONE',  ( 0.000000000000000000, -1.000000000000000000, 0.000000000000000000 ) ) ;
#9632 = ORIENTED_EDGE ( 'NONE', *, *, #9310, .T. ) ;
#9633 = VECTOR ( 'NONE', #5389, 1000.000000000000000 ) ;
#9634 = EDGE_CURVE ( 'NONE', #1680, #7739, #6925, .T. ) ;
#9635 = ORIENTED_EDGE ( 'NONE', *, *, #10847, .F. ) ;
#9636 = ORIENTED_EDGE ( 'NONE', *, *, #7214, .T. ) ;
#9637 = ORIENTED_EDGE ( 'NONE', *, *, #7034, .T. ) ;
#9638 = LINE ( 'NONE', #1191, #4597 ) ;
#9639 = EDGE_CURVE ( 'NONE', #1045, #9529, #1154, .T. ) ;
#9640 = EDGE_LOOP ( 'NONE', ( #6498, #1921, #9469, #9195 ) ) ;
#9641 = FACE_OUTER_BOUND ( 'NONE', #2866, .T. ) ;
#9642 = FACE_OUTER_BOUND ( 'NONE', #11069, .T. ) ;
#9643 = CARTESIAN_POINT ( 'NONE',  ( -0.3199999999999999512, 2.109999999999976339, 0.3500000000000021982 ) ) ;
#9644 = CARTESIAN_POINT ( 'NONE',  ( -3.000000000000000000, -3.020000000000023554, 0.2450000000000021605 ) ) ;
#9645 = LINE ( 'NONE', #5458, #9710 ) ;
#9646 = CARTESIAN_POINT ( 'NONE',  ( -14.34999999999999964, -2.341876692568689577E-14, 0.8500000000000021982 ) ) ;
#9647 = AXIS2_PLACEMENT_3D ( 'NONE', #9401, #9345, #3474 ) ;
#9648 = ORIENTED_EDGE ( 'NONE', *, *, #7966, .T. ) ;
#9649 = PLANE ( 'NONE',  #9857 ) ;
#9650 = ADVANCED_FACE ( 'NONE', ( #3685 ), #5310, .T. ) ;
#9651 = CARTESIAN_POINT ( 'NONE',  ( -14.67999999999999794, 2.749999999999976463, 6.100000000000002309 ) ) ;
#9652 = VERTEX_POINT ( 'NONE', #2609 ) ;
#9653 = VERTEX_POINT ( 'NONE', #6975 ) ;
#9654 = CARTESIAN_POINT ( 'NONE',  ( 0.1700000000000000122, -3.220000000000023288, 0.1700000000000021771 ) ) ;
#9655 = CARTESIAN_POINT ( 'NONE',  ( -9.320000000000000284, 3.304999999999976179, -0.3299999999999978506 ) ) ;
#9656 = VECTOR ( 'NONE', #10446, 1000.000000000000000 ) ;
#9657 = LINE ( 'NONE', #6922, #7370 ) ;
#9658 = DIRECTION ( 'NONE',  ( 0.000000000000000000, 1.000000000000000000, 0.000000000000000000 ) ) ;
#9659 = LINE ( 'NONE', #3737, #1301 ) ;
#9660 = DIRECTION ( 'NONE',  ( 0.000000000000000000, -1.000000000000000000, 0.000000000000000000 ) ) ;
#9661 = DIRECTION ( 'NONE',  ( 0.000000000000000000, 0.000000000000000000, -1.000000000000000000 ) ) ;
#9662 = VERTEX_POINT ( 'NONE', #6873 ) ;
#9663 = ORIENTED_EDGE ( 'NONE', *, *, #5989, .F. ) ;
#9664 = CARTESIAN_POINT ( 'NONE',  ( -2.680000000000000160, 4.359999999999976339, -0.9999999999999983347 ) ) ;
#9665 = AXIS2_PLACEMENT_3D ( 'NONE', #9795, #9017, #7289 ) ;
#9666 = DIRECTION ( 'NONE',  ( 1.000000000000000000, 0.000000000000000000, 0.000000000000000000 ) ) ;
#9667 = FACE_OUTER_BOUND ( 'NONE', #2919, .T. ) ;
#9668 = EDGE_CURVE ( 'NONE', #5088, #4204, #2779, .T. ) ;
#9669 = CARTESIAN_POINT ( 'NONE',  ( -9.320000000000000284, 0.7499999999999763522, 0.3500000000000021982 ) ) ;
#9670 = ORIENTED_EDGE ( 'NONE', *, *, #9445, .T. ) ;
#9671 = DIRECTION ( 'NONE',  ( 0.000000000000000000, 0.000000000000000000, 1.000000000000000000 ) ) ;
#9672 = EDGE_CURVE ( 'NONE', #9094, #7286, #4464, .T. ) ;
#9673 = FACE_OUTER_BOUND ( 'NONE', #6936, .T. ) ;
#9674 = ORIENTED_EDGE ( 'NONE', *, *, #5315, .F. ) ;
#9675 = AXIS2_PLACEMENT_3D ( 'NONE', #1824, #2773, #10487 ) ;
#9676 = ORIENTED_EDGE ( 'NONE', *, *, #9098, .F. ) ;
#9677 = AXIS2_PLACEMENT_3D ( 'NONE', #1500, #4031, #6595 ) ;
#9678 = DIRECTION ( 'NONE',  ( 1.000000000000000000, 0.000000000000000000, 0.000000000000000000 ) ) ;
#9679 = LINE ( 'NONE', #224, #1358 ) ;
#9680 = DIRECTION ( 'NONE',  ( 0.000000000000000000, -1.000000000000000000, 0.000000000000000000 ) ) ;
#9681 = ORIENTED_EDGE ( 'NONE', *, *, #10940, .F. ) ;
#9682 = CARTESIAN_POINT ( 'NONE',  ( -12.31999999999999851, 0.7499999999999763522, -0.3199999999999982303 ) ) ;
#9683 = CARTESIAN_POINT ( 'NONE',  ( -3.169999999999999929, -3.220000000000023288, -0.1699999999999982636 ) ) ;
#9684 = DIRECTION ( 'NONE',  ( 0.000000000000000000, 0.000000000000000000, -1.000000000000000000 ) ) ;
#9685 = AXIS2_PLACEMENT_3D ( 'NONE', #9393, #5152, #8558 ) ;
#9686 = DIRECTION ( 'NONE',  ( 0.000000000000000000, 0.000000000000000000, -1.000000000000000000 ) ) ;
#9687 = B_SPLINE_CURVE_WITH_KNOTS ( 'NONE', 3,
 ( #4293, #10213, #6868, #4404, #4187, #1661, #7812, #2656, #1825, #6969 ),
 .UNSPECIFIED., .F., .F.,
 ( 4, 1, 1, 1, 1, 1, 1, 4 ),
 ( 0.000000000000000000, 0.1428571428570999946, 0.2857142857143000203, 0.4285714285713999594, 0.5714285714286000406, 0.7142857142856999797, 0.8571428571429000609, 1.000000000000000000 ),
 .UNSPECIFIED. ) ;
#9688 = ORIENTED_EDGE ( 'NONE', *, *, #10399, .F. ) ;
#9689 = VERTEX_POINT ( 'NONE', #5197 ) ;
#9690 = ORIENTED_EDGE ( 'NONE', *, *, #2328, .T. ) ;
#9691 = ORIENTED_EDGE ( 'NONE', *, *, #432, .F. ) ;
#9692 = DIRECTION ( 'NONE',  ( 1.000000000000000000, 0.000000000000000000, 0.000000000000000000 ) ) ;
#9693 = ORIENTED_EDGE ( 'NONE', *, *, #4593, .F. ) ;
#9694 = VECTOR ( 'NONE', #2775, 1000.000000000000000 ) ;
#9695 = VECTOR ( 'NONE', #2745, 1000.000000000000114 ) ;
#9696 = CARTESIAN_POINT ( 'NONE',  ( -13.35000000000000142, -3.338972308484946083, 4.125886145613622880 ) ) ;
#9697 = EDGE_CURVE ( 'NONE', #10221, #7590, #6035, .T. ) ;
#9698 = DIRECTION ( 'NONE',  ( -0.000000000000000000, 1.000000000000000000, 0.000000000000000000 ) ) ;
#9699 = DIRECTION ( 'NONE',  ( 0.000000000000000000, 0.000000000000000000, 1.000000000000000000 ) ) ;
#9700 = CARTESIAN_POINT ( 'NONE',  ( -11.67999999999999972, -2.820000000000023821, 0.3200000000000021161 ) ) ;
#9701 = VECTOR ( 'NONE', #8765, 1000.000000000000000 ) ;
#9702 = ORIENTED_EDGE ( 'NONE', *, *, #4736, .F. ) ;
#9703 = DIRECTION ( 'NONE',  ( 0.000000000000000000, 1.000000000000000000, 0.000000000000000000 ) ) ;
#9704 = CARTESIAN_POINT ( 'NONE',  ( -18.32000000000000028, 3.679999999999976623, -0.9999999999999983347 ) ) ;
#9705 = VERTEX_POINT ( 'NONE', #930 ) ;
#9706 = ORIENTED_EDGE ( 'NONE', *, *, #1574, .F. ) ;
#9707 = DIRECTION ( 'NONE',  ( 1.000000000000000000, 0.000000000000000000, 0.000000000000000000 ) ) ;
#9708 = DIRECTION ( 'NONE',  ( 0.000000000000000000, 0.000000000000000000, -1.000000000000000000 ) ) ;
#9709 = EDGE_CURVE ( 'NONE', #10779, #2921, #4354, .T. ) ;
#9710 = VECTOR ( 'NONE', #5781, 1000.000000000000000 ) ;
#9711 = DIRECTION ( 'NONE',  ( 0.000000000000000000, 0.000000000000000000, 1.000000000000000000 ) ) ;
#9712 = DIRECTION ( 'NONE',  ( 1.000000000000000000, 0.000000000000000000, 0.000000000000000000 ) ) ;
#9713 = EDGE_CURVE ( 'NONE', #2654, #10755, #10381, .T. ) ;
#9714 = DIRECTION ( 'NONE',  ( 0.000000000000000000, -1.000000000000000000, 0.000000000000000000 ) ) ;
#9715 = VERTEX_POINT ( 'NONE', #7816 ) ;
#9716 = ORIENTED_EDGE ( 'NONE', *, *, #11022, .T. ) ;
#9717 = CARTESIAN_POINT ( 'NONE',  ( -9.320000000000000284, 2.429999999999976623, 3.950000000000001954 ) ) ;
#9718 = LINE ( 'NONE', #2058, #6454 ) ;
#9719 = DIRECTION ( 'NONE',  ( 0.000000000000000000, -1.000000000000000000, 0.000000000000000000 ) ) ;
#9720 = CARTESIAN_POINT ( 'NONE',  ( -17.35999999999999943, -0.04000000000002352368, 0.8500000000000021982 ) ) ;
#9721 = ADVANCED_FACE ( 'NONE', ( #3513 ), #1040, .T. ) ;
#9722 = ORIENTED_EDGE ( 'NONE', *, *, #5861, .T. ) ;
#9723 = DIRECTION ( 'NONE',  ( 1.000000000000000000, 0.000000000000000000, 0.000000000000000000 ) ) ;
#9724 = DIRECTION ( 'NONE',  ( 1.000000000000000000, 0.000000000000000000, 0.000000000000000000 ) ) ;
#9725 = ADVANCED_FACE ( 'NONE', ( #1832 ), #985, .T. ) ;
#9726 = VERTEX_POINT ( 'NONE', #10917 ) ;
#9727 = EDGE_LOOP ( 'NONE', ( #8460, #7354, #4748, #2019, #7618, #6989, #1834, #7602 ) ) ;
#9728 = FACE_BOUND ( 'NONE', #2944, .T. ) ;
#9729 = LINE ( 'NONE', #4484, #7624 ) ;
#9730 = VECTOR ( 'NONE', #4537, 1000.000000000000000 ) ;
#9731 = CARTESIAN_POINT ( 'NONE',  ( -6.319999999999999396, 1.554999999999976623, -0.3199999999999982303 ) ) ;
#9732 = ORIENTED_EDGE ( 'NONE', *, *, #10253, .F. ) ;
#9733 = CARTESIAN_POINT ( 'NONE',  ( -1.683323839231995134, -3.088021493513021909, 5.131718196511001473 ) ) ;
#9734 = DIRECTION ( 'NONE',  ( -0.3312945782245003690, 0.8834522085988016915, -0.3312945782245003690 ) ) ;
#9735 = FACE_OUTER_BOUND ( 'NONE', #1329, .T. ) ;
#9736 = CARTESIAN_POINT ( 'NONE',  ( -13.35000000000000142, -2.915727861385023267, 3.333811976901002172 ) ) ;
#9737 = ORIENTED_EDGE ( 'NONE', *, *, #9587, .T. ) ;
#9738 = VECTOR ( 'NONE', #10120, 1000.000000000000000 ) ;
#9739 = EDGE_CURVE ( 'NONE', #386, #7740, #4781, .T. ) ;
#9740 = ORIENTED_EDGE ( 'NONE', *, *, #6744, .T. ) ;
#9741 = ORIENTED_EDGE ( 'NONE', *, *, #9607, .T. ) ;
#9742 = EDGE_CURVE ( 'NONE', #8345, #10660, #1411, .T. ) ;
#9743 = ORIENTED_EDGE ( 'NONE', *, *, #4234, .T. ) ;
#9744 = CARTESIAN_POINT ( 'NONE',  ( -0.6752272915129999831, -2.090000000000023395, 3.300000000000002043 ) ) ;
#9745 = VERTEX_POINT ( 'NONE', #6561 ) ;
#9746 = CARTESIAN_POINT ( 'NONE',  ( -13.35000000000000142, -3.268757547448487344, 3.733577267830496371 ) ) ;
#9747 = AXIS2_PLACEMENT_3D ( 'NONE', #6373, #5647, #6421 ) ;
#9748 = DIRECTION ( 'NONE',  ( 0.000000000000000000, 0.000000000000000000, -1.000000000000000000 ) ) ;
#9749 = DIRECTION ( 'NONE',  ( -0.3312945782245003690, 0.3312945782245003690, -0.8834522085988016915 ) ) ;
#9750 = CARTESIAN_POINT ( 'NONE',  ( -12.31999999999999851, 2.749999999999976463, 6.100000000000002309 ) ) ;
#9751 = VECTOR ( 'NONE', #3806, 1000.000000000000000 ) ;
#9752 = CIRCLE ( 'NONE', #9581, 0.5000000000000004441 ) ;
#9753 = DIRECTION ( 'NONE',  ( 1.000000000000000000, 0.000000000000000000, 0.000000000000000000 ) ) ;
#9754 = EDGE_CURVE ( 'NONE', #2781, #4386, #5728, .T. ) ;
#9755 = DIRECTION ( 'NONE',  ( 0.000000000000000000, 0.000000000000000000, -1.000000000000000000 ) ) ;
#9756 = EDGE_LOOP ( 'NONE', ( #9361, #9235, #8021, #10874 ) ) ;
#9757 = ORIENTED_EDGE ( 'NONE', *, *, #4286, .F. ) ;
#9758 = PLANE ( 'NONE',  #5928 ) ;
#9759 = CARTESIAN_POINT ( 'NONE',  ( -5.679999999999999716, 2.109999999999976339, 6.100000000000002309 ) ) ;
#9760 = CARTESIAN_POINT ( 'NONE',  ( -14.67999999999999794, 1.159999999999976383, -0.9999999999999983347 ) ) ;
#9761 = CARTESIAN_POINT ( 'NONE',  ( -8.830000000000000071, 2.259999999999976250, 6.500000000000002665 ) ) ;
#9762 = CARTESIAN_POINT ( 'NONE',  ( 1.250000000000001110, 1.879999999999976357, 8.900000000000002132 ) ) ;
#9763 = DIRECTION ( 'NONE',  ( -1.000000000000000000, 0.000000000000000000, 0.000000000000000000 ) ) ;
#9764 = VERTEX_POINT ( 'NONE', #3150 ) ;
#9765 = CARTESIAN_POINT ( 'NONE',  ( -13.35000000000000142, 0.4999999999999763522, 0.8500000000000021982 ) ) ;
#9766 = CARTESIAN_POINT ( 'NONE',  ( -18.32000000000000028, 1.159999999999976383, -0.3299999999999978506 ) ) ;
#9767 = PLANE ( 'NONE',  #5045 ) ;
#9768 = EDGE_CURVE ( 'NONE', #8151, #7637, #8305, .T. ) ;
#9769 = CARTESIAN_POINT ( 'NONE',  ( -16.96000000000000085, 0.7499999999999763522, -0.9999999999999983347 ) ) ;
#9770 = VERTEX_POINT ( 'NONE', #7514 ) ;
#9771 = CARTESIAN_POINT ( 'NONE',  ( -2.830000000000000071, 2.599999999999976552, 6.500000000000002665 ) ) ;
#9772 = DIRECTION ( 'NONE',  ( 0.000000000000000000, 0.000000000000000000, -1.000000000000000000 ) ) ;
#9773 = VERTEX_POINT ( 'NONE', #2197 ) ;
#9774 = ORIENTED_EDGE ( 'NONE', *, *, #4130, .T. ) ;
#9775 = EDGE_CURVE ( 'NONE', #3100, #4388, #9136, .T. ) ;
#9776 = CARTESIAN_POINT ( 'NONE',  ( 3.319999999999999840, 1.554999999999976623, -0.3299999999999978506 ) ) ;
#9777 = LINE ( 'NONE', #8221, #1356 ) ;
#9778 = ADVANCED_FACE ( 'NONE', ( #10080 ), #1465, .F. ) ;
#9779 = PLANE ( 'NONE',  #8188 ) ;
#9780 = VECTOR ( 'NONE', #7092, 1000.000000000000000 ) ;
#9781 = EDGE_LOOP ( 'NONE', ( #8650, #6149, #5411, #4168, #5810, #4133, #2254, #7925, #10052, #8296 ) ) ;
#9782 = DIRECTION ( 'NONE',  ( 1.000000000000000000, 0.000000000000000000, 0.000000000000000000 ) ) ;
#9783 = LINE ( 'NONE', #609, #6889 ) ;
#9784 = DIRECTION ( 'NONE',  ( 0.000000000000000000, 0.000000000000000000, -1.000000000000000000 ) ) ;
#9785 = CARTESIAN_POINT ( 'NONE',  ( -8.754999999999999005, 2.429999999999976623, 6.300000000000001599 ) ) ;
#9786 = EDGE_LOOP ( 'NONE', ( #2604, #2723, #9957, #8412 ) ) ;
#9787 = VECTOR ( 'NONE', #9887, 1000.000000000000000 ) ;
#9788 = ORIENTED_EDGE ( 'NONE', *, *, #5563, .T. ) ;
#9789 = ORIENTED_EDGE ( 'NONE', *, *, #5765, .F. ) ;
#9790 = ADVANCED_FACE ( 'NONE', ( #627 ), #516, .T. ) ;
#9791 = EDGE_LOOP ( 'NONE', ( #3154, #8402, #4886, #5161 ) ) ;
#9792 = CARTESIAN_POINT ( 'NONE',  ( -1.649999999999999911, -3.339473098023733932, 4.443104904469213245 ) ) ;
#9793 = ORIENTED_EDGE ( 'NONE', *, *, #165, .T. ) ;
#9794 = VECTOR ( 'NONE', #8222, 1000.000000000000000 ) ;
#9795 = CARTESIAN_POINT ( 'NONE',  ( 1.250000000000001110, 3.679999999999976623, 8.900000000000002132 ) ) ;
#9796 = ADVANCED_FACE ( 'NONE', ( #10690 ), #7293, .T. ) ;
#9797 = CARTESIAN_POINT ( 'NONE',  ( -2.830000000000000071, 2.259999999999976250, 6.500000000000002665 ) ) ;
#9798 = CARTESIAN_POINT ( 'NONE',  ( -0.3199999999999999512, -2.820000000000023821, -0.3199999999999982303 ) ) ;
#9799 = LINE ( 'NONE', #6291, #3746 ) ;
#9800 = EDGE_CURVE ( 'NONE', #4483, #2744, #3936, .T. ) ;
#9801 = ORIENTED_EDGE ( 'NONE', *, *, #9279, .T. ) ;
#9802 = DIRECTION ( 'NONE',  ( 1.000000000000000000, 0.000000000000000000, 0.000000000000000000 ) ) ;
#9803 = VERTEX_POINT ( 'NONE', #10859 ) ;
#9804 = EDGE_LOOP ( 'NONE', ( #1306, #561, #3689, #7627 ) ) ;
#9805 = CARTESIAN_POINT ( 'NONE',  ( -14.44999999999999929, 1.179999999999976401, 2.296000000000002039 ) ) ;
#9806 = DIRECTION ( 'NONE',  ( 0.000000000000000000, 0.000000000000000000, 1.000000000000000000 ) ) ;
#9807 = DIRECTION ( 'NONE',  ( 0.000000000000000000, 0.000000000000000000, -1.000000000000000000 ) ) ;
#9808 = LINE ( 'NONE', #3681, #9526 ) ;
#9809 = EDGE_CURVE ( 'NONE', #3778, #10556, #5676, .T. ) ;
#9810 = DIRECTION ( 'NONE',  ( 0.000000000000000000, 1.000000000000000000, 0.000000000000000000 ) ) ;
#9811 = EDGE_LOOP ( 'NONE', ( #4890, #5077, #8892, #10007 ) ) ;
#9812 = EDGE_LOOP ( 'NONE', ( #3905, #8632, #824, #10850 ) ) ;
#9813 = VECTOR ( 'NONE', #4726, 1000.000000000000000 ) ;
#9814 = LINE ( 'NONE', #5479, #4485 ) ;
#9815 = LINE ( 'NONE', #4913, #7528 ) ;
#9816 = LINE ( 'NONE', #4743, #3065 ) ;
#9817 = DIRECTION ( 'NONE',  ( 0.000000000000000000, -1.000000000000000000, 0.000000000000000000 ) ) ;
#9818 = EDGE_LOOP ( 'NONE', ( #9522, #287, #9874, #7702 ) ) ;
#9819 = ADVANCED_FACE ( 'NONE', ( #3033 ), #3207, .F. ) ;
#9820 = LINE ( 'NONE', #5589, #7974 ) ;
#9821 = AXIS2_PLACEMENT_3D ( 'NONE', #2057, #4688, #8209 ) ;
#9822 = CARTESIAN_POINT ( 'NONE',  ( -18.32000000000000028, 1.159999999999976383, -0.9999999999999983347 ) ) ;
#9823 = EDGE_LOOP ( 'NONE', ( #69, #2852, #10808, #252 ) ) ;
#9824 = VECTOR ( 'NONE', #8130, 1000.000000000000000 ) ;
#9825 = ORIENTED_EDGE ( 'NONE', *, *, #9058, .F. ) ;
#9826 = DIRECTION ( 'NONE',  ( 0.000000000000000000, 0.000000000000000000, 1.000000000000000000 ) ) ;
#9827 = DIRECTION ( 'NONE',  ( 1.000000000000000000, 0.000000000000000000, 0.000000000000000000 ) ) ;
#9828 = CARTESIAN_POINT ( 'NONE',  ( 2.360000000000001208, 0.7499999999999763522, 5.400000000000002132 ) ) ;
#9829 = PLANE ( 'NONE',  #9677 ) ;
#9830 = CARTESIAN_POINT ( 'NONE',  ( -9.320000000000000284, 3.484999999999976339, -0.3199999999999982303 ) ) ;
#9831 = EDGE_CURVE ( 'NONE', #7508, #386, #5839, .T. ) ;
#9832 = ORIENTED_EDGE ( 'NONE', *, *, #7147, .F. ) ;
#9833 = CARTESIAN_POINT ( 'NONE',  ( -1.534497938536995454, -3.339878673556024413, 4.103738181388702166 ) ) ;
#9834 = DIRECTION ( 'NONE',  ( 0.000000000000000000, 1.000000000000000000, 0.000000000000000000 ) ) ;
#9835 = FACE_OUTER_BOUND ( 'NONE', #6299, .T. ) ;
#9836 = EDGE_CURVE ( 'NONE', #1127, #10975, #9249, .T. ) ;
#9837 = VECTOR ( 'NONE', #87, 1000.000000000000000 ) ;
#9838 = LINE ( 'NONE', #8953, #1326 ) ;
#9839 = VERTEX_POINT ( 'NONE', #1580 ) ;
#9840 = VECTOR ( 'NONE', #6430, 1000.000000000000000 ) ;
#9841 = ORIENTED_EDGE ( 'NONE', *, *, #4162, .F. ) ;
#9842 = ORIENTED_EDGE ( 'NONE', *, *, #7748, .T. ) ;
#9843 = ORIENTED_EDGE ( 'NONE', *, *, #4142, .F. ) ;
#9844 = LINE ( 'NONE', #9015, #5306 ) ;
#9845 = VERTEX_POINT ( 'NONE', #8409 ) ;
#9846 = ADVANCED_FACE ( 'NONE', ( #6451 ), #9022, .T. ) ;
#9847 = CARTESIAN_POINT ( 'NONE',  ( -3.319999999999999840, 2.109999999999976339, 0.3200000000000021161 ) ) ;
#9848 = VECTOR ( 'NONE', #8504, 1000.000000000000000 ) ;
#9849 = LINE ( 'NONE', #457, #4169 ) ;
#9850 = VECTOR ( 'NONE', #7155, 1000.000000000000000 ) ;
#9851 = CARTESIAN_POINT ( 'NONE',  ( -5.679999999999999716, -2.820000000000023821, -0.3199999999999982303 ) ) ;
#9852 = CARTESIAN_POINT ( 'NONE',  ( -18.32000000000000028, 1.159999999999976383, -0.3299999999999978506 ) ) ;
#9853 = EDGE_CURVE ( 'NONE', #9764, #4200, #5620, .T. ) ;
#9854 = DIRECTION ( 'NONE',  ( 0.000000000000000000, 0.000000000000000000, 1.000000000000000000 ) ) ;
#9855 = AXIS2_PLACEMENT_3D ( 'NONE', #5854, #4013, #9263 ) ;
#9856 = VERTEX_POINT ( 'NONE', #7406 ) ;
#9857 = AXIS2_PLACEMENT_3D ( 'NONE', #8549, #5407, #9386 ) ;
#9858 = EDGE_LOOP ( 'NONE', ( #5436, #6377, #3342, #2085 ) ) ;
#9859 = EDGE_CURVE ( 'NONE', #7970, #5613, #6114, .T. ) ;
#9860 = VECTOR ( 'NONE', #471, 1000.000000000000000 ) ;
#9861 = FACE_OUTER_BOUND ( 'NONE', #2891, .T. ) ;
#9862 = ADVANCED_FACE ( 'NONE', ( #6063 ), #10356, .F. ) ;
#9863 = ORIENTED_EDGE ( 'NONE', *, *, #7550, .T. ) ;
#9864 = VERTEX_POINT ( 'NONE', #6012 ) ;
#9865 = CARTESIAN_POINT ( 'NONE',  ( 1.959999999999999964, 0.4999999999999763522, 5.400000000000002132 ) ) ;
#9866 = DIRECTION ( 'NONE',  ( 0.000000000000000000, -0.9363291775690363306, 0.3511234415884135762 ) ) ;
#9867 = PLANE ( 'NONE',  #43 ) ;
#9868 = LINE ( 'NONE', #9146, #3818 ) ;
#9869 = LINE ( 'NONE', #1478, #4237 ) ;
#9870 =( GEOMETRIC_REPRESENTATION_CONTEXT ( 3 ) GLOBAL_UNCERTAINTY_ASSIGNED_CONTEXT ( ( #6316 ) ) GLOBAL_UNIT_ASSIGNED_CONTEXT ( ( #5000, #9189, #5890 ) ) REPRESENTATION_CONTEXT ( 'NONE', 'WORKASPACE' ) );
#9871 = ADVANCED_FACE ( 'NONE', ( #8470 ), #2478, .T. ) ;
#9872 = CARTESIAN_POINT ( 'NONE',  ( -16.91999999999999815, 4.359999999999976339, 8.900000000000002132 ) ) ;
#9873 = EDGE_CURVE ( 'NONE', #10660, #5257, #68, .T. ) ;
#9874 = ORIENTED_EDGE ( 'NONE', *, *, #9540, .F. ) ;
#9875 = EDGE_LOOP ( 'NONE', ( #2751, #5799, #9961, #2908 ) ) ;
#9876 = AXIS2_PLACEMENT_3D ( 'NONE', #3835, #9712, #7248 ) ;
#9877 = CARTESIAN_POINT ( 'NONE',  ( -16.91999999999999815, 1.679999999999976401, 7.500000000000002665 ) ) ;
#9878 = CARTESIAN_POINT ( 'NONE',  ( -0.3199999999999999512, 3.304999999999976179, -0.3299999999999978506 ) ) ;
#9879 = CARTESIAN_POINT ( 'NONE',  ( 3.319999999999999840, 2.316249999999976161, 1.700000000000002398 ) ) ;
#9880 = LINE ( 'NONE', #10829, #4867 ) ;
#9881 = ORIENTED_EDGE ( 'NONE', *, *, #23, .T. ) ;
#9882 = DIRECTION ( 'NONE',  ( 1.000000000000000000, 0.000000000000000000, 0.000000000000000000 ) ) ;
#9883 = VECTOR ( 'NONE', #2438, 1000.000000000000114 ) ;
#9884 = DIRECTION ( 'NONE',  ( 0.000000000000000000, -1.000000000000000000, 0.000000000000000000 ) ) ;
#9885 = ORIENTED_EDGE ( 'NONE', *, *, #7419, .T. ) ;
#9886 = ORIENTED_EDGE ( 'NONE', *, *, #276, .F. ) ;
#9887 = DIRECTION ( 'NONE',  ( -1.000000000000000000, 0.000000000000000000, 0.000000000000000000 ) ) ;
#9888 = EDGE_CURVE ( 'NONE', #1631, #6549, #736, .T. ) ;
#9889 = FACE_OUTER_BOUND ( 'NONE', #8385, .T. ) ;
#9890 = DIRECTION ( 'NONE',  ( -0.9363291775690363306, 0.000000000000000000, 0.3511234415884135762 ) ) ;
#9891 = CARTESIAN_POINT ( 'NONE',  ( -2.680000000000000160, 2.749999999999976463, 2.296000000000002039 ) ) ;
#9892 = PLANE ( 'NONE',  #6576 ) ;
#9893 = ORIENTED_EDGE ( 'NONE', *, *, #9775, .T. ) ;
#9894 = CARTESIAN_POINT ( 'NONE',  ( -6.549999999999999822, 1.179999999999976401, 2.296000000000002039 ) ) ;
#9895 = CARTESIAN_POINT ( 'NONE',  ( -14.34999999999999964, -2.341876692568689577E-14, 8.050000000000000711 ) ) ;
#9896 = LINE ( 'NONE', #1397, #4413 ) ;
#9897 = DIRECTION ( 'NONE',  ( -1.000000000000000000, 0.000000000000000000, 0.000000000000000000 ) ) ;
#9898 = ORIENTED_EDGE ( 'NONE', *, *, #8756, .F. ) ;
#9899 = ORIENTED_EDGE ( 'NONE', *, *, #3156, .F. ) ;
#9900 = VERTEX_POINT ( 'NONE', #10248 ) ;
#9901 = VECTOR ( 'NONE', #2127, 1000.000000000000000 ) ;
#9902 = VERTEX_POINT ( 'NONE', #2582 ) ;
#9903 = CARTESIAN_POINT ( 'NONE',  ( -1.649999999999999467, -3.231678379499355547, 3.658064141335169772 ) ) ;
#9904 = VERTEX_POINT ( 'NONE', #9411 ) ;
#9905 = ADVANCED_FACE ( 'NONE', ( #5224 ), #8575, .T. ) ;
#9906 = EDGE_CURVE ( 'NONE', #378, #1169, #4325, .T. ) ;
#9907 = CARTESIAN_POINT ( 'NONE',  ( -13.35000000000000142, 0.4999999999999763522, 0.8500000000000021982 ) ) ;
#9908 = PLANE ( 'NONE',  #5592 ) ;
#9909 = PLANE ( 'NONE',  #3648 ) ;
#9910 = LINE ( 'NONE', #514, #4281 ) ;
#9911 = CIRCLE ( 'NONE', #1879, 1.700000000000000400 ) ;
#9912 = DIRECTION ( 'NONE',  ( 0.000000000000000000, -1.000000000000000000, 0.000000000000000000 ) ) ;
#9913 = ORIENTED_EDGE ( 'NONE', *, *, #133, .F. ) ;
#9914 = VECTOR ( 'NONE', #3621, 1000.000000000000000 ) ;
#9915 = ORIENTED_EDGE ( 'NONE', *, *, #3920, .F. ) ;
#9916 = EDGE_CURVE ( 'NONE', #2370, #3981, #3322, .T. ) ;
#9917 = VERTEX_POINT ( 'NONE', #10307 ) ;
#9918 = ORIENTED_EDGE ( 'NONE', *, *, #5974, .T. ) ;
#9919 = AXIS2_PLACEMENT_3D ( 'NONE', #11053, #5863, #9218 ) ;
#9920 = EDGE_CURVE ( 'NONE', #10512, #11074, #9300, .T. ) ;
#9921 = FACE_OUTER_BOUND ( 'NONE', #8069, .T. ) ;
#9922 = FACE_OUTER_BOUND ( 'NONE', #6877, .T. ) ;
#9923 = EDGE_CURVE ( 'NONE', #10607, #8675, #2636, .T. ) ;
#9924 = LINE ( 'NONE', #526, #4691 ) ;
#9925 = CARTESIAN_POINT ( 'NONE',  ( -1.649999999999999467, -2.341876692568689577E-14, 0.8500000000000021982 ) ) ;
#9926 = DIRECTION ( 'NONE',  ( 1.000000000000000000, 0.000000000000000000, 0.000000000000000000 ) ) ;
#9927 = DIRECTION ( 'NONE',  ( 0.000000000000000000, 1.000000000000000000, 0.000000000000000000 ) ) ;
#9928 = ORIENTED_EDGE ( 'NONE', *, *, #5787, .F. ) ;
#9929 = ORIENTED_EDGE ( 'NONE', *, *, #9634, .F. ) ;
#9930 = VECTOR ( 'NONE', #10129, 1000.000000000000000 ) ;
#9931 = CARTESIAN_POINT ( 'NONE',  ( -16.96000000000000085, 1.159999999999976383, -0.3299999999999978506 ) ) ;
#9932 = EDGE_CURVE ( 'NONE', #4582, #798, #8629, .T. ) ;
#9933 = LINE ( 'NONE', #3844, #10020 ) ;
#9934 = CARTESIAN_POINT ( 'NONE',  ( -2.680000000000000160, 0.7499999999999763522, -0.3199999999999982303 ) ) ;
#9935 = DIRECTION ( 'NONE',  ( 0.000000000000000000, 0.000000000000000000, -1.000000000000000000 ) ) ;
#9936 = EDGE_CURVE ( 'NONE', #10755, #9917, #9521, .T. ) ;
#9937 = VERTEX_POINT ( 'NONE', #960 ) ;
#9938 = EDGE_CURVE ( 'NONE', #1802, #5702, #5893, .T. ) ;
#9939 = CARTESIAN_POINT ( 'NONE',  ( -14.67999999999999794, 0.7499999999999763522, 0.3500000000000021982 ) ) ;
#9940 = VECTOR ( 'NONE', #5795, 1000.000000000000000 ) ;
#9941 = EDGE_CURVE ( 'NONE', #892, #1143, #7789, .T. ) ;
#9942 = CARTESIAN_POINT ( 'NONE',  ( -11.44999999999999929, 1.179999999999976401, 8.900000000000002132 ) ) ;
#9943 = ORIENTED_EDGE ( 'NONE', *, *, #6901, .T. ) ;
#9944 = ORIENTED_EDGE ( 'NONE', *, *, #7748, .F. ) ;
#9945 = CARTESIAN_POINT ( 'NONE',  ( -12.31999999999999851, 0.7499999999999763522, 0.3500000000000021982 ) ) ;
#9946 = PLANE ( 'NONE',  #6014 ) ;
#9947 = CARTESIAN_POINT ( 'NONE',  ( -18.32000000000000028, 3.699999999999976641, -0.3299999999999978506 ) ) ;
#9948 = LINE ( 'NONE', #1137, #27 ) ;
#9949 = DIRECTION ( 'NONE',  ( 0.000000000000000000, 0.000000000000000000, -1.000000000000000000 ) ) ;
#9950 = ORIENTED_EDGE ( 'NONE', *, *, #4548, .T. ) ;
#9951 = LINE ( 'NONE', #1617, #10226 ) ;
#9952 = LINE ( 'NONE', #7333, #626 ) ;
#9953 = DIRECTION ( 'NONE',  ( -0.7071067811865474617, 0.7071067811865474617, 0.000000000000000000 ) ) ;
#9954 = LINE ( 'NONE', #446, #4918 ) ;
#9955 = ADVANCED_FACE ( 'NONE', ( #11028 ), #3375, .T. ) ;
#9956 = VERTEX_POINT ( 'NONE', #2529 ) ;
#9957 = ORIENTED_EDGE ( 'NONE', *, *, #9697, .T. ) ;
#9958 = ORIENTED_EDGE ( 'NONE', *, *, #5711, .F. ) ;
#9959 = VERTEX_POINT ( 'NONE', #9355 ) ;
#9960 = CARTESIAN_POINT ( 'NONE',  ( -1.649999999999999245, -3.291436438769202777, 3.788844886119520972 ) ) ;
#9961 = ORIENTED_EDGE ( 'NONE', *, *, #210, .F. ) ;
#9962 = DIRECTION ( 'NONE',  ( 1.000000000000000000, 0.000000000000000000, 0.000000000000000000 ) ) ;
#9963 = ORIENTED_EDGE ( 'NONE', *, *, #6737, .T. ) ;
#9964 = LINE ( 'NONE', #4103, #8981 ) ;
#9965 = CARTESIAN_POINT ( 'NONE',  ( 1.250000000000001110, 3.679999999999976623, 8.900000000000002132 ) ) ;
#9966 = CARTESIAN_POINT ( 'NONE',  ( -15.16999999999999993, 2.259999999999976250, 6.500000000000002665 ) ) ;
#9967 = ADVANCED_FACE ( 'NONE', ( #4272 ), #8522, .T. ) ;
#9968 = AXIS2_PLACEMENT_3D ( 'NONE', #7049, #10346, #9678 ) ;
#9969 = CARTESIAN_POINT ( 'NONE',  ( -15.32000000000000028, 1.554999999999976623, -0.3199999999999982303 ) ) ;
#9970 = VECTOR ( 'NONE', #8983, 1000.000000000000000 ) ;
#9971 = ORIENTED_EDGE ( 'NONE', *, *, #8244, .F. ) ;
#9972 = AXIS2_PLACEMENT_3D ( 'NONE', #884, #6823, #7714 ) ;
#9973 = ORIENTED_EDGE ( 'NONE', *, *, #9606, .T. ) ;
#9974 = ORIENTED_EDGE ( 'NONE', *, *, #3174, .T. ) ;
#9975 = ORIENTED_EDGE ( 'NONE', *, *, #4725, .F. ) ;
#9976 = LINE ( 'NONE', #1587, #3239 ) ;
#9977 = DIRECTION ( 'NONE',  ( 0.000000000000000000, 0.000000000000000000, -1.000000000000000000 ) ) ;
#9978 = DIRECTION ( 'NONE',  ( -1.000000000000000000, 0.000000000000000000, 0.000000000000000000 ) ) ;
#9979 = DIRECTION ( 'NONE',  ( 1.000000000000000000, 0.000000000000000000, 0.000000000000000000 ) ) ;
#9980 = CARTESIAN_POINT ( 'NONE',  ( -2.680000000000000160, 2.749999999999976463, 6.100000000000002309 ) ) ;
#9981 = EDGE_CURVE ( 'NONE', #1616, #8523, #7058, .T. ) ;
#9982 = DIRECTION ( 'NONE',  ( 0.000000000000000000, -1.000000000000000000, 0.000000000000000000 ) ) ;
#9983 = VECTOR ( 'NONE', #3149, 1000.000000000000000 ) ;
#9984 = LINE ( 'NONE', #5741, #6302 ) ;
#9985 = ORIENTED_EDGE ( 'NONE', *, *, #2332, .T. ) ;
#9986 = CARTESIAN_POINT ( 'NONE',  ( -16.91999999999999815, 3.679999999999976623, 8.900000000000002132 ) ) ;
#9987 = CARTESIAN_POINT ( 'NONE',  ( 0.3200000000000008393, 2.109999999999976339, 0.3500000000000021982 ) ) ;
#9988 = CARTESIAN_POINT ( 'NONE',  ( -2.680000000000000160, 3.699999999999976641, -0.9999999999999983347 ) ) ;
#9989 = CARTESIAN_POINT ( 'NONE',  ( 1.959999999999999964, 0.4999999999999763522, 5.400000000000002132 ) ) ;
#9990 = EDGE_CURVE ( 'NONE', #1317, #74, #56, .T. ) ;
#9991 = LINE ( 'NONE', #9769, #3250 ) ;
#9992 = CARTESIAN_POINT ( 'NONE',  ( -10.24999999999999822, 1.879999999999976357, 8.900000000000002132 ) ) ;
#9993 = DIRECTION ( 'NONE',  ( 0.000000000000000000, 1.000000000000000000, 0.000000000000000000 ) ) ;
#9994 = VECTOR ( 'NONE', #10297, 1000.000000000000000 ) ;
#9995 = ORIENTED_EDGE ( 'NONE', *, *, #10596, .F. ) ;
#9996 = ORIENTED_EDGE ( 'NONE', *, *, #248, .T. ) ;
#9997 = EDGE_CURVE ( 'NONE', #4426, #4290, #6222, .T. ) ;
#9998 = DIRECTION ( 'NONE',  ( 0.000000000000000000, 0.000000000000000000, 1.000000000000000000 ) ) ;
#9999 = ADVANCED_FACE ( 'NONE', ( #4435 ), #2748, .T. ) ;
#10000 = PLANE ( 'NONE',  #9219 ) ;
#10001 = PLANE ( 'NONE',  #6057 ) ;
#10002 = LINE ( 'NONE', #7272, #2889 ) ;
#10003 = CARTESIAN_POINT ( 'NONE',  ( -13.99132741799599877, -3.253451369400031545, 3.903546080406082197 ) ) ;
#10004 = VECTOR ( 'NONE', #3790, 1000.000000000000000 ) ;
#10005 = PLANE ( 'NONE',  #3087 ) ;
#10006 = EDGE_CURVE ( 'NONE', #5038, #7081, #3656, .T. ) ;
#10007 = ORIENTED_EDGE ( 'NONE', *, *, #9405, .T. ) ;
#10008 = CARTESIAN_POINT ( 'NONE',  ( -5.679999999999999716, 0.7499999999999763522, -0.9999999999999983347 ) ) ;
#10009 = CARTESIAN_POINT ( 'NONE',  ( 0.3200000000000008393, 3.699999999999976641, -0.3299999999999978506 ) ) ;
#10010 = DIRECTION ( 'NONE',  ( -0.7071067811865474617, 0.7071067811865474617, 0.000000000000000000 ) ) ;
#10011 = CARTESIAN_POINT ( 'NONE',  ( -14.32477270848700002, -1.790000000000023350, 3.300000000000002043 ) ) ;
#10012 = ORIENTED_EDGE ( 'NONE', *, *, #6728, .T. ) ;
#10013 = EDGE_CURVE ( 'NONE', #9181, #4373, #4603, .T. ) ;
#10014 = EDGE_LOOP ( 'NONE', ( #1915, #314, #644, #5067, #3925, #6294 ) ) ;
#10015 = VERTEX_POINT ( 'NONE', #9577 ) ;
#10016 = ORIENTED_EDGE ( 'NONE', *, *, #8326, .T. ) ;
#10017 = CARTESIAN_POINT ( 'NONE',  ( 3.270000000000000462, 2.159999999999976605, 1.301063802838002159 ) ) ;
#10018 = ORIENTED_EDGE ( 'NONE', *, *, #595, .F. ) ;
#10019 = PLANE ( 'NONE',  #1260 ) ;
#10020 = VECTOR ( 'NONE', #7258, 1000.000000000000000 ) ;
#10021 = DIRECTION ( 'NONE',  ( 0.000000000000000000, 1.000000000000000000, 0.000000000000000000 ) ) ;
#10022 = LINE ( 'NONE', #6449, #8644 ) ;
#10023 = LINE ( 'NONE', #5782, #7846 ) ;
#10024 = CARTESIAN_POINT ( 'NONE',  ( 2.840000000000000302, 0.7499999999999763522, 4.875000000000002665 ) ) ;
#10025 = ORIENTED_EDGE ( 'NONE', *, *, #8705, .F. ) ;
#10026 = EDGE_LOOP ( 'NONE', ( #2793, #4550, #1783, #7611 ) ) ;
#10027 = ORIENTED_EDGE ( 'NONE', *, *, #4916, .T. ) ;
#10028 = VERTEX_POINT ( 'NONE', #7844 ) ;
#10029 = AXIS2_PLACEMENT_3D ( 'NONE', #3942, #1254, #10537 ) ;
#10030 = EDGE_CURVE ( 'NONE', #3202, #8731, #392, .T. ) ;
#10031 = AXIS2_PLACEMENT_3D ( 'NONE', #3561, #8542, #3507 ) ;
#10032 = DIRECTION ( 'NONE',  ( 0.000000000000000000, 0.000000000000000000, -1.000000000000000000 ) ) ;
#10033 = LINE ( 'NONE', #2377, #10094 ) ;
#10034 = FACE_OUTER_BOUND ( 'NONE', #2994, .T. ) ;
#10035 = CARTESIAN_POINT ( 'NONE',  ( -9.320000000000000284, 1.159999999999976383, -0.9999999999999983347 ) ) ;
#10036 = CARTESIAN_POINT ( 'NONE',  ( -15.16999999999999993, 2.259999999999976250, 6.500000000000002665 ) ) ;
#10037 = VECTOR ( 'NONE', #10338, 1000.000000000000000 ) ;
#10038 = CARTESIAN_POINT ( 'NONE',  ( 3.319999999999999840, 2.472499999999976605, 1.700000000000002398 ) ) ;
#10039 = FACE_OUTER_BOUND ( 'NONE', #7580, .T. ) ;
#10040 = VERTEX_POINT ( 'NONE', #1914 ) ;
#10041 = VERTEX_POINT ( 'NONE', #1234 ) ;
#10042 = FACE_OUTER_BOUND ( 'NONE', #10140, .T. ) ;
#10043 = CARTESIAN_POINT ( 'NONE',  ( 1.959999999999999964, 0.7499999999999763522, 5.400000000000002132 ) ) ;
#10044 = CARTESIAN_POINT ( 'NONE',  ( -9.320000000000000284, 4.359999999999976339, 0.3500000000000021982 ) ) ;
#10045 = EDGE_CURVE ( 'NONE', #3988, #908, #4493, .T. ) ;
#10046 = EDGE_CURVE ( 'NONE', #7300, #2677, #1069, .T. ) ;
#10047 = AXIS2_PLACEMENT_3D ( 'NONE', #5070, #10982, #7468 ) ;
#10048 = AXIS2_PLACEMENT_3D ( 'NONE', #7113, #2076, #10513 ) ;
#10049 = CARTESIAN_POINT ( 'NONE',  ( -3.319999999999999840, 4.359999999999976339, -0.9999999999999983347 ) ) ;
#10050 = DIRECTION ( 'NONE',  ( 0.000000000000000000, 0.000000000000000000, -1.000000000000000000 ) ) ;
#10051 = PLANE ( 'NONE',  #1213 ) ;
#10052 = ORIENTED_EDGE ( 'NONE', *, *, #3233, .F. ) ;
#10053 = VECTOR ( 'NONE', #2776, 1000.000000000000000 ) ;
#10054 = ORIENTED_EDGE ( 'NONE', *, *, #2152, .T. ) ;
#10055 = DIRECTION ( 'NONE',  ( -0.000000000000000000, 1.000000000000000000, 0.000000000000000000 ) ) ;
#10056 = DIRECTION ( 'NONE',  ( -1.000000000000000000, 0.000000000000000000, 0.000000000000000000 ) ) ;
#10057 = CARTESIAN_POINT ( 'NONE',  ( -0.6499999999999995781, 0.4999999999999763522, 0.8500000000000021982 ) ) ;
#10058 = LINE ( 'NONE', #8449, #8436 ) ;
#10059 = AXIS2_PLACEMENT_3D ( 'NONE', #6024, #6130, #3389 ) ;
#10060 = ORIENTED_EDGE ( 'NONE', *, *, #3458, .T. ) ;
#10061 = LINE ( 'NONE', #10842, #7733 ) ;
#10062 = EDGE_CURVE ( 'NONE', #10626, #4100, #174, .T. ) ;
#10063 = LINE ( 'NONE', #1785, #4737 ) ;
#10064 = LINE ( 'NONE', #4089, #10117 ) ;
#10065 = LINE ( 'NONE', #10791, #81 ) ;
#10066 = ORIENTED_EDGE ( 'NONE', *, *, #10168, .T. ) ;
#10067 = ORIENTED_EDGE ( 'NONE', *, *, #5297, .F. ) ;
#10068 = ORIENTED_EDGE ( 'NONE', *, *, #5026, .F. ) ;
#10069 = DIRECTION ( 'NONE',  ( 1.000000000000000000, 0.000000000000000000, 0.000000000000000000 ) ) ;
#10070 = CARTESIAN_POINT ( 'NONE',  ( 3.319999999999999840, 4.359999999999976339, 2.296000000000002039 ) ) ;
#10071 = ORIENTED_EDGE ( 'NONE', *, *, #9504, .F. ) ;
#10072 = PLANE ( 'NONE',  #4762 ) ;
#10073 = ORIENTED_EDGE ( 'NONE', *, *, #10399, .T. ) ;
#10074 = CARTESIAN_POINT ( 'NONE',  ( 3.319999999999999840, 2.159999999999976605, 1.301063802838002159 ) ) ;
#10075 = ORIENTED_EDGE ( 'NONE', *, *, #646, .F. ) ;
#10076 = LINE ( 'NONE', #791, #576 ) ;
#10077 = CARTESIAN_POINT ( 'NONE',  ( -13.25000000000000000, 1.179999999999976401, 2.296000000000002039 ) ) ;
#10078 = DIRECTION ( 'NONE',  ( 1.000000000000000000, 0.000000000000000000, 0.000000000000000000 ) ) ;
#10079 = ADVANCED_FACE ( 'NONE', ( #3598 ), #10466, .T. ) ;
#10080 = FACE_OUTER_BOUND ( 'NONE', #7398, .T. ) ;
#10081 = ADVANCED_FACE ( 'NONE', ( #7172 ), #232, .T. ) ;
#10082 = VECTOR ( 'NONE', #286, 1000.000000000000000 ) ;
#10083 = ORIENTED_EDGE ( 'NONE', *, *, #4056, .T. ) ;
#10084 = EDGE_CURVE ( 'NONE', #2310, #666, #8068, .T. ) ;
#10085 = VERTEX_POINT ( 'NONE', #10568 ) ;
#10086 = ORIENTED_EDGE ( 'NONE', *, *, #3363, .F. ) ;
#10087 = ORIENTED_EDGE ( 'NONE', *, *, #2561, .T. ) ;
#10088 = CARTESIAN_POINT ( 'NONE',  ( -11.67999999999999972, 3.304999999999976179, 0.2700000000000020162 ) ) ;
#10089 = PLANE ( 'NONE',  #445 ) ;
#10090 = VECTOR ( 'NONE', #8453, 1000.000000000000000 ) ;
#10091 = PLANE ( 'NONE',  #10047 ) ;
#10092 = LINE ( 'NONE', #1477, #9883 ) ;
#10093 = FACE_OUTER_BOUND ( 'NONE', #3167, .T. ) ;
#10094 = VECTOR ( 'NONE', #7801, 1000.000000000000000 ) ;
#10095 = LINE ( 'NONE', #693, #2296 ) ;
#10096 = EDGE_CURVE ( 'NONE', #6414, #7520, #5390, .T. ) ;
#10097 = VECTOR ( 'NONE', #1998, 1000.000000000000000 ) ;
#10098 = LINE ( 'NONE', #2442, #8802 ) ;
#10099 = EDGE_LOOP ( 'NONE', ( #4400, #8285, #9842, #695 ) ) ;
#10100 = VERTEX_POINT ( 'NONE', #8797 ) ;
#10101 = CARTESIAN_POINT ( 'NONE',  ( 2.360000000000001208, 1.159999999999976383, -0.3299999999999978506 ) ) ;
#10102 = CARTESIAN_POINT ( 'NONE',  ( -9.320000000000000284, 2.749999999999976463, 2.296000000000002039 ) ) ;
#10103 = CARTESIAN_POINT ( 'NONE',  ( -11.67999999999999972, 3.484999999999976339, -0.3199999999999982303 ) ) ;
#10104 = CARTESIAN_POINT ( 'NONE',  ( -5.679999999999999716, 3.699999999999976641, -0.9999999999999983347 ) ) ;
#10105 = AXIS2_PLACEMENT_3D ( 'NONE', #4380, #5280, #849 ) ;
#10106 = DIRECTION ( 'NONE',  ( 0.000000000000000000, 0.000000000000000000, -1.000000000000000000 ) ) ;
#10107 = VECTOR ( 'NONE', #8387, 1000.000000000000000 ) ;
#10108 = CARTESIAN_POINT ( 'NONE',  ( -13.25000000000000000, 3.679999999999976623, 2.296000000000002039 ) ) ;
#10109 = ORIENTED_EDGE ( 'NONE', *, *, #8413, .T. ) ;
#10110 = AXIS2_PLACEMENT_3D ( 'NONE', #293, #7969, #2036 ) ;
#10111 = VERTEX_POINT ( 'NONE', #1126 ) ;
#10112 = ADVANCED_FACE ( 'NONE', ( #6338 ), #7225, .T. ) ;
#10113 = DIRECTION ( 'NONE',  ( 1.000000000000000000, 0.000000000000000000, 0.000000000000000000 ) ) ;
#10114 = LINE ( 'NONE', #6764, #4581 ) ;
#10115 = DIRECTION ( 'NONE',  ( 1.000000000000000000, 0.000000000000000000, 0.000000000000000000 ) ) ;
#10116 = DIRECTION ( 'NONE',  ( 0.000000000000000000, -1.000000000000000000, 0.000000000000000000 ) ) ;
#10117 = VECTOR ( 'NONE', #10898, 1000.000000000000000 ) ;
#10118 = VERTEX_POINT ( 'NONE', #2183 ) ;
#10119 = FACE_OUTER_BOUND ( 'NONE', #5937, .T. ) ;
#10120 = DIRECTION ( 'NONE',  ( 2.960594732334000265E-14, 0.000000000000000000, 1.000000000000000000 ) ) ;
#10121 = CARTESIAN_POINT ( 'NONE',  ( 3.270000000000000462, 2.472499999999976605, 1.700000000000002398 ) ) ;
#10122 = ORIENTED_EDGE ( 'NONE', *, *, #6215, .T. ) ;
#10123 = EDGE_CURVE ( 'NONE', #11033, #10975, #6660, .T. ) ;
#10124 = VERTEX_POINT ( 'NONE', #612 ) ;
#10125 = ADVANCED_FACE ( 'NONE', ( #9065 ), #3247, .T. ) ;
#10126 = ORIENTED_EDGE ( 'NONE', *, *, #7436, .T. ) ;
#10127 = CARTESIAN_POINT ( 'NONE',  ( -3.319999999999999840, -2.820000000000023821, -0.3199999999999982303 ) ) ;
#10128 = ORIENTED_EDGE ( 'NONE', *, *, #1251, .F. ) ;
#10129 = DIRECTION ( 'NONE',  ( 0.000000000000000000, 0.000000000000000000, 1.000000000000000000 ) ) ;
#10130 = ORIENTED_EDGE ( 'NONE', *, *, #5974, .F. ) ;
#10131 = DIRECTION ( 'NONE',  ( 0.000000000000000000, 1.000000000000000000, 0.000000000000000000 ) ) ;
#10132 = VERTEX_POINT ( 'NONE', #5606 ) ;
#10133 = DIRECTION ( 'NONE',  ( 0.000000000000000000, 0.000000000000000000, -1.000000000000000000 ) ) ;
#10134 = CARTESIAN_POINT ( 'NONE',  ( -6.319999999999999396, 2.109999999999976339, 2.296000000000002039 ) ) ;
#10135 = DIRECTION ( 'NONE',  ( -0.000000000000000000, 0.9363291775690363306, 0.3511234415884135762 ) ) ;
#10136 = DIRECTION ( 'NONE',  ( 0.000000000000000000, -1.000000000000000000, 0.000000000000000000 ) ) ;
#10137 = VERTEX_POINT ( 'NONE', #4038 ) ;
#10138 = EDGE_CURVE ( 'NONE', #8667, #10731, #6437, .T. ) ;
#10139 = EDGE_LOOP ( 'NONE', ( #6280, #1330, #8274, #8862, #10249, #7984 ) ) ;
#10140 = EDGE_LOOP ( 'NONE', ( #3266, #2213, #6721, #5550 ) ) ;
#10141 = VERTEX_POINT ( 'NONE', #7393 ) ;
#10142 = EDGE_CURVE ( 'NONE', #6790, #8839, #9954, .T. ) ;
#10143 = LINE ( 'NONE', #1474, #374 ) ;
#10144 = DIRECTION ( 'NONE',  ( -1.000000000000000000, 0.000000000000000000, 0.000000000000000000 ) ) ;
#10145 = DIRECTION ( 'NONE',  ( -0.8869140841669709285, -0.4619344188369849391, 0.000000000000000000 ) ) ;
#10146 = DIRECTION ( 'NONE',  ( 0.000000000000000000, 0.000000000000000000, -1.000000000000000000 ) ) ;
#10147 = DIRECTION ( 'NONE',  ( 1.000000000000000000, 0.000000000000000000, 0.000000000000000000 ) ) ;
#10148 = EDGE_CURVE ( 'NONE', #8476, #9745, #10065, .T. ) ;
#10149 = VECTOR ( 'NONE', #7817, 1000.000000000000000 ) ;
#10150 = SURFACE_STYLE_USAGE ( .BOTH. , #5130 ) ;
#10151 = DIRECTION ( 'NONE',  ( 0.000000000000000000, 0.000000000000000000, -1.000000000000000000 ) ) ;
#10152 = VERTEX_POINT ( 'NONE', #1398 ) ;
#10153 = EDGE_LOOP ( 'NONE', ( #869, #851, #6544, #7649 ) ) ;
#10154 = LINE ( 'NONE', #3396, #3214 ) ;
#10155 = CARTESIAN_POINT ( 'NONE',  ( -4.250000000000000000, 1.179999999999976401, 2.296000000000002039 ) ) ;
#10156 = PLANE ( 'NONE',  #1644 ) ;
#10157 = VECTOR ( 'NONE', #209, 1000.000000000000000 ) ;
#10158 = EDGE_CURVE ( 'NONE', #6832, #85, #5770, .T. ) ;
#10159 = PLANE ( 'NONE',  #391 ) ;
#10160 = LINE ( 'NONE', #650, #2239 ) ;
#10161 = AXIS2_PLACEMENT_3D ( 'NONE', #6010, #9410, #4651 ) ;
#10162 = DIRECTION ( 'NONE',  ( 0.000000000000000000, 1.000000000000000000, 0.000000000000000000 ) ) ;
#10163 = ORIENTED_EDGE ( 'NONE', *, *, #9149, .F. ) ;
#10164 = EDGE_LOOP ( 'NONE', ( #5190, #4588, #4883, #1446, #9494, #9509, #9580 ) ) ;
#10165 = CARTESIAN_POINT ( 'NONE',  ( -16.96000000000000085, 1.554999999999976623, 0.2700000000000020162 ) ) ;
#10166 = LINE ( 'NONE', #1671, #103 ) ;
#10167 = CARTESIAN_POINT ( 'NONE',  ( -11.67999999999999972, 3.484999999999976339, 0.3500000000000021982 ) ) ;
#10168 = EDGE_CURVE ( 'NONE', #447, #2143, #10673, .T. ) ;
#10169 = CARTESIAN_POINT ( 'NONE',  ( 0.3200000000000008393, 2.109999999999976339, 0.3200000000000021161 ) ) ;
#10170 = ORIENTED_EDGE ( 'NONE', *, *, #3584, .T. ) ;
#10171 = VECTOR ( 'NONE', #8430, 1000.000000000000000 ) ;
#10172 = CARTESIAN_POINT ( 'NONE',  ( -5.679999999999999716, 0.7499999999999763522, 0.3200000000000021161 ) ) ;
#10173 = DIRECTION ( 'NONE',  ( 0.000000000000000000, 0.000000000000000000, -1.000000000000000000 ) ) ;
#10174 = ORIENTED_EDGE ( 'NONE', *, *, #5902, .F. ) ;
#10175 = ORIENTED_EDGE ( 'NONE', *, *, #7282, .F. ) ;
#10176 = VERTEX_POINT ( 'NONE', #4935 ) ;
#10177 = DIRECTION ( 'NONE',  ( 0.000000000000000000, 1.000000000000000000, 0.000000000000000000 ) ) ;
#10178 = VERTEX_POINT ( 'NONE', #5549 ) ;
#10179 = CARTESIAN_POINT ( 'NONE',  ( -2.680000000000000160, 2.749999999999976463, 6.100000000000002309 ) ) ;
#10180 = EDGE_CURVE ( 'NONE', #2189, #6478, #9838, .T. ) ;
#10181 = ORIENTED_EDGE ( 'NONE', *, *, #1392, .F. ) ;
#10182 = VECTOR ( 'NONE', #4345, 1000.000000000000000 ) ;
#10183 = DIRECTION ( 'NONE',  ( 0.000000000000000000, 0.000000000000000000, -1.000000000000000000 ) ) ;
#10184 = ADVANCED_FACE ( 'NONE', ( #8344 ), #5716, .T. ) ;
#10185 = ORIENTED_EDGE ( 'NONE', *, *, #7044, .F. ) ;
#10186 = FACE_OUTER_BOUND ( 'NONE', #2168, .T. ) ;
#10187 = CARTESIAN_POINT ( 'NONE',  ( -6.169999999999999929, 2.259999999999976250, 6.500000000000002665 ) ) ;
#10188 = DIRECTION ( 'NONE',  ( 0.000000000000000000, -1.000000000000000000, 0.000000000000000000 ) ) ;
#10189 = DIRECTION ( 'NONE',  ( 0.000000000000000000, -1.000000000000000000, 0.000000000000000000 ) ) ;
#10190 = ORIENTED_EDGE ( 'NONE', *, *, #7282, .T. ) ;
#10191 = VERTEX_POINT ( 'NONE', #3135 ) ;
#10192 = ORIENTED_EDGE ( 'NONE', *, *, #5956, .T. ) ;
#10193 = ADVANCED_FACE ( 'NONE', ( #8290 ), #7445, .F. ) ;
#10194 = VECTOR ( 'NONE', #8010, 1000.000000000000000 ) ;
#10195 = ORIENTED_EDGE ( 'NONE', *, *, #6941, .F. ) ;
#10196 = DIRECTION ( 'NONE',  ( 0.000000000000000000, 0.000000000000000000, -1.000000000000000000 ) ) ;
#10197 = EDGE_LOOP ( 'NONE', ( #7162, #10295, #277, #1641 ) ) ;
#10198 = LINE ( 'NONE', #3274, #8070 ) ;
#10199 = FACE_OUTER_BOUND ( 'NONE', #4728, .T. ) ;
#10200 = EDGE_CURVE ( 'NONE', #3950, #10421, #10845, .T. ) ;
#10201 = CARTESIAN_POINT ( 'NONE',  ( -7.750000000000000000, 1.179999999999976401, 8.900000000000002132 ) ) ;
#10202 = DIRECTION ( 'NONE',  ( 1.776356839400000049E-13, -1.110223024625000030E-14, -1.000000000000000000 ) ) ;
#10203 = LINE ( 'NONE', #8588, #10358 ) ;
#10204 = ADVANCED_FACE ( 'NONE', ( #664 ), #3921, .F. ) ;
#10205 = VECTOR ( 'NONE', #3344, 1000.000000000000000 ) ;
#10206 = CARTESIAN_POINT ( 'NONE',  ( -4.750000000000000000, 1.179999999999976401, 8.900000000000002132 ) ) ;
#10207 = AXIS2_PLACEMENT_3D ( 'NONE', #1205, #8924, #8876 ) ;
#10208 = DIRECTION ( 'NONE',  ( 1.000000000000000000, 0.000000000000000000, 0.000000000000000000 ) ) ;
#10209 = ORIENTED_EDGE ( 'NONE', *, *, #4851, .T. ) ;
#10210 = ORIENTED_EDGE ( 'NONE', *, *, #4877, .T. ) ;
#10211 = CARTESIAN_POINT ( 'NONE',  ( 3.319999999999999840, 1.554999999999976623, -0.3299999999999978506 ) ) ;
#10212 = CARTESIAN_POINT ( 'NONE',  ( -11.75499999999999901, 2.429999999999976623, 6.300000000000001599 ) ) ;
#10213 = CARTESIAN_POINT ( 'NONE',  ( -13.38565708930999953, -2.859401933453023403, 3.300000000000002043 ) ) ;
#10214 = DIRECTION ( 'NONE',  ( 0.000000000000000000, 0.000000000000000000, 1.000000000000000000 ) ) ;
#10215 = DIRECTION ( 'NONE',  ( 0.000000000000000000, 1.000000000000000000, 0.000000000000000000 ) ) ;
#10216 = VECTOR ( 'NONE', #2618, 1000.000000000000000 ) ;
#10217 = VECTOR ( 'NONE', #4970, 1000.000000000000114 ) ;
#10218 = DIRECTION ( 'NONE',  ( 0.000000000000000000, 0.000000000000000000, -1.000000000000000000 ) ) ;
#10219 = EDGE_CURVE ( 'NONE', #4965, #9917, #2237, .T. ) ;
#10220 = DIRECTION ( 'NONE',  ( -1.000000000000000000, 0.000000000000000000, 0.000000000000000000 ) ) ;
#10221 = VERTEX_POINT ( 'NONE', #9120 ) ;
#10222 = VECTOR ( 'NONE', #753, 1000.000000000000000 ) ;
#10223 = ORIENTED_EDGE ( 'NONE', *, *, #9523, .T. ) ;
#10224 = EDGE_CURVE ( 'NONE', #10041, #8954, #4091, .T. ) ;
#10225 = VECTOR ( 'NONE', #10145, 1000.000000000000114 ) ;
#10226 = VECTOR ( 'NONE', #2344, 1000.000000000000000 ) ;
#10227 = LINE ( 'NONE', #2563, #8226 ) ;
#10228 = DIRECTION ( 'NONE',  ( 1.000000000000000000, 0.000000000000000000, 0.000000000000000000 ) ) ;
#10229 = PLANE ( 'NONE',  #1763 ) ;
#10230 = FACE_OUTER_BOUND ( 'NONE', #544, .T. ) ;
#10231 = VERTEX_POINT ( 'NONE', #10011 ) ;
#10232 = FACE_OUTER_BOUND ( 'NONE', #10099, .T. ) ;
#10233 = VECTOR ( 'NONE', #928, 1000.000000000000000 ) ;
#10234 = DIRECTION ( 'NONE',  ( 0.000000000000000000, -1.000000000000000000, 0.000000000000000000 ) ) ;
#10235 = VERTEX_POINT ( 'NONE', #2348 ) ;
#10236 = EDGE_CURVE ( 'NONE', #1805, #1621, #7498, .T. ) ;
#10237 = ORIENTED_EDGE ( 'NONE', *, *, #8783, .F. ) ;
#10238 = LINE ( 'NONE', #7621, #1963 ) ;
#10239 = ORIENTED_EDGE ( 'NONE', *, *, #6090, .T. ) ;
#10240 = CARTESIAN_POINT ( 'NONE',  ( -1.649999999999999467, -3.213308466099383587, 4.982779297284324116 ) ) ;
#10241 = VERTEX_POINT ( 'NONE', #9448 ) ;
#10242 = CIRCLE ( 'NONE', #4536, 1.700000000000000178 ) ;
#10243 = DIRECTION ( 'NONE',  ( 0.000000000000000000, 0.000000000000000000, 1.000000000000000000 ) ) ;
#10244 = EDGE_LOOP ( 'NONE', ( #6006, #6244, #5763, #8909 ) ) ;
#10245 = CARTESIAN_POINT ( 'NONE',  ( -11.83000000000000007, 2.259999999999976250, 6.500000000000002665 ) ) ;
#10246 = LINE ( 'NONE', #4164, #7577 ) ;
#10247 = CARTESIAN_POINT ( 'NONE',  ( 2.360000000000001208, 3.304999999999976179, 0.2700000000000020162 ) ) ;
#10248 = CARTESIAN_POINT ( 'NONE',  ( -4.250000000000000000, 3.679999999999976623, 8.900000000000002132 ) ) ;
#10249 = ORIENTED_EDGE ( 'NONE', *, *, #10386, .T. ) ;
#10250 = VECTOR ( 'NONE', #8851, 1000.000000000000000 ) ;
#10251 = ORIENTED_EDGE ( 'NONE', *, *, #456, .T. ) ;
#10252 = ORIENTED_EDGE ( 'NONE', *, *, #10062, .F. ) ;
#10253 = EDGE_CURVE ( 'NONE', #6947, #10041, #6828, .T. ) ;
#10254 = EDGE_CURVE ( 'NONE', #4273, #10241, #3526, .T. ) ;
#10255 = VERTEX_POINT ( 'NONE', #1732 ) ;
#10256 = LINE ( 'NONE', #6908, #52 ) ;
#10257 = ORIENTED_EDGE ( 'NONE', *, *, #7691, .F. ) ;
#10258 = CARTESIAN_POINT ( 'NONE',  ( 0.3200000000000008393, 2.749999999999976463, 6.500000000000002665 ) ) ;
#10259 = LINE ( 'NONE', #1588, #3682 ) ;
#10260 = DIRECTION ( 'NONE',  ( 0.000000000000000000, -1.000000000000000000, 0.000000000000000000 ) ) ;
#10261 = PLANE ( 'NONE',  #4184 ) ;
#10262 = DIRECTION ( 'NONE',  ( 0.000000000000000000, -1.000000000000000000, 0.000000000000000000 ) ) ;
#10263 = ADVANCED_FACE ( 'NONE', ( #11067 ), #11012, .T. ) ;
#10264 = EDGE_CURVE ( 'NONE', #7739, #6957, #779, .T. ) ;
#10265 = CARTESIAN_POINT ( 'NONE',  ( -6.200000000000000178, 5.564999999999976410, 7.150000000000002132 ) ) ;
#10266 = ORIENTED_EDGE ( 'NONE', *, *, #5842, .F. ) ;
#10267 = ORIENTED_EDGE ( 'NONE', *, *, #2536, .F. ) ;
#10268 = EDGE_CURVE ( 'NONE', #3645, #10178, #2464, .T. ) ;
#10269 = VECTOR ( 'NONE', #8561, 1000.000000000000000 ) ;
#10270 = FACE_OUTER_BOUND ( 'NONE', #8741, .T. ) ;
#10271 = CARTESIAN_POINT ( 'NONE',  ( -3.319999999999999840, 2.109999999999976339, 2.296000000000002039 ) ) ;
#10272 = DIRECTION ( 'NONE',  ( 0.000000000000000000, 0.000000000000000000, 1.000000000000000000 ) ) ;
#10273 = DIRECTION ( 'NONE',  ( 1.000000000000000000, 0.000000000000000000, 0.000000000000000000 ) ) ;
#10274 = EDGE_CURVE ( 'NONE', #7616, #10960, #1619, .T. ) ;
#10275 = LINE ( 'NONE', #10442, #5293 ) ;
#10276 = VECTOR ( 'NONE', #3811, 1000.000000000000000 ) ;
#10277 = CARTESIAN_POINT ( 'NONE',  ( -1.749999999999999778, 3.679999999999976623, 8.900000000000002132 ) ) ;
#10278 = ORIENTED_EDGE ( 'NONE', *, *, #1242, .F. ) ;
#10279 = VERTEX_POINT ( 'NONE', #10121 ) ;
#10280 = EDGE_CURVE ( 'NONE', #4456, #1317, #1562, .T. ) ;
#10281 = AXIS2_PLACEMENT_3D ( 'NONE', #4624, #358, #10538 ) ;
#10282 = DIRECTION ( 'NONE',  ( 0.000000000000000000, 0.000000000000000000, -1.000000000000000000 ) ) ;
#10283 = PLANE ( 'NONE',  #7431 ) ;
#10284 = CARTESIAN_POINT ( 'NONE',  ( -15.32000000000000028, 4.359999999999976339, -0.9999999999999983347 ) ) ;
#10285 = VECTOR ( 'NONE', #6678, 1000.000000000000000 ) ;
#10286 = EDGE_CURVE ( 'NONE', #8151, #4965, #889, .T. ) ;
#10287 = CARTESIAN_POINT ( 'NONE',  ( -3.319999999999999840, 2.109999999999976339, 2.296000000000002039 ) ) ;
#10288 = EDGE_CURVE ( 'NONE', #1346, #206, #835, .T. ) ;
#10289 = VECTOR ( 'NONE', #266, 1000.000000000000000 ) ;
#10290 = EDGE_CURVE ( 'NONE', #10779, #8397, #8393, .T. ) ;
#10291 = VERTEX_POINT ( 'NONE', #7720 ) ;
#10292 = DIRECTION ( 'NONE',  ( 1.000000000000000000, 0.000000000000000000, 0.000000000000000000 ) ) ;
#10293 = VECTOR ( 'NONE', #280, 1000.000000000000000 ) ;
#10294 = DIRECTION ( 'NONE',  ( 1.000000000000000000, 0.000000000000000000, 0.000000000000000000 ) ) ;
#10295 = ORIENTED_EDGE ( 'NONE', *, *, #3922, .T. ) ;
#10296 = VERTEX_POINT ( 'NONE', #5208 ) ;
#10297 = DIRECTION ( 'NONE',  ( 1.000000000000000000, 0.000000000000000000, 0.000000000000000000 ) ) ;
#10298 = ORIENTED_EDGE ( 'NONE', *, *, #8294, .T. ) ;
#10299 = CARTESIAN_POINT ( 'NONE',  ( -18.32000000000000028, 3.699999999999976641, -0.3299999999999978506 ) ) ;
#10300 = VERTEX_POINT ( 'NONE', #3359 ) ;
#10301 = DIRECTION ( 'NONE',  ( 0.000000000000000000, 0.000000000000000000, -1.000000000000000000 ) ) ;
#10302 = ORIENTED_EDGE ( 'NONE', *, *, #642, .T. ) ;
#10303 = ADVANCED_FACE ( 'NONE', ( #1786, #7560 ), #945, .F. ) ;
#10304 = LINE ( 'NONE', #10462, #7914 ) ;
#10305 = DIRECTION ( 'NONE',  ( 2.960594732334000265E-14, 0.000000000000000000, 1.000000000000000000 ) ) ;
#10306 = LINE ( 'NONE', #9354, #5184 ) ;
#10307 = CARTESIAN_POINT ( 'NONE',  ( -6.319999999999999396, 1.554999999999976623, -0.3299999999999978506 ) ) ;
#10308 = ORIENTED_EDGE ( 'NONE', *, *, #9244, .T. ) ;
#10309 = ORIENTED_EDGE ( 'NONE', *, *, #7840, .F. ) ;
#10310 = VERTEX_POINT ( 'NONE', #7774 ) ;
#10311 = VERTEX_POINT ( 'NONE', #5932 ) ;
#10312 = FACE_OUTER_BOUND ( 'NONE', #8659, .T. ) ;
#10313 = ORIENTED_EDGE ( 'NONE', *, *, #4473, .F. ) ;
#10314 = CARTESIAN_POINT ( 'NONE',  ( -14.67999999999999794, 3.699999999999976641, -0.9999999999999983347 ) ) ;
#10315 = FACE_OUTER_BOUND ( 'NONE', #10724, .T. ) ;
#10316 = CARTESIAN_POINT ( 'NONE',  ( 0.3200000000000008393, 1.159999999999976383, -0.9999999999999983347 ) ) ;
#10317 = FACE_OUTER_BOUND ( 'NONE', #9811, .T. ) ;
#10318 = LINE ( 'NONE', #9477, #2497 ) ;
#10319 = CARTESIAN_POINT ( 'NONE',  ( -5.679999999999999716, -2.820000000000023821, -0.3199999999999982303 ) ) ;
#10320 = ORIENTED_EDGE ( 'NONE', *, *, #3836, .T. ) ;
#10321 = ORIENTED_EDGE ( 'NONE', *, *, #4327, .T. ) ;
#10322 = FACE_OUTER_BOUND ( 'NONE', #1803, .T. ) ;
#10323 = DIRECTION ( 'NONE',  ( 0.000000000000000000, 0.000000000000000000, 1.000000000000000000 ) ) ;
#10324 = VECTOR ( 'NONE', #10383, 1000.000000000000114 ) ;
#10325 = CARTESIAN_POINT ( 'NONE',  ( -12.31999999999999851, 3.699999999999976641, -0.3299999999999978506 ) ) ;
#10326 = LINE ( 'NONE', #8597, #406 ) ;
#10327 = DIRECTION ( 'NONE',  ( -0.000000000000000000, 1.000000000000000000, 0.000000000000000000 ) ) ;
#10328 = EDGE_CURVE ( 'NONE', #2143, #8894, #107, .T. ) ;
#10329 = DIRECTION ( 'NONE',  ( -1.000000000000000000, 0.000000000000000000, 0.000000000000000000 ) ) ;
#10330 = PRESENTATION_STYLE_ASSIGNMENT (( #6146 ) ) ;
#10331 = AXIS2_PLACEMENT_3D ( 'NONE', #7273, #7220, #2176 ) ;
#10332 = ORIENTED_EDGE ( 'NONE', *, *, #3490, .F. ) ;
#10333 = VECTOR ( 'NONE', #9703, 1000.000000000000000 ) ;
#10334 = ADVANCED_FACE ( 'NONE', ( #5820 ), #1679, .T. ) ;
#10335 = PLANE ( 'NONE',  #6440 ) ;
#10336 = FACE_OUTER_BOUND ( 'NONE', #1965, .T. ) ;
#10337 = LINE ( 'NONE', #9556, #8798 ) ;
#10338 = DIRECTION ( 'NONE',  ( 0.000000000000000000, 1.000000000000000000, 0.000000000000000000 ) ) ;
#10339 = VERTEX_POINT ( 'NONE', #2570 ) ;
#10340 = CARTESIAN_POINT ( 'NONE',  ( -16.96000000000000085, 1.554999999999976623, 0.2700000000000020162 ) ) ;
#10341 = FACE_OUTER_BOUND ( 'NONE', #7441, .T. ) ;
#10342 = ORIENTED_EDGE ( 'NONE', *, *, #3576, .F. ) ;
#10343 = EDGE_CURVE ( 'NONE', #6563, #6457, #5996, .T. ) ;
#10344 = ORIENTED_EDGE ( 'NONE', *, *, #4463, .F. ) ;
#10345 = ADVANCED_FACE ( 'NONE', ( #3470 ), #6886, .F. ) ;
#10346 = DIRECTION ( 'NONE',  ( 0.000000000000000000, 0.000000000000000000, 1.000000000000000000 ) ) ;
#10347 = ORIENTED_EDGE ( 'NONE', *, *, #3410, .F. ) ;
#10348 = CARTESIAN_POINT ( 'NONE',  ( -16.96000000000000085, 0.4999999999999763522, 0.8500000000000021982 ) ) ;
#10349 = EDGE_CURVE ( 'NONE', #7283, #3367, #10505, .T. ) ;
#10350 = CARTESIAN_POINT ( 'NONE',  ( 2.360000000000001208, 3.304999999999976179, 0.2700000000000020162 ) ) ;
#10351 = ORIENTED_EDGE ( 'NONE', *, *, #3363, .T. ) ;
#10352 = CARTESIAN_POINT ( 'NONE',  ( -14.67999999999999794, 0.7499999999999763522, -0.3199999999999982303 ) ) ;
#10353 = CARTESIAN_POINT ( 'NONE',  ( -9.320000000000000284, 3.304999999999976179, -0.3199999999999982303 ) ) ;
#10354 = LINE ( 'NONE', #6221, #9633 ) ;
#10355 = ADVANCED_FACE ( 'NONE', ( #9673 ), #8891, .F. ) ;
#10356 = PLANE ( 'NONE',  #7073 ) ;
#10357 = ORIENTED_EDGE ( 'NONE', *, *, #7483, .F. ) ;
#10358 = VECTOR ( 'NONE', #4177, 1000.000000000000000 ) ;
#10359 = ORIENTED_EDGE ( 'NONE', *, *, #8370, .F. ) ;
#10360 = VERTEX_POINT ( 'NONE', #6988 ) ;
#10361 = ORIENTED_EDGE ( 'NONE', *, *, #7975, .T. ) ;
#10362 = DIRECTION ( 'NONE',  ( 0.000000000000000000, 0.000000000000000000, 1.000000000000000000 ) ) ;
#10363 = EDGE_LOOP ( 'NONE', ( #8563, #3569, #5984, #4496 ) ) ;
#10364 = CARTESIAN_POINT ( 'NONE',  ( -15.16999999999999993, -3.220000000000023288, 0.1700000000000021771 ) ) ;
#10365 = CARTESIAN_POINT ( 'NONE',  ( -11.83000000000000007, 2.599999999999976552, 6.500000000000002665 ) ) ;
#10366 = CARTESIAN_POINT ( 'NONE',  ( -13.35000000000000142, -3.172817065914079748, 5.032845310482746193 ) ) ;
#10367 = LINE ( 'NONE', #2702, #220 ) ;
#10368 = FACE_OUTER_BOUND ( 'NONE', #4225, .T. ) ;
#10369 = CARTESIAN_POINT ( 'NONE',  ( 0.000000000000000000, 2.674999999999976286, 6.300000000000001599 ) ) ;
#10370 = VECTOR ( 'NONE', #10599, 1000.000000000000000 ) ;
#10371 = VECTOR ( 'NONE', #5166, 1000.000000000000000 ) ;
#10372 = EDGE_CURVE ( 'NONE', #4656, #8227, #4641, .T. ) ;
#10373 = CARTESIAN_POINT ( 'NONE',  ( 3.319999999999999840, 2.316249999999976161, 1.700000000000002398 ) ) ;
#10374 = ORIENTED_EDGE ( 'NONE', *, *, #288, .F. ) ;
#10375 = EDGE_LOOP ( 'NONE', ( #9198, #7112, #5733, #9690 ) ) ;
#10376 = PLANE ( 'NONE',  #9675 ) ;
#10377 = LINE ( 'NONE', #9429, #10923 ) ;
#10378 = CARTESIAN_POINT ( 'NONE',  ( -12.31999999999999851, 2.109999999999976339, 0.3200000000000021161 ) ) ;
#10379 = LINE ( 'NONE', #1718, #766 ) ;
#10380 = LINE ( 'NONE', #5419, #2381 ) ;
#10381 = LINE ( 'NONE', #9491, #1173 ) ;
#10382 = VECTOR ( 'NONE', #4279, 1000.000000000000000 ) ;
#10383 = DIRECTION ( 'NONE',  ( -0.3312945782245003690, 0.3312945782245003690, -0.8834522085988016915 ) ) ;
#10384 = ORIENTED_EDGE ( 'NONE', *, *, #7596, .F. ) ;
#10385 = ORIENTED_EDGE ( 'NONE', *, *, #5123, .T. ) ;
#10386 = EDGE_CURVE ( 'NONE', #6832, #6105, #3698, .T. ) ;
#10387 = EDGE_CURVE ( 'NONE', #11014, #10755, #7946, .T. ) ;
#10388 = CARTESIAN_POINT ( 'NONE',  ( -2.049999999999999822, -1.790000000000023350, 4.300000000000001599 ) ) ;
#10389 = CARTESIAN_POINT ( 'NONE',  ( -3.319999999999999840, 3.304999999999976179, 0.2700000000000020162 ) ) ;
#10390 = FACE_OUTER_BOUND ( 'NONE', #4771, .T. ) ;
#10391 = VECTOR ( 'NONE', #6262, 1000.000000000000114 ) ;
#10392 = VECTOR ( 'NONE', #9498, 1000.000000000000000 ) ;
#10393 = CARTESIAN_POINT ( 'NONE',  ( -12.24499999999999922, -3.020000000000023554, 1.734723475976807094E-15 ) ) ;
#10394 = ORIENTED_EDGE ( 'NONE', *, *, #9920, .T. ) ;
#10395 = CARTESIAN_POINT ( 'NONE',  ( 0.3200000000000008393, 0.7499999999999763522, -0.9999999999999983347 ) ) ;
#10396 = VECTOR ( 'NONE', #9372, 1000.000000000000000 ) ;
#10397 = CARTESIAN_POINT ( 'NONE',  ( -6.319999999999999396, 0.7499999999999763522, -0.3199999999999982303 ) ) ;
#10398 = VERTEX_POINT ( 'NONE', #2014 ) ;
#10399 = EDGE_CURVE ( 'NONE', #1733, #6064, #5379, .T. ) ;
#10400 = VECTOR ( 'NONE', #10592, 1000.000000000000000 ) ;
#10401 = EDGE_LOOP ( 'NONE', ( #1190, #6225, #9958, #4899, #1282, #7105, #8098, #8703 ) ) ;
#10402 = CARTESIAN_POINT ( 'NONE',  ( -5.679999999999999716, 1.554999999999976623, -0.3199999999999982303 ) ) ;
#10403 = ORIENTED_EDGE ( 'NONE', *, *, #6996, .F. ) ;
#10404 = FACE_OUTER_BOUND ( 'NONE', #5258, .T. ) ;
#10405 = EDGE_CURVE ( 'NONE', #4058, #1797, #8841, .T. ) ;
#10406 = DIRECTION ( 'NONE',  ( 0.000000000000000000, -1.000000000000000000, 0.000000000000000000 ) ) ;
#10407 = VECTOR ( 'NONE', #347, 1000.000000000000000 ) ;
#10408 = VECTOR ( 'NONE', #1505, 1000.000000000000000 ) ;
#10409 = VERTEX_POINT ( 'NONE', #10554 ) ;
#10410 = DIRECTION ( 'NONE',  ( 0.000000000000000000, 1.000000000000000000, 0.000000000000000000 ) ) ;
#10411 = FACE_OUTER_BOUND ( 'NONE', #7911, .T. ) ;
#10412 = LINE ( 'NONE', #2747, #11007 ) ;
#10413 = EDGE_CURVE ( 'NONE', #1394, #10968, #160, .T. ) ;
#10414 = DIRECTION ( 'NONE',  ( 1.000000000000000000, 0.000000000000000000, 0.000000000000000000 ) ) ;
#10415 = ORIENTED_EDGE ( 'NONE', *, *, #8353, .T. ) ;
#10416 = ORIENTED_EDGE ( 'NONE', *, *, #5431, .F. ) ;
#10417 = ORIENTED_EDGE ( 'NONE', *, *, #6436, .F. ) ;
#10418 = VECTOR ( 'NONE', #7869, 1000.000000000000000 ) ;
#10419 = ORIENTED_EDGE ( 'NONE', *, *, #686, .F. ) ;
#10420 = CARTESIAN_POINT ( 'NONE',  ( -16.96000000000000085, 1.159999999999976383, -0.9999999999999983347 ) ) ;
#10421 = VERTEX_POINT ( 'NONE', #4424 ) ;
#10422 = CARTESIAN_POINT ( 'NONE',  ( -2.680000000000000160, 2.749999999999976463, 2.296000000000002039 ) ) ;
#10423 = DIRECTION ( 'NONE',  ( 8.881784197000999888E-14, -1.110223024625000030E-14, -1.000000000000000000 ) ) ;
#10424 = CARTESIAN_POINT ( 'NONE',  ( -13.34999999999999787, -3.338689915272083919, 4.485394691046664661 ) ) ;
#10425 = EDGE_CURVE ( 'NONE', #8743, #8717, #6156, .T. ) ;
#10426 = CARTESIAN_POINT ( 'NONE',  ( -9.549999999999998934, 1.179999999999976401, 8.900000000000002132 ) ) ;
#10427 = EDGE_CURVE ( 'NONE', #10296, #7673, #7830, .T. ) ;
#10428 = DIRECTION ( 'NONE',  ( 1.000000000000000000, 0.000000000000000000, 0.000000000000000000 ) ) ;
#10429 = FACE_OUTER_BOUND ( 'NONE', #6312, .T. ) ;
#10430 = EDGE_CURVE ( 'NONE', #9329, #6209, #1168, .T. ) ;
#10431 = VECTOR ( 'NONE', #10869, 1000.000000000000000 ) ;
#10432 = CARTESIAN_POINT ( 'NONE',  ( -16.96000000000000085, 1.159999999999976383, -0.3299999999999978506 ) ) ;
#10433 = DIRECTION ( 'NONE',  ( -0.7071067811865474617, 0.000000000000000000, -0.7071067811865474617 ) ) ;
#10434 = EDGE_LOOP ( 'NONE', ( #9825, #2782, #1400, #4830, #5394, #4332 ) ) ;
#10435 = VERTEX_POINT ( 'NONE', #9619 ) ;
#10436 = CARTESIAN_POINT ( 'NONE',  ( 2.360000000000001208, 3.699999999999976641, -0.9999999999999983347 ) ) ;
#10437 = CARTESIAN_POINT ( 'NONE',  ( -18.32000000000000028, 4.359999999999976339, 7.500000000000002665 ) ) ;
#10438 = FACE_OUTER_BOUND ( 'NONE', #3599, .T. ) ;
#10439 = LINE ( 'NONE', #198, #4887 ) ;
#10440 = LINE ( 'NONE', #7090, #944 ) ;
#10441 = EDGE_CURVE ( 'NONE', #4607, #7734, #9562, .T. ) ;
#10442 = CARTESIAN_POINT ( 'NONE',  ( -15.32000000000000028, -2.820000000000023821, -0.3199999999999982303 ) ) ;
#10443 = AXIS2_PLACEMENT_3D ( 'NONE', #336, #4652, #8854 ) ;
#10444 = ORIENTED_EDGE ( 'NONE', *, *, #6022, .F. ) ;
#10445 = ORIENTED_EDGE ( 'NONE', *, *, #11011, .T. ) ;
#10446 = DIRECTION ( 'NONE',  ( 0.000000000000000000, 0.000000000000000000, -1.000000000000000000 ) ) ;
#10447 = DIRECTION ( 'NONE',  ( 1.000000000000000000, 0.000000000000000000, 0.000000000000000000 ) ) ;
#10448 = CARTESIAN_POINT ( 'NONE',  ( -9.320000000000000284, -2.820000000000023821, -0.3199999999999982303 ) ) ;
#10449 = DIRECTION ( 'NONE',  ( 1.000000000000000000, 0.000000000000000000, 0.000000000000000000 ) ) ;
#10450 = VECTOR ( 'NONE', #11064, 1000.000000000000000 ) ;
#10451 = ORIENTED_EDGE ( 'NONE', *, *, #1795, .F. ) ;
#10452 = DIRECTION ( 'NONE',  ( 0.000000000000000000, 0.000000000000000000, -1.000000000000000000 ) ) ;
#10453 = CARTESIAN_POINT ( 'NONE',  ( 2.360000000000001208, 0.7499999999999763522, 0.7000000000000022871 ) ) ;
#10454 = EDGE_LOOP ( 'NONE', ( #5424, #2821, #1695, #5340 ) ) ;
#10455 = AXIS2_PLACEMENT_3D ( 'NONE', #5792, #1475, #8314 ) ;
#10456 = VERTEX_POINT ( 'NONE', #1901 ) ;
#10457 = AXIS2_PLACEMENT_3D ( 'NONE', #3880, #8245, #9854 ) ;
#10458 = LINE ( 'NONE', #2676, #10858 ) ;
#10459 = CARTESIAN_POINT ( 'NONE',  ( -14.67999999999999794, 4.359999999999976339, 0.3500000000000021982 ) ) ;
#10460 = CARTESIAN_POINT ( 'NONE',  ( -10.75000000000000000, 1.879999999999976357, 2.296000000000002039 ) ) ;
#10461 = ORIENTED_EDGE ( 'NONE', *, *, #8648, .T. ) ;
#10462 = CARTESIAN_POINT ( 'NONE',  ( -8.799999999999998934, 4.864999999999977121, 6.400000000000002132 ) ) ;
#10463 = CARTESIAN_POINT ( 'NONE',  ( 2.360000000000001208, -0.04000000000002352368, 0.8500000000000021982 ) ) ;
#10464 = DIRECTION ( 'NONE',  ( -1.000000000000000000, 0.000000000000000000, 0.000000000000000000 ) ) ;
#10465 = ADVANCED_FACE ( 'NONE', ( #10341 ), #8005, .T. ) ;
#10466 = PLANE ( 'NONE',  #10443 ) ;
#10467 = EDGE_LOOP ( 'NONE', ( #1057, #1424, #16, #9743 ) ) ;
#10468 = ORIENTED_EDGE ( 'NONE', *, *, #6801, .F. ) ;
#10469 = VECTOR ( 'NONE', #2870, 1000.000000000000000 ) ;
#10470 = ORIENTED_EDGE ( 'NONE', *, *, #8867, .T. ) ;
#10471 = VERTEX_POINT ( 'NONE', #7104 ) ;
#10472 = LINE ( 'NONE', #8691, #8687 ) ;
#10473 = EDGE_LOOP ( 'NONE', ( #2114, #7947, #6117, #7274 ) ) ;
#10474 = PLANE ( 'NONE',  #3194 ) ;
#10475 = LINE ( 'NONE', #2814, #2701 ) ;
#10476 = LINE ( 'NONE', #6182, #1341 ) ;
#10477 = FACE_OUTER_BOUND ( 'NONE', #7388, .T. ) ;
#10478 = CARTESIAN_POINT ( 'NONE',  ( 0.3200000000000008393, 4.359999999999976339, 0.3500000000000021982 ) ) ;
#10479 = CARTESIAN_POINT ( 'NONE',  ( -4.750000000000000000, 3.679999999999976623, 8.900000000000002132 ) ) ;
#10480 = VECTOR ( 'NONE', #8319, 1000.000000000000000 ) ;
#10481 = ORIENTED_EDGE ( 'NONE', *, *, #9932, .T. ) ;
#10482 = LINE ( 'NONE', #5516, #390 ) ;
#10483 = EDGE_CURVE ( 'NONE', #8743, #4437, #8727, .T. ) ;
#10484 = DIRECTION ( 'NONE',  ( 0.000000000000000000, -0.9363291775690363306, 0.3511234415884135762 ) ) ;
#10485 = ORIENTED_EDGE ( 'NONE', *, *, #10046, .F. ) ;
#10486 = ORIENTED_EDGE ( 'NONE', *, *, #1659, .F. ) ;
#10487 = DIRECTION ( 'NONE',  ( 0.000000000000000000, -0.9363291775690363306, 0.3511234415884135762 ) ) ;
#10488 = LINE ( 'NONE', #1937, #7540 ) ;
#10489 = EDGE_CURVE ( 'NONE', #9210, #9123, #1111, .T. ) ;
#10490 = CARTESIAN_POINT ( 'NONE',  ( -3.319999999999999840, 1.159999999999976383, -0.9999999999999983347 ) ) ;
#10491 = LINE ( 'NONE', #9761, #10053 ) ;
#10492 = CARTESIAN_POINT ( 'NONE',  ( 3.319999999999999840, 3.699999999999976641, -0.9999999999999983347 ) ) ;
#10493 = DIRECTION ( 'NONE',  ( 0.000000000000000000, 0.000000000000000000, -1.000000000000000000 ) ) ;
#10494 = LINE ( 'NONE', #2720, #3370 ) ;
#10495 = ORIENTED_EDGE ( 'NONE', *, *, #1416, .T. ) ;
#10496 = VERTEX_POINT ( 'NONE', #10453 ) ;
#10497 = DIRECTION ( 'NONE',  ( -1.000000000000000000, 0.000000000000000000, 0.000000000000000000 ) ) ;
#10498 = DIRECTION ( 'NONE',  ( 0.000000000000000000, 0.000000000000000000, 1.000000000000000000 ) ) ;
#10499 = DIRECTION ( 'NONE',  ( 1.000000000000000000, 0.000000000000000000, 0.000000000000000000 ) ) ;
#10500 = CARTESIAN_POINT ( 'NONE',  ( -13.45943170657100119, -2.820927009608023450, 5.300000000000002487 ) ) ;
#10501 = ORIENTED_EDGE ( 'NONE', *, *, #3770, .F. ) ;
#10502 = VECTOR ( 'NONE', #5269, 1000.000000000000000 ) ;
#10503 = DIRECTION ( 'NONE',  ( 0.000000000000000000, 1.000000000000000000, 0.000000000000000000 ) ) ;
#10504 = AXIS2_PLACEMENT_3D ( 'NONE', #3786, #9982, #2101 ) ;
#10505 = LINE ( 'NONE', #2673, #1873 ) ;
#10506 = EDGE_LOOP ( 'NONE', ( #8263, #4381, #8235 ) ) ;
#10507 = VERTEX_POINT ( 'NONE', #2792 ) ;
#10508 = LINE ( 'NONE', #1904, #1935 ) ;
#10509 = EDGE_CURVE ( 'NONE', #10100, #162, #2851, .T. ) ;
#10510 = CARTESIAN_POINT ( 'NONE',  ( -2.680000000000000160, 2.429999999999976623, 3.950000000000001954 ) ) ;
#10511 = DIRECTION ( 'NONE',  ( 0.000000000000000000, -1.000000000000000000, 0.000000000000000000 ) ) ;
#10512 = VERTEX_POINT ( 'NONE', #3749 ) ;
#10513 = DIRECTION ( 'NONE',  ( 0.000000000000000000, 0.000000000000000000, -1.000000000000000000 ) ) ;
#10514 = LINE ( 'NONE', #9683, #4008 ) ;
#10515 = DIRECTION ( 'NONE',  ( 0.000000000000000000, -1.000000000000000000, 0.000000000000000000 ) ) ;
#10516 = DIRECTION ( 'NONE',  ( 0.000000000000000000, -1.000000000000000000, 0.000000000000000000 ) ) ;
#10517 = ORIENTED_EDGE ( 'NONE', *, *, #9126, .T. ) ;
#10518 = VECTOR ( 'NONE', #6677, 1000.000000000000000 ) ;
#10519 = ORIENTED_EDGE ( 'NONE', *, *, #4344, .T. ) ;
#10520 = EDGE_CURVE ( 'NONE', #9662, #1986, #324, .T. ) ;
#10521 = EDGE_LOOP ( 'NONE', ( #6019, #10267, #6174, #629 ) ) ;
#10522 = ORIENTED_EDGE ( 'NONE', *, *, #6833, .T. ) ;
#10523 = LINE ( 'NONE', #10420, #7256 ) ;
#10524 = ORIENTED_EDGE ( 'NONE', *, *, #10264, .T. ) ;
#10525 = EDGE_CURVE ( 'NONE', #7463, #669, #4695, .T. ) ;
#10526 = CARTESIAN_POINT ( 'NONE',  ( -13.35000000000000320, -3.339867753767001179, 4.202249614970754443 ) ) ;
#10527 = CARTESIAN_POINT ( 'NONE',  ( -2.680000000000000160, 3.304999999999976179, -0.3199999999999982303 ) ) ;
#10528 = DIRECTION ( 'NONE',  ( 0.000000000000000000, 0.000000000000000000, 1.000000000000000000 ) ) ;
#10529 = DIRECTION ( 'NONE',  ( 1.000000000000000000, 0.000000000000000000, 0.000000000000000000 ) ) ;
#10530 = VECTOR ( 'NONE', #8643, 1000.000000000000000 ) ;
#10531 = EDGE_LOOP ( 'NONE', ( #6334, #2522, #3964, #10562 ) ) ;
#10532 = DIRECTION ( 'NONE',  ( -1.000000000000000000, 0.000000000000000000, 0.000000000000000000 ) ) ;
#10533 = LINE ( 'NONE', #4671, #5906 ) ;
#10534 = ORIENTED_EDGE ( 'NONE', *, *, #7991, .T. ) ;
#10535 = ORIENTED_EDGE ( 'NONE', *, *, #7472, .F. ) ;
#10536 = EDGE_CURVE ( 'NONE', #3268, #8219, #3850, .T. ) ;
#10537 = DIRECTION ( 'NONE',  ( 1.000000000000000000, 0.000000000000000000, 0.000000000000000000 ) ) ;
#10538 = DIRECTION ( 'NONE',  ( -1.000000000000000000, 0.000000000000000000, 0.000000000000000000 ) ) ;
#10539 = AXIS2_PLACEMENT_3D ( 'NONE', #10388, #7038, #6150 ) ;
#10540 = DIRECTION ( 'NONE',  ( 0.3312945782245003690, 0.8834522085988016915, 0.3312945782245003690 ) ) ;
#10541 = CARTESIAN_POINT ( 'NONE',  ( -18.32000000000000028, 3.699999999999976641, -0.9999999999999983347 ) ) ;
#10542 = CARTESIAN_POINT ( 'NONE',  ( -17.35999999999999943, 0.7499999999999763522, 0.7000000000000022871 ) ) ;
#10543 =( NAMED_UNIT ( * ) SI_UNIT ( $, .STERADIAN. ) SOLID_ANGLE_UNIT ( ) );
#10544 = VERTEX_POINT ( 'NONE', #3178 ) ;
#10545 = VERTEX_POINT ( 'NONE', #3060 ) ;
#10546 = CARTESIAN_POINT ( 'NONE',  ( 2.360000000000001208, 3.699999999999976641, -0.3299999999999978506 ) ) ;
#10547 = AXIS2_PLACEMENT_3D ( 'NONE', #3991, #10799, #9962 ) ;
#10548 = CARTESIAN_POINT ( 'NONE',  ( -14.67999999999999794, 2.429999999999976623, 3.950000000000001954 ) ) ;
#10549 = CARTESIAN_POINT ( 'NONE',  ( -6.169999999999999929, -3.220000000000023288, 0.1700000000000021771 ) ) ;
#10550 = LINE ( 'NONE', #2898, #5578 ) ;
#10551 = EDGE_CURVE ( 'NONE', #4329, #8127, #1273, .T. ) ;
#10552 = ORIENTED_EDGE ( 'NONE', *, *, #10735, .F. ) ;
#10553 = DIRECTION ( 'NONE',  ( 0.000000000000000000, 1.000000000000000000, 0.000000000000000000 ) ) ;
#10554 = CARTESIAN_POINT ( 'NONE',  ( -0.1700000000000000122, -3.220000000000023288, 0.1700000000000021771 ) ) ;
#10555 = ADVANCED_FACE ( 'NONE', ( #10777 ), #2167, .T. ) ;
#10556 = VERTEX_POINT ( 'NONE', #7377 ) ;
#10557 = EDGE_LOOP ( 'NONE', ( #2971, #10223, #5638, #5303, #3380 ) ) ;
#10558 = VECTOR ( 'NONE', #8168, 1000.000000000000000 ) ;
#10559 = DIRECTION ( 'NONE',  ( 0.000000000000000000, 0.000000000000000000, -1.000000000000000000 ) ) ;
#10560 = CARTESIAN_POINT ( 'NONE',  ( 0.3200000000000008393, 4.359999999999976339, -0.9999999999999983347 ) ) ;
#10561 = CARTESIAN_POINT ( 'NONE',  ( -2.049999999999999822, -2.341876692568689577E-14, 4.300000000000001599 ) ) ;
#10562 = ORIENTED_EDGE ( 'NONE', *, *, #3012, .F. ) ;
#10563 = DIRECTION ( 'NONE',  ( 8.881784197000999888E-14, 0.000000000000000000, 1.000000000000000000 ) ) ;
#10564 = CARTESIAN_POINT ( 'NONE',  ( -14.67999999999999794, 3.304999999999976179, 0.2700000000000020162 ) ) ;
#10565 = LINE ( 'NONE', #7843, #5840 ) ;
#10566 = AXIS2_PLACEMENT_3D ( 'NONE', #9215, #5025, #35 ) ;
#10567 = ADVANCED_FACE ( 'NONE', ( #2333 ), #5590, .T. ) ;
#10568 = CARTESIAN_POINT ( 'NONE',  ( -16.96000000000000085, 0.4999999999999763522, 5.400000000000002132 ) ) ;
#10569 = EDGE_CURVE ( 'NONE', #10085, #6849, #6480, .T. ) ;
#10570 = ORIENTED_EDGE ( 'NONE', *, *, #9754, .F. ) ;
#10571 = EDGE_CURVE ( 'NONE', #8003, #1394, #3904, .T. ) ;
#10572 = ORIENTED_EDGE ( 'NONE', *, *, #7954, .T. ) ;
#10573 = ORIENTED_EDGE ( 'NONE', *, *, #8105, .F. ) ;
#10574 = AXIS2_PLACEMENT_3D ( 'NONE', #10373, #6189, #7924 ) ;
#10575 = VERTEX_POINT ( 'NONE', #4807 ) ;
#10576 = DIRECTION ( 'NONE',  ( -1.000000000000000000, 0.000000000000000000, 0.000000000000000000 ) ) ;
#10577 = EDGE_LOOP ( 'NONE', ( #6102, #5790, #10415, #3005 ) ) ;
#10578 = AXIS2_PLACEMENT_3D ( 'NONE', #637, #20, #11039 ) ;
#10579 = MECHANICAL_DESIGN_GEOMETRIC_PRESENTATION_REPRESENTATION (  '', ( #4698 ), #9870 ) ;
#10580 = CARTESIAN_POINT ( 'NONE',  ( -13.35000000000000320, -3.317515782956609538, 3.891215811237204392 ) ) ;
#10581 = CARTESIAN_POINT ( 'NONE',  ( -0.3199999999999999512, 1.159999999999976383, -0.3299999999999978506 ) ) ;
#10582 = LINE ( 'NONE', #3668, #6679 ) ;
#10583 = LINE ( 'NONE', #2819, #11054 ) ;
#10584 = VECTOR ( 'NONE', #2642, 1000.000000000000000 ) ;
#10585 = CARTESIAN_POINT ( 'NONE',  ( -17.35999999999999943, -0.04000000000002352368, -0.9999999999999983347 ) ) ;
#10586 = CARTESIAN_POINT ( 'NONE',  ( -14.67999999999999794, 2.109999999999976339, 6.100000000000002309 ) ) ;
#10587 = ORIENTED_EDGE ( 'NONE', *, *, #7905, .F. ) ;
#10588 = ORIENTED_EDGE ( 'NONE', *, *, #8855, .F. ) ;
#10589 = DIRECTION ( 'NONE',  ( -1.000000000000000000, 0.000000000000000000, 0.000000000000000000 ) ) ;
#10590 = PLANE ( 'NONE',  #983 ) ;
#10591 = VECTOR ( 'NONE', #3496, 1000.000000000000000 ) ;
#10592 = DIRECTION ( 'NONE',  ( 0.000000000000000000, 0.000000000000000000, 1.000000000000000000 ) ) ;
#10593 = CARTESIAN_POINT ( 'NONE',  ( -3.319999999999999840, 4.359999999999976339, 0.3500000000000021982 ) ) ;
#10594 = EDGE_CURVE ( 'NONE', #6622, #50, #4750, .T. ) ;
#10595 = CARTESIAN_POINT ( 'NONE',  ( 1.959999999999999964, 4.359999999999976339, -0.9999999999999983347 ) ) ;
#10596 = EDGE_CURVE ( 'NONE', #7286, #2165, #5752, .T. ) ;
#10597 = CARTESIAN_POINT ( 'NONE',  ( -6.000000000000000000, 2.184999999999976517, 6.300000000000001599 ) ) ;
#10598 = ORIENTED_EDGE ( 'NONE', *, *, #6682, .F. ) ;
#10599 = DIRECTION ( 'NONE',  ( 0.000000000000000000, 0.000000000000000000, 1.000000000000000000 ) ) ;
#10600 = DIRECTION ( 'NONE',  ( 0.000000000000000000, 1.000000000000000000, 0.000000000000000000 ) ) ;
#10601 = DIRECTION ( 'NONE',  ( -1.000000000000000000, 0.000000000000000000, 0.000000000000000000 ) ) ;
#10602 = DIRECTION ( 'NONE',  ( 0.000000000000000000, -1.000000000000000000, 0.000000000000000000 ) ) ;
#10603 = ORIENTED_EDGE ( 'NONE', *, *, #3582, .F. ) ;
#10604 = CARTESIAN_POINT ( 'NONE',  ( -18.32000000000000028, 1.159999999999976383, 0.2700000000000020162 ) ) ;
#10605 = VECTOR ( 'NONE', #9341, 1000.000000000000114 ) ;
#10606 = DIRECTION ( 'NONE',  ( 0.000000000000000000, -1.000000000000000000, 0.000000000000000000 ) ) ;
#10607 = VERTEX_POINT ( 'NONE', #5649 ) ;
#10608 = ADVANCED_FACE ( 'NONE', ( #651 ), #9051, .T. ) ;
#10609 = EDGE_LOOP ( 'NONE', ( #8360, #6718, #4182, #6932, #9543, #1180, #5385, #10175, #2737, #3462 ) ) ;
#10610 = EDGE_CURVE ( 'NONE', #7625, #3085, #3960, .T. ) ;
#10611 = LINE ( 'NONE', #2959, #2282 ) ;
#10612 = EDGE_CURVE ( 'NONE', #10681, #1031, #6422, .T. ) ;
#10613 = LINE ( 'NONE', #8280, #7619 ) ;
#10614 = VECTOR ( 'NONE', #3707, 1000.000000000000000 ) ;
#10615 = CARTESIAN_POINT ( 'NONE',  ( -14.15909273038699823, -3.088021493513029458, 4.760325488247203474 ) ) ;
#10616 = ORIENTED_EDGE ( 'NONE', *, *, #7485, .F. ) ;
#10617 = CARTESIAN_POINT ( 'NONE',  ( -14.34999999999999964, 0.4999999999999763522, 0.8500000000000021982 ) ) ;
#10618 = PLANE ( 'NONE',  #269 ) ;
#10619 = CARTESIAN_POINT ( 'NONE',  ( 3.319999999999999840, 1.554999999999976623, -0.3299999999999978506 ) ) ;
#10620 = AXIS2_PLACEMENT_3D ( 'NONE', #4336, #914, #7694 ) ;
#10621 = CARTESIAN_POINT ( 'NONE',  ( -18.32000000000000028, 3.699999999999976641, -0.9999999999999983347 ) ) ;
#10622 = ORIENTED_EDGE ( 'NONE', *, *, #4998, .F. ) ;
#10623 = VECTOR ( 'NONE', #1887, 1000.000000000000114 ) ;
#10624 = ORIENTED_EDGE ( 'NONE', *, *, #3164, .F. ) ;
#10625 = ORIENTED_EDGE ( 'NONE', *, *, #8809, .F. ) ;
#10626 = VERTEX_POINT ( 'NONE', #8216 ) ;
#10627 = CARTESIAN_POINT ( 'NONE',  ( -13.75000000000000000, 1.879999999999976357, 2.296000000000002039 ) ) ;
#10628 = ORIENTED_EDGE ( 'NONE', *, *, #7083, .F. ) ;
#10629 = ADVANCED_FACE ( 'NONE', ( #1328 ), #1382, .T. ) ;
#10630 = CARTESIAN_POINT ( 'NONE',  ( -13.34999999999999432, -3.161725883467548570, 3.548790342069108483 ) ) ;
#10631 = VECTOR ( 'NONE', #119, 1000.000000000000000 ) ;
#10632 = DIRECTION ( 'NONE',  ( 0.000000000000000000, 1.000000000000000000, 0.000000000000000000 ) ) ;
#10633 = LINE ( 'NONE', #6398, #2386 ) ;
#10634 = LINE ( 'NONE', #6399, #7140 ) ;
#10635 = VECTOR ( 'NONE', #883, 1000.000000000000000 ) ;
#10636 = VECTOR ( 'NONE', #7011, 1000.000000000000000 ) ;
#10637 = DIRECTION ( 'NONE',  ( 0.000000000000000000, 1.000000000000000000, 0.000000000000000000 ) ) ;
#10638 = DIRECTION ( 'NONE',  ( -1.000000000000000000, 0.000000000000000000, 0.000000000000000000 ) ) ;
#10639 = EDGE_LOOP ( 'NONE', ( #7339, #5867, #5425, #4873 ) ) ;
#10640 = EDGE_LOOP ( 'NONE', ( #1743, #7447, #1553, #9913 ) ) ;
#10641 = LINE ( 'NONE', #2258, #5223 ) ;
#10642 = CARTESIAN_POINT ( 'NONE',  ( -13.35000000000000142, -2.876112710120023674, 3.300000000000002043 ) ) ;
#10643 = VECTOR ( 'NONE', #5547, 1000.000000000000000 ) ;
#10644 = CARTESIAN_POINT ( 'NONE',  ( -11.67999999999999972, 2.749999999999976463, 1.500000000000002220 ) ) ;
#10645 = CARTESIAN_POINT ( 'NONE',  ( -18.32000000000000028, 3.679999999999976623, 7.500000000000002665 ) ) ;
#10646 = DIRECTION ( 'NONE',  ( 0.000000000000000000, 0.000000000000000000, -1.000000000000000000 ) ) ;
#10647 = ORIENTED_EDGE ( 'NONE', *, *, #2271, .T. ) ;
#10648 = ORIENTED_EDGE ( 'NONE', *, *, #1200, .T. ) ;
#10649 = EDGE_CURVE ( 'NONE', #10118, #9009, #10713, .T. ) ;
#10650 = FACE_OUTER_BOUND ( 'NONE', #5396, .T. ) ;
#10651 = LINE ( 'NONE', #4634, #8424 ) ;
#10652 = PLANE ( 'NONE',  #7183 ) ;
#10653 = EDGE_CURVE ( 'NONE', #8485, #8099, #1436, .T. ) ;
#10654 = CARTESIAN_POINT ( 'NONE',  ( -14.67999999999999794, 3.699999999999976641, -0.9999999999999983347 ) ) ;
#10655 = ORIENTED_EDGE ( 'NONE', *, *, #9809, .T. ) ;
#10656 = CARTESIAN_POINT ( 'NONE',  ( -3.319999999999999840, 3.304999999999976179, 0.2700000000000020162 ) ) ;
#10657 = DIRECTION ( 'NONE',  ( 0.000000000000000000, 1.000000000000000000, 0.000000000000000000 ) ) ;
#10658 = ORIENTED_EDGE ( 'NONE', *, *, #4777, .F. ) ;
#10659 = EDGE_CURVE ( 'NONE', #868, #1788, #2954, .T. ) ;
#10660 = VERTEX_POINT ( 'NONE', #2113 ) ;
#10661 = CARTESIAN_POINT ( 'NONE',  ( -16.96000000000000085, 3.699999999999976641, -0.9999999999999983347 ) ) ;
#10662 = FACE_OUTER_BOUND ( 'NONE', #4864, .T. ) ;
#10663 = CARTESIAN_POINT ( 'NONE',  ( -18.32000000000000028, 0.4999999999999763522, 0.8500000000000021982 ) ) ;
#10664 = ADVANCED_FACE ( 'NONE', ( #9434 ), #5028, .T. ) ;
#10665 = DIRECTION ( 'NONE',  ( 0.000000000000000000, -1.000000000000000000, 0.000000000000000000 ) ) ;
#10666 = DIRECTION ( 'NONE',  ( 1.000000000000000000, 0.000000000000000000, 0.000000000000000000 ) ) ;
#10667 = VECTOR ( 'NONE', #260, 1000.000000000000000 ) ;
#10668 = VERTEX_POINT ( 'NONE', #10882 ) ;
#10669 = CARTESIAN_POINT ( 'NONE',  ( -1.257839440500996719, -3.343929029826020916, 3.998408825760722429 ) ) ;
#10670 = DIRECTION ( 'NONE',  ( -0.000000000000000000, 1.000000000000000000, 0.000000000000000000 ) ) ;
#10671 = DIRECTION ( 'NONE',  ( 1.000000000000000000, 0.000000000000000000, 0.000000000000000000 ) ) ;
#10672 = ADVANCED_FACE ( 'NONE', ( #5921 ), #5864, .T. ) ;
#10673 = LINE ( 'NONE', #3020, #2221 ) ;
#10674 = EDGE_CURVE ( 'NONE', #7673, #9845, #8496, .T. ) ;
#10675 = EDGE_LOOP ( 'NONE', ( #8271, #1275, #741, #2286 ) ) ;
#10676 = ORIENTED_EDGE ( 'NONE', *, *, #3590, .T. ) ;
#10677 = EDGE_LOOP ( 'NONE', ( #7831, #1472, #3527, #8690, #111 ) ) ;
#10678 = EDGE_CURVE ( 'NONE', #9705, #8667, #9275, .T. ) ;
#10679 = ORIENTED_EDGE ( 'NONE', *, *, #987, .T. ) ;
#10680 = CARTESIAN_POINT ( 'NONE',  ( -1.649999999999999467, -3.335603801832043303, 4.563081000402226195 ) ) ;
#10681 = VERTEX_POINT ( 'NONE', #821 ) ;
#10682 = VECTOR ( 'NONE', #3605, 1000.000000000000114 ) ;
#10683 = FACE_OUTER_BOUND ( 'NONE', #6392, .T. ) ;
#10684 = ADVANCED_FACE ( 'NONE', ( #7657 ), #4132, .T. ) ;
#10685 = DIRECTION ( 'NONE',  ( 0.000000000000000000, 0.000000000000000000, 1.000000000000000000 ) ) ;
#10686 = DIRECTION ( 'NONE',  ( 1.000000000000000000, 0.000000000000000000, 0.000000000000000000 ) ) ;
#10687 = CARTESIAN_POINT ( 'NONE',  ( 0.3200000000000008393, 1.159999999999976383, -0.9999999999999983347 ) ) ;
#10688 = VECTOR ( 'NONE', #4379, 1000.000000000000000 ) ;
#10689 = EDGE_CURVE ( 'NONE', #176, #8072, #5143, .T. ) ;
#10690 = FACE_OUTER_BOUND ( 'NONE', #8140, .T. ) ;
#10691 = ORIENTED_EDGE ( 'NONE', *, *, #7960, .F. ) ;
#10692 = ORIENTED_EDGE ( 'NONE', *, *, #9126, .F. ) ;
#10693 = LINE ( 'NONE', #2045, #5015 ) ;
#10694 = ORIENTED_EDGE ( 'NONE', *, *, #9539, .T. ) ;
#10695 = VERTEX_POINT ( 'NONE', #2392 ) ;
#10696 = CARTESIAN_POINT ( 'NONE',  ( -11.67999999999999972, 2.109999999999976339, 6.500000000000002665 ) ) ;
#10697 = CARTESIAN_POINT ( 'NONE',  ( -9.320000000000000284, 0.7499999999999763522, -0.9999999999999983347 ) ) ;
#10698 = VECTOR ( 'NONE', #7587, 1000.000000000000000 ) ;
#10699 = LINE ( 'NONE', #3161, #3627 ) ;
#10700 = PLANE ( 'NONE',  #8994 ) ;
#10701 = DIRECTION ( 'NONE',  ( 0.000000000000000000, -1.000000000000000000, 0.000000000000000000 ) ) ;
#10702 = PLANE ( 'NONE',  #8190 ) ;
#10703 = ADVANCED_FACE ( 'NONE', ( #2558 ), #11055, .T. ) ;
#10704 = ORIENTED_EDGE ( 'NONE', *, *, #6862, .F. ) ;
#10705 = ORIENTED_EDGE ( 'NONE', *, *, #9594, .T. ) ;
#10706 = VECTOR ( 'NONE', #3828, 1000.000000000000000 ) ;
#10707 = LINE ( 'NONE', #9765, #1256 ) ;
#10708 = CARTESIAN_POINT ( 'NONE',  ( 3.319999999999999840, 1.554999999999976623, -0.3299999999999978506 ) ) ;
#10709 = DIRECTION ( 'NONE',  ( 1.000000000000000000, 0.000000000000000000, 0.000000000000000000 ) ) ;
#10710 = CARTESIAN_POINT ( 'NONE',  ( -9.320000000000000284, 0.7499999999999763522, -0.9999999999999983347 ) ) ;
#10711 = ORIENTED_EDGE ( 'NONE', *, *, #4580, .F. ) ;
#10712 = LINE ( 'NONE', #1272, #448 ) ;
#10713 = LINE ( 'NONE', #541, #8898 ) ;
#10714 = ORIENTED_EDGE ( 'NONE', *, *, #10509, .F. ) ;
#10715 = EDGE_CURVE ( 'NONE', #9123, #1169, #3230, .T. ) ;
#10716 = EDGE_CURVE ( 'NONE', #6849, #6909, #2611, .T. ) ;
#10717 = AXIS2_PLACEMENT_3D ( 'NONE', #1458, #2979, #2246 ) ;
#10718 = VERTEX_POINT ( 'NONE', #1607 ) ;
#10719 = PLANE ( 'NONE',  #860 ) ;
#10720 = FACE_OUTER_BOUND ( 'NONE', #5626, .T. ) ;
#10721 = DIRECTION ( 'NONE',  ( 0.000000000000000000, 1.000000000000000000, 0.000000000000000000 ) ) ;
#10722 = DIRECTION ( 'NONE',  ( 0.000000000000000000, 0.000000000000000000, 1.000000000000000000 ) ) ;
#10723 = PLANE ( 'NONE',  #7833 ) ;
#10724 = EDGE_LOOP ( 'NONE', ( #6954, #6783, #5466, #8805 ) ) ;
#10725 = CARTESIAN_POINT ( 'NONE',  ( -1.893665988542996281, -3.339878673556024413, 4.654606751064301662 ) ) ;
#10726 = CARTESIAN_POINT ( 'NONE',  ( -15.32000000000000028, 2.109999999999976339, 0.3200000000000021161 ) ) ;
#10727 = CARTESIAN_POINT ( 'NONE',  ( -2.680000000000000160, 3.304999999999976179, 0.2700000000000020162 ) ) ;
#10728 = ADVANCED_FACE ( 'NONE', ( #6644 ), #10051, .T. ) ;
#10729 = AXIS2_PLACEMENT_3D ( 'NONE', #2447, #8378, #9269 ) ;
#10730 = CARTESIAN_POINT ( 'NONE',  ( -18.32000000000000028, 1.554999999999976623, -0.3299999999999978506 ) ) ;
#10731 = VERTEX_POINT ( 'NONE', #10108 ) ;
#10732 = VECTOR ( 'NONE', #1365, 1000.000000000000000 ) ;
#10733 = ORIENTED_EDGE ( 'NONE', *, *, #7297, .F. ) ;
#10734 = EDGE_LOOP ( 'NONE', ( #433, #3138, #1656, #8744 ) ) ;
#10735 = EDGE_CURVE ( 'NONE', #5538, #7579, #8439, .T. ) ;
#10736 = ORIENTED_EDGE ( 'NONE', *, *, #6226, .F. ) ;
#10737 = DIRECTION ( 'NONE',  ( 0.000000000000000000, 1.000000000000000000, 0.000000000000000000 ) ) ;
#10738 = ORIENTED_EDGE ( 'NONE', *, *, #10387, .T. ) ;
#10739 = CARTESIAN_POINT ( 'NONE',  ( -13.35000000000000142, -3.097496087967024359, 3.491994854836502071 ) ) ;
#10740 = EDGE_CURVE ( 'NONE', #3631, #2310, #6758, .T. ) ;
#10741 = VECTOR ( 'NONE', #2787, 1000.000000000000000 ) ;
#10742 = ORIENTED_EDGE ( 'NONE', *, *, #7806, .F. ) ;
#10743 = CARTESIAN_POINT ( 'NONE',  ( 1.919999999999999929, 0.4999999999999763522, 8.900000000000002132 ) ) ;
#10744 = AXIS2_PLACEMENT_3D ( 'NONE', #828, #1267, #9719 ) ;
#10745 = CARTESIAN_POINT ( 'NONE',  ( -0.6499999999999995781, -2.341876692568689577E-14, 0.8500000000000021982 ) ) ;
#10746 = CARTESIAN_POINT ( 'NONE',  ( -1.649999999999999467, -2.992540750664023363, 5.200151309580002490 ) ) ;
#10747 = DIRECTION ( 'NONE',  ( 1.000000000000000000, 0.000000000000000000, 0.000000000000000000 ) ) ;
#10748 = VECTOR ( 'NONE', #643, 1000.000000000000000 ) ;
#10749 = ORIENTED_EDGE ( 'NONE', *, *, #7386, .T. ) ;
#10750 = EDGE_CURVE ( 'NONE', #6806, #7567, #7601, .T. ) ;
#10751 = VERTEX_POINT ( 'NONE', #5808 ) ;
#10752 = VECTOR ( 'NONE', #2040, 1000.000000000000000 ) ;
#10753 = VECTOR ( 'NONE', #7055, 1000.000000000000000 ) ;
#10754 = ORIENTED_EDGE ( 'NONE', *, *, #7100, .F. ) ;
#10755 = VERTEX_POINT ( 'NONE', #4075 ) ;
#10756 = EDGE_CURVE ( 'NONE', #3475, #3894, #1552, .T. ) ;
#10757 = ADVANCED_FACE ( 'NONE', ( #2452 ), #8383, .F. ) ;
#10758 = PLANE ( 'NONE',  #10207 ) ;
#10759 = CARTESIAN_POINT ( 'NONE',  ( -9.320000000000000284, 3.484999999999976339, 0.3500000000000021982 ) ) ;
#10760 = LINE ( 'NONE', #9760, #9515 ) ;
#10761 = DIRECTION ( 'NONE',  ( 0.000000000000000000, 1.000000000000000000, 0.000000000000000000 ) ) ;
#10762 = CARTESIAN_POINT ( 'NONE',  ( -6.319999999999999396, 2.109999999999976339, 0.3500000000000021982 ) ) ;
#10763 = AXIS2_PLACEMENT_3D ( 'NONE', #10541, #2991, #4733 ) ;
#10764 = LINE ( 'NONE', #9037, #870 ) ;
#10765 = MANIFOLD_SOLID_BREP ( '436500600.STEP<1>[2]', #5943 ) ;
#10766 = ORIENTED_EDGE ( 'NONE', *, *, #3174, .F. ) ;
#10767 = EDGE_LOOP ( 'NONE', ( #11015, #4705, #10704, #9199 ) ) ;
#10768 = VECTOR ( 'NONE', #6559, 1000.000000000000000 ) ;
#10769 = DIRECTION ( 'NONE',  ( 0.000000000000000000, 1.000000000000000000, 0.000000000000000000 ) ) ;
#10770 = CARTESIAN_POINT ( 'NONE',  ( -18.32000000000000028, 1.159999999999976383, -0.9999999999999983347 ) ) ;
#10771 = LINE ( 'NONE', #9989, #2010 ) ;
#10772 = EDGE_CURVE ( 'NONE', #10556, #7718, #3738, .T. ) ;
#10773 = DIRECTION ( 'NONE',  ( -1.000000000000000000, 0.000000000000000000, 0.000000000000000000 ) ) ;
#10774 = ORIENTED_EDGE ( 'NONE', *, *, #2048, .T. ) ;
#10775 = DIRECTION ( 'NONE',  ( 1.000000000000000000, 0.000000000000000000, 0.000000000000000000 ) ) ;
#10776 = VECTOR ( 'NONE', #3318, 1000.000000000000114 ) ;
#10777 = FACE_OUTER_BOUND ( 'NONE', #8474, .T. ) ;
#10778 = ORIENTED_EDGE ( 'NONE', *, *, #8688, .T. ) ;
#10779 = VERTEX_POINT ( 'NONE', #9550 ) ;
#10780 = DIRECTION ( 'NONE',  ( 0.000000000000000000, 0.000000000000000000, -1.000000000000000000 ) ) ;
#10781 = CARTESIAN_POINT ( 'NONE',  ( -8.679999999999999716, 2.109999999999976339, 0.3500000000000021982 ) ) ;
#10782 = DIRECTION ( 'NONE',  ( 1.000000000000000000, 0.000000000000000000, 0.000000000000000000 ) ) ;
#10783 = EDGE_CURVE ( 'NONE', #4200, #4223, #1945, .T. ) ;
#10784 = LINE ( 'NONE', #9112, #6288 ) ;
#10785 = DIRECTION ( 'NONE',  ( 0.000000000000000000, 0.000000000000000000, -1.000000000000000000 ) ) ;
#10786 = EDGE_LOOP ( 'NONE', ( #9030, #6321, #10470, #5982 ) ) ;
#10787 = DIRECTION ( 'NONE',  ( 1.000000000000000000, 0.000000000000000000, 0.000000000000000000 ) ) ;
#10788 = CARTESIAN_POINT ( 'NONE',  ( -6.319999999999999396, 0.7499999999999763522, 0.3200000000000021161 ) ) ;
#10789 = CARTESIAN_POINT ( 'NONE',  ( -5.679999999999999716, 3.304999999999976179, -0.3299999999999978506 ) ) ;
#10790 = ADVANCED_FACE ( 'NONE', ( #6255 ), #5366, .T. ) ;
#10791 = CARTESIAN_POINT ( 'NONE',  ( -14.67999999999999794, 2.109999999999976339, 6.100000000000002309 ) ) ;
#10792 = ORIENTED_EDGE ( 'NONE', *, *, #6247, .T. ) ;
#10793 = ORIENTED_EDGE ( 'NONE', *, *, #7053, .T. ) ;
#10794 = ORIENTED_EDGE ( 'NONE', *, *, #9596, .F. ) ;
#10795 = AXIS2_PLACEMENT_3D ( 'NONE', #6603, #7335, #3079 ) ;
#10796 = EDGE_LOOP ( 'NONE', ( #2199, #64, #1212, #2849, #8018, #4659 ) ) ;
#10797 = CARTESIAN_POINT ( 'NONE',  ( -1.649999999999999245, -3.172815910116101090, 3.567153377751800747 ) ) ;
#10798 = ORIENTED_EDGE ( 'NONE', *, *, #5100, .F. ) ;
#10799 = DIRECTION ( 'NONE',  ( -0.000000000000000000, 1.000000000000000000, 0.000000000000000000 ) ) ;
#10800 = EDGE_CURVE ( 'NONE', #3767, #1352, #7934, .T. ) ;
#10801 = DIRECTION ( 'NONE',  ( -0.8869140841669709285, 0.4619344188369849391, 0.000000000000000000 ) ) ;
#10802 = CARTESIAN_POINT ( 'NONE',  ( -3.319999999999999840, 2.109999999999976339, 6.100000000000002309 ) ) ;
#10803 = LINE ( 'NONE', #9966, #9092 ) ;
#10804 = AXIS2_PLACEMENT_3D ( 'NONE', #7884, #1167, #10553 ) ;
#10805 = CARTESIAN_POINT ( 'NONE',  ( -2.680000000000000160, -2.820000000000023821, 0.3200000000000021161 ) ) ;
#10806 = EDGE_LOOP ( 'NONE', ( #8592, #4724, #6016, #7095 ) ) ;
#10807 = VECTOR ( 'NONE', #6515, 1000.000000000000000 ) ;
#10808 = ORIENTED_EDGE ( 'NONE', *, *, #4824, .T. ) ;
#10809 = EDGE_CURVE ( 'NONE', #386, #10241, #10494, .T. ) ;
#10810 = ORIENTED_EDGE ( 'NONE', *, *, #6034, .F. ) ;
#10811 = ORIENTED_EDGE ( 'NONE', *, *, #1858, .T. ) ;
#10812 = VECTOR ( 'NONE', #6757, 1000.000000000000000 ) ;
#10813 = FACE_OUTER_BOUND ( 'NONE', #2480, .T. ) ;
#10814 = DIRECTION ( 'NONE',  ( 0.000000000000000000, 0.000000000000000000, -1.000000000000000000 ) ) ;
#10815 = VECTOR ( 'NONE', #6981, 1000.000000000000000 ) ;
#10816 = LINE ( 'NONE', #5471, #2017 ) ;
#10817 = PLANE ( 'NONE',  #4351 ) ;
#10818 = DIRECTION ( 'NONE',  ( 0.000000000000000000, 0.000000000000000000, -1.000000000000000000 ) ) ;
#10819 = EDGE_CURVE ( 'NONE', #136, #10456, #988, .T. ) ;
#10820 = CARTESIAN_POINT ( 'NONE',  ( -0.3199999999999999512, 4.359999999999976339, -0.9999999999999983347 ) ) ;
#10821 = EDGE_CURVE ( 'NONE', #9181, #10040, #6310, .T. ) ;
#10822 = LINE ( 'NONE', #3339, #41 ) ;
#10823 = ORIENTED_EDGE ( 'NONE', *, *, #4189, .T. ) ;
#10824 = DIRECTION ( 'NONE',  ( 0.7071067811865475727, 0.000000000000000000, 0.7071067811865475727 ) ) ;
#10825 = EDGE_CURVE ( 'NONE', #738, #9653, #9493, .T. ) ;
#10826 = LINE ( 'NONE', #7534, #3397 ) ;
#10827 = CARTESIAN_POINT ( 'NONE',  ( -6.319999999999999396, 3.304999999999976179, -0.3299999999999978506 ) ) ;
#10828 = DIRECTION ( 'NONE',  ( 0.000000000000000000, -1.000000000000000000, 0.000000000000000000 ) ) ;
#10829 = CARTESIAN_POINT ( 'NONE',  ( -5.679999999999999716, 0.7499999999999763522, -0.9999999999999983347 ) ) ;
#10830 = EDGE_CURVE ( 'NONE', #9132, #9937, #5312, .T. ) ;
#10831 = CARTESIAN_POINT ( 'NONE',  ( 0.3200000000000008393, 3.304999999999976179, 0.2700000000000020162 ) ) ;
#10832 = VECTOR ( 'NONE', #3708, 1000.000000000000000 ) ;
#10833 = DIRECTION ( 'NONE',  ( 1.000000000000000000, 0.000000000000000000, 0.000000000000000000 ) ) ;
#10834 = ORIENTED_EDGE ( 'NONE', *, *, #1171, .F. ) ;
#10835 = ORIENTED_EDGE ( 'NONE', *, *, #4323, .T. ) ;
#10836 = CARTESIAN_POINT ( 'NONE',  ( -13.75000000000000000, 3.679999999999976623, 8.900000000000002132 ) ) ;
#10837 = FACE_OUTER_BOUND ( 'NONE', #6653, .T. ) ;
#10838 = FACE_OUTER_BOUND ( 'NONE', #343, .T. ) ;
#10839 = DIRECTION ( 'NONE',  ( 0.9363291775690363306, -0.3511234415884135762, 0.000000000000000000 ) ) ;
#10840 = DIRECTION ( 'NONE',  ( -1.000000000000000000, 0.000000000000000000, 0.000000000000000000 ) ) ;
#10841 = ORIENTED_EDGE ( 'NONE', *, *, #10740, .F. ) ;
#10842 = CARTESIAN_POINT ( 'NONE',  ( -14.67999999999999794, 2.109999999999976339, 0.3500000000000021982 ) ) ;
#10843 = DIRECTION ( 'NONE',  ( 0.000000000000000000, 0.000000000000000000, -1.000000000000000000 ) ) ;
#10844 = PLANE ( 'NONE',  #2973 ) ;
#10845 = LINE ( 'NONE', #3195, #6883 ) ;
#10846 = ORIENTED_EDGE ( 'NONE', *, *, #3913, .T. ) ;
#10847 = EDGE_CURVE ( 'NONE', #9359, #176, #1155, .T. ) ;
#10848 = ORIENTED_EDGE ( 'NONE', *, *, #9089, .F. ) ;
#10849 = ORIENTED_EDGE ( 'NONE', *, *, #10987, .T. ) ;
#10850 = ORIENTED_EDGE ( 'NONE', *, *, #3886, .T. ) ;
#10851 = CARTESIAN_POINT ( 'NONE',  ( -1.649999999999999689, -3.340002994507391243, 4.343246130499375468 ) ) ;
#10852 = ORIENTED_EDGE ( 'NONE', *, *, #3963, .T. ) ;
#10853 = VECTOR ( 'NONE', #1721, 1000.000000000000000 ) ;
#10854 = CARTESIAN_POINT ( 'NONE',  ( -15.16999999999999993, -3.220000000000023288, -0.1699999999999982636 ) ) ;
#10855 = CARTESIAN_POINT ( 'NONE',  ( -7.750000000000000000, 1.179999999999976401, 8.900000000000002132 ) ) ;
#10856 = PLANE ( 'NONE',  #5966 ) ;
#10857 = DIRECTION ( 'NONE',  ( 0.000000000000000000, 1.000000000000000000, 0.000000000000000000 ) ) ;
#10858 = VECTOR ( 'NONE', #164, 1000.000000000000000 ) ;
#10859 = CARTESIAN_POINT ( 'NONE',  ( -6.200000000000000178, 4.364999999999976232, 5.900000000000002132 ) ) ;
#10860 = VERTEX_POINT ( 'NONE', #4465 ) ;
#10861 = VECTOR ( 'NONE', #8806, 1000.000000000000000 ) ;
#10862 = VERTEX_POINT ( 'NONE', #7872 ) ;
#10863 = ADVANCED_FACE ( 'NONE', ( #204 ), #2890, .F. ) ;
#10864 = EDGE_LOOP ( 'NONE', ( #6159, #3923, #2466, #124 ) ) ;
#10865 = ORIENTED_EDGE ( 'NONE', *, *, #1789, .T. ) ;
#10866 = PLANE ( 'NONE',  #6824 ) ;
#10867 = DIRECTION ( 'NONE',  ( -0.000000000000000000, 1.000000000000000000, 0.000000000000000000 ) ) ;
#10868 = LINE ( 'NONE', #3388, #2906 ) ;
#10869 = DIRECTION ( 'NONE',  ( 0.000000000000000000, 1.000000000000000000, 0.000000000000000000 ) ) ;
#10870 = DIRECTION ( 'NONE',  ( 0.000000000000000000, 0.000000000000000000, -1.000000000000000000 ) ) ;
#10871 =( LENGTH_UNIT ( ) NAMED_UNIT ( * ) SI_UNIT ( .MILLI., .METRE. ) );
#10872 = AXIS2_PLACEMENT_3D ( 'NONE', #11027, #8469, #10971 ) ;
#10873 = CARTESIAN_POINT ( 'NONE',  ( -16.25000000000000000, 1.179999999999976401, 2.296000000000002039 ) ) ;
#10874 = ORIENTED_EDGE ( 'NONE', *, *, #1996, .T. ) ;
#10875 = ORIENTED_EDGE ( 'NONE', *, *, #7280, .T. ) ;
#10876 = DIRECTION ( 'NONE',  ( 0.000000000000000000, 0.000000000000000000, -1.000000000000000000 ) ) ;
#10877 = EDGE_CURVE ( 'NONE', #8842, #2623, #313, .T. ) ;
#10878 = DIRECTION ( 'NONE',  ( 0.000000000000000000, 0.000000000000000000, 1.000000000000000000 ) ) ;
#10879 = LINE ( 'NONE', #9879, #212 ) ;
#10880 = CARTESIAN_POINT ( 'NONE',  ( -5.679999999999999716, 3.699999999999976641, -0.3299999999999978506 ) ) ;
#10881 = CARTESIAN_POINT ( 'NONE',  ( 3.319999999999999840, 2.316249999999976161, 0.4500000000000020650 ) ) ;
#10882 = CARTESIAN_POINT ( 'NONE',  ( -12.31999999999999851, 3.304999999999976179, -0.3299999999999978506 ) ) ;
#10883 = AXIS2_PLACEMENT_3D ( 'NONE', #8481, #863, #3497 ) ;
#10884 = ORIENTED_EDGE ( 'NONE', *, *, #8150, .T. ) ;
#10885 = VERTEX_POINT ( 'NONE', #2053 ) ;
#10886 = CARTESIAN_POINT ( 'NONE',  ( -1.070204102886999298, -2.341876692568689577E-14, 3.300000000000002043 ) ) ;
#10887 = CARTESIAN_POINT ( 'NONE',  ( -4.250000000000000000, 3.679999999999976623, 8.900000000000002132 ) ) ;
#10888 = DIRECTION ( 'NONE',  ( 0.000000000000000000, 0.000000000000000000, -1.000000000000000000 ) ) ;
#10889 = EDGE_CURVE ( 'NONE', #2535, #1807, #4355, .T. ) ;
#10890 = CARTESIAN_POINT ( 'NONE',  ( -18.32000000000000028, 3.304999999999976179, 0.2700000000000020162 ) ) ;
#10891 = EDGE_CURVE ( 'NONE', #1919, #3757, #585, .T. ) ;
#10892 = LINE ( 'NONE', #8339, #8372 ) ;
#10893 = VECTOR ( 'NONE', #9998, 1000.000000000000000 ) ;
#10894 = ORIENTED_EDGE ( 'NONE', *, *, #2491, .F. ) ;
#10895 = CARTESIAN_POINT ( 'NONE',  ( -3.169999999999999929, -3.220000000000023288, -0.1699999999999982636 ) ) ;
#10896 = EDGE_CURVE ( 'NONE', #3367, #3085, #2992, .T. ) ;
#10897 = CARTESIAN_POINT ( 'NONE',  ( -2.680000000000000160, 0.7499999999999763522, 0.3500000000000021982 ) ) ;
#10898 = DIRECTION ( 'NONE',  ( 0.000000000000000000, 0.000000000000000000, -1.000000000000000000 ) ) ;
#10899 = CARTESIAN_POINT ( 'NONE',  ( -1.249999999999999334, 1.179999999999976401, 2.296000000000002039 ) ) ;
#10900 = AXIS2_PLACEMENT_3D ( 'NONE', #4718, #7343, #7401 ) ;
#10901 = EDGE_LOOP ( 'NONE', ( #4865, #6634, #3600, #8630, #1323, #84 ) ) ;
#10902 = ORIENTED_EDGE ( 'NONE', *, *, #6662, .T. ) ;
#10903 = ORIENTED_EDGE ( 'NONE', *, *, #7009, .T. ) ;
#10904 = LINE ( 'NONE', #9651, #6800 ) ;
#10905 = DIRECTION ( 'NONE',  ( 0.000000000000000000, 0.000000000000000000, -1.000000000000000000 ) ) ;
#10906 = ORIENTED_EDGE ( 'NONE', *, *, #4736, .T. ) ;
#10907 = CARTESIAN_POINT ( 'NONE',  ( -1.649999999999999467, -3.269504485946569616, 3.732648784845909340 ) ) ;
#10908 = ORIENTED_EDGE ( 'NONE', *, *, #8997, .F. ) ;
#10909 = DIRECTION ( 'NONE',  ( 0.000000000000000000, 1.000000000000000000, 0.000000000000000000 ) ) ;
#10910 = VECTOR ( 'NONE', #6968, 1000.000000000000000 ) ;
#10911 = ORIENTED_EDGE ( 'NONE', *, *, #628, .T. ) ;
#10912 = ADVANCED_FACE ( 'NONE', ( #4735 ), #4850, .T. ) ;
#10913 = PLANE ( 'NONE',  #9158 ) ;
#10914 = DIRECTION ( 'NONE',  ( 0.000000000000000000, -1.000000000000000000, 0.000000000000000000 ) ) ;
#10915 = DIRECTION ( 'NONE',  ( -1.000000000000000000, 0.000000000000000000, 0.000000000000000000 ) ) ;
#10916 = AXIS2_PLACEMENT_3D ( 'NONE', #687, #9201, #1534 ) ;
#10917 = CARTESIAN_POINT ( 'NONE',  ( -14.67999999999999794, 3.699999999999976641, -0.9999999999999983347 ) ) ;
#10918 = ORIENTED_EDGE ( 'NONE', *, *, #7691, .T. ) ;
#10919 = ORIENTED_EDGE ( 'NONE', *, *, #4486, .T. ) ;
#10920 = ORIENTED_EDGE ( 'NONE', *, *, #4802, .T. ) ;
#10921 = ORIENTED_EDGE ( 'NONE', *, *, #9244, .F. ) ;
#10922 = VECTOR ( 'NONE', #10272, 1000.000000000000000 ) ;
#10923 = VECTOR ( 'NONE', #8595, 1000.000000000000000 ) ;
#10924 = CARTESIAN_POINT ( 'NONE',  ( -6.319999999999999396, 1.159999999999976383, -0.9999999999999983347 ) ) ;
#10925 = CARTESIAN_POINT ( 'NONE',  ( -1.649999999999999467, -2.876112710120023674, 3.300000000000002043 ) ) ;
#10926 = LINE ( 'NONE', #9145, #5421 ) ;
#10927 = CARTESIAN_POINT ( 'NONE',  ( -3.319999999999999840, 3.304999999999976179, -0.3299999999999978506 ) ) ;
#10928 = DIRECTION ( 'NONE',  ( 0.000000000000000000, 0.000000000000000000, 1.000000000000000000 ) ) ;
#10929 = EDGE_CURVE ( 'NONE', #9864, #7690, #3837, .T. ) ;
#10930 = VECTOR ( 'NONE', #2541, 1000.000000000000000 ) ;
#10931 = LINE ( 'NONE', #5969, #10222 ) ;
#10932 = ORIENTED_EDGE ( 'NONE', *, *, #8370, .T. ) ;
#10933 = ORIENTED_EDGE ( 'NONE', *, *, #4593, .T. ) ;
#10934 = LINE ( 'NONE', #5080, #6256 ) ;
#10935 = DIRECTION ( 'NONE',  ( 0.000000000000000000, -1.000000000000000000, 0.000000000000000000 ) ) ;
#10936 = DIRECTION ( 'NONE',  ( 1.000000000000000000, 0.000000000000000000, 0.000000000000000000 ) ) ;
#10937 = VECTOR ( 'NONE', #567, 1000.000000000000000 ) ;
#10938 = VECTOR ( 'NONE', #5496, 1000.000000000000000 ) ;
#10939 = CARTESIAN_POINT ( 'NONE',  ( -8.799999999999998934, 4.364999999999976232, 5.900000000000002132 ) ) ;
#10940 = EDGE_CURVE ( 'NONE', #6953, #7711, #7200, .T. ) ;
#10941 = FACE_OUTER_BOUND ( 'NONE', #8106, .T. ) ;
#10942 = EDGE_CURVE ( 'NONE', #5753, #6713, #1423, .T. ) ;
#10943 = DIRECTION ( 'NONE',  ( 0.000000000000000000, -0.9363291775690363306, 0.3511234415884135762 ) ) ;
#10944 = ORIENTED_EDGE ( 'NONE', *, *, #628, .F. ) ;
#10945 = AXIS2_PLACEMENT_3D ( 'NONE', #9380, #7654, #4353 ) ;
#10946 = VERTEX_POINT ( 'NONE', #4794 ) ;
#10947 = DIRECTION ( 'NONE',  ( 0.000000000000000000, 0.000000000000000000, -1.000000000000000000 ) ) ;
#10948 = DIRECTION ( 'NONE',  ( -1.000000000000000000, 0.000000000000000000, 0.000000000000000000 ) ) ;
#10949 = PLANE ( 'NONE',  #6410 ) ;
#10950 = DIRECTION ( 'NONE',  ( 0.000000000000000000, -1.000000000000000000, 0.000000000000000000 ) ) ;
#10951 = VECTOR ( 'NONE', #10305, 1000.000000000000000 ) ;
#10952 = ORIENTED_EDGE ( 'NONE', *, *, #4792, .T. ) ;
#10953 = PLANE ( 'NONE',  #8454 ) ;
#10954 = DIRECTION ( 'NONE',  ( 1.000000000000000000, 0.000000000000000000, 0.000000000000000000 ) ) ;
#10955 = EDGE_CURVE ( 'NONE', #7433, #5690, #475, .T. ) ;
#10956 = DIRECTION ( 'NONE',  ( -0.7071067811865475727, 0.7071067811865475727, 0.000000000000000000 ) ) ;
#10957 = ORIENTED_EDGE ( 'NONE', *, *, #2816, .F. ) ;
#10958 = ADVANCED_FACE ( 'NONE', ( #8097 ), #8204, .T. ) ;
#10959 = ORIENTED_EDGE ( 'NONE', *, *, #2136, .F. ) ;
#10960 = VERTEX_POINT ( 'NONE', #364 ) ;
#10961 = LINE ( 'NONE', #2412, #8443 ) ;
#10962 = DIRECTION ( 'NONE',  ( 0.000000000000000000, 0.000000000000000000, 1.000000000000000000 ) ) ;
#10963 = VERTEX_POINT ( 'NONE', #10820 ) ;
#10964 = LINE ( 'NONE', #6725, #9930 ) ;
#10965 = EDGE_LOOP ( 'NONE', ( #9944, #10073, #9578, #3223, #10517, #4882 ) ) ;
#10966 = ADVANCED_FACE ( 'NONE', ( #3892 ), #10702, .F. ) ;
#10967 = LINE ( 'NONE', #10074, #4128 ) ;
#10968 = VERTEX_POINT ( 'NONE', #9872 ) ;
#10969 = CARTESIAN_POINT ( 'NONE',  ( -7.750000000000000000, 3.679999999999976623, 8.900000000000002132 ) ) ;
#10970 = DIRECTION ( 'NONE',  ( 0.000000000000000000, 1.000000000000000000, 0.000000000000000000 ) ) ;
#10971 = DIRECTION ( 'NONE',  ( 1.000000000000000000, 0.000000000000000000, 0.000000000000000000 ) ) ;
#10972 = DIRECTION ( 'NONE',  ( 0.000000000000000000, -1.000000000000000000, 0.000000000000000000 ) ) ;
#10973 = AXIS2_PLACEMENT_3D ( 'NONE', #1958, #5325, #1845 ) ;
#10974 = ORIENTED_EDGE ( 'NONE', *, *, #825, .F. ) ;
#10975 = VERTEX_POINT ( 'NONE', #2942 ) ;
#10976 = EDGE_CURVE ( 'NONE', #2225, #10339, #6467, .T. ) ;
#10977 = ORIENTED_EDGE ( 'NONE', *, *, #9439, .F. ) ;
#10978 = ORIENTED_EDGE ( 'NONE', *, *, #10649, .T. ) ;
#10979 = PLANE ( 'NONE',  #7530 ) ;
#10980 = CARTESIAN_POINT ( 'NONE',  ( -2.680000000000000160, 2.749999999999976463, 1.500000000000002220 ) ) ;
#10981 = AXIS2_PLACEMENT_3D ( 'NONE', #4202, #1618, #5040 ) ;
#10982 = DIRECTION ( 'NONE',  ( 0.000000000000000000, 0.000000000000000000, 1.000000000000000000 ) ) ;
#10983 = CARTESIAN_POINT ( 'NONE',  ( 0.3200000000000008393, -3.220000000000023288, 0.3200000000000021161 ) ) ;
#10984 = DIRECTION ( 'NONE',  ( 0.000000000000000000, 1.000000000000000000, 0.000000000000000000 ) ) ;
#10985 = AXIS2_PLACEMENT_3D ( 'NONE', #4788, #9866, #8198 ) ;
#10986 = AXIS2_PLACEMENT_3D ( 'NONE', #4106, #4895, #4837 ) ;
#10987 = EDGE_CURVE ( 'NONE', #2494, #3604, #1262, .T. ) ;
#10988 = DIRECTION ( 'NONE',  ( -0.7071067811865474617, -0.7071067811865474617, 0.000000000000000000 ) ) ;
#10989 = ORIENTED_EDGE ( 'NONE', *, *, #10254, .F. ) ;
#10990 = ORIENTED_EDGE ( 'NONE', *, *, #3694, .T. ) ;
#10991 = DIRECTION ( 'NONE',  ( 1.000000000000000000, 0.000000000000000000, 0.000000000000000000 ) ) ;
#10992 = LINE ( 'NONE', #2388, #10205 ) ;
#10993 = DIRECTION ( 'NONE',  ( 0.000000000000000000, 1.000000000000000000, 0.000000000000000000 ) ) ;
#10994 = LINE ( 'NONE', #3346, #6113 ) ;
#10995 = CARTESIAN_POINT ( 'NONE',  ( -2.680000000000000160, 2.109999999999976339, 6.500000000000002665 ) ) ;
#10996 = VECTOR ( 'NONE', #8719, 1000.000000000000000 ) ;
#10997 = DIRECTION ( 'NONE',  ( 0.000000000000000000, 0.000000000000000000, 1.000000000000000000 ) ) ;
#10998 = EDGE_LOOP ( 'NONE', ( #587, #1956, #3208, #10977 ) ) ;
#10999 = VECTOR ( 'NONE', #6162, 1000.000000000000000 ) ;
#11000 = EDGE_CURVE ( 'NONE', #4653, #8374, #9079, .T. ) ;
#11001 = ORIENTED_EDGE ( 'NONE', *, *, #9906, .T. ) ;
#11002 = EDGE_CURVE ( 'NONE', #7500, #8932, #3165, .T. ) ;
#11003 = LINE ( 'NONE', #10886, #1579 ) ;
#11004 = DIRECTION ( 'NONE',  ( 0.000000000000000000, 1.000000000000000000, 0.000000000000000000 ) ) ;
#11005 = FACE_OUTER_BOUND ( 'NONE', #7906, .T. ) ;
#11006 = FACE_OUTER_BOUND ( 'NONE', #10806, .T. ) ;
#11007 = VECTOR ( 'NONE', #1068, 1000.000000000000000 ) ;
#11008 = ORIENTED_EDGE ( 'NONE', *, *, #6662, .F. ) ;
#11009 = LINE ( 'NONE', #10008, #5593 ) ;
#11010 = LINE ( 'NONE', #51, #10450 ) ;
#11011 = EDGE_CURVE ( 'NONE', #3893, #176, #10764, .T. ) ;
#11012 = PLANE ( 'NONE',  #3119 ) ;
#11013 = ORIENTED_EDGE ( 'NONE', *, *, #10594, .F. ) ;
#11014 = VERTEX_POINT ( 'NONE', #4682 ) ;
#11015 = ORIENTED_EDGE ( 'NONE', *, *, #7617, .T. ) ;
#11016 = ADVANCED_FACE ( 'NONE', ( #2155 ), #5579, .F. ) ;
#11017 = DIRECTION ( 'NONE',  ( 0.000000000000000000, -1.000000000000000000, 0.000000000000000000 ) ) ;
#11018 = ORIENTED_EDGE ( 'NONE', *, *, #6722, .F. ) ;
#11019 = CARTESIAN_POINT ( 'NONE',  ( -16.91999999999999815, 3.679999999999976623, 7.500000000000002665 ) ) ;
#11020 = VERTEX_POINT ( 'NONE', #5688 ) ;
#11021 = CARTESIAN_POINT ( 'NONE',  ( -11.67999999999999972, 2.109999999999976339, 6.100000000000002309 ) ) ;
#11022 = EDGE_CURVE ( 'NONE', #4058, #4373, #2320, .T. ) ;
#11023 = ORIENTED_EDGE ( 'NONE', *, *, #1917, .T. ) ;
#11024 = SURFACE_STYLE_FILL_AREA ( #9133 ) ;
#11025 = EDGE_CURVE ( 'NONE', #574, #5594, #6690, .T. ) ;
#11026 = LINE ( 'NONE', #5058, #5441 ) ;
#11027 = CARTESIAN_POINT ( 'NONE',  ( -8.679999999999999716, 3.484999999999976339, -0.3199999999999982303 ) ) ;
#11028 = FACE_OUTER_BOUND ( 'NONE', #4910, .T. ) ;
#11029 = EDGE_LOOP ( 'NONE', ( #11068, #9344, #1005, #177 ) ) ;
#11030 = ORIENTED_EDGE ( 'NONE', *, *, #9010, .F. ) ;
#11031 = ORIENTED_EDGE ( 'NONE', *, *, #7034, .F. ) ;
#11032 = CARTESIAN_POINT ( 'NONE',  ( 2.620000000000000995, 2.429999999999976623, 8.200000000000002842 ) ) ;
#11033 = VERTEX_POINT ( 'NONE', #5908 ) ;
#11034 = EDGE_CURVE ( 'NONE', #8717, #6775, #6630, .T. ) ;
#11035 = CARTESIAN_POINT ( 'NONE',  ( -9.320000000000000284, 2.109999999999976339, 0.3500000000000021982 ) ) ;
#11036 = CARTESIAN_POINT ( 'NONE',  ( 0.3200000000000008393, -2.820000000000023821, -0.3199999999999982303 ) ) ;
#11037 = EDGE_CURVE ( 'NONE', #3545, #7564, #1708, .T. ) ;
#11038 = AXIS2_PLACEMENT_3D ( 'NONE', #9166, #7549, #6708 ) ;
#11039 = DIRECTION ( 'NONE',  ( 0.000000000000000000, 0.000000000000000000, -1.000000000000000000 ) ) ;
#11040 = LINE ( 'NONE', #3444, #774 ) ;
#11041 = CARTESIAN_POINT ( 'NONE',  ( -16.25000000000000000, 1.179999999999976401, 8.900000000000002132 ) ) ;
#11042 = MECHANICAL_DESIGN_GEOMETRIC_PRESENTATION_REPRESENTATION (  '', ( #2995 ), #8551 ) ;
#11043 = CARTESIAN_POINT ( 'NONE',  ( -0.007499999999999999722, 0.002429999999999976450, 0.003950000000000002121 ) ) ;
#11044 = CARTESIAN_POINT ( 'NONE',  ( 2.360000000000001208, 3.699999999999976641, -0.3299999999999978506 ) ) ;
#11045 = ORIENTED_EDGE ( 'NONE', *, *, #57, .T. ) ;
#11046 = ORIENTED_EDGE ( 'NONE', *, *, #8867, .F. ) ;
#11047 = DIRECTION ( 'NONE',  ( 0.000000000000000000, -1.000000000000000000, 0.000000000000000000 ) ) ;
#11048 = DIRECTION ( 'NONE',  ( 0.000000000000000000, 0.000000000000000000, 1.000000000000000000 ) ) ;
#11049 = DIRECTION ( 'NONE',  ( 0.000000000000000000, -1.000000000000000000, 0.000000000000000000 ) ) ;
#11050 = CARTESIAN_POINT ( 'NONE',  ( -16.96000000000000085, 0.7499999999999763522, 0.8500000000000021982 ) ) ;
#11051 = CARTESIAN_POINT ( 'NONE',  ( -14.32477270848700002, -2.090000000000023395, 3.300000000000002043 ) ) ;
#11052 = ADVANCED_FACE ( 'NONE', ( #752 ), #4180, .F. ) ;
#11053 = CARTESIAN_POINT ( 'NONE',  ( -8.679999999999999716, 2.109999999999976339, 6.500000000000002665 ) ) ;
#11054 = VECTOR ( 'NONE', #1141, 1000.000000000000000 ) ;
#11055 = PLANE ( 'NONE',  #8369 ) ;
#11056 = ORIENTED_EDGE ( 'NONE', *, *, #10659, .T. ) ;
#11057 = ORIENTED_EDGE ( 'NONE', *, *, #3536, .T. ) ;
#11058 = CARTESIAN_POINT ( 'NONE',  ( -14.67999999999999794, 1.159999999999976383, -0.3299999999999978506 ) ) ;
#11059 = PLANE ( 'NONE',  #1536 ) ;
#11060 = FACE_OUTER_BOUND ( 'NONE', #6118, .T. ) ;
#11061 = DIRECTION ( 'NONE',  ( 0.000000000000000000, 1.000000000000000000, 0.000000000000000000 ) ) ;
#11062 = ORIENTED_EDGE ( 'NONE', *, *, #346, .F. ) ;
#11063 = VECTOR ( 'NONE', #6809, 1000.000000000000000 ) ;
#11064 = DIRECTION ( 'NONE',  ( 0.000000000000000000, -1.000000000000000000, 0.000000000000000000 ) ) ;
#11065 = ADVANCED_FACE ( 'NONE', ( #3219 ), #9315, .F. ) ;
#11066 = EDGE_CURVE ( 'NONE', #3893, #7520, #10095, .T. ) ;
#11067 = FACE_OUTER_BOUND ( 'NONE', #6780, .T. ) ;
#11068 = ORIENTED_EDGE ( 'NONE', *, *, #9296, .F. ) ;
#11069 = EDGE_LOOP ( 'NONE', ( #6044, #451, #6608, #3789 ) ) ;
#11070 = CARTESIAN_POINT ( 'NONE',  ( -9.320000000000000284, 2.109999999999976339, 0.3500000000000021982 ) ) ;
#11071 = ORIENTED_EDGE ( 'NONE', *, *, #10847, .T. ) ;
#11072 = CARTESIAN_POINT ( 'NONE',  ( -1.649999999999999467, -3.268759493790430515, 4.866417553966797094 ) ) ;
#11073 = VECTOR ( 'NONE', #4922, 1000.000000000000000 ) ;
#11074 = VERTEX_POINT ( 'NONE', #10206 ) ;
ENDSEC;
END-ISO-10303-21;
