ISO-10303-21;
HEADER;
/* Generated by software containing ST-Developer
 * from STEP Tools, Inc. (www.steptools.com) 
 */
/* OPTION: strings as raw bytes, not using required /X/ escapes */

FILE_DESCRIPTION(
/* description */ ('Unknown'),
/* implementation_level */ '2;1');

FILE_NAME(
/* name */ '36903255S',
/* time_stamp */ '2016-02-29T09:48:32+01:00',
/* author */ ('Unknown'),
/* organization */ ('Unknown'),
/* preprocessor_version */ 'ST-DEVELOPER v16.7',
/* originating_system */ 'DEX',
/* authorisation */ $);

FILE_SCHEMA (('AUTOMOTIVE_DESIGN {1 0 10303 214 3 1 1}'));
ENDSEC;

DATA;
#10=PROPERTY_DEFINITION_REPRESENTATION(#14,#12);
#11=PROPERTY_DEFINITION_REPRESENTATION(#15,#13);
#12=REPRESENTATION('',(#16),#5782);
#13=REPRESENTATION('',(#17),#5782);
#14=PROPERTY_DEFINITION('pmi validation property','',#5787);
#15=PROPERTY_DEFINITION('pmi validation property','',#5787);
#16=VALUE_REPRESENTATION_ITEM('number of annotations',COUNT_MEASURE(0.));
#17=VALUE_REPRESENTATION_ITEM('number of views',COUNT_MEASURE(0.));
#18=SHAPE_REPRESENTATION_RELATIONSHIP('','',#3435,#19);
#19=ADVANCED_BREP_SHAPE_REPRESENTATION('',(#3433),#5782);
#20=CYLINDRICAL_SURFACE('',#3485,0.1);
#21=CYLINDRICAL_SURFACE('',#3487,0.1);
#22=CYLINDRICAL_SURFACE('',#3522,0.3);
#23=CYLINDRICAL_SURFACE('',#3523,0.3);
#24=CYLINDRICAL_SURFACE('',#3582,0.3);
#25=CYLINDRICAL_SURFACE('',#3583,0.1);
#26=CYLINDRICAL_SURFACE('',#3625,0.3);
#27=CYLINDRICAL_SURFACE('',#3626,0.1);
#28=CYLINDRICAL_SURFACE('',#3687,0.200000000000043);
#29=CYLINDRICAL_SURFACE('',#3688,0.200000000000001);
#30=CYLINDRICAL_SURFACE('',#3689,0.199999999999996);
#31=CYLINDRICAL_SURFACE('',#3691,0.20000000000004);
#32=CYLINDRICAL_SURFACE('',#3692,0.199999999999996);
#33=CYLINDRICAL_SURFACE('',#3694,0.20000000000004);
#34=CYLINDRICAL_SURFACE('',#3695,0.200000000000043);
#35=CYLINDRICAL_SURFACE('',#3696,0.200000000000001);
#36=CYLINDRICAL_SURFACE('',#3697,0.200000000000001);
#37=CYLINDRICAL_SURFACE('',#3698,0.199999999999997);
#38=CYLINDRICAL_SURFACE('',#3699,0.199999999999994);
#39=CYLINDRICAL_SURFACE('',#3701,0.199999999999999);
#40=CYLINDRICAL_SURFACE('',#3702,0.199999999999994);
#41=CYLINDRICAL_SURFACE('',#3704,0.199999999999999);
#42=CYLINDRICAL_SURFACE('',#3705,0.200000000000001);
#43=CYLINDRICAL_SURFACE('',#3706,0.199999999999997);
#44=CYLINDRICAL_SURFACE('',#3707,0.200000000000043);
#45=CYLINDRICAL_SURFACE('',#3708,0.200000000000001);
#46=CYLINDRICAL_SURFACE('',#3709,0.199999999999996);
#47=CYLINDRICAL_SURFACE('',#3711,0.20000000000004);
#48=CYLINDRICAL_SURFACE('',#3712,0.199999999999996);
#49=CYLINDRICAL_SURFACE('',#3714,0.20000000000004);
#50=CYLINDRICAL_SURFACE('',#3715,0.200000000000043);
#51=CYLINDRICAL_SURFACE('',#3716,0.200000000000001);
#52=CYLINDRICAL_SURFACE('',#3717,0.200000000000001);
#53=CYLINDRICAL_SURFACE('',#3718,0.199999999999997);
#54=CYLINDRICAL_SURFACE('',#3719,0.199999999999994);
#55=CYLINDRICAL_SURFACE('',#3721,0.199999999999999);
#56=CYLINDRICAL_SURFACE('',#3722,0.199999999999994);
#57=CYLINDRICAL_SURFACE('',#3724,0.199999999999999);
#58=CYLINDRICAL_SURFACE('',#3725,0.200000000000001);
#59=CYLINDRICAL_SURFACE('',#3726,0.199999999999997);
#60=CYLINDRICAL_SURFACE('',#3727,0.200000000000001);
#61=CYLINDRICAL_SURFACE('',#3728,0.199999999999996);
#62=CYLINDRICAL_SURFACE('',#3730,0.200000000000043);
#63=CYLINDRICAL_SURFACE('',#3731,0.20000000000004);
#64=CYLINDRICAL_SURFACE('',#3732,0.200000000000043);
#65=CYLINDRICAL_SURFACE('',#3733,0.200000000000001);
#66=CYLINDRICAL_SURFACE('',#3734,0.199999999999996);
#67=CYLINDRICAL_SURFACE('',#3736,0.20000000000004);
#68=CYLINDRICAL_SURFACE('',#3737,0.199999999999997);
#69=CYLINDRICAL_SURFACE('',#3738,0.199999999999994);
#70=CYLINDRICAL_SURFACE('',#3740,0.200000000000001);
#71=CYLINDRICAL_SURFACE('',#3741,0.199999999999999);
#72=CYLINDRICAL_SURFACE('',#3742,0.200000000000001);
#73=CYLINDRICAL_SURFACE('',#3743,0.199999999999997);
#74=CYLINDRICAL_SURFACE('',#3744,0.199999999999994);
#75=CYLINDRICAL_SURFACE('',#3746,0.199999999999999);
#76=CYLINDRICAL_SURFACE('',#3747,0.200000000000001);
#77=CYLINDRICAL_SURFACE('',#3748,0.199999999999996);
#78=CYLINDRICAL_SURFACE('',#3750,0.200000000000043);
#79=CYLINDRICAL_SURFACE('',#3751,0.20000000000004);
#80=CYLINDRICAL_SURFACE('',#3752,0.200000000000043);
#81=CYLINDRICAL_SURFACE('',#3753,0.200000000000001);
#82=CYLINDRICAL_SURFACE('',#3754,0.199999999999996);
#83=CYLINDRICAL_SURFACE('',#3756,0.20000000000004);
#84=CYLINDRICAL_SURFACE('',#3757,0.199999999999997);
#85=CYLINDRICAL_SURFACE('',#3758,0.199999999999994);
#86=CYLINDRICAL_SURFACE('',#3760,0.200000000000001);
#87=CYLINDRICAL_SURFACE('',#3761,0.199999999999999);
#88=CYLINDRICAL_SURFACE('',#3762,0.200000000000001);
#89=CYLINDRICAL_SURFACE('',#3763,0.199999999999997);
#90=CYLINDRICAL_SURFACE('',#3764,0.199999999999994);
#91=CYLINDRICAL_SURFACE('',#3766,0.199999999999999);
#92=CIRCLE('',#3455,0.1);
#93=CIRCLE('',#3456,0.3);
#94=CIRCLE('',#3458,0.1);
#95=CIRCLE('',#3459,0.3);
#96=CIRCLE('',#3461,0.3);
#97=CIRCLE('',#3462,0.1);
#98=CIRCLE('',#3465,0.3);
#99=CIRCLE('',#3466,0.1);
#100=CIRCLE('',#3469,0.199999999999999);
#101=CIRCLE('',#3470,0.200000000000001);
#102=CIRCLE('',#3471,0.200000000000001);
#103=CIRCLE('',#3472,0.199999999999996);
#104=CIRCLE('',#3473,0.20000000000004);
#105=CIRCLE('',#3474,0.200000000000043);
#106=CIRCLE('',#3475,0.200000000000043);
#107=CIRCLE('',#3476,0.20000000000004);
#108=CIRCLE('',#3477,0.199999999999996);
#109=CIRCLE('',#3478,0.200000000000001);
#110=CIRCLE('',#3479,0.200000000000001);
#111=CIRCLE('',#3480,0.199999999999999);
#112=CIRCLE('',#3481,0.199999999999994);
#113=CIRCLE('',#3482,0.199999999999997);
#114=CIRCLE('',#3483,0.199999999999997);
#115=CIRCLE('',#3484,0.199999999999994);
#116=CIRCLE('',#3489,0.200000000000001);
#117=CIRCLE('',#3490,0.199999999999999);
#118=CIRCLE('',#3491,0.199999999999994);
#119=CIRCLE('',#3492,0.199999999999997);
#120=CIRCLE('',#3493,0.199999999999997);
#121=CIRCLE('',#3494,0.199999999999994);
#122=CIRCLE('',#3495,0.199999999999999);
#123=CIRCLE('',#3496,0.200000000000001);
#124=CIRCLE('',#3497,0.200000000000001);
#125=CIRCLE('',#3498,0.199999999999996);
#126=CIRCLE('',#3499,0.20000000000004);
#127=CIRCLE('',#3500,0.200000000000043);
#128=CIRCLE('',#3501,0.200000000000043);
#129=CIRCLE('',#3502,0.20000000000004);
#130=CIRCLE('',#3503,0.199999999999996);
#131=CIRCLE('',#3504,0.200000000000001);
#132=CIRCLE('',#3506,0.200000000000001);
#133=CIRCLE('',#3507,0.199999999999999);
#134=CIRCLE('',#3508,0.199999999999994);
#135=CIRCLE('',#3509,0.199999999999997);
#136=CIRCLE('',#3510,0.199999999999997);
#137=CIRCLE('',#3511,0.199999999999994);
#138=CIRCLE('',#3512,0.199999999999999);
#139=CIRCLE('',#3513,0.200000000000001);
#140=CIRCLE('',#3514,0.200000000000001);
#141=CIRCLE('',#3515,0.199999999999996);
#142=CIRCLE('',#3516,0.20000000000004);
#143=CIRCLE('',#3517,0.200000000000043);
#144=CIRCLE('',#3518,0.200000000000043);
#145=CIRCLE('',#3519,0.20000000000004);
#146=CIRCLE('',#3520,0.199999999999996);
#147=CIRCLE('',#3521,0.200000000000001);
#148=CIRCLE('',#3525,0.200000000000001);
#149=CIRCLE('',#3526,0.200000000000001);
#150=CIRCLE('',#3527,0.199999999999996);
#151=CIRCLE('',#3528,0.20000000000004);
#152=CIRCLE('',#3529,0.200000000000043);
#153=CIRCLE('',#3530,0.200000000000043);
#154=CIRCLE('',#3531,0.20000000000004);
#155=CIRCLE('',#3532,0.199999999999996);
#156=CIRCLE('',#3533,0.200000000000001);
#157=CIRCLE('',#3534,0.200000000000001);
#158=CIRCLE('',#3535,0.199999999999999);
#159=CIRCLE('',#3536,0.199999999999994);
#160=CIRCLE('',#3537,0.199999999999997);
#161=CIRCLE('',#3538,0.199999999999997);
#162=CIRCLE('',#3539,0.199999999999994);
#163=CIRCLE('',#3540,0.199999999999999);
#164=CIRCLE('',#3542,0.3);
#165=CIRCLE('',#3543,0.1);
#166=CIRCLE('',#3545,0.1);
#167=CIRCLE('',#3546,0.3);
#168=CIRCLE('',#3548,0.199999999999999);
#169=CIRCLE('',#3549,0.200000000000001);
#170=CIRCLE('',#3550,0.200000000000001);
#171=CIRCLE('',#3551,0.199999999999996);
#172=CIRCLE('',#3552,0.20000000000004);
#173=CIRCLE('',#3553,0.200000000000043);
#174=CIRCLE('',#3554,0.200000000000043);
#175=CIRCLE('',#3555,0.20000000000004);
#176=CIRCLE('',#3556,0.199999999999996);
#177=CIRCLE('',#3557,0.200000000000001);
#178=CIRCLE('',#3558,0.200000000000001);
#179=CIRCLE('',#3559,0.199999999999999);
#180=CIRCLE('',#3560,0.199999999999994);
#181=CIRCLE('',#3561,0.199999999999997);
#182=CIRCLE('',#3562,0.199999999999997);
#183=CIRCLE('',#3563,0.199999999999994);
#184=CIRCLE('',#3565,0.200000000000001);
#185=CIRCLE('',#3566,0.199999999999999);
#186=CIRCLE('',#3567,0.199999999999994);
#187=CIRCLE('',#3568,0.199999999999997);
#188=CIRCLE('',#3569,0.199999999999997);
#189=CIRCLE('',#3570,0.199999999999994);
#190=CIRCLE('',#3571,0.199999999999999);
#191=CIRCLE('',#3572,0.200000000000001);
#192=CIRCLE('',#3573,0.200000000000001);
#193=CIRCLE('',#3574,0.199999999999996);
#194=CIRCLE('',#3575,0.20000000000004);
#195=CIRCLE('',#3576,0.200000000000043);
#196=CIRCLE('',#3577,0.200000000000043);
#197=CIRCLE('',#3578,0.20000000000004);
#198=CIRCLE('',#3579,0.199999999999996);
#199=CIRCLE('',#3580,0.200000000000001);
#200=CIRCLE('',#3585,0.3);
#201=CIRCLE('',#3586,0.1);
#202=CIRCLE('',#3588,0.1);
#203=CIRCLE('',#3589,0.3);
#204=CIRCLE('',#3591,0.200000000000001);
#205=CIRCLE('',#3592,0.199999999999999);
#206=CIRCLE('',#3593,0.199999999999994);
#207=CIRCLE('',#3594,0.199999999999997);
#208=CIRCLE('',#3595,0.199999999999997);
#209=CIRCLE('',#3596,0.199999999999994);
#210=CIRCLE('',#3597,0.199999999999999);
#211=CIRCLE('',#3598,0.200000000000001);
#212=CIRCLE('',#3599,0.200000000000001);
#213=CIRCLE('',#3600,0.199999999999996);
#214=CIRCLE('',#3601,0.20000000000004);
#215=CIRCLE('',#3602,0.200000000000043);
#216=CIRCLE('',#3603,0.200000000000043);
#217=CIRCLE('',#3604,0.20000000000004);
#218=CIRCLE('',#3605,0.199999999999996);
#219=CIRCLE('',#3606,0.200000000000001);
#220=CIRCLE('',#3608,0.200000000000001);
#221=CIRCLE('',#3609,0.200000000000001);
#222=CIRCLE('',#3610,0.199999999999996);
#223=CIRCLE('',#3611,0.20000000000004);
#224=CIRCLE('',#3612,0.200000000000043);
#225=CIRCLE('',#3613,0.200000000000043);
#226=CIRCLE('',#3614,0.20000000000004);
#227=CIRCLE('',#3615,0.199999999999996);
#228=CIRCLE('',#3616,0.200000000000001);
#229=CIRCLE('',#3617,0.200000000000001);
#230=CIRCLE('',#3618,0.199999999999999);
#231=CIRCLE('',#3619,0.199999999999994);
#232=CIRCLE('',#3620,0.199999999999997);
#233=CIRCLE('',#3621,0.199999999999997);
#234=CIRCLE('',#3622,0.199999999999994);
#235=CIRCLE('',#3623,0.199999999999999);
#236=ORIENTED_EDGE('',*,*,#1230,.F.);
#237=ORIENTED_EDGE('',*,*,#1231,.T.);
#238=ORIENTED_EDGE('',*,*,#1232,.T.);
#239=ORIENTED_EDGE('',*,*,#1233,.F.);
#240=ORIENTED_EDGE('',*,*,#1234,.T.);
#241=ORIENTED_EDGE('',*,*,#1235,.F.);
#242=ORIENTED_EDGE('',*,*,#1236,.F.);
#243=ORIENTED_EDGE('',*,*,#1237,.T.);
#244=ORIENTED_EDGE('',*,*,#1238,.F.);
#245=ORIENTED_EDGE('',*,*,#1239,.F.);
#246=ORIENTED_EDGE('',*,*,#1240,.T.);
#247=ORIENTED_EDGE('',*,*,#1241,.T.);
#248=ORIENTED_EDGE('',*,*,#1242,.T.);
#249=ORIENTED_EDGE('',*,*,#1243,.F.);
#250=ORIENTED_EDGE('',*,*,#1244,.F.);
#251=ORIENTED_EDGE('',*,*,#1245,.F.);
#252=ORIENTED_EDGE('',*,*,#1246,.F.);
#253=ORIENTED_EDGE('',*,*,#1247,.F.);
#254=ORIENTED_EDGE('',*,*,#1248,.T.);
#255=ORIENTED_EDGE('',*,*,#1249,.T.);
#256=ORIENTED_EDGE('',*,*,#1250,.F.);
#257=ORIENTED_EDGE('',*,*,#1251,.T.);
#258=ORIENTED_EDGE('',*,*,#1252,.T.);
#259=ORIENTED_EDGE('',*,*,#1253,.F.);
#260=ORIENTED_EDGE('',*,*,#1254,.T.);
#261=ORIENTED_EDGE('',*,*,#1255,.T.);
#262=ORIENTED_EDGE('',*,*,#1256,.F.);
#263=ORIENTED_EDGE('',*,*,#1257,.F.);
#264=ORIENTED_EDGE('',*,*,#1258,.F.);
#265=ORIENTED_EDGE('',*,*,#1259,.T.);
#266=ORIENTED_EDGE('',*,*,#1260,.T.);
#267=ORIENTED_EDGE('',*,*,#1261,.T.);
#268=ORIENTED_EDGE('',*,*,#1262,.F.);
#269=ORIENTED_EDGE('',*,*,#1263,.T.);
#270=ORIENTED_EDGE('',*,*,#1264,.T.);
#271=ORIENTED_EDGE('',*,*,#1265,.F.);
#272=ORIENTED_EDGE('',*,*,#1266,.F.);
#273=ORIENTED_EDGE('',*,*,#1267,.F.);
#274=ORIENTED_EDGE('',*,*,#1268,.T.);
#275=ORIENTED_EDGE('',*,*,#1269,.T.);
#276=ORIENTED_EDGE('',*,*,#1270,.F.);
#277=ORIENTED_EDGE('',*,*,#1271,.T.);
#278=ORIENTED_EDGE('',*,*,#1272,.F.);
#279=ORIENTED_EDGE('',*,*,#1273,.F.);
#280=ORIENTED_EDGE('',*,*,#1274,.F.);
#281=ORIENTED_EDGE('',*,*,#1275,.F.);
#282=ORIENTED_EDGE('',*,*,#1276,.T.);
#283=ORIENTED_EDGE('',*,*,#1277,.T.);
#284=ORIENTED_EDGE('',*,*,#1278,.T.);
#285=ORIENTED_EDGE('',*,*,#1279,.F.);
#286=ORIENTED_EDGE('',*,*,#1280,.F.);
#287=ORIENTED_EDGE('',*,*,#1281,.T.);
#288=ORIENTED_EDGE('',*,*,#1282,.F.);
#289=ORIENTED_EDGE('',*,*,#1283,.T.);
#290=ORIENTED_EDGE('',*,*,#1284,.T.);
#291=ORIENTED_EDGE('',*,*,#1285,.F.);
#292=ORIENTED_EDGE('',*,*,#1286,.T.);
#293=ORIENTED_EDGE('',*,*,#1287,.F.);
#294=ORIENTED_EDGE('',*,*,#1288,.T.);
#295=ORIENTED_EDGE('',*,*,#1289,.T.);
#296=ORIENTED_EDGE('',*,*,#1290,.F.);
#297=ORIENTED_EDGE('',*,*,#1291,.T.);
#298=ORIENTED_EDGE('',*,*,#1292,.F.);
#299=ORIENTED_EDGE('',*,*,#1293,.F.);
#300=ORIENTED_EDGE('',*,*,#1294,.T.);
#301=ORIENTED_EDGE('',*,*,#1295,.F.);
#302=ORIENTED_EDGE('',*,*,#1296,.F.);
#303=ORIENTED_EDGE('',*,*,#1297,.T.);
#304=ORIENTED_EDGE('',*,*,#1298,.T.);
#305=ORIENTED_EDGE('',*,*,#1299,.T.);
#306=ORIENTED_EDGE('',*,*,#1300,.T.);
#307=ORIENTED_EDGE('',*,*,#1301,.T.);
#308=ORIENTED_EDGE('',*,*,#1302,.T.);
#309=ORIENTED_EDGE('',*,*,#1303,.T.);
#310=ORIENTED_EDGE('',*,*,#1304,.T.);
#311=ORIENTED_EDGE('',*,*,#1305,.T.);
#312=ORIENTED_EDGE('',*,*,#1306,.T.);
#313=ORIENTED_EDGE('',*,*,#1307,.T.);
#314=ORIENTED_EDGE('',*,*,#1308,.T.);
#315=ORIENTED_EDGE('',*,*,#1309,.T.);
#316=ORIENTED_EDGE('',*,*,#1310,.T.);
#317=ORIENTED_EDGE('',*,*,#1311,.T.);
#318=ORIENTED_EDGE('',*,*,#1312,.T.);
#319=ORIENTED_EDGE('',*,*,#1313,.T.);
#320=ORIENTED_EDGE('',*,*,#1314,.T.);
#321=ORIENTED_EDGE('',*,*,#1315,.T.);
#322=ORIENTED_EDGE('',*,*,#1316,.T.);
#323=ORIENTED_EDGE('',*,*,#1317,.T.);
#324=ORIENTED_EDGE('',*,*,#1318,.T.);
#325=ORIENTED_EDGE('',*,*,#1319,.T.);
#326=ORIENTED_EDGE('',*,*,#1320,.T.);
#327=ORIENTED_EDGE('',*,*,#1321,.T.);
#328=ORIENTED_EDGE('',*,*,#1322,.T.);
#329=ORIENTED_EDGE('',*,*,#1323,.F.);
#330=ORIENTED_EDGE('',*,*,#1324,.F.);
#331=ORIENTED_EDGE('',*,*,#1325,.T.);
#332=ORIENTED_EDGE('',*,*,#1326,.T.);
#333=ORIENTED_EDGE('',*,*,#1327,.F.);
#334=ORIENTED_EDGE('',*,*,#1328,.T.);
#335=ORIENTED_EDGE('',*,*,#1329,.T.);
#336=ORIENTED_EDGE('',*,*,#1330,.F.);
#337=ORIENTED_EDGE('',*,*,#1331,.F.);
#338=ORIENTED_EDGE('',*,*,#1332,.T.);
#339=ORIENTED_EDGE('',*,*,#1333,.F.);
#340=ORIENTED_EDGE('',*,*,#1334,.F.);
#341=ORIENTED_EDGE('',*,*,#1335,.T.);
#342=ORIENTED_EDGE('',*,*,#1336,.T.);
#343=ORIENTED_EDGE('',*,*,#1337,.F.);
#344=ORIENTED_EDGE('',*,*,#1338,.F.);
#345=ORIENTED_EDGE('',*,*,#1339,.F.);
#346=ORIENTED_EDGE('',*,*,#1340,.F.);
#347=ORIENTED_EDGE('',*,*,#1341,.F.);
#348=ORIENTED_EDGE('',*,*,#1342,.T.);
#349=ORIENTED_EDGE('',*,*,#1343,.T.);
#350=ORIENTED_EDGE('',*,*,#1344,.T.);
#351=ORIENTED_EDGE('',*,*,#1345,.F.);
#352=ORIENTED_EDGE('',*,*,#1346,.F.);
#353=ORIENTED_EDGE('',*,*,#1347,.T.);
#354=ORIENTED_EDGE('',*,*,#1348,.T.);
#355=ORIENTED_EDGE('',*,*,#1234,.F.);
#356=ORIENTED_EDGE('',*,*,#1349,.T.);
#357=ORIENTED_EDGE('',*,*,#1350,.T.);
#358=ORIENTED_EDGE('',*,*,#1351,.T.);
#359=ORIENTED_EDGE('',*,*,#1352,.T.);
#360=ORIENTED_EDGE('',*,*,#1353,.T.);
#361=ORIENTED_EDGE('',*,*,#1242,.F.);
#362=ORIENTED_EDGE('',*,*,#1354,.F.);
#363=ORIENTED_EDGE('',*,*,#1355,.F.);
#364=ORIENTED_EDGE('',*,*,#1356,.T.);
#365=ORIENTED_EDGE('',*,*,#1357,.F.);
#366=ORIENTED_EDGE('',*,*,#1358,.F.);
#367=ORIENTED_EDGE('',*,*,#1260,.F.);
#368=ORIENTED_EDGE('',*,*,#1359,.F.);
#369=ORIENTED_EDGE('',*,*,#1360,.F.);
#370=ORIENTED_EDGE('',*,*,#1361,.F.);
#371=ORIENTED_EDGE('',*,*,#1362,.F.);
#372=ORIENTED_EDGE('',*,*,#1363,.F.);
#373=ORIENTED_EDGE('',*,*,#1252,.F.);
#374=ORIENTED_EDGE('',*,*,#1364,.F.);
#375=ORIENTED_EDGE('',*,*,#1365,.F.);
#376=ORIENTED_EDGE('',*,*,#1366,.F.);
#377=ORIENTED_EDGE('',*,*,#1367,.F.);
#378=ORIENTED_EDGE('',*,*,#1368,.F.);
#379=ORIENTED_EDGE('',*,*,#1344,.F.);
#380=ORIENTED_EDGE('',*,*,#1369,.T.);
#381=ORIENTED_EDGE('',*,*,#1370,.T.);
#382=ORIENTED_EDGE('',*,*,#1371,.T.);
#383=ORIENTED_EDGE('',*,*,#1328,.F.);
#384=ORIENTED_EDGE('',*,*,#1356,.F.);
#385=ORIENTED_EDGE('',*,*,#1334,.T.);
#386=ORIENTED_EDGE('',*,*,#1372,.T.);
#387=ORIENTED_EDGE('',*,*,#1373,.F.);
#388=ORIENTED_EDGE('',*,*,#1372,.F.);
#389=ORIENTED_EDGE('',*,*,#1374,.T.);
#390=ORIENTED_EDGE('',*,*,#1375,.T.);
#391=ORIENTED_EDGE('',*,*,#1342,.F.);
#392=ORIENTED_EDGE('',*,*,#1375,.F.);
#393=ORIENTED_EDGE('',*,*,#1324,.T.);
#394=ORIENTED_EDGE('',*,*,#1376,.T.);
#395=ORIENTED_EDGE('',*,*,#1239,.T.);
#396=ORIENTED_EDGE('',*,*,#1377,.T.);
#397=ORIENTED_EDGE('',*,*,#1378,.T.);
#398=ORIENTED_EDGE('',*,*,#1379,.T.);
#399=ORIENTED_EDGE('',*,*,#1380,.T.);
#400=ORIENTED_EDGE('',*,*,#1381,.T.);
#401=ORIENTED_EDGE('',*,*,#1230,.T.);
#402=ORIENTED_EDGE('',*,*,#1382,.F.);
#403=ORIENTED_EDGE('',*,*,#1383,.F.);
#404=ORIENTED_EDGE('',*,*,#1384,.F.);
#405=ORIENTED_EDGE('',*,*,#1385,.F.);
#406=ORIENTED_EDGE('',*,*,#1386,.F.);
#407=ORIENTED_EDGE('',*,*,#1257,.T.);
#408=ORIENTED_EDGE('',*,*,#1387,.F.);
#409=ORIENTED_EDGE('',*,*,#1388,.F.);
#410=ORIENTED_EDGE('',*,*,#1389,.F.);
#411=ORIENTED_EDGE('',*,*,#1390,.F.);
#412=ORIENTED_EDGE('',*,*,#1391,.F.);
#413=ORIENTED_EDGE('',*,*,#1338,.T.);
#414=ORIENTED_EDGE('',*,*,#1392,.F.);
#415=ORIENTED_EDGE('',*,*,#1393,.F.);
#416=ORIENTED_EDGE('',*,*,#1376,.F.);
#417=ORIENTED_EDGE('',*,*,#1394,.F.);
#418=ORIENTED_EDGE('',*,*,#1395,.F.);
#419=ORIENTED_EDGE('',*,*,#1247,.T.);
#420=ORIENTED_EDGE('',*,*,#1396,.T.);
#421=ORIENTED_EDGE('',*,*,#1397,.T.);
#422=ORIENTED_EDGE('',*,*,#1398,.T.);
#423=ORIENTED_EDGE('',*,*,#1399,.T.);
#424=ORIENTED_EDGE('',*,*,#1400,.T.);
#425=ORIENTED_EDGE('',*,*,#1401,.F.);
#426=ORIENTED_EDGE('',*,*,#1402,.F.);
#427=ORIENTED_EDGE('',*,*,#1403,.F.);
#428=ORIENTED_EDGE('',*,*,#1404,.F.);
#429=ORIENTED_EDGE('',*,*,#1405,.F.);
#430=ORIENTED_EDGE('',*,*,#1346,.T.);
#431=ORIENTED_EDGE('',*,*,#1406,.T.);
#432=ORIENTED_EDGE('',*,*,#1407,.T.);
#433=ORIENTED_EDGE('',*,*,#1408,.T.);
#434=ORIENTED_EDGE('',*,*,#1409,.T.);
#435=ORIENTED_EDGE('',*,*,#1410,.T.);
#436=ORIENTED_EDGE('',*,*,#1250,.T.);
#437=ORIENTED_EDGE('',*,*,#1411,.T.);
#438=ORIENTED_EDGE('',*,*,#1412,.T.);
#439=ORIENTED_EDGE('',*,*,#1413,.T.);
#440=ORIENTED_EDGE('',*,*,#1414,.T.);
#441=ORIENTED_EDGE('',*,*,#1415,.T.);
#442=ORIENTED_EDGE('',*,*,#1258,.T.);
#443=ORIENTED_EDGE('',*,*,#1416,.T.);
#444=ORIENTED_EDGE('',*,*,#1417,.T.);
#445=ORIENTED_EDGE('',*,*,#1418,.F.);
#446=ORIENTED_EDGE('',*,*,#1419,.T.);
#447=ORIENTED_EDGE('',*,*,#1420,.T.);
#448=ORIENTED_EDGE('',*,*,#1244,.T.);
#449=ORIENTED_EDGE('',*,*,#1421,.F.);
#450=ORIENTED_EDGE('',*,*,#1422,.F.);
#451=ORIENTED_EDGE('',*,*,#1423,.F.);
#452=ORIENTED_EDGE('',*,*,#1424,.F.);
#453=ORIENTED_EDGE('',*,*,#1425,.F.);
#454=ORIENTED_EDGE('',*,*,#1236,.T.);
#455=ORIENTED_EDGE('',*,*,#1330,.T.);
#456=ORIENTED_EDGE('',*,*,#1297,.F.);
#457=ORIENTED_EDGE('',*,*,#1332,.F.);
#458=ORIENTED_EDGE('',*,*,#1418,.T.);
#459=ORIENTED_EDGE('',*,*,#1340,.T.);
#460=ORIENTED_EDGE('',*,*,#1426,.F.);
#461=ORIENTED_EDGE('',*,*,#1326,.F.);
#462=ORIENTED_EDGE('',*,*,#1295,.T.);
#463=ORIENTED_EDGE('',*,*,#1427,.T.);
#464=ORIENTED_EDGE('',*,*,#1241,.F.);
#465=ORIENTED_EDGE('',*,*,#1428,.T.);
#466=ORIENTED_EDGE('',*,*,#1429,.T.);
#467=ORIENTED_EDGE('',*,*,#1430,.T.);
#468=ORIENTED_EDGE('',*,*,#1431,.T.);
#469=ORIENTED_EDGE('',*,*,#1432,.T.);
#470=ORIENTED_EDGE('',*,*,#1249,.F.);
#471=ORIENTED_EDGE('',*,*,#1433,.T.);
#472=ORIENTED_EDGE('',*,*,#1434,.T.);
#473=ORIENTED_EDGE('',*,*,#1426,.T.);
#474=ORIENTED_EDGE('',*,*,#1435,.T.);
#475=ORIENTED_EDGE('',*,*,#1436,.T.);
#476=ORIENTED_EDGE('',*,*,#1336,.F.);
#477=ORIENTED_EDGE('',*,*,#1437,.F.);
#478=ORIENTED_EDGE('',*,*,#1438,.F.);
#479=ORIENTED_EDGE('',*,*,#1439,.F.);
#480=ORIENTED_EDGE('',*,*,#1440,.F.);
#481=ORIENTED_EDGE('',*,*,#1441,.F.);
#482=ORIENTED_EDGE('',*,*,#1255,.F.);
#483=ORIENTED_EDGE('',*,*,#1442,.F.);
#484=ORIENTED_EDGE('',*,*,#1443,.F.);
#485=ORIENTED_EDGE('',*,*,#1444,.F.);
#486=ORIENTED_EDGE('',*,*,#1445,.F.);
#487=ORIENTED_EDGE('',*,*,#1446,.F.);
#488=ORIENTED_EDGE('',*,*,#1232,.F.);
#489=ORIENTED_EDGE('',*,*,#1447,.T.);
#490=ORIENTED_EDGE('',*,*,#1448,.T.);
#491=ORIENTED_EDGE('',*,*,#1449,.T.);
#492=ORIENTED_EDGE('',*,*,#1450,.T.);
#493=ORIENTED_EDGE('',*,*,#1451,.F.);
#494=ORIENTED_EDGE('',*,*,#1452,.T.);
#495=ORIENTED_EDGE('',*,*,#1329,.F.);
#496=ORIENTED_EDGE('',*,*,#1453,.F.);
#497=ORIENTED_EDGE('',*,*,#1454,.T.);
#498=ORIENTED_EDGE('',*,*,#1288,.F.);
#499=ORIENTED_EDGE('',*,*,#1455,.T.);
#500=ORIENTED_EDGE('',*,*,#1456,.F.);
#501=ORIENTED_EDGE('',*,*,#1341,.T.);
#502=ORIENTED_EDGE('',*,*,#1457,.T.);
#503=ORIENTED_EDGE('',*,*,#1458,.F.);
#504=ORIENTED_EDGE('',*,*,#1272,.T.);
#505=ORIENTED_EDGE('',*,*,#1459,.T.);
#506=ORIENTED_EDGE('',*,*,#1460,.T.);
#507=ORIENTED_EDGE('',*,*,#1265,.T.);
#508=ORIENTED_EDGE('',*,*,#1461,.T.);
#509=ORIENTED_EDGE('',*,*,#1462,.T.);
#510=ORIENTED_EDGE('',*,*,#1463,.T.);
#511=ORIENTED_EDGE('',*,*,#1464,.T.);
#512=ORIENTED_EDGE('',*,*,#1465,.T.);
#513=ORIENTED_EDGE('',*,*,#1273,.T.);
#514=ORIENTED_EDGE('',*,*,#1458,.T.);
#515=ORIENTED_EDGE('',*,*,#1466,.T.);
#516=ORIENTED_EDGE('',*,*,#1451,.T.);
#517=ORIENTED_EDGE('',*,*,#1287,.T.);
#518=ORIENTED_EDGE('',*,*,#1467,.F.);
#519=ORIENTED_EDGE('',*,*,#1468,.F.);
#520=ORIENTED_EDGE('',*,*,#1469,.F.);
#521=ORIENTED_EDGE('',*,*,#1470,.F.);
#522=ORIENTED_EDGE('',*,*,#1471,.F.);
#523=ORIENTED_EDGE('',*,*,#1279,.T.);
#524=ORIENTED_EDGE('',*,*,#1472,.F.);
#525=ORIENTED_EDGE('',*,*,#1473,.F.);
#526=ORIENTED_EDGE('',*,*,#1474,.F.);
#527=ORIENTED_EDGE('',*,*,#1475,.F.);
#528=ORIENTED_EDGE('',*,*,#1476,.F.);
#529=ORIENTED_EDGE('',*,*,#1477,.T.);
#530=ORIENTED_EDGE('',*,*,#1478,.T.);
#531=ORIENTED_EDGE('',*,*,#1479,.T.);
#532=ORIENTED_EDGE('',*,*,#1480,.T.);
#533=ORIENTED_EDGE('',*,*,#1481,.F.);
#534=ORIENTED_EDGE('',*,*,#1482,.F.);
#535=ORIENTED_EDGE('',*,*,#1483,.F.);
#536=ORIENTED_EDGE('',*,*,#1484,.F.);
#537=ORIENTED_EDGE('',*,*,#1485,.F.);
#538=ORIENTED_EDGE('',*,*,#1486,.F.);
#539=ORIENTED_EDGE('',*,*,#1487,.T.);
#540=ORIENTED_EDGE('',*,*,#1488,.T.);
#541=ORIENTED_EDGE('',*,*,#1489,.T.);
#542=ORIENTED_EDGE('',*,*,#1490,.T.);
#543=ORIENTED_EDGE('',*,*,#1491,.T.);
#544=ORIENTED_EDGE('',*,*,#1281,.F.);
#545=ORIENTED_EDGE('',*,*,#1492,.T.);
#546=ORIENTED_EDGE('',*,*,#1493,.T.);
#547=ORIENTED_EDGE('',*,*,#1494,.T.);
#548=ORIENTED_EDGE('',*,*,#1495,.T.);
#549=ORIENTED_EDGE('',*,*,#1496,.T.);
#550=ORIENTED_EDGE('',*,*,#1289,.F.);
#551=ORIENTED_EDGE('',*,*,#1454,.F.);
#552=ORIENTED_EDGE('',*,*,#1497,.F.);
#553=ORIENTED_EDGE('',*,*,#1455,.F.);
#554=ORIENTED_EDGE('',*,*,#1271,.F.);
#555=ORIENTED_EDGE('',*,*,#1498,.F.);
#556=ORIENTED_EDGE('',*,*,#1499,.F.);
#557=ORIENTED_EDGE('',*,*,#1500,.F.);
#558=ORIENTED_EDGE('',*,*,#1501,.F.);
#559=ORIENTED_EDGE('',*,*,#1502,.F.);
#560=ORIENTED_EDGE('',*,*,#1263,.F.);
#561=ORIENTED_EDGE('',*,*,#1486,.T.);
#562=ORIENTED_EDGE('',*,*,#1503,.T.);
#563=ORIENTED_EDGE('',*,*,#1477,.F.);
#564=ORIENTED_EDGE('',*,*,#1504,.F.);
#565=ORIENTED_EDGE('',*,*,#1452,.F.);
#566=ORIENTED_EDGE('',*,*,#1466,.F.);
#567=ORIENTED_EDGE('',*,*,#1457,.F.);
#568=ORIENTED_EDGE('',*,*,#1294,.F.);
#569=ORIENTED_EDGE('',*,*,#1453,.T.);
#570=ORIENTED_EDGE('',*,*,#1373,.T.);
#571=ORIENTED_EDGE('',*,*,#1456,.T.);
#572=ORIENTED_EDGE('',*,*,#1497,.T.);
#573=ORIENTED_EDGE('',*,*,#1505,.F.);
#574=ORIENTED_EDGE('',*,*,#1506,.T.);
#575=ORIENTED_EDGE('',*,*,#1325,.F.);
#576=ORIENTED_EDGE('',*,*,#1507,.F.);
#577=ORIENTED_EDGE('',*,*,#1508,.T.);
#578=ORIENTED_EDGE('',*,*,#1276,.F.);
#579=ORIENTED_EDGE('',*,*,#1509,.T.);
#580=ORIENTED_EDGE('',*,*,#1510,.F.);
#581=ORIENTED_EDGE('',*,*,#1333,.T.);
#582=ORIENTED_EDGE('',*,*,#1511,.T.);
#583=ORIENTED_EDGE('',*,*,#1512,.F.);
#584=ORIENTED_EDGE('',*,*,#1292,.T.);
#585=ORIENTED_EDGE('',*,*,#1267,.T.);
#586=ORIENTED_EDGE('',*,*,#1513,.T.);
#587=ORIENTED_EDGE('',*,*,#1514,.T.);
#588=ORIENTED_EDGE('',*,*,#1515,.T.);
#589=ORIENTED_EDGE('',*,*,#1516,.T.);
#590=ORIENTED_EDGE('',*,*,#1517,.T.);
#591=ORIENTED_EDGE('',*,*,#1518,.T.);
#592=ORIENTED_EDGE('',*,*,#1519,.F.);
#593=ORIENTED_EDGE('',*,*,#1520,.F.);
#594=ORIENTED_EDGE('',*,*,#1521,.F.);
#595=ORIENTED_EDGE('',*,*,#1522,.F.);
#596=ORIENTED_EDGE('',*,*,#1523,.F.);
#597=ORIENTED_EDGE('',*,*,#1285,.T.);
#598=ORIENTED_EDGE('',*,*,#1524,.F.);
#599=ORIENTED_EDGE('',*,*,#1525,.F.);
#600=ORIENTED_EDGE('',*,*,#1526,.F.);
#601=ORIENTED_EDGE('',*,*,#1527,.F.);
#602=ORIENTED_EDGE('',*,*,#1528,.F.);
#603=ORIENTED_EDGE('',*,*,#1293,.T.);
#604=ORIENTED_EDGE('',*,*,#1512,.T.);
#605=ORIENTED_EDGE('',*,*,#1529,.T.);
#606=ORIENTED_EDGE('',*,*,#1505,.T.);
#607=ORIENTED_EDGE('',*,*,#1275,.T.);
#608=ORIENTED_EDGE('',*,*,#1530,.T.);
#609=ORIENTED_EDGE('',*,*,#1531,.T.);
#610=ORIENTED_EDGE('',*,*,#1532,.T.);
#611=ORIENTED_EDGE('',*,*,#1533,.T.);
#612=ORIENTED_EDGE('',*,*,#1534,.T.);
#613=ORIENTED_EDGE('',*,*,#1535,.F.);
#614=ORIENTED_EDGE('',*,*,#1269,.F.);
#615=ORIENTED_EDGE('',*,*,#1536,.F.);
#616=ORIENTED_EDGE('',*,*,#1537,.F.);
#617=ORIENTED_EDGE('',*,*,#1538,.F.);
#618=ORIENTED_EDGE('',*,*,#1539,.F.);
#619=ORIENTED_EDGE('',*,*,#1540,.F.);
#620=ORIENTED_EDGE('',*,*,#1277,.F.);
#621=ORIENTED_EDGE('',*,*,#1508,.F.);
#622=ORIENTED_EDGE('',*,*,#1541,.F.);
#623=ORIENTED_EDGE('',*,*,#1509,.F.);
#624=ORIENTED_EDGE('',*,*,#1291,.F.);
#625=ORIENTED_EDGE('',*,*,#1542,.T.);
#626=ORIENTED_EDGE('',*,*,#1543,.T.);
#627=ORIENTED_EDGE('',*,*,#1544,.T.);
#628=ORIENTED_EDGE('',*,*,#1545,.T.);
#629=ORIENTED_EDGE('',*,*,#1546,.T.);
#630=ORIENTED_EDGE('',*,*,#1283,.F.);
#631=ORIENTED_EDGE('',*,*,#1547,.T.);
#632=ORIENTED_EDGE('',*,*,#1548,.T.);
#633=ORIENTED_EDGE('',*,*,#1549,.T.);
#634=ORIENTED_EDGE('',*,*,#1550,.T.);
#635=ORIENTED_EDGE('',*,*,#1551,.T.);
#636=ORIENTED_EDGE('',*,*,#1552,.F.);
#637=ORIENTED_EDGE('',*,*,#1553,.F.);
#638=ORIENTED_EDGE('',*,*,#1554,.F.);
#639=ORIENTED_EDGE('',*,*,#1555,.F.);
#640=ORIENTED_EDGE('',*,*,#1556,.F.);
#641=ORIENTED_EDGE('',*,*,#1518,.F.);
#642=ORIENTED_EDGE('',*,*,#1557,.T.);
#643=ORIENTED_EDGE('',*,*,#1552,.T.);
#644=ORIENTED_EDGE('',*,*,#1558,.T.);
#645=ORIENTED_EDGE('',*,*,#1506,.F.);
#646=ORIENTED_EDGE('',*,*,#1529,.F.);
#647=ORIENTED_EDGE('',*,*,#1511,.F.);
#648=ORIENTED_EDGE('',*,*,#1296,.T.);
#649=ORIENTED_EDGE('',*,*,#1507,.T.);
#650=ORIENTED_EDGE('',*,*,#1374,.F.);
#651=ORIENTED_EDGE('',*,*,#1510,.T.);
#652=ORIENTED_EDGE('',*,*,#1541,.T.);
#653=ORIENTED_EDGE('',*,*,#1436,.F.);
#654=ORIENTED_EDGE('',*,*,#1559,.F.);
#655=ORIENTED_EDGE('',*,*,#1392,.T.);
#656=ORIENTED_EDGE('',*,*,#1337,.T.);
#657=ORIENTED_EDGE('',*,*,#1435,.F.);
#658=ORIENTED_EDGE('',*,*,#1339,.T.);
#659=ORIENTED_EDGE('',*,*,#1393,.T.);
#660=ORIENTED_EDGE('',*,*,#1559,.T.);
#661=ORIENTED_EDGE('',*,*,#1394,.T.);
#662=ORIENTED_EDGE('',*,*,#1323,.T.);
#663=ORIENTED_EDGE('',*,*,#1434,.F.);
#664=ORIENTED_EDGE('',*,*,#1560,.F.);
#665=ORIENTED_EDGE('',*,*,#1433,.F.);
#666=ORIENTED_EDGE('',*,*,#1248,.F.);
#667=ORIENTED_EDGE('',*,*,#1395,.T.);
#668=ORIENTED_EDGE('',*,*,#1560,.T.);
#669=ORIENTED_EDGE('',*,*,#1420,.F.);
#670=ORIENTED_EDGE('',*,*,#1561,.F.);
#671=ORIENTED_EDGE('',*,*,#1354,.T.);
#672=ORIENTED_EDGE('',*,*,#1245,.T.);
#673=ORIENTED_EDGE('',*,*,#1419,.F.);
#674=ORIENTED_EDGE('',*,*,#1331,.T.);
#675=ORIENTED_EDGE('',*,*,#1355,.T.);
#676=ORIENTED_EDGE('',*,*,#1561,.T.);
#677=ORIENTED_EDGE('',*,*,#1357,.T.);
#678=ORIENTED_EDGE('',*,*,#1327,.T.);
#679=ORIENTED_EDGE('',*,*,#1417,.F.);
#680=ORIENTED_EDGE('',*,*,#1562,.F.);
#681=ORIENTED_EDGE('',*,*,#1416,.F.);
#682=ORIENTED_EDGE('',*,*,#1261,.F.);
#683=ORIENTED_EDGE('',*,*,#1358,.T.);
#684=ORIENTED_EDGE('',*,*,#1562,.T.);
#685=ORIENTED_EDGE('',*,*,#1563,.F.);
#686=ORIENTED_EDGE('',*,*,#1564,.F.);
#687=ORIENTED_EDGE('',*,*,#1565,.F.);
#688=ORIENTED_EDGE('',*,*,#1566,.F.);
#689=ORIENTED_EDGE('',*,*,#1567,.F.);
#690=ORIENTED_EDGE('',*,*,#1568,.F.);
#691=ORIENTED_EDGE('',*,*,#1569,.F.);
#692=ORIENTED_EDGE('',*,*,#1570,.F.);
#693=ORIENTED_EDGE('',*,*,#1571,.F.);
#694=ORIENTED_EDGE('',*,*,#1572,.F.);
#695=ORIENTED_EDGE('',*,*,#1573,.F.);
#696=ORIENTED_EDGE('',*,*,#1574,.F.);
#697=ORIENTED_EDGE('',*,*,#1575,.F.);
#698=ORIENTED_EDGE('',*,*,#1576,.F.);
#699=ORIENTED_EDGE('',*,*,#1577,.F.);
#700=ORIENTED_EDGE('',*,*,#1578,.F.);
#701=ORIENTED_EDGE('',*,*,#1579,.F.);
#702=ORIENTED_EDGE('',*,*,#1580,.F.);
#703=ORIENTED_EDGE('',*,*,#1581,.F.);
#704=ORIENTED_EDGE('',*,*,#1582,.F.);
#705=ORIENTED_EDGE('',*,*,#1583,.F.);
#706=ORIENTED_EDGE('',*,*,#1584,.F.);
#707=ORIENTED_EDGE('',*,*,#1585,.F.);
#708=ORIENTED_EDGE('',*,*,#1586,.F.);
#709=ORIENTED_EDGE('',*,*,#1587,.F.);
#710=ORIENTED_EDGE('',*,*,#1588,.F.);
#711=ORIENTED_EDGE('',*,*,#1580,.T.);
#712=ORIENTED_EDGE('',*,*,#1589,.F.);
#713=ORIENTED_EDGE('',*,*,#1590,.F.);
#714=ORIENTED_EDGE('',*,*,#1581,.T.);
#715=ORIENTED_EDGE('',*,*,#1588,.T.);
#716=ORIENTED_EDGE('',*,*,#1591,.F.);
#717=ORIENTED_EDGE('',*,*,#1592,.F.);
#718=ORIENTED_EDGE('',*,*,#1589,.T.);
#719=ORIENTED_EDGE('',*,*,#1579,.T.);
#720=ORIENTED_EDGE('',*,*,#1593,.F.);
#721=ORIENTED_EDGE('',*,*,#1594,.F.);
#722=ORIENTED_EDGE('',*,*,#1595,.F.);
#723=ORIENTED_EDGE('',*,*,#1312,.F.);
#724=ORIENTED_EDGE('',*,*,#1596,.F.);
#725=ORIENTED_EDGE('',*,*,#1590,.T.);
#726=ORIENTED_EDGE('',*,*,#1596,.T.);
#727=ORIENTED_EDGE('',*,*,#1311,.F.);
#728=ORIENTED_EDGE('',*,*,#1597,.F.);
#729=ORIENTED_EDGE('',*,*,#1591,.T.);
#730=ORIENTED_EDGE('',*,*,#1582,.T.);
#731=ORIENTED_EDGE('',*,*,#1592,.T.);
#732=ORIENTED_EDGE('',*,*,#1598,.F.);
#733=ORIENTED_EDGE('',*,*,#1599,.F.);
#734=ORIENTED_EDGE('',*,*,#1593,.T.);
#735=ORIENTED_EDGE('',*,*,#1578,.T.);
#736=ORIENTED_EDGE('',*,*,#1600,.F.);
#737=ORIENTED_EDGE('',*,*,#1601,.F.);
#738=ORIENTED_EDGE('',*,*,#1595,.T.);
#739=ORIENTED_EDGE('',*,*,#1594,.T.);
#740=ORIENTED_EDGE('',*,*,#1602,.F.);
#741=ORIENTED_EDGE('',*,*,#1313,.F.);
#742=ORIENTED_EDGE('',*,*,#1597,.T.);
#743=ORIENTED_EDGE('',*,*,#1310,.F.);
#744=ORIENTED_EDGE('',*,*,#1603,.F.);
#745=ORIENTED_EDGE('',*,*,#1598,.T.);
#746=ORIENTED_EDGE('',*,*,#1583,.T.);
#747=ORIENTED_EDGE('',*,*,#1599,.T.);
#748=ORIENTED_EDGE('',*,*,#1604,.F.);
#749=ORIENTED_EDGE('',*,*,#1605,.F.);
#750=ORIENTED_EDGE('',*,*,#1600,.T.);
#751=ORIENTED_EDGE('',*,*,#1577,.T.);
#752=ORIENTED_EDGE('',*,*,#1606,.F.);
#753=ORIENTED_EDGE('',*,*,#1607,.F.);
#754=ORIENTED_EDGE('',*,*,#1602,.T.);
#755=ORIENTED_EDGE('',*,*,#1601,.T.);
#756=ORIENTED_EDGE('',*,*,#1608,.F.);
#757=ORIENTED_EDGE('',*,*,#1314,.F.);
#758=ORIENTED_EDGE('',*,*,#1603,.T.);
#759=ORIENTED_EDGE('',*,*,#1322,.F.);
#760=ORIENTED_EDGE('',*,*,#1609,.F.);
#761=ORIENTED_EDGE('',*,*,#1604,.T.);
#762=ORIENTED_EDGE('',*,*,#1584,.T.);
#763=ORIENTED_EDGE('',*,*,#1605,.T.);
#764=ORIENTED_EDGE('',*,*,#1610,.F.);
#765=ORIENTED_EDGE('',*,*,#1611,.F.);
#766=ORIENTED_EDGE('',*,*,#1606,.T.);
#767=ORIENTED_EDGE('',*,*,#1576,.T.);
#768=ORIENTED_EDGE('',*,*,#1612,.F.);
#769=ORIENTED_EDGE('',*,*,#1613,.F.);
#770=ORIENTED_EDGE('',*,*,#1608,.T.);
#771=ORIENTED_EDGE('',*,*,#1607,.T.);
#772=ORIENTED_EDGE('',*,*,#1614,.F.);
#773=ORIENTED_EDGE('',*,*,#1315,.F.);
#774=ORIENTED_EDGE('',*,*,#1609,.T.);
#775=ORIENTED_EDGE('',*,*,#1321,.F.);
#776=ORIENTED_EDGE('',*,*,#1615,.F.);
#777=ORIENTED_EDGE('',*,*,#1610,.T.);
#778=ORIENTED_EDGE('',*,*,#1585,.T.);
#779=ORIENTED_EDGE('',*,*,#1611,.T.);
#780=ORIENTED_EDGE('',*,*,#1616,.F.);
#781=ORIENTED_EDGE('',*,*,#1617,.F.);
#782=ORIENTED_EDGE('',*,*,#1612,.T.);
#783=ORIENTED_EDGE('',*,*,#1575,.T.);
#784=ORIENTED_EDGE('',*,*,#1618,.F.);
#785=ORIENTED_EDGE('',*,*,#1619,.F.);
#786=ORIENTED_EDGE('',*,*,#1614,.T.);
#787=ORIENTED_EDGE('',*,*,#1613,.T.);
#788=ORIENTED_EDGE('',*,*,#1620,.F.);
#789=ORIENTED_EDGE('',*,*,#1316,.F.);
#790=ORIENTED_EDGE('',*,*,#1615,.T.);
#791=ORIENTED_EDGE('',*,*,#1320,.F.);
#792=ORIENTED_EDGE('',*,*,#1621,.F.);
#793=ORIENTED_EDGE('',*,*,#1616,.T.);
#794=ORIENTED_EDGE('',*,*,#1622,.F.);
#795=ORIENTED_EDGE('',*,*,#1586,.T.);
#796=ORIENTED_EDGE('',*,*,#1617,.T.);
#797=ORIENTED_EDGE('',*,*,#1623,.F.);
#798=ORIENTED_EDGE('',*,*,#1587,.T.);
#799=ORIENTED_EDGE('',*,*,#1622,.T.);
#800=ORIENTED_EDGE('',*,*,#1624,.F.);
#801=ORIENTED_EDGE('',*,*,#1618,.T.);
#802=ORIENTED_EDGE('',*,*,#1620,.T.);
#803=ORIENTED_EDGE('',*,*,#1619,.T.);
#804=ORIENTED_EDGE('',*,*,#1625,.F.);
#805=ORIENTED_EDGE('',*,*,#1317,.F.);
#806=ORIENTED_EDGE('',*,*,#1621,.T.);
#807=ORIENTED_EDGE('',*,*,#1319,.F.);
#808=ORIENTED_EDGE('',*,*,#1626,.F.);
#809=ORIENTED_EDGE('',*,*,#1623,.T.);
#810=ORIENTED_EDGE('',*,*,#1625,.T.);
#811=ORIENTED_EDGE('',*,*,#1624,.T.);
#812=ORIENTED_EDGE('',*,*,#1626,.T.);
#813=ORIENTED_EDGE('',*,*,#1318,.F.);
#814=ORIENTED_EDGE('',*,*,#1627,.F.);
#815=ORIENTED_EDGE('',*,*,#1569,.T.);
#816=ORIENTED_EDGE('',*,*,#1628,.F.);
#817=ORIENTED_EDGE('',*,*,#1629,.F.);
#818=ORIENTED_EDGE('',*,*,#1628,.T.);
#819=ORIENTED_EDGE('',*,*,#1568,.T.);
#820=ORIENTED_EDGE('',*,*,#1630,.F.);
#821=ORIENTED_EDGE('',*,*,#1631,.F.);
#822=ORIENTED_EDGE('',*,*,#1632,.F.);
#823=ORIENTED_EDGE('',*,*,#1629,.T.);
#824=ORIENTED_EDGE('',*,*,#1633,.F.);
#825=ORIENTED_EDGE('',*,*,#1303,.F.);
#826=ORIENTED_EDGE('',*,*,#1570,.T.);
#827=ORIENTED_EDGE('',*,*,#1627,.T.);
#828=ORIENTED_EDGE('',*,*,#1634,.F.);
#829=ORIENTED_EDGE('',*,*,#1635,.F.);
#830=ORIENTED_EDGE('',*,*,#1630,.T.);
#831=ORIENTED_EDGE('',*,*,#1567,.T.);
#832=ORIENTED_EDGE('',*,*,#1636,.F.);
#833=ORIENTED_EDGE('',*,*,#1637,.F.);
#834=ORIENTED_EDGE('',*,*,#1633,.T.);
#835=ORIENTED_EDGE('',*,*,#1631,.T.);
#836=ORIENTED_EDGE('',*,*,#1638,.F.);
#837=ORIENTED_EDGE('',*,*,#1304,.F.);
#838=ORIENTED_EDGE('',*,*,#1632,.T.);
#839=ORIENTED_EDGE('',*,*,#1302,.F.);
#840=ORIENTED_EDGE('',*,*,#1639,.F.);
#841=ORIENTED_EDGE('',*,*,#1634,.T.);
#842=ORIENTED_EDGE('',*,*,#1571,.T.);
#843=ORIENTED_EDGE('',*,*,#1635,.T.);
#844=ORIENTED_EDGE('',*,*,#1640,.F.);
#845=ORIENTED_EDGE('',*,*,#1641,.F.);
#846=ORIENTED_EDGE('',*,*,#1636,.T.);
#847=ORIENTED_EDGE('',*,*,#1566,.T.);
#848=ORIENTED_EDGE('',*,*,#1642,.F.);
#849=ORIENTED_EDGE('',*,*,#1643,.F.);
#850=ORIENTED_EDGE('',*,*,#1638,.T.);
#851=ORIENTED_EDGE('',*,*,#1637,.T.);
#852=ORIENTED_EDGE('',*,*,#1644,.F.);
#853=ORIENTED_EDGE('',*,*,#1305,.F.);
#854=ORIENTED_EDGE('',*,*,#1639,.T.);
#855=ORIENTED_EDGE('',*,*,#1301,.F.);
#856=ORIENTED_EDGE('',*,*,#1645,.F.);
#857=ORIENTED_EDGE('',*,*,#1640,.T.);
#858=ORIENTED_EDGE('',*,*,#1572,.T.);
#859=ORIENTED_EDGE('',*,*,#1641,.T.);
#860=ORIENTED_EDGE('',*,*,#1646,.F.);
#861=ORIENTED_EDGE('',*,*,#1647,.F.);
#862=ORIENTED_EDGE('',*,*,#1642,.T.);
#863=ORIENTED_EDGE('',*,*,#1565,.T.);
#864=ORIENTED_EDGE('',*,*,#1648,.F.);
#865=ORIENTED_EDGE('',*,*,#1649,.F.);
#866=ORIENTED_EDGE('',*,*,#1644,.T.);
#867=ORIENTED_EDGE('',*,*,#1643,.T.);
#868=ORIENTED_EDGE('',*,*,#1650,.F.);
#869=ORIENTED_EDGE('',*,*,#1306,.F.);
#870=ORIENTED_EDGE('',*,*,#1645,.T.);
#871=ORIENTED_EDGE('',*,*,#1300,.F.);
#872=ORIENTED_EDGE('',*,*,#1651,.F.);
#873=ORIENTED_EDGE('',*,*,#1646,.T.);
#874=ORIENTED_EDGE('',*,*,#1573,.T.);
#875=ORIENTED_EDGE('',*,*,#1647,.T.);
#876=ORIENTED_EDGE('',*,*,#1652,.F.);
#877=ORIENTED_EDGE('',*,*,#1653,.F.);
#878=ORIENTED_EDGE('',*,*,#1648,.T.);
#879=ORIENTED_EDGE('',*,*,#1564,.T.);
#880=ORIENTED_EDGE('',*,*,#1654,.F.);
#881=ORIENTED_EDGE('',*,*,#1655,.F.);
#882=ORIENTED_EDGE('',*,*,#1650,.T.);
#883=ORIENTED_EDGE('',*,*,#1649,.T.);
#884=ORIENTED_EDGE('',*,*,#1656,.F.);
#885=ORIENTED_EDGE('',*,*,#1307,.F.);
#886=ORIENTED_EDGE('',*,*,#1651,.T.);
#887=ORIENTED_EDGE('',*,*,#1299,.F.);
#888=ORIENTED_EDGE('',*,*,#1657,.F.);
#889=ORIENTED_EDGE('',*,*,#1652,.T.);
#890=ORIENTED_EDGE('',*,*,#1658,.F.);
#891=ORIENTED_EDGE('',*,*,#1574,.T.);
#892=ORIENTED_EDGE('',*,*,#1653,.T.);
#893=ORIENTED_EDGE('',*,*,#1659,.F.);
#894=ORIENTED_EDGE('',*,*,#1563,.T.);
#895=ORIENTED_EDGE('',*,*,#1658,.T.);
#896=ORIENTED_EDGE('',*,*,#1660,.F.);
#897=ORIENTED_EDGE('',*,*,#1654,.T.);
#898=ORIENTED_EDGE('',*,*,#1656,.T.);
#899=ORIENTED_EDGE('',*,*,#1655,.T.);
#900=ORIENTED_EDGE('',*,*,#1661,.F.);
#901=ORIENTED_EDGE('',*,*,#1308,.F.);
#902=ORIENTED_EDGE('',*,*,#1657,.T.);
#903=ORIENTED_EDGE('',*,*,#1298,.F.);
#904=ORIENTED_EDGE('',*,*,#1662,.F.);
#905=ORIENTED_EDGE('',*,*,#1659,.T.);
#906=ORIENTED_EDGE('',*,*,#1661,.T.);
#907=ORIENTED_EDGE('',*,*,#1660,.T.);
#908=ORIENTED_EDGE('',*,*,#1662,.T.);
#909=ORIENTED_EDGE('',*,*,#1309,.F.);
#910=ORIENTED_EDGE('',*,*,#1663,.T.);
#911=ORIENTED_EDGE('',*,*,#1467,.T.);
#912=ORIENTED_EDGE('',*,*,#1286,.F.);
#913=ORIENTED_EDGE('',*,*,#1496,.F.);
#914=ORIENTED_EDGE('',*,*,#1280,.T.);
#915=ORIENTED_EDGE('',*,*,#1471,.T.);
#916=ORIENTED_EDGE('',*,*,#1664,.F.);
#917=ORIENTED_EDGE('',*,*,#1492,.F.);
#918=ORIENTED_EDGE('',*,*,#1664,.T.);
#919=ORIENTED_EDGE('',*,*,#1470,.T.);
#920=ORIENTED_EDGE('',*,*,#1665,.F.);
#921=ORIENTED_EDGE('',*,*,#1493,.F.);
#922=ORIENTED_EDGE('',*,*,#1665,.T.);
#923=ORIENTED_EDGE('',*,*,#1469,.T.);
#924=ORIENTED_EDGE('',*,*,#1666,.F.);
#925=ORIENTED_EDGE('',*,*,#1494,.F.);
#926=ORIENTED_EDGE('',*,*,#1666,.T.);
#927=ORIENTED_EDGE('',*,*,#1468,.T.);
#928=ORIENTED_EDGE('',*,*,#1663,.F.);
#929=ORIENTED_EDGE('',*,*,#1495,.F.);
#930=ORIENTED_EDGE('',*,*,#1525,.T.);
#931=ORIENTED_EDGE('',*,*,#1667,.T.);
#932=ORIENTED_EDGE('',*,*,#1545,.F.);
#933=ORIENTED_EDGE('',*,*,#1668,.F.);
#934=ORIENTED_EDGE('',*,*,#1526,.T.);
#935=ORIENTED_EDGE('',*,*,#1668,.T.);
#936=ORIENTED_EDGE('',*,*,#1544,.F.);
#937=ORIENTED_EDGE('',*,*,#1669,.F.);
#938=ORIENTED_EDGE('',*,*,#1527,.T.);
#939=ORIENTED_EDGE('',*,*,#1669,.T.);
#940=ORIENTED_EDGE('',*,*,#1543,.F.);
#941=ORIENTED_EDGE('',*,*,#1670,.F.);
#942=ORIENTED_EDGE('',*,*,#1528,.T.);
#943=ORIENTED_EDGE('',*,*,#1670,.T.);
#944=ORIENTED_EDGE('',*,*,#1542,.F.);
#945=ORIENTED_EDGE('',*,*,#1290,.T.);
#946=ORIENTED_EDGE('',*,*,#1524,.T.);
#947=ORIENTED_EDGE('',*,*,#1284,.F.);
#948=ORIENTED_EDGE('',*,*,#1546,.F.);
#949=ORIENTED_EDGE('',*,*,#1667,.F.);
#950=ORIENTED_EDGE('',*,*,#1671,.T.);
#951=ORIENTED_EDGE('',*,*,#1472,.T.);
#952=ORIENTED_EDGE('',*,*,#1278,.F.);
#953=ORIENTED_EDGE('',*,*,#1491,.F.);
#954=ORIENTED_EDGE('',*,*,#1504,.T.);
#955=ORIENTED_EDGE('',*,*,#1476,.T.);
#956=ORIENTED_EDGE('',*,*,#1672,.F.);
#957=ORIENTED_EDGE('',*,*,#1487,.F.);
#958=ORIENTED_EDGE('',*,*,#1672,.T.);
#959=ORIENTED_EDGE('',*,*,#1475,.T.);
#960=ORIENTED_EDGE('',*,*,#1673,.F.);
#961=ORIENTED_EDGE('',*,*,#1488,.F.);
#962=ORIENTED_EDGE('',*,*,#1673,.T.);
#963=ORIENTED_EDGE('',*,*,#1474,.T.);
#964=ORIENTED_EDGE('',*,*,#1674,.F.);
#965=ORIENTED_EDGE('',*,*,#1489,.F.);
#966=ORIENTED_EDGE('',*,*,#1674,.T.);
#967=ORIENTED_EDGE('',*,*,#1473,.T.);
#968=ORIENTED_EDGE('',*,*,#1671,.F.);
#969=ORIENTED_EDGE('',*,*,#1490,.F.);
#970=ORIENTED_EDGE('',*,*,#1520,.T.);
#971=ORIENTED_EDGE('',*,*,#1675,.T.);
#972=ORIENTED_EDGE('',*,*,#1550,.F.);
#973=ORIENTED_EDGE('',*,*,#1676,.F.);
#974=ORIENTED_EDGE('',*,*,#1521,.T.);
#975=ORIENTED_EDGE('',*,*,#1676,.T.);
#976=ORIENTED_EDGE('',*,*,#1549,.F.);
#977=ORIENTED_EDGE('',*,*,#1677,.F.);
#978=ORIENTED_EDGE('',*,*,#1522,.T.);
#979=ORIENTED_EDGE('',*,*,#1677,.T.);
#980=ORIENTED_EDGE('',*,*,#1548,.F.);
#981=ORIENTED_EDGE('',*,*,#1678,.F.);
#982=ORIENTED_EDGE('',*,*,#1523,.T.);
#983=ORIENTED_EDGE('',*,*,#1678,.T.);
#984=ORIENTED_EDGE('',*,*,#1547,.F.);
#985=ORIENTED_EDGE('',*,*,#1282,.T.);
#986=ORIENTED_EDGE('',*,*,#1519,.T.);
#987=ORIENTED_EDGE('',*,*,#1558,.F.);
#988=ORIENTED_EDGE('',*,*,#1551,.F.);
#989=ORIENTED_EDGE('',*,*,#1675,.F.);
#990=ORIENTED_EDGE('',*,*,#1498,.T.);
#991=ORIENTED_EDGE('',*,*,#1270,.T.);
#992=ORIENTED_EDGE('',*,*,#1465,.F.);
#993=ORIENTED_EDGE('',*,*,#1679,.F.);
#994=ORIENTED_EDGE('',*,*,#1502,.T.);
#995=ORIENTED_EDGE('',*,*,#1680,.T.);
#996=ORIENTED_EDGE('',*,*,#1461,.F.);
#997=ORIENTED_EDGE('',*,*,#1264,.F.);
#998=ORIENTED_EDGE('',*,*,#1501,.T.);
#999=ORIENTED_EDGE('',*,*,#1681,.T.);
#1000=ORIENTED_EDGE('',*,*,#1462,.F.);
#1001=ORIENTED_EDGE('',*,*,#1680,.F.);
#1002=ORIENTED_EDGE('',*,*,#1500,.T.);
#1003=ORIENTED_EDGE('',*,*,#1682,.T.);
#1004=ORIENTED_EDGE('',*,*,#1463,.F.);
#1005=ORIENTED_EDGE('',*,*,#1681,.F.);
#1006=ORIENTED_EDGE('',*,*,#1499,.T.);
#1007=ORIENTED_EDGE('',*,*,#1679,.T.);
#1008=ORIENTED_EDGE('',*,*,#1464,.F.);
#1009=ORIENTED_EDGE('',*,*,#1682,.F.);
#1010=ORIENTED_EDGE('',*,*,#1683,.T.);
#1011=ORIENTED_EDGE('',*,*,#1537,.T.);
#1012=ORIENTED_EDGE('',*,*,#1684,.F.);
#1013=ORIENTED_EDGE('',*,*,#1533,.F.);
#1014=ORIENTED_EDGE('',*,*,#1685,.T.);
#1015=ORIENTED_EDGE('',*,*,#1538,.T.);
#1016=ORIENTED_EDGE('',*,*,#1683,.F.);
#1017=ORIENTED_EDGE('',*,*,#1532,.F.);
#1018=ORIENTED_EDGE('',*,*,#1686,.T.);
#1019=ORIENTED_EDGE('',*,*,#1539,.T.);
#1020=ORIENTED_EDGE('',*,*,#1685,.F.);
#1021=ORIENTED_EDGE('',*,*,#1531,.F.);
#1022=ORIENTED_EDGE('',*,*,#1274,.T.);
#1023=ORIENTED_EDGE('',*,*,#1540,.T.);
#1024=ORIENTED_EDGE('',*,*,#1686,.F.);
#1025=ORIENTED_EDGE('',*,*,#1530,.F.);
#1026=ORIENTED_EDGE('',*,*,#1684,.T.);
#1027=ORIENTED_EDGE('',*,*,#1536,.T.);
#1028=ORIENTED_EDGE('',*,*,#1268,.F.);
#1029=ORIENTED_EDGE('',*,*,#1534,.F.);
#1030=ORIENTED_EDGE('',*,*,#1481,.T.);
#1031=ORIENTED_EDGE('',*,*,#1262,.T.);
#1032=ORIENTED_EDGE('',*,*,#1460,.F.);
#1033=ORIENTED_EDGE('',*,*,#1687,.F.);
#1034=ORIENTED_EDGE('',*,*,#1485,.T.);
#1035=ORIENTED_EDGE('',*,*,#1688,.T.);
#1036=ORIENTED_EDGE('',*,*,#1478,.F.);
#1037=ORIENTED_EDGE('',*,*,#1503,.F.);
#1038=ORIENTED_EDGE('',*,*,#1484,.T.);
#1039=ORIENTED_EDGE('',*,*,#1689,.T.);
#1040=ORIENTED_EDGE('',*,*,#1479,.F.);
#1041=ORIENTED_EDGE('',*,*,#1688,.F.);
#1042=ORIENTED_EDGE('',*,*,#1483,.T.);
#1043=ORIENTED_EDGE('',*,*,#1690,.T.);
#1044=ORIENTED_EDGE('',*,*,#1480,.F.);
#1045=ORIENTED_EDGE('',*,*,#1689,.F.);
#1046=ORIENTED_EDGE('',*,*,#1482,.T.);
#1047=ORIENTED_EDGE('',*,*,#1687,.T.);
#1048=ORIENTED_EDGE('',*,*,#1459,.F.);
#1049=ORIENTED_EDGE('',*,*,#1690,.F.);
#1050=ORIENTED_EDGE('',*,*,#1691,.T.);
#1051=ORIENTED_EDGE('',*,*,#1554,.T.);
#1052=ORIENTED_EDGE('',*,*,#1692,.F.);
#1053=ORIENTED_EDGE('',*,*,#1516,.F.);
#1054=ORIENTED_EDGE('',*,*,#1693,.T.);
#1055=ORIENTED_EDGE('',*,*,#1555,.T.);
#1056=ORIENTED_EDGE('',*,*,#1691,.F.);
#1057=ORIENTED_EDGE('',*,*,#1515,.F.);
#1058=ORIENTED_EDGE('',*,*,#1694,.T.);
#1059=ORIENTED_EDGE('',*,*,#1556,.T.);
#1060=ORIENTED_EDGE('',*,*,#1693,.F.);
#1061=ORIENTED_EDGE('',*,*,#1514,.F.);
#1062=ORIENTED_EDGE('',*,*,#1266,.T.);
#1063=ORIENTED_EDGE('',*,*,#1535,.T.);
#1064=ORIENTED_EDGE('',*,*,#1694,.F.);
#1065=ORIENTED_EDGE('',*,*,#1513,.F.);
#1066=ORIENTED_EDGE('',*,*,#1692,.T.);
#1067=ORIENTED_EDGE('',*,*,#1553,.T.);
#1068=ORIENTED_EDGE('',*,*,#1557,.F.);
#1069=ORIENTED_EDGE('',*,*,#1517,.F.);
#1070=ORIENTED_EDGE('',*,*,#1387,.T.);
#1071=ORIENTED_EDGE('',*,*,#1256,.T.);
#1072=ORIENTED_EDGE('',*,*,#1441,.T.);
#1073=ORIENTED_EDGE('',*,*,#1695,.F.);
#1074=ORIENTED_EDGE('',*,*,#1388,.T.);
#1075=ORIENTED_EDGE('',*,*,#1695,.T.);
#1076=ORIENTED_EDGE('',*,*,#1440,.T.);
#1077=ORIENTED_EDGE('',*,*,#1696,.F.);
#1078=ORIENTED_EDGE('',*,*,#1389,.T.);
#1079=ORIENTED_EDGE('',*,*,#1696,.T.);
#1080=ORIENTED_EDGE('',*,*,#1439,.T.);
#1081=ORIENTED_EDGE('',*,*,#1697,.F.);
#1082=ORIENTED_EDGE('',*,*,#1391,.T.);
#1083=ORIENTED_EDGE('',*,*,#1698,.T.);
#1084=ORIENTED_EDGE('',*,*,#1437,.T.);
#1085=ORIENTED_EDGE('',*,*,#1335,.F.);
#1086=ORIENTED_EDGE('',*,*,#1390,.T.);
#1087=ORIENTED_EDGE('',*,*,#1697,.T.);
#1088=ORIENTED_EDGE('',*,*,#1438,.T.);
#1089=ORIENTED_EDGE('',*,*,#1698,.F.);
#1090=ORIENTED_EDGE('',*,*,#1359,.T.);
#1091=ORIENTED_EDGE('',*,*,#1259,.F.);
#1092=ORIENTED_EDGE('',*,*,#1415,.F.);
#1093=ORIENTED_EDGE('',*,*,#1699,.T.);
#1094=ORIENTED_EDGE('',*,*,#1363,.T.);
#1095=ORIENTED_EDGE('',*,*,#1700,.F.);
#1096=ORIENTED_EDGE('',*,*,#1411,.F.);
#1097=ORIENTED_EDGE('',*,*,#1253,.T.);
#1098=ORIENTED_EDGE('',*,*,#1362,.T.);
#1099=ORIENTED_EDGE('',*,*,#1701,.F.);
#1100=ORIENTED_EDGE('',*,*,#1412,.F.);
#1101=ORIENTED_EDGE('',*,*,#1700,.T.);
#1102=ORIENTED_EDGE('',*,*,#1361,.T.);
#1103=ORIENTED_EDGE('',*,*,#1702,.F.);
#1104=ORIENTED_EDGE('',*,*,#1413,.F.);
#1105=ORIENTED_EDGE('',*,*,#1701,.T.);
#1106=ORIENTED_EDGE('',*,*,#1360,.T.);
#1107=ORIENTED_EDGE('',*,*,#1699,.F.);
#1108=ORIENTED_EDGE('',*,*,#1414,.F.);
#1109=ORIENTED_EDGE('',*,*,#1702,.T.);
#1110=ORIENTED_EDGE('',*,*,#1382,.T.);
#1111=ORIENTED_EDGE('',*,*,#1233,.T.);
#1112=ORIENTED_EDGE('',*,*,#1446,.T.);
#1113=ORIENTED_EDGE('',*,*,#1703,.F.);
#1114=ORIENTED_EDGE('',*,*,#1383,.T.);
#1115=ORIENTED_EDGE('',*,*,#1703,.T.);
#1116=ORIENTED_EDGE('',*,*,#1445,.T.);
#1117=ORIENTED_EDGE('',*,*,#1704,.F.);
#1118=ORIENTED_EDGE('',*,*,#1384,.T.);
#1119=ORIENTED_EDGE('',*,*,#1704,.T.);
#1120=ORIENTED_EDGE('',*,*,#1444,.T.);
#1121=ORIENTED_EDGE('',*,*,#1705,.F.);
#1122=ORIENTED_EDGE('',*,*,#1386,.T.);
#1123=ORIENTED_EDGE('',*,*,#1706,.T.);
#1124=ORIENTED_EDGE('',*,*,#1442,.T.);
#1125=ORIENTED_EDGE('',*,*,#1254,.F.);
#1126=ORIENTED_EDGE('',*,*,#1385,.T.);
#1127=ORIENTED_EDGE('',*,*,#1705,.T.);
#1128=ORIENTED_EDGE('',*,*,#1443,.T.);
#1129=ORIENTED_EDGE('',*,*,#1706,.F.);
#1130=ORIENTED_EDGE('',*,*,#1364,.T.);
#1131=ORIENTED_EDGE('',*,*,#1251,.F.);
#1132=ORIENTED_EDGE('',*,*,#1410,.F.);
#1133=ORIENTED_EDGE('',*,*,#1707,.T.);
#1134=ORIENTED_EDGE('',*,*,#1368,.T.);
#1135=ORIENTED_EDGE('',*,*,#1708,.F.);
#1136=ORIENTED_EDGE('',*,*,#1406,.F.);
#1137=ORIENTED_EDGE('',*,*,#1345,.T.);
#1138=ORIENTED_EDGE('',*,*,#1367,.T.);
#1139=ORIENTED_EDGE('',*,*,#1709,.F.);
#1140=ORIENTED_EDGE('',*,*,#1407,.F.);
#1141=ORIENTED_EDGE('',*,*,#1708,.T.);
#1142=ORIENTED_EDGE('',*,*,#1366,.T.);
#1143=ORIENTED_EDGE('',*,*,#1710,.F.);
#1144=ORIENTED_EDGE('',*,*,#1408,.F.);
#1145=ORIENTED_EDGE('',*,*,#1709,.T.);
#1146=ORIENTED_EDGE('',*,*,#1365,.T.);
#1147=ORIENTED_EDGE('',*,*,#1707,.F.);
#1148=ORIENTED_EDGE('',*,*,#1409,.F.);
#1149=ORIENTED_EDGE('',*,*,#1710,.T.);
#1150=ORIENTED_EDGE('',*,*,#1711,.T.);
#1151=ORIENTED_EDGE('',*,*,#1428,.F.);
#1152=ORIENTED_EDGE('',*,*,#1240,.F.);
#1153=ORIENTED_EDGE('',*,*,#1400,.F.);
#1154=ORIENTED_EDGE('',*,*,#1712,.T.);
#1155=ORIENTED_EDGE('',*,*,#1429,.F.);
#1156=ORIENTED_EDGE('',*,*,#1711,.F.);
#1157=ORIENTED_EDGE('',*,*,#1399,.F.);
#1158=ORIENTED_EDGE('',*,*,#1713,.T.);
#1159=ORIENTED_EDGE('',*,*,#1430,.F.);
#1160=ORIENTED_EDGE('',*,*,#1712,.F.);
#1161=ORIENTED_EDGE('',*,*,#1398,.F.);
#1162=ORIENTED_EDGE('',*,*,#1246,.T.);
#1163=ORIENTED_EDGE('',*,*,#1432,.F.);
#1164=ORIENTED_EDGE('',*,*,#1714,.F.);
#1165=ORIENTED_EDGE('',*,*,#1396,.F.);
#1166=ORIENTED_EDGE('',*,*,#1714,.T.);
#1167=ORIENTED_EDGE('',*,*,#1431,.F.);
#1168=ORIENTED_EDGE('',*,*,#1713,.F.);
#1169=ORIENTED_EDGE('',*,*,#1397,.F.);
#1170=ORIENTED_EDGE('',*,*,#1715,.F.);
#1171=ORIENTED_EDGE('',*,*,#1421,.T.);
#1172=ORIENTED_EDGE('',*,*,#1243,.T.);
#1173=ORIENTED_EDGE('',*,*,#1353,.F.);
#1174=ORIENTED_EDGE('',*,*,#1237,.F.);
#1175=ORIENTED_EDGE('',*,*,#1425,.T.);
#1176=ORIENTED_EDGE('',*,*,#1716,.T.);
#1177=ORIENTED_EDGE('',*,*,#1349,.F.);
#1178=ORIENTED_EDGE('',*,*,#1716,.F.);
#1179=ORIENTED_EDGE('',*,*,#1424,.T.);
#1180=ORIENTED_EDGE('',*,*,#1717,.T.);
#1181=ORIENTED_EDGE('',*,*,#1350,.F.);
#1182=ORIENTED_EDGE('',*,*,#1717,.F.);
#1183=ORIENTED_EDGE('',*,*,#1423,.T.);
#1184=ORIENTED_EDGE('',*,*,#1718,.T.);
#1185=ORIENTED_EDGE('',*,*,#1351,.F.);
#1186=ORIENTED_EDGE('',*,*,#1718,.F.);
#1187=ORIENTED_EDGE('',*,*,#1422,.T.);
#1188=ORIENTED_EDGE('',*,*,#1715,.T.);
#1189=ORIENTED_EDGE('',*,*,#1352,.F.);
#1190=ORIENTED_EDGE('',*,*,#1719,.T.);
#1191=ORIENTED_EDGE('',*,*,#1447,.F.);
#1192=ORIENTED_EDGE('',*,*,#1231,.F.);
#1193=ORIENTED_EDGE('',*,*,#1381,.F.);
#1194=ORIENTED_EDGE('',*,*,#1720,.T.);
#1195=ORIENTED_EDGE('',*,*,#1448,.F.);
#1196=ORIENTED_EDGE('',*,*,#1719,.F.);
#1197=ORIENTED_EDGE('',*,*,#1380,.F.);
#1198=ORIENTED_EDGE('',*,*,#1721,.T.);
#1199=ORIENTED_EDGE('',*,*,#1449,.F.);
#1200=ORIENTED_EDGE('',*,*,#1720,.F.);
#1201=ORIENTED_EDGE('',*,*,#1379,.F.);
#1202=ORIENTED_EDGE('',*,*,#1238,.T.);
#1203=ORIENTED_EDGE('',*,*,#1427,.F.);
#1204=ORIENTED_EDGE('',*,*,#1722,.F.);
#1205=ORIENTED_EDGE('',*,*,#1377,.F.);
#1206=ORIENTED_EDGE('',*,*,#1722,.T.);
#1207=ORIENTED_EDGE('',*,*,#1450,.F.);
#1208=ORIENTED_EDGE('',*,*,#1721,.F.);
#1209=ORIENTED_EDGE('',*,*,#1378,.F.);
#1210=ORIENTED_EDGE('',*,*,#1723,.F.);
#1211=ORIENTED_EDGE('',*,*,#1401,.T.);
#1212=ORIENTED_EDGE('',*,*,#1235,.T.);
#1213=ORIENTED_EDGE('',*,*,#1348,.F.);
#1214=ORIENTED_EDGE('',*,*,#1343,.F.);
#1215=ORIENTED_EDGE('',*,*,#1405,.T.);
#1216=ORIENTED_EDGE('',*,*,#1724,.T.);
#1217=ORIENTED_EDGE('',*,*,#1369,.F.);
#1218=ORIENTED_EDGE('',*,*,#1724,.F.);
#1219=ORIENTED_EDGE('',*,*,#1404,.T.);
#1220=ORIENTED_EDGE('',*,*,#1725,.T.);
#1221=ORIENTED_EDGE('',*,*,#1370,.F.);
#1222=ORIENTED_EDGE('',*,*,#1725,.F.);
#1223=ORIENTED_EDGE('',*,*,#1403,.T.);
#1224=ORIENTED_EDGE('',*,*,#1726,.T.);
#1225=ORIENTED_EDGE('',*,*,#1371,.F.);
#1226=ORIENTED_EDGE('',*,*,#1726,.F.);
#1227=ORIENTED_EDGE('',*,*,#1402,.T.);
#1228=ORIENTED_EDGE('',*,*,#1723,.T.);
#1229=ORIENTED_EDGE('',*,*,#1347,.F.);
#1230=EDGE_CURVE('',#1727,#1728,#2042,.T.);
#1231=EDGE_CURVE('',#1727,#1729,#2043,.T.);
#1232=EDGE_CURVE('',#1729,#1730,#2044,.F.);
#1233=EDGE_CURVE('',#1728,#1730,#2045,.T.);
#1234=EDGE_CURVE('',#1731,#1732,#2046,.T.);
#1235=EDGE_CURVE('',#1733,#1732,#2047,.T.);
#1236=EDGE_CURVE('',#1734,#1733,#2048,.F.);
#1237=EDGE_CURVE('',#1734,#1731,#2049,.T.);
#1238=EDGE_CURVE('',#1735,#1736,#2050,.T.);
#1239=EDGE_CURVE('',#1737,#1735,#2051,.T.);
#1240=EDGE_CURVE('',#1737,#1738,#2052,.T.);
#1241=EDGE_CURVE('',#1738,#1736,#2053,.F.);
#1242=EDGE_CURVE('',#1739,#1740,#2054,.T.);
#1243=EDGE_CURVE('',#1741,#1740,#2055,.T.);
#1244=EDGE_CURVE('',#1742,#1741,#2056,.F.);
#1245=EDGE_CURVE('',#1739,#1742,#2057,.T.);
#1246=EDGE_CURVE('',#1743,#1744,#2058,.T.);
#1247=EDGE_CURVE('',#1745,#1743,#2059,.T.);
#1248=EDGE_CURVE('',#1745,#1746,#2060,.T.);
#1249=EDGE_CURVE('',#1746,#1744,#2061,.F.);
#1250=EDGE_CURVE('',#1747,#1748,#2062,.F.);
#1251=EDGE_CURVE('',#1747,#1749,#2063,.T.);
#1252=EDGE_CURVE('',#1749,#1750,#2064,.T.);
#1253=EDGE_CURVE('',#1748,#1750,#2065,.T.);
#1254=EDGE_CURVE('',#1751,#1752,#2066,.T.);
#1255=EDGE_CURVE('',#1752,#1753,#2067,.F.);
#1256=EDGE_CURVE('',#1754,#1753,#2068,.T.);
#1257=EDGE_CURVE('',#1751,#1754,#2069,.T.);
#1258=EDGE_CURVE('',#1755,#1756,#2070,.F.);
#1259=EDGE_CURVE('',#1755,#1757,#2071,.T.);
#1260=EDGE_CURVE('',#1757,#1758,#2072,.T.);
#1261=EDGE_CURVE('',#1758,#1756,#2073,.T.);
#1262=EDGE_CURVE('',#1759,#1760,#2074,.T.);
#1263=EDGE_CURVE('',#1759,#1761,#2075,.T.);
#1264=EDGE_CURVE('',#1761,#1762,#2076,.T.);
#1265=EDGE_CURVE('',#1760,#1762,#2077,.T.);
#1266=EDGE_CURVE('',#1763,#1764,#2078,.T.);
#1267=EDGE_CURVE('',#1765,#1763,#2079,.T.);
#1268=EDGE_CURVE('',#1765,#1766,#2080,.T.);
#1269=EDGE_CURVE('',#1766,#1764,#2081,.T.);
#1270=EDGE_CURVE('',#1767,#1768,#2082,.T.);
#1271=EDGE_CURVE('',#1767,#1769,#2083,.T.);
#1272=EDGE_CURVE('',#1770,#1769,#2084,.T.);
#1273=EDGE_CURVE('',#1768,#1770,#2085,.T.);
#1274=EDGE_CURVE('',#1771,#1772,#2086,.T.);
#1275=EDGE_CURVE('',#1773,#1771,#2087,.T.);
#1276=EDGE_CURVE('',#1773,#1774,#2088,.T.);
#1277=EDGE_CURVE('',#1774,#1772,#2089,.T.);
#1278=EDGE_CURVE('',#1775,#1776,#2090,.T.);
#1279=EDGE_CURVE('',#1777,#1776,#2091,.T.);
#1280=EDGE_CURVE('',#1778,#1777,#2092,.T.);
#1281=EDGE_CURVE('',#1778,#1775,#2093,.T.);
#1282=EDGE_CURVE('',#1779,#1780,#2094,.F.);
#1283=EDGE_CURVE('',#1779,#1781,#2095,.T.);
#1284=EDGE_CURVE('',#1781,#1782,#2096,.F.);
#1285=EDGE_CURVE('',#1780,#1782,#2097,.T.);
#1286=EDGE_CURVE('',#1783,#1784,#2098,.T.);
#1287=EDGE_CURVE('',#1785,#1784,#2099,.T.);
#1288=EDGE_CURVE('',#1785,#1786,#2100,.T.);
#1289=EDGE_CURVE('',#1786,#1783,#2101,.T.);
#1290=EDGE_CURVE('',#1787,#1788,#2102,.F.);
#1291=EDGE_CURVE('',#1787,#1789,#2103,.T.);
#1292=EDGE_CURVE('',#1790,#1789,#2104,.T.);
#1293=EDGE_CURVE('',#1788,#1790,#2105,.T.);
#1294=EDGE_CURVE('',#1791,#1792,#2106,.F.);
#1295=EDGE_CURVE('',#1793,#1792,#2107,.F.);
#1296=EDGE_CURVE('',#1794,#1793,#2108,.F.);
#1297=EDGE_CURVE('',#1794,#1791,#2109,.T.);
#1298=EDGE_CURVE('',#1795,#1796,#2110,.T.);
#1299=EDGE_CURVE('',#1796,#1797,#2111,.T.);
#1300=EDGE_CURVE('',#1797,#1798,#2112,.T.);
#1301=EDGE_CURVE('',#1798,#1799,#2113,.T.);
#1302=EDGE_CURVE('',#1799,#1800,#2114,.T.);
#1303=EDGE_CURVE('',#1800,#1801,#2115,.T.);
#1304=EDGE_CURVE('',#1801,#1802,#2116,.T.);
#1305=EDGE_CURVE('',#1802,#1803,#2117,.T.);
#1306=EDGE_CURVE('',#1803,#1804,#2118,.T.);
#1307=EDGE_CURVE('',#1804,#1805,#2119,.T.);
#1308=EDGE_CURVE('',#1805,#1806,#2120,.T.);
#1309=EDGE_CURVE('',#1806,#1795,#2121,.T.);
#1310=EDGE_CURVE('',#1807,#1808,#2122,.T.);
#1311=EDGE_CURVE('',#1808,#1809,#2123,.T.);
#1312=EDGE_CURVE('',#1809,#1810,#2124,.T.);
#1313=EDGE_CURVE('',#1810,#1811,#2125,.T.);
#1314=EDGE_CURVE('',#1811,#1812,#2126,.T.);
#1315=EDGE_CURVE('',#1812,#1813,#2127,.T.);
#1316=EDGE_CURVE('',#1813,#1814,#2128,.T.);
#1317=EDGE_CURVE('',#1814,#1815,#2129,.T.);
#1318=EDGE_CURVE('',#1815,#1816,#2130,.T.);
#1319=EDGE_CURVE('',#1816,#1817,#2131,.T.);
#1320=EDGE_CURVE('',#1817,#1818,#2132,.T.);
#1321=EDGE_CURVE('',#1818,#1819,#2133,.T.);
#1322=EDGE_CURVE('',#1819,#1807,#2134,.T.);
#1323=EDGE_CURVE('',#1820,#1821,#2135,.T.);
#1324=EDGE_CURVE('',#1822,#1820,#92,.F.);
#1325=EDGE_CURVE('',#1822,#1793,#2136,.T.);
#1326=EDGE_CURVE('',#1793,#1821,#93,.F.);
#1327=EDGE_CURVE('',#1823,#1824,#2137,.F.);
#1328=EDGE_CURVE('',#1823,#1825,#94,.F.);
#1329=EDGE_CURVE('',#1825,#1791,#2138,.T.);
#1330=EDGE_CURVE('',#1824,#1791,#95,.F.);
#1331=EDGE_CURVE('',#1826,#1827,#2139,.T.);
#1332=EDGE_CURVE('',#1826,#1794,#96,.F.);
#1333=EDGE_CURVE('',#1828,#1794,#2140,.T.);
#1334=EDGE_CURVE('',#1827,#1828,#97,.F.);
#1335=EDGE_CURVE('',#1829,#1830,#2141,.T.);
#1336=EDGE_CURVE('',#1830,#1831,#2142,.F.);
#1337=EDGE_CURVE('',#1832,#1831,#2143,.T.);
#1338=EDGE_CURVE('',#1829,#1832,#2144,.T.);
#1339=EDGE_CURVE('',#1833,#1834,#2145,.F.);
#1340=EDGE_CURVE('',#1792,#1833,#98,.F.);
#1341=EDGE_CURVE('',#1835,#1792,#2146,.T.);
#1342=EDGE_CURVE('',#1835,#1834,#99,.F.);
#1343=EDGE_CURVE('',#1836,#1837,#2147,.T.);
#1344=EDGE_CURVE('',#1837,#1838,#2148,.T.);
#1345=EDGE_CURVE('',#1839,#1838,#2149,.T.);
#1346=EDGE_CURVE('',#1836,#1839,#2150,.F.);
#1347=EDGE_CURVE('',#1840,#1841,#100,.F.);
#1348=EDGE_CURVE('',#1841,#1732,#101,.T.);
#1349=EDGE_CURVE('',#1731,#1842,#102,.T.);
#1350=EDGE_CURVE('',#1842,#1843,#103,.F.);
#1351=EDGE_CURVE('',#1843,#1844,#2151,.T.);
#1352=EDGE_CURVE('',#1844,#1845,#104,.F.);
#1353=EDGE_CURVE('',#1845,#1740,#105,.T.);
#1354=EDGE_CURVE('',#1846,#1739,#2152,.T.);
#1355=EDGE_CURVE('',#1827,#1846,#2153,.T.);
#1356=EDGE_CURVE('',#1827,#1823,#2154,.T.);
#1357=EDGE_CURVE('',#1847,#1823,#2155,.T.);
#1358=EDGE_CURVE('',#1758,#1847,#2156,.T.);
#1359=EDGE_CURVE('',#1848,#1757,#106,.F.);
#1360=EDGE_CURVE('',#1849,#1848,#107,.T.);
#1361=EDGE_CURVE('',#1850,#1849,#2157,.T.);
#1362=EDGE_CURVE('',#1851,#1850,#108,.T.);
#1363=EDGE_CURVE('',#1750,#1851,#109,.F.);
#1364=EDGE_CURVE('',#1852,#1749,#110,.F.);
#1365=EDGE_CURVE('',#1853,#1852,#111,.T.);
#1366=EDGE_CURVE('',#1854,#1853,#2158,.T.);
#1367=EDGE_CURVE('',#1855,#1854,#112,.T.);
#1368=EDGE_CURVE('',#1838,#1855,#113,.F.);
#1369=EDGE_CURVE('',#1837,#1856,#114,.T.);
#1370=EDGE_CURVE('',#1856,#1857,#115,.F.);
#1371=EDGE_CURVE('',#1857,#1840,#2159,.T.);
#1372=EDGE_CURVE('',#1828,#1825,#2160,.T.);
#1373=EDGE_CURVE('',#1825,#1835,#2161,.T.);
#1374=EDGE_CURVE('',#1828,#1822,#2162,.T.);
#1375=EDGE_CURVE('',#1822,#1835,#2163,.T.);
#1376=EDGE_CURVE('',#1820,#1834,#2164,.T.);
#1377=EDGE_CURVE('',#1735,#1858,#116,.T.);
#1378=EDGE_CURVE('',#1858,#1859,#117,.F.);
#1379=EDGE_CURVE('',#1859,#1860,#2165,.T.);
#1380=EDGE_CURVE('',#1860,#1861,#118,.F.);
#1381=EDGE_CURVE('',#1861,#1727,#119,.T.);
#1382=EDGE_CURVE('',#1862,#1728,#120,.F.);
#1383=EDGE_CURVE('',#1863,#1862,#121,.T.);
#1384=EDGE_CURVE('',#1864,#1863,#2166,.T.);
#1385=EDGE_CURVE('',#1865,#1864,#122,.T.);
#1386=EDGE_CURVE('',#1751,#1865,#123,.F.);
#1387=EDGE_CURVE('',#1866,#1754,#124,.F.);
#1388=EDGE_CURVE('',#1867,#1866,#125,.T.);
#1389=EDGE_CURVE('',#1868,#1867,#2167,.T.);
#1390=EDGE_CURVE('',#1869,#1868,#126,.T.);
#1391=EDGE_CURVE('',#1829,#1869,#127,.F.);
#1392=EDGE_CURVE('',#1870,#1832,#2168,.T.);
#1393=EDGE_CURVE('',#1834,#1870,#2169,.T.);
#1394=EDGE_CURVE('',#1871,#1820,#2170,.T.);
#1395=EDGE_CURVE('',#1745,#1871,#2171,.T.);
#1396=EDGE_CURVE('',#1743,#1872,#128,.T.);
#1397=EDGE_CURVE('',#1872,#1873,#129,.F.);
#1398=EDGE_CURVE('',#1873,#1874,#2172,.T.);
#1399=EDGE_CURVE('',#1874,#1875,#130,.F.);
#1400=EDGE_CURVE('',#1875,#1737,#131,.T.);
#1401=EDGE_CURVE('',#1876,#1733,#132,.T.);
#1402=EDGE_CURVE('',#1877,#1876,#133,.F.);
#1403=EDGE_CURVE('',#1878,#1877,#2173,.T.);
#1404=EDGE_CURVE('',#1879,#1878,#134,.F.);
#1405=EDGE_CURVE('',#1836,#1879,#135,.T.);
#1406=EDGE_CURVE('',#1839,#1880,#136,.F.);
#1407=EDGE_CURVE('',#1880,#1881,#137,.T.);
#1408=EDGE_CURVE('',#1881,#1882,#2174,.T.);
#1409=EDGE_CURVE('',#1882,#1883,#138,.T.);
#1410=EDGE_CURVE('',#1883,#1747,#139,.F.);
#1411=EDGE_CURVE('',#1748,#1884,#140,.F.);
#1412=EDGE_CURVE('',#1884,#1885,#141,.T.);
#1413=EDGE_CURVE('',#1885,#1886,#2175,.T.);
#1414=EDGE_CURVE('',#1886,#1887,#142,.T.);
#1415=EDGE_CURVE('',#1887,#1755,#143,.F.);
#1416=EDGE_CURVE('',#1756,#1888,#2176,.T.);
#1417=EDGE_CURVE('',#1888,#1824,#2177,.T.);
#1418=EDGE_CURVE('',#1826,#1824,#2178,.F.);
#1419=EDGE_CURVE('',#1826,#1889,#2179,.T.);
#1420=EDGE_CURVE('',#1889,#1742,#2180,.T.);
#1421=EDGE_CURVE('',#1890,#1741,#144,.T.);
#1422=EDGE_CURVE('',#1891,#1890,#145,.F.);
#1423=EDGE_CURVE('',#1892,#1891,#2181,.T.);
#1424=EDGE_CURVE('',#1893,#1892,#146,.F.);
#1425=EDGE_CURVE('',#1734,#1893,#147,.T.);
#1426=EDGE_CURVE('',#1821,#1833,#2182,.T.);
#1427=EDGE_CURVE('',#1894,#1736,#148,.T.);
#1428=EDGE_CURVE('',#1738,#1895,#149,.T.);
#1429=EDGE_CURVE('',#1895,#1896,#150,.T.);
#1430=EDGE_CURVE('',#1896,#1897,#2183,.T.);
#1431=EDGE_CURVE('',#1897,#1898,#151,.T.);
#1432=EDGE_CURVE('',#1898,#1744,#152,.T.);
#1433=EDGE_CURVE('',#1746,#1899,#2184,.T.);
#1434=EDGE_CURVE('',#1899,#1821,#2185,.T.);
#1435=EDGE_CURVE('',#1833,#1900,#2186,.T.);
#1436=EDGE_CURVE('',#1900,#1831,#2187,.T.);
#1437=EDGE_CURVE('',#1901,#1830,#153,.T.);
#1438=EDGE_CURVE('',#1902,#1901,#154,.T.);
#1439=EDGE_CURVE('',#1903,#1902,#2188,.T.);
#1440=EDGE_CURVE('',#1904,#1903,#155,.T.);
#1441=EDGE_CURVE('',#1753,#1904,#156,.T.);
#1442=EDGE_CURVE('',#1905,#1752,#157,.T.);
#1443=EDGE_CURVE('',#1906,#1905,#158,.T.);
#1444=EDGE_CURVE('',#1907,#1906,#2189,.T.);
#1445=EDGE_CURVE('',#1908,#1907,#159,.T.);
#1446=EDGE_CURVE('',#1730,#1908,#160,.T.);
#1447=EDGE_CURVE('',#1729,#1909,#161,.T.);
#1448=EDGE_CURVE('',#1909,#1910,#162,.T.);
#1449=EDGE_CURVE('',#1910,#1911,#2190,.T.);
#1450=EDGE_CURVE('',#1911,#1894,#163,.T.);
#1451=EDGE_CURVE('',#1912,#1785,#2191,.T.);
#1452=EDGE_CURVE('',#1912,#1791,#164,.T.);
#1453=EDGE_CURVE('',#1913,#1825,#165,.T.);
#1454=EDGE_CURVE('',#1913,#1786,#2192,.T.);
#1455=EDGE_CURVE('',#1769,#1914,#2193,.T.);
#1456=EDGE_CURVE('',#1835,#1914,#166,.F.);
#1457=EDGE_CURVE('',#1792,#1915,#167,.T.);
#1458=EDGE_CURVE('',#1770,#1915,#2194,.T.);
#1459=EDGE_CURVE('',#1916,#1917,#168,.T.);
#1460=EDGE_CURVE('',#1917,#1760,#169,.T.);
#1461=EDGE_CURVE('',#1762,#1918,#170,.T.);
#1462=EDGE_CURVE('',#1918,#1919,#171,.T.);
#1463=EDGE_CURVE('',#1919,#1920,#2195,.T.);
#1464=EDGE_CURVE('',#1920,#1921,#172,.T.);
#1465=EDGE_CURVE('',#1921,#1768,#173,.T.);
#1466=EDGE_CURVE('',#1915,#1912,#2196,.T.);
#1467=EDGE_CURVE('',#1922,#1784,#174,.T.);
#1468=EDGE_CURVE('',#1923,#1922,#175,.T.);
#1469=EDGE_CURVE('',#1924,#1923,#2197,.T.);
#1470=EDGE_CURVE('',#1925,#1924,#176,.T.);
#1471=EDGE_CURVE('',#1777,#1925,#177,.T.);
#1472=EDGE_CURVE('',#1926,#1776,#178,.T.);
#1473=EDGE_CURVE('',#1927,#1926,#179,.T.);
#1474=EDGE_CURVE('',#1928,#1927,#2198,.T.);
#1475=EDGE_CURVE('',#1929,#1928,#180,.T.);
#1476=EDGE_CURVE('',#1930,#1929,#181,.T.);
#1477=EDGE_CURVE('',#1930,#1931,#2199,.T.);
#1478=EDGE_CURVE('',#1931,#1932,#182,.T.);
#1479=EDGE_CURVE('',#1932,#1933,#183,.T.);
#1480=EDGE_CURVE('',#1933,#1916,#2200,.T.);
#1481=EDGE_CURVE('',#1934,#1759,#184,.T.);
#1482=EDGE_CURVE('',#1935,#1934,#185,.F.);
#1483=EDGE_CURVE('',#1936,#1935,#2201,.T.);
#1484=EDGE_CURVE('',#1937,#1936,#186,.F.);
#1485=EDGE_CURVE('',#1938,#1937,#187,.T.);
#1486=EDGE_CURVE('',#1939,#1938,#2202,.T.);
#1487=EDGE_CURVE('',#1939,#1940,#188,.F.);
#1488=EDGE_CURVE('',#1940,#1941,#189,.T.);
#1489=EDGE_CURVE('',#1941,#1942,#2203,.T.);
#1490=EDGE_CURVE('',#1942,#1943,#190,.T.);
#1491=EDGE_CURVE('',#1943,#1775,#191,.F.);
#1492=EDGE_CURVE('',#1778,#1944,#192,.F.);
#1493=EDGE_CURVE('',#1944,#1945,#193,.T.);
#1494=EDGE_CURVE('',#1945,#1946,#2204,.T.);
#1495=EDGE_CURVE('',#1946,#1947,#194,.T.);
#1496=EDGE_CURVE('',#1947,#1783,#195,.F.);
#1497=EDGE_CURVE('',#1914,#1913,#2205,.T.);
#1498=EDGE_CURVE('',#1948,#1767,#196,.T.);
#1499=EDGE_CURVE('',#1949,#1948,#197,.F.);
#1500=EDGE_CURVE('',#1950,#1949,#2206,.T.);
#1501=EDGE_CURVE('',#1951,#1950,#198,.F.);
#1502=EDGE_CURVE('',#1761,#1951,#199,.T.);
#1503=EDGE_CURVE('',#1938,#1931,#2207,.T.);
#1504=EDGE_CURVE('',#1939,#1930,#2208,.T.);
#1505=EDGE_CURVE('',#1952,#1773,#2209,.T.);
#1506=EDGE_CURVE('',#1952,#1793,#200,.T.);
#1507=EDGE_CURVE('',#1953,#1822,#201,.T.);
#1508=EDGE_CURVE('',#1953,#1774,#2210,.T.);
#1509=EDGE_CURVE('',#1789,#1954,#2211,.T.);
#1510=EDGE_CURVE('',#1828,#1954,#202,.F.);
#1511=EDGE_CURVE('',#1794,#1955,#203,.T.);
#1512=EDGE_CURVE('',#1790,#1955,#2212,.T.);
#1513=EDGE_CURVE('',#1763,#1956,#204,.T.);
#1514=EDGE_CURVE('',#1956,#1957,#205,.F.);
#1515=EDGE_CURVE('',#1957,#1958,#2213,.T.);
#1516=EDGE_CURVE('',#1958,#1959,#206,.F.);
#1517=EDGE_CURVE('',#1959,#1960,#207,.T.);
#1518=EDGE_CURVE('',#1960,#1961,#2214,.T.);
#1519=EDGE_CURVE('',#1962,#1961,#208,.F.);
#1520=EDGE_CURVE('',#1963,#1962,#209,.T.);
#1521=EDGE_CURVE('',#1964,#1963,#2215,.T.);
#1522=EDGE_CURVE('',#1965,#1964,#210,.T.);
#1523=EDGE_CURVE('',#1780,#1965,#211,.F.);
#1524=EDGE_CURVE('',#1966,#1782,#212,.F.);
#1525=EDGE_CURVE('',#1967,#1966,#213,.T.);
#1526=EDGE_CURVE('',#1968,#1967,#2216,.T.);
#1527=EDGE_CURVE('',#1969,#1968,#214,.T.);
#1528=EDGE_CURVE('',#1788,#1969,#215,.F.);
#1529=EDGE_CURVE('',#1955,#1952,#2217,.T.);
#1530=EDGE_CURVE('',#1771,#1970,#216,.T.);
#1531=EDGE_CURVE('',#1970,#1971,#217,.F.);
#1532=EDGE_CURVE('',#1971,#1972,#2218,.T.);
#1533=EDGE_CURVE('',#1972,#1973,#218,.F.);
#1534=EDGE_CURVE('',#1973,#1765,#219,.T.);
#1535=EDGE_CURVE('',#1764,#1974,#220,.T.);
#1536=EDGE_CURVE('',#1975,#1766,#221,.T.);
#1537=EDGE_CURVE('',#1976,#1975,#222,.F.);
#1538=EDGE_CURVE('',#1977,#1976,#2219,.T.);
#1539=EDGE_CURVE('',#1978,#1977,#223,.F.);
#1540=EDGE_CURVE('',#1772,#1978,#224,.T.);
#1541=EDGE_CURVE('',#1954,#1953,#2220,.T.);
#1542=EDGE_CURVE('',#1787,#1979,#225,.F.);
#1543=EDGE_CURVE('',#1979,#1980,#226,.T.);
#1544=EDGE_CURVE('',#1980,#1981,#2221,.T.);
#1545=EDGE_CURVE('',#1981,#1982,#227,.T.);
#1546=EDGE_CURVE('',#1982,#1781,#228,.F.);
#1547=EDGE_CURVE('',#1779,#1983,#229,.F.);
#1548=EDGE_CURVE('',#1983,#1984,#230,.T.);
#1549=EDGE_CURVE('',#1984,#1985,#2222,.T.);
#1550=EDGE_CURVE('',#1985,#1986,#231,.T.);
#1551=EDGE_CURVE('',#1986,#1987,#232,.F.);
#1552=EDGE_CURVE('',#1988,#1987,#2223,.T.);
#1553=EDGE_CURVE('',#1989,#1988,#233,.T.);
#1554=EDGE_CURVE('',#1990,#1989,#234,.F.);
#1555=EDGE_CURVE('',#1991,#1990,#2224,.T.);
#1556=EDGE_CURVE('',#1974,#1991,#235,.F.);
#1557=EDGE_CURVE('',#1960,#1988,#2225,.T.);
#1558=EDGE_CURVE('',#1987,#1961,#2226,.F.);
#1559=EDGE_CURVE('',#1870,#1900,#2227,.T.);
#1560=EDGE_CURVE('',#1871,#1899,#2228,.T.);
#1561=EDGE_CURVE('',#1846,#1889,#2229,.T.);
#1562=EDGE_CURVE('',#1847,#1888,#2230,.T.);
#1563=EDGE_CURVE('',#1992,#1993,#2231,.T.);
#1564=EDGE_CURVE('',#1994,#1992,#2232,.T.);
#1565=EDGE_CURVE('',#1995,#1994,#2233,.T.);
#1566=EDGE_CURVE('',#1996,#1995,#2234,.T.);
#1567=EDGE_CURVE('',#1997,#1996,#2235,.T.);
#1568=EDGE_CURVE('',#1998,#1997,#2236,.T.);
#1569=EDGE_CURVE('',#1999,#1998,#2237,.T.);
#1570=EDGE_CURVE('',#2000,#1999,#2238,.T.);
#1571=EDGE_CURVE('',#2001,#2000,#2239,.T.);
#1572=EDGE_CURVE('',#2002,#2001,#2240,.T.);
#1573=EDGE_CURVE('',#2003,#2002,#2241,.T.);
#1574=EDGE_CURVE('',#1993,#2003,#2242,.T.);
#1575=EDGE_CURVE('',#2004,#2005,#2243,.T.);
#1576=EDGE_CURVE('',#2006,#2004,#2244,.T.);
#1577=EDGE_CURVE('',#2007,#2006,#2245,.T.);
#1578=EDGE_CURVE('',#2008,#2007,#2246,.T.);
#1579=EDGE_CURVE('',#2009,#2008,#2247,.T.);
#1580=EDGE_CURVE('',#2010,#2009,#2248,.T.);
#1581=EDGE_CURVE('',#2011,#2010,#2249,.T.);
#1582=EDGE_CURVE('',#2012,#2011,#2250,.T.);
#1583=EDGE_CURVE('',#2013,#2012,#2251,.T.);
#1584=EDGE_CURVE('',#2014,#2013,#2252,.T.);
#1585=EDGE_CURVE('',#2015,#2014,#2253,.T.);
#1586=EDGE_CURVE('',#2016,#2015,#2254,.T.);
#1587=EDGE_CURVE('',#2005,#2016,#2255,.T.);
#1588=EDGE_CURVE('',#2010,#2017,#2256,.T.);
#1589=EDGE_CURVE('',#2018,#2009,#2257,.F.);
#1590=EDGE_CURVE('',#2017,#2018,#2258,.T.);
#1591=EDGE_CURVE('',#2019,#2017,#2259,.T.);
#1592=EDGE_CURVE('',#2011,#2019,#2260,.T.);
#1593=EDGE_CURVE('',#2020,#2008,#2261,.F.);
#1594=EDGE_CURVE('',#2018,#2020,#2262,.T.);
#1595=EDGE_CURVE('',#1810,#2018,#2263,.F.);
#1596=EDGE_CURVE('',#2017,#1809,#2264,.T.);
#1597=EDGE_CURVE('',#2019,#1808,#2265,.T.);
#1598=EDGE_CURVE('',#2021,#2019,#2266,.T.);
#1599=EDGE_CURVE('',#2012,#2021,#2267,.T.);
#1600=EDGE_CURVE('',#2022,#2007,#2268,.F.);
#1601=EDGE_CURVE('',#2020,#2022,#2269,.T.);
#1602=EDGE_CURVE('',#1811,#2020,#2270,.F.);
#1603=EDGE_CURVE('',#2021,#1807,#2271,.T.);
#1604=EDGE_CURVE('',#2023,#2021,#2272,.T.);
#1605=EDGE_CURVE('',#2013,#2023,#2273,.T.);
#1606=EDGE_CURVE('',#2024,#2006,#2274,.F.);
#1607=EDGE_CURVE('',#2022,#2024,#2275,.T.);
#1608=EDGE_CURVE('',#1812,#2022,#2276,.F.);
#1609=EDGE_CURVE('',#2023,#1819,#2277,.T.);
#1610=EDGE_CURVE('',#2025,#2023,#2278,.T.);
#1611=EDGE_CURVE('',#2014,#2025,#2279,.T.);
#1612=EDGE_CURVE('',#2026,#2004,#2280,.F.);
#1613=EDGE_CURVE('',#2024,#2026,#2281,.T.);
#1614=EDGE_CURVE('',#1813,#2024,#2282,.F.);
#1615=EDGE_CURVE('',#2025,#1818,#2283,.T.);
#1616=EDGE_CURVE('',#2027,#2025,#2284,.T.);
#1617=EDGE_CURVE('',#2015,#2027,#2285,.T.);
#1618=EDGE_CURVE('',#2028,#2005,#2286,.F.);
#1619=EDGE_CURVE('',#2026,#2028,#2287,.T.);
#1620=EDGE_CURVE('',#1814,#2026,#2288,.F.);
#1621=EDGE_CURVE('',#2027,#1817,#2289,.T.);
#1622=EDGE_CURVE('',#2016,#2029,#2290,.F.);
#1623=EDGE_CURVE('',#2029,#2027,#2291,.T.);
#1624=EDGE_CURVE('',#2028,#2029,#2292,.T.);
#1625=EDGE_CURVE('',#1815,#2028,#2293,.F.);
#1626=EDGE_CURVE('',#2029,#1816,#2294,.F.);
#1627=EDGE_CURVE('',#1999,#2030,#2295,.F.);
#1628=EDGE_CURVE('',#2031,#1998,#2296,.T.);
#1629=EDGE_CURVE('',#2030,#2031,#2297,.T.);
#1630=EDGE_CURVE('',#2032,#1997,#2298,.T.);
#1631=EDGE_CURVE('',#2031,#2032,#2299,.T.);
#1632=EDGE_CURVE('',#2030,#1800,#2300,.F.);
#1633=EDGE_CURVE('',#1801,#2031,#2301,.T.);
#1634=EDGE_CURVE('',#2033,#2030,#2302,.T.);
#1635=EDGE_CURVE('',#2000,#2033,#2303,.F.);
#1636=EDGE_CURVE('',#2034,#1996,#2304,.T.);
#1637=EDGE_CURVE('',#2032,#2034,#2305,.T.);
#1638=EDGE_CURVE('',#1802,#2032,#2306,.T.);
#1639=EDGE_CURVE('',#2033,#1799,#2307,.F.);
#1640=EDGE_CURVE('',#2035,#2033,#2308,.T.);
#1641=EDGE_CURVE('',#2001,#2035,#2309,.F.);
#1642=EDGE_CURVE('',#2036,#1995,#2310,.F.);
#1643=EDGE_CURVE('',#2034,#2036,#2311,.T.);
#1644=EDGE_CURVE('',#1803,#2034,#2312,.T.);
#1645=EDGE_CURVE('',#2035,#1798,#2313,.F.);
#1646=EDGE_CURVE('',#2037,#2035,#2314,.T.);
#1647=EDGE_CURVE('',#2002,#2037,#2315,.F.);
#1648=EDGE_CURVE('',#2038,#1994,#2316,.F.);
#1649=EDGE_CURVE('',#2036,#2038,#2317,.T.);
#1650=EDGE_CURVE('',#1804,#2036,#2318,.F.);
#1651=EDGE_CURVE('',#2037,#1797,#2319,.F.);
#1652=EDGE_CURVE('',#2039,#2037,#2320,.T.);
#1653=EDGE_CURVE('',#2003,#2039,#2321,.F.);
#1654=EDGE_CURVE('',#2040,#1992,#2322,.F.);
#1655=EDGE_CURVE('',#2038,#2040,#2323,.T.);
#1656=EDGE_CURVE('',#1805,#2038,#2324,.F.);
#1657=EDGE_CURVE('',#2039,#1796,#2325,.F.);
#1658=EDGE_CURVE('',#1993,#2041,#2326,.F.);
#1659=EDGE_CURVE('',#2041,#2039,#2327,.T.);
#1660=EDGE_CURVE('',#2040,#2041,#2328,.T.);
#1661=EDGE_CURVE('',#1806,#2040,#2329,.F.);
#1662=EDGE_CURVE('',#2041,#1795,#2330,.F.);
#1663=EDGE_CURVE('',#1947,#1922,#2331,.T.);
#1664=EDGE_CURVE('',#1944,#1925,#2332,.T.);
#1665=EDGE_CURVE('',#1945,#1924,#2333,.T.);
#1666=EDGE_CURVE('',#1946,#1923,#2334,.T.);
#1667=EDGE_CURVE('',#1966,#1982,#2335,.T.);
#1668=EDGE_CURVE('',#1967,#1981,#2336,.T.);
#1669=EDGE_CURVE('',#1968,#1980,#2337,.T.);
#1670=EDGE_CURVE('',#1969,#1979,#2338,.T.);
#1671=EDGE_CURVE('',#1943,#1926,#2339,.T.);
#1672=EDGE_CURVE('',#1940,#1929,#2340,.T.);
#1673=EDGE_CURVE('',#1941,#1928,#2341,.T.);
#1674=EDGE_CURVE('',#1942,#1927,#2342,.T.);
#1675=EDGE_CURVE('',#1962,#1986,#2343,.T.);
#1676=EDGE_CURVE('',#1963,#1985,#2344,.T.);
#1677=EDGE_CURVE('',#1964,#1984,#2345,.T.);
#1678=EDGE_CURVE('',#1965,#1983,#2346,.T.);
#1679=EDGE_CURVE('',#1948,#1921,#2347,.T.);
#1680=EDGE_CURVE('',#1951,#1918,#2348,.T.);
#1681=EDGE_CURVE('',#1950,#1919,#2349,.T.);
#1682=EDGE_CURVE('',#1949,#1920,#2350,.T.);
#1683=EDGE_CURVE('',#1972,#1976,#2351,.T.);
#1684=EDGE_CURVE('',#1973,#1975,#2352,.T.);
#1685=EDGE_CURVE('',#1971,#1977,#2353,.T.);
#1686=EDGE_CURVE('',#1970,#1978,#2354,.T.);
#1687=EDGE_CURVE('',#1934,#1917,#2355,.T.);
#1688=EDGE_CURVE('',#1937,#1932,#2356,.T.);
#1689=EDGE_CURVE('',#1936,#1933,#2357,.T.);
#1690=EDGE_CURVE('',#1935,#1916,#2358,.T.);
#1691=EDGE_CURVE('',#1958,#1990,#2359,.T.);
#1692=EDGE_CURVE('',#1959,#1989,#2360,.T.);
#1693=EDGE_CURVE('',#1957,#1991,#2361,.T.);
#1694=EDGE_CURVE('',#1956,#1974,#2362,.T.);
#1695=EDGE_CURVE('',#1866,#1904,#2363,.T.);
#1696=EDGE_CURVE('',#1867,#1903,#2364,.T.);
#1697=EDGE_CURVE('',#1868,#1902,#2365,.T.);
#1698=EDGE_CURVE('',#1869,#1901,#2366,.T.);
#1699=EDGE_CURVE('',#1887,#1848,#2367,.T.);
#1700=EDGE_CURVE('',#1884,#1851,#2368,.T.);
#1701=EDGE_CURVE('',#1885,#1850,#2369,.T.);
#1702=EDGE_CURVE('',#1886,#1849,#2370,.T.);
#1703=EDGE_CURVE('',#1862,#1908,#2371,.T.);
#1704=EDGE_CURVE('',#1863,#1907,#2372,.T.);
#1705=EDGE_CURVE('',#1864,#1906,#2373,.T.);
#1706=EDGE_CURVE('',#1865,#1905,#2374,.T.);
#1707=EDGE_CURVE('',#1883,#1852,#2375,.T.);
#1708=EDGE_CURVE('',#1880,#1855,#2376,.T.);
#1709=EDGE_CURVE('',#1881,#1854,#2377,.T.);
#1710=EDGE_CURVE('',#1882,#1853,#2378,.T.);
#1711=EDGE_CURVE('',#1875,#1895,#2379,.T.);
#1712=EDGE_CURVE('',#1874,#1896,#2380,.T.);
#1713=EDGE_CURVE('',#1873,#1897,#2381,.T.);
#1714=EDGE_CURVE('',#1872,#1898,#2382,.T.);
#1715=EDGE_CURVE('',#1890,#1845,#2383,.T.);
#1716=EDGE_CURVE('',#1893,#1842,#2384,.T.);
#1717=EDGE_CURVE('',#1892,#1843,#2385,.T.);
#1718=EDGE_CURVE('',#1891,#1844,#2386,.T.);
#1719=EDGE_CURVE('',#1861,#1909,#2387,.T.);
#1720=EDGE_CURVE('',#1860,#1910,#2388,.T.);
#1721=EDGE_CURVE('',#1859,#1911,#2389,.T.);
#1722=EDGE_CURVE('',#1858,#1894,#2390,.T.);
#1723=EDGE_CURVE('',#1876,#1841,#2391,.T.);
#1724=EDGE_CURVE('',#1879,#1856,#2392,.T.);
#1725=EDGE_CURVE('',#1878,#1857,#2393,.T.);
#1726=EDGE_CURVE('',#1877,#1840,#2394,.T.);
#1727=VERTEX_POINT('',#4785);
#1728=VERTEX_POINT('',#4786);
#1729=VERTEX_POINT('',#4788);
#1730=VERTEX_POINT('',#4790);
#1731=VERTEX_POINT('',#4794);
#1732=VERTEX_POINT('',#4795);
#1733=VERTEX_POINT('',#4797);
#1734=VERTEX_POINT('',#4799);
#1735=VERTEX_POINT('',#4803);
#1736=VERTEX_POINT('',#4804);
#1737=VERTEX_POINT('',#4806);
#1738=VERTEX_POINT('',#4808);
#1739=VERTEX_POINT('',#4812);
#1740=VERTEX_POINT('',#4813);
#1741=VERTEX_POINT('',#4815);
#1742=VERTEX_POINT('',#4817);
#1743=VERTEX_POINT('',#4821);
#1744=VERTEX_POINT('',#4822);
#1745=VERTEX_POINT('',#4824);
#1746=VERTEX_POINT('',#4826);
#1747=VERTEX_POINT('',#4830);
#1748=VERTEX_POINT('',#4831);
#1749=VERTEX_POINT('',#4833);
#1750=VERTEX_POINT('',#4835);
#1751=VERTEX_POINT('',#4839);
#1752=VERTEX_POINT('',#4840);
#1753=VERTEX_POINT('',#4842);
#1754=VERTEX_POINT('',#4844);
#1755=VERTEX_POINT('',#4848);
#1756=VERTEX_POINT('',#4849);
#1757=VERTEX_POINT('',#4851);
#1758=VERTEX_POINT('',#4853);
#1759=VERTEX_POINT('',#4857);
#1760=VERTEX_POINT('',#4858);
#1761=VERTEX_POINT('',#4860);
#1762=VERTEX_POINT('',#4862);
#1763=VERTEX_POINT('',#4866);
#1764=VERTEX_POINT('',#4867);
#1765=VERTEX_POINT('',#4869);
#1766=VERTEX_POINT('',#4871);
#1767=VERTEX_POINT('',#4875);
#1768=VERTEX_POINT('',#4876);
#1769=VERTEX_POINT('',#4878);
#1770=VERTEX_POINT('',#4880);
#1771=VERTEX_POINT('',#4884);
#1772=VERTEX_POINT('',#4885);
#1773=VERTEX_POINT('',#4887);
#1774=VERTEX_POINT('',#4889);
#1775=VERTEX_POINT('',#4893);
#1776=VERTEX_POINT('',#4894);
#1777=VERTEX_POINT('',#4896);
#1778=VERTEX_POINT('',#4898);
#1779=VERTEX_POINT('',#4902);
#1780=VERTEX_POINT('',#4903);
#1781=VERTEX_POINT('',#4905);
#1782=VERTEX_POINT('',#4907);
#1783=VERTEX_POINT('',#4911);
#1784=VERTEX_POINT('',#4912);
#1785=VERTEX_POINT('',#4914);
#1786=VERTEX_POINT('',#4916);
#1787=VERTEX_POINT('',#4920);
#1788=VERTEX_POINT('',#4921);
#1789=VERTEX_POINT('',#4923);
#1790=VERTEX_POINT('',#4925);
#1791=VERTEX_POINT('',#4929);
#1792=VERTEX_POINT('',#4930);
#1793=VERTEX_POINT('',#4932);
#1794=VERTEX_POINT('',#4934);
#1795=VERTEX_POINT('',#4937);
#1796=VERTEX_POINT('',#4938);
#1797=VERTEX_POINT('',#4940);
#1798=VERTEX_POINT('',#4942);
#1799=VERTEX_POINT('',#4944);
#1800=VERTEX_POINT('',#4946);
#1801=VERTEX_POINT('',#4948);
#1802=VERTEX_POINT('',#4950);
#1803=VERTEX_POINT('',#4952);
#1804=VERTEX_POINT('',#4954);
#1805=VERTEX_POINT('',#4956);
#1806=VERTEX_POINT('',#4958);
#1807=VERTEX_POINT('',#4961);
#1808=VERTEX_POINT('',#4962);
#1809=VERTEX_POINT('',#4964);
#1810=VERTEX_POINT('',#4966);
#1811=VERTEX_POINT('',#4968);
#1812=VERTEX_POINT('',#4970);
#1813=VERTEX_POINT('',#4972);
#1814=VERTEX_POINT('',#4974);
#1815=VERTEX_POINT('',#4976);
#1816=VERTEX_POINT('',#4978);
#1817=VERTEX_POINT('',#4980);
#1818=VERTEX_POINT('',#4982);
#1819=VERTEX_POINT('',#4984);
#1820=VERTEX_POINT('',#4988);
#1821=VERTEX_POINT('',#4989);
#1822=VERTEX_POINT('',#4991);
#1823=VERTEX_POINT('',#4996);
#1824=VERTEX_POINT('',#4997);
#1825=VERTEX_POINT('',#4999);
#1826=VERTEX_POINT('',#5004);
#1827=VERTEX_POINT('',#5005);
#1828=VERTEX_POINT('',#5008);
#1829=VERTEX_POINT('',#5012);
#1830=VERTEX_POINT('',#5013);
#1831=VERTEX_POINT('',#5015);
#1832=VERTEX_POINT('',#5017);
#1833=VERTEX_POINT('',#5021);
#1834=VERTEX_POINT('',#5022);
#1835=VERTEX_POINT('',#5025);
#1836=VERTEX_POINT('',#5029);
#1837=VERTEX_POINT('',#5030);
#1838=VERTEX_POINT('',#5032);
#1839=VERTEX_POINT('',#5034);
#1840=VERTEX_POINT('',#5038);
#1841=VERTEX_POINT('',#5039);
#1842=VERTEX_POINT('',#5042);
#1843=VERTEX_POINT('',#5044);
#1844=VERTEX_POINT('',#5046);
#1845=VERTEX_POINT('',#5048);
#1846=VERTEX_POINT('',#5051);
#1847=VERTEX_POINT('',#5055);
#1848=VERTEX_POINT('',#5058);
#1849=VERTEX_POINT('',#5060);
#1850=VERTEX_POINT('',#5062);
#1851=VERTEX_POINT('',#5064);
#1852=VERTEX_POINT('',#5067);
#1853=VERTEX_POINT('',#5069);
#1854=VERTEX_POINT('',#5071);
#1855=VERTEX_POINT('',#5073);
#1856=VERTEX_POINT('',#5076);
#1857=VERTEX_POINT('',#5078);
#1858=VERTEX_POINT('',#5090);
#1859=VERTEX_POINT('',#5092);
#1860=VERTEX_POINT('',#5094);
#1861=VERTEX_POINT('',#5096);
#1862=VERTEX_POINT('',#5099);
#1863=VERTEX_POINT('',#5101);
#1864=VERTEX_POINT('',#5103);
#1865=VERTEX_POINT('',#5105);
#1866=VERTEX_POINT('',#5108);
#1867=VERTEX_POINT('',#5110);
#1868=VERTEX_POINT('',#5112);
#1869=VERTEX_POINT('',#5114);
#1870=VERTEX_POINT('',#5117);
#1871=VERTEX_POINT('',#5120);
#1872=VERTEX_POINT('',#5123);
#1873=VERTEX_POINT('',#5125);
#1874=VERTEX_POINT('',#5127);
#1875=VERTEX_POINT('',#5129);
#1876=VERTEX_POINT('',#5133);
#1877=VERTEX_POINT('',#5135);
#1878=VERTEX_POINT('',#5137);
#1879=VERTEX_POINT('',#5139);
#1880=VERTEX_POINT('',#5142);
#1881=VERTEX_POINT('',#5144);
#1882=VERTEX_POINT('',#5146);
#1883=VERTEX_POINT('',#5148);
#1884=VERTEX_POINT('',#5151);
#1885=VERTEX_POINT('',#5153);
#1886=VERTEX_POINT('',#5155);
#1887=VERTEX_POINT('',#5157);
#1888=VERTEX_POINT('',#5160);
#1889=VERTEX_POINT('',#5164);
#1890=VERTEX_POINT('',#5167);
#1891=VERTEX_POINT('',#5169);
#1892=VERTEX_POINT('',#5171);
#1893=VERTEX_POINT('',#5173);
#1894=VERTEX_POINT('',#5180);
#1895=VERTEX_POINT('',#5182);
#1896=VERTEX_POINT('',#5184);
#1897=VERTEX_POINT('',#5186);
#1898=VERTEX_POINT('',#5188);
#1899=VERTEX_POINT('',#5191);
#1900=VERTEX_POINT('',#5194);
#1901=VERTEX_POINT('',#5197);
#1902=VERTEX_POINT('',#5199);
#1903=VERTEX_POINT('',#5201);
#1904=VERTEX_POINT('',#5203);
#1905=VERTEX_POINT('',#5206);
#1906=VERTEX_POINT('',#5208);
#1907=VERTEX_POINT('',#5210);
#1908=VERTEX_POINT('',#5212);
#1909=VERTEX_POINT('',#5215);
#1910=VERTEX_POINT('',#5217);
#1911=VERTEX_POINT('',#5219);
#1912=VERTEX_POINT('',#5223);
#1913=VERTEX_POINT('',#5226);
#1914=VERTEX_POINT('',#5230);
#1915=VERTEX_POINT('',#5233);
#1916=VERTEX_POINT('',#5237);
#1917=VERTEX_POINT('',#5238);
#1918=VERTEX_POINT('',#5241);
#1919=VERTEX_POINT('',#5243);
#1920=VERTEX_POINT('',#5245);
#1921=VERTEX_POINT('',#5247);
#1922=VERTEX_POINT('',#5251);
#1923=VERTEX_POINT('',#5253);
#1924=VERTEX_POINT('',#5255);
#1925=VERTEX_POINT('',#5257);
#1926=VERTEX_POINT('',#5260);
#1927=VERTEX_POINT('',#5262);
#1928=VERTEX_POINT('',#5264);
#1929=VERTEX_POINT('',#5266);
#1930=VERTEX_POINT('',#5268);
#1931=VERTEX_POINT('',#5270);
#1932=VERTEX_POINT('',#5272);
#1933=VERTEX_POINT('',#5274);
#1934=VERTEX_POINT('',#5278);
#1935=VERTEX_POINT('',#5280);
#1936=VERTEX_POINT('',#5282);
#1937=VERTEX_POINT('',#5284);
#1938=VERTEX_POINT('',#5286);
#1939=VERTEX_POINT('',#5288);
#1940=VERTEX_POINT('',#5290);
#1941=VERTEX_POINT('',#5292);
#1942=VERTEX_POINT('',#5294);
#1943=VERTEX_POINT('',#5296);
#1944=VERTEX_POINT('',#5299);
#1945=VERTEX_POINT('',#5301);
#1946=VERTEX_POINT('',#5303);
#1947=VERTEX_POINT('',#5305);
#1948=VERTEX_POINT('',#5309);
#1949=VERTEX_POINT('',#5311);
#1950=VERTEX_POINT('',#5313);
#1951=VERTEX_POINT('',#5315);
#1952=VERTEX_POINT('',#5324);
#1953=VERTEX_POINT('',#5327);
#1954=VERTEX_POINT('',#5331);
#1955=VERTEX_POINT('',#5334);
#1956=VERTEX_POINT('',#5338);
#1957=VERTEX_POINT('',#5340);
#1958=VERTEX_POINT('',#5342);
#1959=VERTEX_POINT('',#5344);
#1960=VERTEX_POINT('',#5346);
#1961=VERTEX_POINT('',#5348);
#1962=VERTEX_POINT('',#5350);
#1963=VERTEX_POINT('',#5352);
#1964=VERTEX_POINT('',#5354);
#1965=VERTEX_POINT('',#5356);
#1966=VERTEX_POINT('',#5359);
#1967=VERTEX_POINT('',#5361);
#1968=VERTEX_POINT('',#5363);
#1969=VERTEX_POINT('',#5365);
#1970=VERTEX_POINT('',#5369);
#1971=VERTEX_POINT('',#5371);
#1972=VERTEX_POINT('',#5373);
#1973=VERTEX_POINT('',#5375);
#1974=VERTEX_POINT('',#5379);
#1975=VERTEX_POINT('',#5381);
#1976=VERTEX_POINT('',#5383);
#1977=VERTEX_POINT('',#5385);
#1978=VERTEX_POINT('',#5387);
#1979=VERTEX_POINT('',#5391);
#1980=VERTEX_POINT('',#5393);
#1981=VERTEX_POINT('',#5395);
#1982=VERTEX_POINT('',#5397);
#1983=VERTEX_POINT('',#5400);
#1984=VERTEX_POINT('',#5402);
#1985=VERTEX_POINT('',#5404);
#1986=VERTEX_POINT('',#5406);
#1987=VERTEX_POINT('',#5408);
#1988=VERTEX_POINT('',#5410);
#1989=VERTEX_POINT('',#5412);
#1990=VERTEX_POINT('',#5414);
#1991=VERTEX_POINT('',#5416);
#1992=VERTEX_POINT('',#5437);
#1993=VERTEX_POINT('',#5438);
#1994=VERTEX_POINT('',#5440);
#1995=VERTEX_POINT('',#5442);
#1996=VERTEX_POINT('',#5444);
#1997=VERTEX_POINT('',#5446);
#1998=VERTEX_POINT('',#5448);
#1999=VERTEX_POINT('',#5450);
#2000=VERTEX_POINT('',#5452);
#2001=VERTEX_POINT('',#5454);
#2002=VERTEX_POINT('',#5456);
#2003=VERTEX_POINT('',#5458);
#2004=VERTEX_POINT('',#5462);
#2005=VERTEX_POINT('',#5463);
#2006=VERTEX_POINT('',#5465);
#2007=VERTEX_POINT('',#5467);
#2008=VERTEX_POINT('',#5469);
#2009=VERTEX_POINT('',#5471);
#2010=VERTEX_POINT('',#5473);
#2011=VERTEX_POINT('',#5475);
#2012=VERTEX_POINT('',#5477);
#2013=VERTEX_POINT('',#5479);
#2014=VERTEX_POINT('',#5481);
#2015=VERTEX_POINT('',#5483);
#2016=VERTEX_POINT('',#5485);
#2017=VERTEX_POINT('',#5489);
#2018=VERTEX_POINT('',#5491);
#2019=VERTEX_POINT('',#5495);
#2020=VERTEX_POINT('',#5499);
#2021=VERTEX_POINT('',#5508);
#2022=VERTEX_POINT('',#5512);
#2023=VERTEX_POINT('',#5520);
#2024=VERTEX_POINT('',#5524);
#2025=VERTEX_POINT('',#5532);
#2026=VERTEX_POINT('',#5536);
#2027=VERTEX_POINT('',#5544);
#2028=VERTEX_POINT('',#5548);
#2029=VERTEX_POINT('',#5556);
#2030=VERTEX_POINT('',#5567);
#2031=VERTEX_POINT('',#5569);
#2032=VERTEX_POINT('',#5573);
#2033=VERTEX_POINT('',#5580);
#2034=VERTEX_POINT('',#5584);
#2035=VERTEX_POINT('',#5592);
#2036=VERTEX_POINT('',#5596);
#2037=VERTEX_POINT('',#5604);
#2038=VERTEX_POINT('',#5608);
#2039=VERTEX_POINT('',#5616);
#2040=VERTEX_POINT('',#5620);
#2041=VERTEX_POINT('',#5628);
#2042=LINE('',#4784,#2395);
#2043=LINE('',#4787,#2396);
#2044=LINE('',#4789,#2397);
#2045=LINE('',#4791,#2398);
#2046=LINE('',#4793,#2399);
#2047=LINE('',#4796,#2400);
#2048=LINE('',#4798,#2401);
#2049=LINE('',#4800,#2402);
#2050=LINE('',#4802,#2403);
#2051=LINE('',#4805,#2404);
#2052=LINE('',#4807,#2405);
#2053=LINE('',#4809,#2406);
#2054=LINE('',#4811,#2407);
#2055=LINE('',#4814,#2408);
#2056=LINE('',#4816,#2409);
#2057=LINE('',#4818,#2410);
#2058=LINE('',#4820,#2411);
#2059=LINE('',#4823,#2412);
#2060=LINE('',#4825,#2413);
#2061=LINE('',#4827,#2414);
#2062=LINE('',#4829,#2415);
#2063=LINE('',#4832,#2416);
#2064=LINE('',#4834,#2417);
#2065=LINE('',#4836,#2418);
#2066=LINE('',#4838,#2419);
#2067=LINE('',#4841,#2420);
#2068=LINE('',#4843,#2421);
#2069=LINE('',#4845,#2422);
#2070=LINE('',#4847,#2423);
#2071=LINE('',#4850,#2424);
#2072=LINE('',#4852,#2425);
#2073=LINE('',#4854,#2426);
#2074=LINE('',#4856,#2427);
#2075=LINE('',#4859,#2428);
#2076=LINE('',#4861,#2429);
#2077=LINE('',#4863,#2430);
#2078=LINE('',#4865,#2431);
#2079=LINE('',#4868,#2432);
#2080=LINE('',#4870,#2433);
#2081=LINE('',#4872,#2434);
#2082=LINE('',#4874,#2435);
#2083=LINE('',#4877,#2436);
#2084=LINE('',#4879,#2437);
#2085=LINE('',#4881,#2438);
#2086=LINE('',#4883,#2439);
#2087=LINE('',#4886,#2440);
#2088=LINE('',#4888,#2441);
#2089=LINE('',#4890,#2442);
#2090=LINE('',#4892,#2443);
#2091=LINE('',#4895,#2444);
#2092=LINE('',#4897,#2445);
#2093=LINE('',#4899,#2446);
#2094=LINE('',#4901,#2447);
#2095=LINE('',#4904,#2448);
#2096=LINE('',#4906,#2449);
#2097=LINE('',#4908,#2450);
#2098=LINE('',#4910,#2451);
#2099=LINE('',#4913,#2452);
#2100=LINE('',#4915,#2453);
#2101=LINE('',#4917,#2454);
#2102=LINE('',#4919,#2455);
#2103=LINE('',#4922,#2456);
#2104=LINE('',#4924,#2457);
#2105=LINE('',#4926,#2458);
#2106=LINE('',#4928,#2459);
#2107=LINE('',#4931,#2460);
#2108=LINE('',#4933,#2461);
#2109=LINE('',#4935,#2462);
#2110=LINE('',#4936,#2463);
#2111=LINE('',#4939,#2464);
#2112=LINE('',#4941,#2465);
#2113=LINE('',#4943,#2466);
#2114=LINE('',#4945,#2467);
#2115=LINE('',#4947,#2468);
#2116=LINE('',#4949,#2469);
#2117=LINE('',#4951,#2470);
#2118=LINE('',#4953,#2471);
#2119=LINE('',#4955,#2472);
#2120=LINE('',#4957,#2473);
#2121=LINE('',#4959,#2474);
#2122=LINE('',#4960,#2475);
#2123=LINE('',#4963,#2476);
#2124=LINE('',#4965,#2477);
#2125=LINE('',#4967,#2478);
#2126=LINE('',#4969,#2479);
#2127=LINE('',#4971,#2480);
#2128=LINE('',#4973,#2481);
#2129=LINE('',#4975,#2482);
#2130=LINE('',#4977,#2483);
#2131=LINE('',#4979,#2484);
#2132=LINE('',#4981,#2485);
#2133=LINE('',#4983,#2486);
#2134=LINE('',#4985,#2487);
#2135=LINE('',#4987,#2488);
#2136=LINE('',#4992,#2489);
#2137=LINE('',#4995,#2490);
#2138=LINE('',#5000,#2491);
#2139=LINE('',#5003,#2492);
#2140=LINE('',#5007,#2493);
#2141=LINE('',#5011,#2494);
#2142=LINE('',#5014,#2495);
#2143=LINE('',#5016,#2496);
#2144=LINE('',#5018,#2497);
#2145=LINE('',#5020,#2498);
#2146=LINE('',#5024,#2499);
#2147=LINE('',#5028,#2500);
#2148=LINE('',#5031,#2501);
#2149=LINE('',#5033,#2502);
#2150=LINE('',#5035,#2503);
#2151=LINE('',#5045,#2504);
#2152=LINE('',#5050,#2505);
#2153=LINE('',#5052,#2506);
#2154=LINE('',#5053,#2507);
#2155=LINE('',#5054,#2508);
#2156=LINE('',#5056,#2509);
#2157=LINE('',#5061,#2510);
#2158=LINE('',#5070,#2511);
#2159=LINE('',#5079,#2512);
#2160=LINE('',#5081,#2513);
#2161=LINE('',#5083,#2514);
#2162=LINE('',#5084,#2515);
#2163=LINE('',#5085,#2516);
#2164=LINE('',#5087,#2517);
#2165=LINE('',#5093,#2518);
#2166=LINE('',#5102,#2519);
#2167=LINE('',#5111,#2520);
#2168=LINE('',#5116,#2521);
#2169=LINE('',#5118,#2522);
#2170=LINE('',#5119,#2523);
#2171=LINE('',#5121,#2524);
#2172=LINE('',#5126,#2525);
#2173=LINE('',#5136,#2526);
#2174=LINE('',#5145,#2527);
#2175=LINE('',#5154,#2528);
#2176=LINE('',#5159,#2529);
#2177=LINE('',#5161,#2530);
#2178=LINE('',#5162,#2531);
#2179=LINE('',#5163,#2532);
#2180=LINE('',#5165,#2533);
#2181=LINE('',#5170,#2534);
#2182=LINE('',#5177,#2535);
#2183=LINE('',#5185,#2536);
#2184=LINE('',#5190,#2537);
#2185=LINE('',#5192,#2538);
#2186=LINE('',#5193,#2539);
#2187=LINE('',#5195,#2540);
#2188=LINE('',#5200,#2541);
#2189=LINE('',#5209,#2542);
#2190=LINE('',#5218,#2543);
#2191=LINE('',#5222,#2544);
#2192=LINE('',#5227,#2545);
#2193=LINE('',#5229,#2546);
#2194=LINE('',#5234,#2547);
#2195=LINE('',#5244,#2548);
#2196=LINE('',#5249,#2549);
#2197=LINE('',#5254,#2550);
#2198=LINE('',#5263,#2551);
#2199=LINE('',#5269,#2552);
#2200=LINE('',#5275,#2553);
#2201=LINE('',#5281,#2554);
#2202=LINE('',#5287,#2555);
#2203=LINE('',#5293,#2556);
#2204=LINE('',#5302,#2557);
#2205=LINE('',#5307,#2558);
#2206=LINE('',#5312,#2559);
#2207=LINE('',#5318,#2560);
#2208=LINE('',#5319,#2561);
#2209=LINE('',#5323,#2562);
#2210=LINE('',#5328,#2563);
#2211=LINE('',#5330,#2564);
#2212=LINE('',#5335,#2565);
#2213=LINE('',#5341,#2566);
#2214=LINE('',#5347,#2567);
#2215=LINE('',#5353,#2568);
#2216=LINE('',#5362,#2569);
#2217=LINE('',#5367,#2570);
#2218=LINE('',#5372,#2571);
#2219=LINE('',#5384,#2572);
#2220=LINE('',#5389,#2573);
#2221=LINE('',#5394,#2574);
#2222=LINE('',#5403,#2575);
#2223=LINE('',#5409,#2576);
#2224=LINE('',#5415,#2577);
#2225=LINE('',#5419,#2578);
#2226=LINE('',#5420,#2579);
#2227=LINE('',#5424,#2580);
#2228=LINE('',#5427,#2581);
#2229=LINE('',#5430,#2582);
#2230=LINE('',#5433,#2583);
#2231=LINE('',#5436,#2584);
#2232=LINE('',#5439,#2585);
#2233=LINE('',#5441,#2586);
#2234=LINE('',#5443,#2587);
#2235=LINE('',#5445,#2588);
#2236=LINE('',#5447,#2589);
#2237=LINE('',#5449,#2590);
#2238=LINE('',#5451,#2591);
#2239=LINE('',#5453,#2592);
#2240=LINE('',#5455,#2593);
#2241=LINE('',#5457,#2594);
#2242=LINE('',#5459,#2595);
#2243=LINE('',#5461,#2596);
#2244=LINE('',#5464,#2597);
#2245=LINE('',#5466,#2598);
#2246=LINE('',#5468,#2599);
#2247=LINE('',#5470,#2600);
#2248=LINE('',#5472,#2601);
#2249=LINE('',#5474,#2602);
#2250=LINE('',#5476,#2603);
#2251=LINE('',#5478,#2604);
#2252=LINE('',#5480,#2605);
#2253=LINE('',#5482,#2606);
#2254=LINE('',#5484,#2607);
#2255=LINE('',#5486,#2608);
#2256=LINE('',#5488,#2609);
#2257=LINE('',#5490,#2610);
#2258=LINE('',#5492,#2611);
#2259=LINE('',#5494,#2612);
#2260=LINE('',#5496,#2613);
#2261=LINE('',#5498,#2614);
#2262=LINE('',#5500,#2615);
#2263=LINE('',#5502,#2616);
#2264=LINE('',#5503,#2617);
#2265=LINE('',#5505,#2618);
#2266=LINE('',#5507,#2619);
#2267=LINE('',#5509,#2620);
#2268=LINE('',#5511,#2621);
#2269=LINE('',#5513,#2622);
#2270=LINE('',#5515,#2623);
#2271=LINE('',#5517,#2624);
#2272=LINE('',#5519,#2625);
#2273=LINE('',#5521,#2626);
#2274=LINE('',#5523,#2627);
#2275=LINE('',#5525,#2628);
#2276=LINE('',#5527,#2629);
#2277=LINE('',#5529,#2630);
#2278=LINE('',#5531,#2631);
#2279=LINE('',#5533,#2632);
#2280=LINE('',#5535,#2633);
#2281=LINE('',#5537,#2634);
#2282=LINE('',#5539,#2635);
#2283=LINE('',#5541,#2636);
#2284=LINE('',#5543,#2637);
#2285=LINE('',#5545,#2638);
#2286=LINE('',#5547,#2639);
#2287=LINE('',#5549,#2640);
#2288=LINE('',#5551,#2641);
#2289=LINE('',#5553,#2642);
#2290=LINE('',#5555,#2643);
#2291=LINE('',#5557,#2644);
#2292=LINE('',#5559,#2645);
#2293=LINE('',#5561,#2646);
#2294=LINE('',#5563,#2647);
#2295=LINE('',#5566,#2648);
#2296=LINE('',#5568,#2649);
#2297=LINE('',#5570,#2650);
#2298=LINE('',#5572,#2651);
#2299=LINE('',#5574,#2652);
#2300=LINE('',#5576,#2653);
#2301=LINE('',#5577,#2654);
#2302=LINE('',#5579,#2655);
#2303=LINE('',#5581,#2656);
#2304=LINE('',#5583,#2657);
#2305=LINE('',#5585,#2658);
#2306=LINE('',#5587,#2659);
#2307=LINE('',#5589,#2660);
#2308=LINE('',#5591,#2661);
#2309=LINE('',#5593,#2662);
#2310=LINE('',#5595,#2663);
#2311=LINE('',#5597,#2664);
#2312=LINE('',#5599,#2665);
#2313=LINE('',#5601,#2666);
#2314=LINE('',#5603,#2667);
#2315=LINE('',#5605,#2668);
#2316=LINE('',#5607,#2669);
#2317=LINE('',#5609,#2670);
#2318=LINE('',#5611,#2671);
#2319=LINE('',#5613,#2672);
#2320=LINE('',#5615,#2673);
#2321=LINE('',#5617,#2674);
#2322=LINE('',#5619,#2675);
#2323=LINE('',#5621,#2676);
#2324=LINE('',#5623,#2677);
#2325=LINE('',#5625,#2678);
#2326=LINE('',#5627,#2679);
#2327=LINE('',#5629,#2680);
#2328=LINE('',#5631,#2681);
#2329=LINE('',#5633,#2682);
#2330=LINE('',#5635,#2683);
#2331=LINE('',#5638,#2684);
#2332=LINE('',#5640,#2685);
#2333=LINE('',#5642,#2686);
#2334=LINE('',#5644,#2687);
#2335=LINE('',#5647,#2688);
#2336=LINE('',#5648,#2689);
#2337=LINE('',#5650,#2690);
#2338=LINE('',#5652,#2691);
#2339=LINE('',#5656,#2692);
#2340=LINE('',#5658,#2693);
#2341=LINE('',#5660,#2694);
#2342=LINE('',#5662,#2695);
#2343=LINE('',#5665,#2696);
#2344=LINE('',#5666,#2697);
#2345=LINE('',#5668,#2698);
#2346=LINE('',#5670,#2699);
#2347=LINE('',#5674,#2700);
#2348=LINE('',#5676,#2701);
#2349=LINE('',#5678,#2702);
#2350=LINE('',#5680,#2703);
#2351=LINE('',#5683,#2704);
#2352=LINE('',#5684,#2705);
#2353=LINE('',#5686,#2706);
#2354=LINE('',#5688,#2707);
#2355=LINE('',#5692,#2708);
#2356=LINE('',#5694,#2709);
#2357=LINE('',#5696,#2710);
#2358=LINE('',#5698,#2711);
#2359=LINE('',#5701,#2712);
#2360=LINE('',#5702,#2713);
#2361=LINE('',#5704,#2714);
#2362=LINE('',#5706,#2715);
#2363=LINE('',#5710,#2716);
#2364=LINE('',#5712,#2717);
#2365=LINE('',#5714,#2718);
#2366=LINE('',#5716,#2719);
#2367=LINE('',#5719,#2720);
#2368=LINE('',#5721,#2721);
#2369=LINE('',#5723,#2722);
#2370=LINE('',#5725,#2723);
#2371=LINE('',#5728,#2724);
#2372=LINE('',#5730,#2725);
#2373=LINE('',#5732,#2726);
#2374=LINE('',#5734,#2727);
#2375=LINE('',#5737,#2728);
#2376=LINE('',#5739,#2729);
#2377=LINE('',#5741,#2730);
#2378=LINE('',#5743,#2731);
#2379=LINE('',#5746,#2732);
#2380=LINE('',#5748,#2733);
#2381=LINE('',#5750,#2734);
#2382=LINE('',#5752,#2735);
#2383=LINE('',#5755,#2736);
#2384=LINE('',#5757,#2737);
#2385=LINE('',#5759,#2738);
#2386=LINE('',#5761,#2739);
#2387=LINE('',#5764,#2740);
#2388=LINE('',#5766,#2741);
#2389=LINE('',#5768,#2742);
#2390=LINE('',#5770,#2743);
#2391=LINE('',#5773,#2744);
#2392=LINE('',#5775,#2745);
#2393=LINE('',#5777,#2746);
#2394=LINE('',#5779,#2747);
#2395=VECTOR('',#3771,1000.);
#2396=VECTOR('',#3772,1000.);
#2397=VECTOR('',#3773,1000.);
#2398=VECTOR('',#3774,1000.);
#2399=VECTOR('',#3777,1000.);
#2400=VECTOR('',#3778,1000.);
#2401=VECTOR('',#3779,1000.);
#2402=VECTOR('',#3780,1000.);
#2403=VECTOR('',#3783,1000.);
#2404=VECTOR('',#3784,1000.);
#2405=VECTOR('',#3785,1000.);
#2406=VECTOR('',#3786,1000.);
#2407=VECTOR('',#3789,1000.);
#2408=VECTOR('',#3790,1000.);
#2409=VECTOR('',#3791,1000.);
#2410=VECTOR('',#3792,1000.);
#2411=VECTOR('',#3795,1000.);
#2412=VECTOR('',#3796,1000.);
#2413=VECTOR('',#3797,1000.);
#2414=VECTOR('',#3798,1000.);
#2415=VECTOR('',#3801,1000.);
#2416=VECTOR('',#3802,1000.);
#2417=VECTOR('',#3803,1000.);
#2418=VECTOR('',#3804,1000.);
#2419=VECTOR('',#3807,1000.);
#2420=VECTOR('',#3808,1000.);
#2421=VECTOR('',#3809,1000.);
#2422=VECTOR('',#3810,1000.);
#2423=VECTOR('',#3813,1000.);
#2424=VECTOR('',#3814,1000.);
#2425=VECTOR('',#3815,1000.);
#2426=VECTOR('',#3816,1000.);
#2427=VECTOR('',#3819,1000.);
#2428=VECTOR('',#3820,1000.);
#2429=VECTOR('',#3821,1000.);
#2430=VECTOR('',#3822,1000.);
#2431=VECTOR('',#3825,1000.);
#2432=VECTOR('',#3826,1000.);
#2433=VECTOR('',#3827,1000.);
#2434=VECTOR('',#3828,1000.);
#2435=VECTOR('',#3831,1000.);
#2436=VECTOR('',#3832,1000.);
#2437=VECTOR('',#3833,1000.);
#2438=VECTOR('',#3834,1000.);
#2439=VECTOR('',#3837,1000.);
#2440=VECTOR('',#3838,1000.);
#2441=VECTOR('',#3839,1000.);
#2442=VECTOR('',#3840,1000.);
#2443=VECTOR('',#3843,1000.);
#2444=VECTOR('',#3844,1000.);
#2445=VECTOR('',#3845,1000.);
#2446=VECTOR('',#3846,1000.);
#2447=VECTOR('',#3849,1000.);
#2448=VECTOR('',#3850,1000.);
#2449=VECTOR('',#3851,1000.);
#2450=VECTOR('',#3852,1000.);
#2451=VECTOR('',#3855,1000.);
#2452=VECTOR('',#3856,1000.);
#2453=VECTOR('',#3857,1000.);
#2454=VECTOR('',#3858,1000.);
#2455=VECTOR('',#3861,1000.);
#2456=VECTOR('',#3862,1000.);
#2457=VECTOR('',#3863,1000.);
#2458=VECTOR('',#3864,1000.);
#2459=VECTOR('',#3867,1000.);
#2460=VECTOR('',#3868,1000.);
#2461=VECTOR('',#3869,1000.);
#2462=VECTOR('',#3870,1000.);
#2463=VECTOR('',#3871,1000.);
#2464=VECTOR('',#3872,1000.);
#2465=VECTOR('',#3873,1000.);
#2466=VECTOR('',#3874,1000.);
#2467=VECTOR('',#3875,1000.);
#2468=VECTOR('',#3876,1000.);
#2469=VECTOR('',#3877,1000.);
#2470=VECTOR('',#3878,1000.);
#2471=VECTOR('',#3879,1000.);
#2472=VECTOR('',#3880,1000.);
#2473=VECTOR('',#3881,1000.);
#2474=VECTOR('',#3882,1000.);
#2475=VECTOR('',#3883,1000.);
#2476=VECTOR('',#3884,1000.);
#2477=VECTOR('',#3885,1000.);
#2478=VECTOR('',#3886,1000.);
#2479=VECTOR('',#3887,1000.);
#2480=VECTOR('',#3888,1000.);
#2481=VECTOR('',#3889,1000.);
#2482=VECTOR('',#3890,1000.);
#2483=VECTOR('',#3891,1000.);
#2484=VECTOR('',#3892,1000.);
#2485=VECTOR('',#3893,1000.);
#2486=VECTOR('',#3894,1000.);
#2487=VECTOR('',#3895,1000.);
#2488=VECTOR('',#3898,1000.);
#2489=VECTOR('',#3901,1000.);
#2490=VECTOR('',#3906,1000.);
#2491=VECTOR('',#3909,1000.);
#2492=VECTOR('',#3914,1000.);
#2493=VECTOR('',#3917,1000.);
#2494=VECTOR('',#3922,1000.);
#2495=VECTOR('',#3923,1000.);
#2496=VECTOR('',#3924,1000.);
#2497=VECTOR('',#3925,1000.);
#2498=VECTOR('',#3928,1000.);
#2499=VECTOR('',#3931,1000.);
#2500=VECTOR('',#3936,1000.);
#2501=VECTOR('',#3937,1000.);
#2502=VECTOR('',#3938,1000.);
#2503=VECTOR('',#3939,1000.);
#2504=VECTOR('',#3950,1000.);
#2505=VECTOR('',#3955,1000.);
#2506=VECTOR('',#3956,1000.);
#2507=VECTOR('',#3957,1000.);
#2508=VECTOR('',#3958,1000.);
#2509=VECTOR('',#3959,1000.);
#2510=VECTOR('',#3964,1000.);
#2511=VECTOR('',#3973,1000.);
#2512=VECTOR('',#3982,1000.);
#2513=VECTOR('',#3985,1000.);
#2514=VECTOR('',#3988,1000.);
#2515=VECTOR('',#3989,1000.);
#2516=VECTOR('',#3990,1000.);
#2517=VECTOR('',#3993,1000.);
#2518=VECTOR('',#4000,1000.);
#2519=VECTOR('',#4009,1000.);
#2520=VECTOR('',#4018,1000.);
#2521=VECTOR('',#4023,1000.);
#2522=VECTOR('',#4024,1000.);
#2523=VECTOR('',#4025,1000.);
#2524=VECTOR('',#4026,1000.);
#2525=VECTOR('',#4031,1000.);
#2526=VECTOR('',#4042,1000.);
#2527=VECTOR('',#4051,1000.);
#2528=VECTOR('',#4060,1000.);
#2529=VECTOR('',#4065,1000.);
#2530=VECTOR('',#4066,1000.);
#2531=VECTOR('',#4067,1000.);
#2532=VECTOR('',#4068,1000.);
#2533=VECTOR('',#4069,1000.);
#2534=VECTOR('',#4074,1000.);
#2535=VECTOR('',#4083,1000.);
#2536=VECTOR('',#4092,1000.);
#2537=VECTOR('',#4097,1000.);
#2538=VECTOR('',#4098,1000.);
#2539=VECTOR('',#4099,1000.);
#2540=VECTOR('',#4100,1000.);
#2541=VECTOR('',#4105,1000.);
#2542=VECTOR('',#4114,1000.);
#2543=VECTOR('',#4123,1000.);
#2544=VECTOR('',#4128,1000.);
#2545=VECTOR('',#4133,1000.);
#2546=VECTOR('',#4136,1000.);
#2547=VECTOR('',#4141,1000.);
#2548=VECTOR('',#4152,1000.);
#2549=VECTOR('',#4157,1000.);
#2550=VECTOR('',#4162,1000.);
#2551=VECTOR('',#4171,1000.);
#2552=VECTOR('',#4176,1000.);
#2553=VECTOR('',#4181,1000.);
#2554=VECTOR('',#4188,1000.);
#2555=VECTOR('',#4193,1000.);
#2556=VECTOR('',#4198,1000.);
#2557=VECTOR('',#4207,1000.);
#2558=VECTOR('',#4212,1000.);
#2559=VECTOR('',#4217,1000.);
#2560=VECTOR('',#4224,1000.);
#2561=VECTOR('',#4225,1000.);
#2562=VECTOR('',#4232,1000.);
#2563=VECTOR('',#4237,1000.);
#2564=VECTOR('',#4240,1000.);
#2565=VECTOR('',#4245,1000.);
#2566=VECTOR('',#4252,1000.);
#2567=VECTOR('',#4257,1000.);
#2568=VECTOR('',#4262,1000.);
#2569=VECTOR('',#4271,1000.);
#2570=VECTOR('',#4276,1000.);
#2571=VECTOR('',#4281,1000.);
#2572=VECTOR('',#4294,1000.);
#2573=VECTOR('',#4299,1000.);
#2574=VECTOR('',#4304,1000.);
#2575=VECTOR('',#4313,1000.);
#2576=VECTOR('',#4318,1000.);
#2577=VECTOR('',#4323,1000.);
#2578=VECTOR('',#4328,1000.);
#2579=VECTOR('',#4329,1000.);
#2580=VECTOR('',#4336,1000.);
#2581=VECTOR('',#4341,1000.);
#2582=VECTOR('',#4346,1000.);
#2583=VECTOR('',#4351,1000.);
#2584=VECTOR('',#4356,1000.);
#2585=VECTOR('',#4357,1000.);
#2586=VECTOR('',#4358,1000.);
#2587=VECTOR('',#4359,1000.);
#2588=VECTOR('',#4360,1000.);
#2589=VECTOR('',#4361,1000.);
#2590=VECTOR('',#4362,1000.);
#2591=VECTOR('',#4363,1000.);
#2592=VECTOR('',#4364,1000.);
#2593=VECTOR('',#4365,1000.);
#2594=VECTOR('',#4366,1000.);
#2595=VECTOR('',#4367,1000.);
#2596=VECTOR('',#4370,1000.);
#2597=VECTOR('',#4371,1000.);
#2598=VECTOR('',#4372,1000.);
#2599=VECTOR('',#4373,1000.);
#2600=VECTOR('',#4374,1000.);
#2601=VECTOR('',#4375,1000.);
#2602=VECTOR('',#4376,1000.);
#2603=VECTOR('',#4377,1000.);
#2604=VECTOR('',#4378,1000.);
#2605=VECTOR('',#4379,1000.);
#2606=VECTOR('',#4380,1000.);
#2607=VECTOR('',#4381,1000.);
#2608=VECTOR('',#4382,1000.);
#2609=VECTOR('',#4385,1000.);
#2610=VECTOR('',#4386,1000.);
#2611=VECTOR('',#4387,1000.);
#2612=VECTOR('',#4390,1000.);
#2613=VECTOR('',#4391,1000.);
#2614=VECTOR('',#4394,1000.);
#2615=VECTOR('',#4395,1000.);
#2616=VECTOR('',#4398,1000.);
#2617=VECTOR('',#4399,1000.);
#2618=VECTOR('',#4402,1000.);
#2619=VECTOR('',#4405,1000.);
#2620=VECTOR('',#4406,1000.);
#2621=VECTOR('',#4409,1000.);
#2622=VECTOR('',#4410,1000.);
#2623=VECTOR('',#4413,1000.);
#2624=VECTOR('',#4416,1000.);
#2625=VECTOR('',#4419,1000.);
#2626=VECTOR('',#4420,1000.);
#2627=VECTOR('',#4423,1000.);
#2628=VECTOR('',#4424,1000.);
#2629=VECTOR('',#4427,1000.);
#2630=VECTOR('',#4430,1000.);
#2631=VECTOR('',#4433,1000.);
#2632=VECTOR('',#4434,1000.);
#2633=VECTOR('',#4437,1000.);
#2634=VECTOR('',#4438,1000.);
#2635=VECTOR('',#4441,1000.);
#2636=VECTOR('',#4444,1000.);
#2637=VECTOR('',#4447,1000.);
#2638=VECTOR('',#4448,1000.);
#2639=VECTOR('',#4451,1000.);
#2640=VECTOR('',#4452,1000.);
#2641=VECTOR('',#4455,1000.);
#2642=VECTOR('',#4458,1000.);
#2643=VECTOR('',#4461,1000.);
#2644=VECTOR('',#4462,1000.);
#2645=VECTOR('',#4465,1000.);
#2646=VECTOR('',#4468,1000.);
#2647=VECTOR('',#4471,1000.);
#2648=VECTOR('',#4476,1000.);
#2649=VECTOR('',#4477,1000.);
#2650=VECTOR('',#4478,1000.);
#2651=VECTOR('',#4481,1000.);
#2652=VECTOR('',#4482,1000.);
#2653=VECTOR('',#4485,1000.);
#2654=VECTOR('',#4486,1000.);
#2655=VECTOR('',#4489,1000.);
#2656=VECTOR('',#4490,1000.);
#2657=VECTOR('',#4493,1000.);
#2658=VECTOR('',#4494,1000.);
#2659=VECTOR('',#4497,1000.);
#2660=VECTOR('',#4500,1000.);
#2661=VECTOR('',#4503,1000.);
#2662=VECTOR('',#4504,1000.);
#2663=VECTOR('',#4507,1000.);
#2664=VECTOR('',#4508,1000.);
#2665=VECTOR('',#4511,1000.);
#2666=VECTOR('',#4514,1000.);
#2667=VECTOR('',#4517,1000.);
#2668=VECTOR('',#4518,1000.);
#2669=VECTOR('',#4521,1000.);
#2670=VECTOR('',#4522,1000.);
#2671=VECTOR('',#4525,1000.);
#2672=VECTOR('',#4528,1000.);
#2673=VECTOR('',#4531,1000.);
#2674=VECTOR('',#4532,1000.);
#2675=VECTOR('',#4535,1000.);
#2676=VECTOR('',#4536,1000.);
#2677=VECTOR('',#4539,1000.);
#2678=VECTOR('',#4542,1000.);
#2679=VECTOR('',#4545,1000.);
#2680=VECTOR('',#4546,1000.);
#2681=VECTOR('',#4549,1000.);
#2682=VECTOR('',#4552,1000.);
#2683=VECTOR('',#4555,1000.);
#2684=VECTOR('',#4560,1000.);
#2685=VECTOR('',#4563,1000.);
#2686=VECTOR('',#4566,1000.);
#2687=VECTOR('',#4569,1000.);
#2688=VECTOR('',#4574,1000.);
#2689=VECTOR('',#4575,1000.);
#2690=VECTOR('',#4578,1000.);
#2691=VECTOR('',#4581,1000.);
#2692=VECTOR('',#4588,1000.);
#2693=VECTOR('',#4591,1000.);
#2694=VECTOR('',#4594,1000.);
#2695=VECTOR('',#4597,1000.);
#2696=VECTOR('',#4602,1000.);
#2697=VECTOR('',#4603,1000.);
#2698=VECTOR('',#4606,1000.);
#2699=VECTOR('',#4609,1000.);
#2700=VECTOR('',#4616,1000.);
#2701=VECTOR('',#4619,1000.);
#2702=VECTOR('',#4622,1000.);
#2703=VECTOR('',#4625,1000.);
#2704=VECTOR('',#4630,1000.);
#2705=VECTOR('',#4631,1000.);
#2706=VECTOR('',#4634,1000.);
#2707=VECTOR('',#4637,1000.);
#2708=VECTOR('',#4644,1000.);
#2709=VECTOR('',#4647,1000.);
#2710=VECTOR('',#4650,1000.);
#2711=VECTOR('',#4653,1000.);
#2712=VECTOR('',#4658,1000.);
#2713=VECTOR('',#4659,1000.);
#2714=VECTOR('',#4662,1000.);
#2715=VECTOR('',#4665,1000.);
#2716=VECTOR('',#4672,1000.);
#2717=VECTOR('',#4675,1000.);
#2718=VECTOR('',#4678,1000.);
#2719=VECTOR('',#4681,1000.);
#2720=VECTOR('',#4686,1000.);
#2721=VECTOR('',#4689,1000.);
#2722=VECTOR('',#4692,1000.);
#2723=VECTOR('',#4695,1000.);
#2724=VECTOR('',#4700,1000.);
#2725=VECTOR('',#4703,1000.);
#2726=VECTOR('',#4706,1000.);
#2727=VECTOR('',#4709,1000.);
#2728=VECTOR('',#4714,1000.);
#2729=VECTOR('',#4717,1000.);
#2730=VECTOR('',#4720,1000.);
#2731=VECTOR('',#4723,1000.);
#2732=VECTOR('',#4728,1000.);
#2733=VECTOR('',#4731,1000.);
#2734=VECTOR('',#4734,1000.);
#2735=VECTOR('',#4737,1000.);
#2736=VECTOR('',#4742,1000.);
#2737=VECTOR('',#4745,1000.);
#2738=VECTOR('',#4748,1000.);
#2739=VECTOR('',#4751,1000.);
#2740=VECTOR('',#4756,1000.);
#2741=VECTOR('',#4759,1000.);
#2742=VECTOR('',#4762,1000.);
#2743=VECTOR('',#4765,1000.);
#2744=VECTOR('',#4770,1000.);
#2745=VECTOR('',#4773,1000.);
#2746=VECTOR('',#4776,1000.);
#2747=VECTOR('',#4779,1000.);
#2748=EDGE_LOOP('',(#236,#237,#238,#239));
#2749=EDGE_LOOP('',(#240,#241,#242,#243));
#2750=EDGE_LOOP('',(#244,#245,#246,#247));
#2751=EDGE_LOOP('',(#248,#249,#250,#251));
#2752=EDGE_LOOP('',(#252,#253,#254,#255));
#2753=EDGE_LOOP('',(#256,#257,#258,#259));
#2754=EDGE_LOOP('',(#260,#261,#262,#263));
#2755=EDGE_LOOP('',(#264,#265,#266,#267));
#2756=EDGE_LOOP('',(#268,#269,#270,#271));
#2757=EDGE_LOOP('',(#272,#273,#274,#275));
#2758=EDGE_LOOP('',(#276,#277,#278,#279));
#2759=EDGE_LOOP('',(#280,#281,#282,#283));
#2760=EDGE_LOOP('',(#284,#285,#286,#287));
#2761=EDGE_LOOP('',(#288,#289,#290,#291));
#2762=EDGE_LOOP('',(#292,#293,#294,#295));
#2763=EDGE_LOOP('',(#296,#297,#298,#299));
#2764=EDGE_LOOP('',(#300,#301,#302,#303));
#2765=EDGE_LOOP('',(#304,#305,#306,#307,#308,#309,#310,#311,#312,#313,#314,
#315));
#2766=EDGE_LOOP('',(#316,#317,#318,#319,#320,#321,#322,#323,#324,#325,#326,
#327,#328));
#2767=EDGE_LOOP('',(#329,#330,#331,#332));
#2768=EDGE_LOOP('',(#333,#334,#335,#336));
#2769=EDGE_LOOP('',(#337,#338,#339,#340));
#2770=EDGE_LOOP('',(#341,#342,#343,#344));
#2771=EDGE_LOOP('',(#345,#346,#347,#348));
#2772=EDGE_LOOP('',(#349,#350,#351,#352));
#2773=EDGE_LOOP('',(#353,#354,#355,#356,#357,#358,#359,#360,#361,#362,#363,
#364,#365,#366,#367,#368,#369,#370,#371,#372,#373,#374,#375,#376,#377,#378,
#379,#380,#381,#382));
#2774=EDGE_LOOP('',(#383,#384,#385,#386));
#2775=EDGE_LOOP('',(#387,#388,#389,#390));
#2776=EDGE_LOOP('',(#391,#392,#393,#394));
#2777=EDGE_LOOP('',(#395,#396,#397,#398,#399,#400,#401,#402,#403,#404,#405,
#406,#407,#408,#409,#410,#411,#412,#413,#414,#415,#416,#417,#418,#419,#420,
#421,#422,#423,#424));
#2778=EDGE_LOOP('',(#425,#426,#427,#428,#429,#430,#431,#432,#433,#434,#435,
#436,#437,#438,#439,#440,#441,#442,#443,#444,#445,#446,#447,#448,#449,#450,
#451,#452,#453,#454));
#2779=EDGE_LOOP('',(#455,#456,#457,#458));
#2780=EDGE_LOOP('',(#459,#460,#461,#462));
#2781=EDGE_LOOP('',(#463,#464,#465,#466,#467,#468,#469,#470,#471,#472,#473,
#474,#475,#476,#477,#478,#479,#480,#481,#482,#483,#484,#485,#486,#487,#488,
#489,#490,#491,#492));
#2782=EDGE_LOOP('',(#493,#494,#495,#496,#497,#498));
#2783=EDGE_LOOP('',(#499,#500,#501,#502,#503,#504));
#2784=EDGE_LOOP('',(#505,#506,#507,#508,#509,#510,#511,#512,#513,#514,#515,
#516,#517,#518,#519,#520,#521,#522,#523,#524,#525,#526,#527,#528,#529,#530,
#531,#532));
#2785=EDGE_LOOP('',(#533,#534,#535,#536,#537,#538,#539,#540,#541,#542,#543,
#544,#545,#546,#547,#548,#549,#550,#551,#552,#553,#554,#555,#556,#557,#558,
#559,#560));
#2786=EDGE_LOOP('',(#561,#562,#563,#564));
#2787=EDGE_LOOP('',(#565,#566,#567,#568));
#2788=EDGE_LOOP('',(#569,#570,#571,#572));
#2789=EDGE_LOOP('',(#573,#574,#575,#576,#577,#578));
#2790=EDGE_LOOP('',(#579,#580,#581,#582,#583,#584));
#2791=EDGE_LOOP('',(#585,#586,#587,#588,#589,#590,#591,#592,#593,#594,#595,
#596,#597,#598,#599,#600,#601,#602,#603,#604,#605,#606,#607,#608,#609,#610,
#611,#612));
#2792=EDGE_LOOP('',(#613,#614,#615,#616,#617,#618,#619,#620,#621,#622,#623,
#624,#625,#626,#627,#628,#629,#630,#631,#632,#633,#634,#635,#636,#637,#638,
#639,#640));
#2793=EDGE_LOOP('',(#641,#642,#643,#644));
#2794=EDGE_LOOP('',(#645,#646,#647,#648));
#2795=EDGE_LOOP('',(#649,#650,#651,#652));
#2796=EDGE_LOOP('',(#653,#654,#655,#656));
#2797=EDGE_LOOP('',(#657,#658,#659,#660));
#2798=EDGE_LOOP('',(#661,#662,#663,#664));
#2799=EDGE_LOOP('',(#665,#666,#667,#668));
#2800=EDGE_LOOP('',(#669,#670,#671,#672));
#2801=EDGE_LOOP('',(#673,#674,#675,#676));
#2802=EDGE_LOOP('',(#677,#678,#679,#680));
#2803=EDGE_LOOP('',(#681,#682,#683,#684));
#2804=EDGE_LOOP('',(#685,#686,#687,#688,#689,#690,#691,#692,#693,#694,#695,
#696));
#2805=EDGE_LOOP('',(#697,#698,#699,#700,#701,#702,#703,#704,#705,#706,#707,
#708,#709));
#2806=EDGE_LOOP('',(#710,#711,#712,#713));
#2807=EDGE_LOOP('',(#714,#715,#716,#717));
#2808=EDGE_LOOP('',(#718,#719,#720,#721));
#2809=EDGE_LOOP('',(#722,#723,#724,#725));
#2810=EDGE_LOOP('',(#726,#727,#728,#729));
#2811=EDGE_LOOP('',(#730,#731,#732,#733));
#2812=EDGE_LOOP('',(#734,#735,#736,#737));
#2813=EDGE_LOOP('',(#738,#739,#740,#741));
#2814=EDGE_LOOP('',(#742,#743,#744,#745));
#2815=EDGE_LOOP('',(#746,#747,#748,#749));
#2816=EDGE_LOOP('',(#750,#751,#752,#753));
#2817=EDGE_LOOP('',(#754,#755,#756,#757));
#2818=EDGE_LOOP('',(#758,#759,#760,#761));
#2819=EDGE_LOOP('',(#762,#763,#764,#765));
#2820=EDGE_LOOP('',(#766,#767,#768,#769));
#2821=EDGE_LOOP('',(#770,#771,#772,#773));
#2822=EDGE_LOOP('',(#774,#775,#776,#777));
#2823=EDGE_LOOP('',(#778,#779,#780,#781));
#2824=EDGE_LOOP('',(#782,#783,#784,#785));
#2825=EDGE_LOOP('',(#786,#787,#788,#789));
#2826=EDGE_LOOP('',(#790,#791,#792,#793));
#2827=EDGE_LOOP('',(#794,#795,#796,#797));
#2828=EDGE_LOOP('',(#798,#799,#800,#801));
#2829=EDGE_LOOP('',(#802,#803,#804,#805));
#2830=EDGE_LOOP('',(#806,#807,#808,#809));
#2831=EDGE_LOOP('',(#810,#811,#812,#813));
#2832=EDGE_LOOP('',(#814,#815,#816,#817));
#2833=EDGE_LOOP('',(#818,#819,#820,#821));
#2834=EDGE_LOOP('',(#822,#823,#824,#825));
#2835=EDGE_LOOP('',(#826,#827,#828,#829));
#2836=EDGE_LOOP('',(#830,#831,#832,#833));
#2837=EDGE_LOOP('',(#834,#835,#836,#837));
#2838=EDGE_LOOP('',(#838,#839,#840,#841));
#2839=EDGE_LOOP('',(#842,#843,#844,#845));
#2840=EDGE_LOOP('',(#846,#847,#848,#849));
#2841=EDGE_LOOP('',(#850,#851,#852,#853));
#2842=EDGE_LOOP('',(#854,#855,#856,#857));
#2843=EDGE_LOOP('',(#858,#859,#860,#861));
#2844=EDGE_LOOP('',(#862,#863,#864,#865));
#2845=EDGE_LOOP('',(#866,#867,#868,#869));
#2846=EDGE_LOOP('',(#870,#871,#872,#873));
#2847=EDGE_LOOP('',(#874,#875,#876,#877));
#2848=EDGE_LOOP('',(#878,#879,#880,#881));
#2849=EDGE_LOOP('',(#882,#883,#884,#885));
#2850=EDGE_LOOP('',(#886,#887,#888,#889));
#2851=EDGE_LOOP('',(#890,#891,#892,#893));
#2852=EDGE_LOOP('',(#894,#895,#896,#897));
#2853=EDGE_LOOP('',(#898,#899,#900,#901));
#2854=EDGE_LOOP('',(#902,#903,#904,#905));
#2855=EDGE_LOOP('',(#906,#907,#908,#909));
#2856=EDGE_LOOP('',(#910,#911,#912,#913));
#2857=EDGE_LOOP('',(#914,#915,#916,#917));
#2858=EDGE_LOOP('',(#918,#919,#920,#921));
#2859=EDGE_LOOP('',(#922,#923,#924,#925));
#2860=EDGE_LOOP('',(#926,#927,#928,#929));
#2861=EDGE_LOOP('',(#930,#931,#932,#933));
#2862=EDGE_LOOP('',(#934,#935,#936,#937));
#2863=EDGE_LOOP('',(#938,#939,#940,#941));
#2864=EDGE_LOOP('',(#942,#943,#944,#945));
#2865=EDGE_LOOP('',(#946,#947,#948,#949));
#2866=EDGE_LOOP('',(#950,#951,#952,#953));
#2867=EDGE_LOOP('',(#954,#955,#956,#957));
#2868=EDGE_LOOP('',(#958,#959,#960,#961));
#2869=EDGE_LOOP('',(#962,#963,#964,#965));
#2870=EDGE_LOOP('',(#966,#967,#968,#969));
#2871=EDGE_LOOP('',(#970,#971,#972,#973));
#2872=EDGE_LOOP('',(#974,#975,#976,#977));
#2873=EDGE_LOOP('',(#978,#979,#980,#981));
#2874=EDGE_LOOP('',(#982,#983,#984,#985));
#2875=EDGE_LOOP('',(#986,#987,#988,#989));
#2876=EDGE_LOOP('',(#990,#991,#992,#993));
#2877=EDGE_LOOP('',(#994,#995,#996,#997));
#2878=EDGE_LOOP('',(#998,#999,#1000,#1001));
#2879=EDGE_LOOP('',(#1002,#1003,#1004,#1005));
#2880=EDGE_LOOP('',(#1006,#1007,#1008,#1009));
#2881=EDGE_LOOP('',(#1010,#1011,#1012,#1013));
#2882=EDGE_LOOP('',(#1014,#1015,#1016,#1017));
#2883=EDGE_LOOP('',(#1018,#1019,#1020,#1021));
#2884=EDGE_LOOP('',(#1022,#1023,#1024,#1025));
#2885=EDGE_LOOP('',(#1026,#1027,#1028,#1029));
#2886=EDGE_LOOP('',(#1030,#1031,#1032,#1033));
#2887=EDGE_LOOP('',(#1034,#1035,#1036,#1037));
#2888=EDGE_LOOP('',(#1038,#1039,#1040,#1041));
#2889=EDGE_LOOP('',(#1042,#1043,#1044,#1045));
#2890=EDGE_LOOP('',(#1046,#1047,#1048,#1049));
#2891=EDGE_LOOP('',(#1050,#1051,#1052,#1053));
#2892=EDGE_LOOP('',(#1054,#1055,#1056,#1057));
#2893=EDGE_LOOP('',(#1058,#1059,#1060,#1061));
#2894=EDGE_LOOP('',(#1062,#1063,#1064,#1065));
#2895=EDGE_LOOP('',(#1066,#1067,#1068,#1069));
#2896=EDGE_LOOP('',(#1070,#1071,#1072,#1073));
#2897=EDGE_LOOP('',(#1074,#1075,#1076,#1077));
#2898=EDGE_LOOP('',(#1078,#1079,#1080,#1081));
#2899=EDGE_LOOP('',(#1082,#1083,#1084,#1085));
#2900=EDGE_LOOP('',(#1086,#1087,#1088,#1089));
#2901=EDGE_LOOP('',(#1090,#1091,#1092,#1093));
#2902=EDGE_LOOP('',(#1094,#1095,#1096,#1097));
#2903=EDGE_LOOP('',(#1098,#1099,#1100,#1101));
#2904=EDGE_LOOP('',(#1102,#1103,#1104,#1105));
#2905=EDGE_LOOP('',(#1106,#1107,#1108,#1109));
#2906=EDGE_LOOP('',(#1110,#1111,#1112,#1113));
#2907=EDGE_LOOP('',(#1114,#1115,#1116,#1117));
#2908=EDGE_LOOP('',(#1118,#1119,#1120,#1121));
#2909=EDGE_LOOP('',(#1122,#1123,#1124,#1125));
#2910=EDGE_LOOP('',(#1126,#1127,#1128,#1129));
#2911=EDGE_LOOP('',(#1130,#1131,#1132,#1133));
#2912=EDGE_LOOP('',(#1134,#1135,#1136,#1137));
#2913=EDGE_LOOP('',(#1138,#1139,#1140,#1141));
#2914=EDGE_LOOP('',(#1142,#1143,#1144,#1145));
#2915=EDGE_LOOP('',(#1146,#1147,#1148,#1149));
#2916=EDGE_LOOP('',(#1150,#1151,#1152,#1153));
#2917=EDGE_LOOP('',(#1154,#1155,#1156,#1157));
#2918=EDGE_LOOP('',(#1158,#1159,#1160,#1161));
#2919=EDGE_LOOP('',(#1162,#1163,#1164,#1165));
#2920=EDGE_LOOP('',(#1166,#1167,#1168,#1169));
#2921=EDGE_LOOP('',(#1170,#1171,#1172,#1173));
#2922=EDGE_LOOP('',(#1174,#1175,#1176,#1177));
#2923=EDGE_LOOP('',(#1178,#1179,#1180,#1181));
#2924=EDGE_LOOP('',(#1182,#1183,#1184,#1185));
#2925=EDGE_LOOP('',(#1186,#1187,#1188,#1189));
#2926=EDGE_LOOP('',(#1190,#1191,#1192,#1193));
#2927=EDGE_LOOP('',(#1194,#1195,#1196,#1197));
#2928=EDGE_LOOP('',(#1198,#1199,#1200,#1201));
#2929=EDGE_LOOP('',(#1202,#1203,#1204,#1205));
#2930=EDGE_LOOP('',(#1206,#1207,#1208,#1209));
#2931=EDGE_LOOP('',(#1210,#1211,#1212,#1213));
#2932=EDGE_LOOP('',(#1214,#1215,#1216,#1217));
#2933=EDGE_LOOP('',(#1218,#1219,#1220,#1221));
#2934=EDGE_LOOP('',(#1222,#1223,#1224,#1225));
#2935=EDGE_LOOP('',(#1226,#1227,#1228,#1229));
#2936=FACE_BOUND('',#2748,.T.);
#2937=FACE_BOUND('',#2749,.T.);
#2938=FACE_BOUND('',#2750,.T.);
#2939=FACE_BOUND('',#2751,.T.);
#2940=FACE_BOUND('',#2752,.T.);
#2941=FACE_BOUND('',#2753,.T.);
#2942=FACE_BOUND('',#2754,.T.);
#2943=FACE_BOUND('',#2755,.T.);
#2944=FACE_BOUND('',#2756,.T.);
#2945=FACE_BOUND('',#2757,.T.);
#2946=FACE_BOUND('',#2758,.T.);
#2947=FACE_BOUND('',#2759,.T.);
#2948=FACE_BOUND('',#2760,.T.);
#2949=FACE_BOUND('',#2761,.T.);
#2950=FACE_BOUND('',#2762,.T.);
#2951=FACE_BOUND('',#2763,.T.);
#2952=FACE_BOUND('',#2764,.T.);
#2953=FACE_BOUND('',#2765,.T.);
#2954=FACE_BOUND('',#2766,.T.);
#2955=FACE_BOUND('',#2767,.T.);
#2956=FACE_BOUND('',#2768,.T.);
#2957=FACE_BOUND('',#2769,.T.);
#2958=FACE_BOUND('',#2770,.T.);
#2959=FACE_BOUND('',#2771,.T.);
#2960=FACE_BOUND('',#2772,.T.);
#2961=FACE_BOUND('',#2773,.T.);
#2962=FACE_BOUND('',#2774,.T.);
#2963=FACE_BOUND('',#2775,.T.);
#2964=FACE_BOUND('',#2776,.T.);
#2965=FACE_BOUND('',#2777,.T.);
#2966=FACE_BOUND('',#2778,.T.);
#2967=FACE_BOUND('',#2779,.T.);
#2968=FACE_BOUND('',#2780,.T.);
#2969=FACE_BOUND('',#2781,.T.);
#2970=FACE_BOUND('',#2782,.T.);
#2971=FACE_BOUND('',#2783,.T.);
#2972=FACE_BOUND('',#2784,.T.);
#2973=FACE_BOUND('',#2785,.T.);
#2974=FACE_BOUND('',#2786,.T.);
#2975=FACE_BOUND('',#2787,.T.);
#2976=FACE_BOUND('',#2788,.T.);
#2977=FACE_BOUND('',#2789,.T.);
#2978=FACE_BOUND('',#2790,.T.);
#2979=FACE_BOUND('',#2791,.T.);
#2980=FACE_BOUND('',#2792,.T.);
#2981=FACE_BOUND('',#2793,.T.);
#2982=FACE_BOUND('',#2794,.T.);
#2983=FACE_BOUND('',#2795,.T.);
#2984=FACE_BOUND('',#2796,.T.);
#2985=FACE_BOUND('',#2797,.T.);
#2986=FACE_BOUND('',#2798,.T.);
#2987=FACE_BOUND('',#2799,.T.);
#2988=FACE_BOUND('',#2800,.T.);
#2989=FACE_BOUND('',#2801,.T.);
#2990=FACE_BOUND('',#2802,.T.);
#2991=FACE_BOUND('',#2803,.T.);
#2992=FACE_BOUND('',#2804,.T.);
#2993=FACE_BOUND('',#2805,.T.);
#2994=FACE_BOUND('',#2806,.T.);
#2995=FACE_BOUND('',#2807,.T.);
#2996=FACE_BOUND('',#2808,.T.);
#2997=FACE_BOUND('',#2809,.T.);
#2998=FACE_BOUND('',#2810,.T.);
#2999=FACE_BOUND('',#2811,.T.);
#3000=FACE_BOUND('',#2812,.T.);
#3001=FACE_BOUND('',#2813,.T.);
#3002=FACE_BOUND('',#2814,.T.);
#3003=FACE_BOUND('',#2815,.T.);
#3004=FACE_BOUND('',#2816,.T.);
#3005=FACE_BOUND('',#2817,.T.);
#3006=FACE_BOUND('',#2818,.T.);
#3007=FACE_BOUND('',#2819,.T.);
#3008=FACE_BOUND('',#2820,.T.);
#3009=FACE_BOUND('',#2821,.T.);
#3010=FACE_BOUND('',#2822,.T.);
#3011=FACE_BOUND('',#2823,.T.);
#3012=FACE_BOUND('',#2824,.T.);
#3013=FACE_BOUND('',#2825,.T.);
#3014=FACE_BOUND('',#2826,.T.);
#3015=FACE_BOUND('',#2827,.T.);
#3016=FACE_BOUND('',#2828,.T.);
#3017=FACE_BOUND('',#2829,.T.);
#3018=FACE_BOUND('',#2830,.T.);
#3019=FACE_BOUND('',#2831,.T.);
#3020=FACE_BOUND('',#2832,.T.);
#3021=FACE_BOUND('',#2833,.T.);
#3022=FACE_BOUND('',#2834,.T.);
#3023=FACE_BOUND('',#2835,.T.);
#3024=FACE_BOUND('',#2836,.T.);
#3025=FACE_BOUND('',#2837,.T.);
#3026=FACE_BOUND('',#2838,.T.);
#3027=FACE_BOUND('',#2839,.T.);
#3028=FACE_BOUND('',#2840,.T.);
#3029=FACE_BOUND('',#2841,.T.);
#3030=FACE_BOUND('',#2842,.T.);
#3031=FACE_BOUND('',#2843,.T.);
#3032=FACE_BOUND('',#2844,.T.);
#3033=FACE_BOUND('',#2845,.T.);
#3034=FACE_BOUND('',#2846,.T.);
#3035=FACE_BOUND('',#2847,.T.);
#3036=FACE_BOUND('',#2848,.T.);
#3037=FACE_BOUND('',#2849,.T.);
#3038=FACE_BOUND('',#2850,.T.);
#3039=FACE_BOUND('',#2851,.T.);
#3040=FACE_BOUND('',#2852,.T.);
#3041=FACE_BOUND('',#2853,.T.);
#3042=FACE_BOUND('',#2854,.T.);
#3043=FACE_BOUND('',#2855,.T.);
#3044=FACE_BOUND('',#2856,.T.);
#3045=FACE_BOUND('',#2857,.T.);
#3046=FACE_BOUND('',#2858,.T.);
#3047=FACE_BOUND('',#2859,.T.);
#3048=FACE_BOUND('',#2860,.T.);
#3049=FACE_BOUND('',#2861,.T.);
#3050=FACE_BOUND('',#2862,.T.);
#3051=FACE_BOUND('',#2863,.T.);
#3052=FACE_BOUND('',#2864,.T.);
#3053=FACE_BOUND('',#2865,.T.);
#3054=FACE_BOUND('',#2866,.T.);
#3055=FACE_BOUND('',#2867,.T.);
#3056=FACE_BOUND('',#2868,.T.);
#3057=FACE_BOUND('',#2869,.T.);
#3058=FACE_BOUND('',#2870,.T.);
#3059=FACE_BOUND('',#2871,.T.);
#3060=FACE_BOUND('',#2872,.T.);
#3061=FACE_BOUND('',#2873,.T.);
#3062=FACE_BOUND('',#2874,.T.);
#3063=FACE_BOUND('',#2875,.T.);
#3064=FACE_BOUND('',#2876,.T.);
#3065=FACE_BOUND('',#2877,.T.);
#3066=FACE_BOUND('',#2878,.T.);
#3067=FACE_BOUND('',#2879,.T.);
#3068=FACE_BOUND('',#2880,.T.);
#3069=FACE_BOUND('',#2881,.T.);
#3070=FACE_BOUND('',#2882,.T.);
#3071=FACE_BOUND('',#2883,.T.);
#3072=FACE_BOUND('',#2884,.T.);
#3073=FACE_BOUND('',#2885,.T.);
#3074=FACE_BOUND('',#2886,.T.);
#3075=FACE_BOUND('',#2887,.T.);
#3076=FACE_BOUND('',#2888,.T.);
#3077=FACE_BOUND('',#2889,.T.);
#3078=FACE_BOUND('',#2890,.T.);
#3079=FACE_BOUND('',#2891,.T.);
#3080=FACE_BOUND('',#2892,.T.);
#3081=FACE_BOUND('',#2893,.T.);
#3082=FACE_BOUND('',#2894,.T.);
#3083=FACE_BOUND('',#2895,.T.);
#3084=FACE_BOUND('',#2896,.T.);
#3085=FACE_BOUND('',#2897,.T.);
#3086=FACE_BOUND('',#2898,.T.);
#3087=FACE_BOUND('',#2899,.T.);
#3088=FACE_BOUND('',#2900,.T.);
#3089=FACE_BOUND('',#2901,.T.);
#3090=FACE_BOUND('',#2902,.T.);
#3091=FACE_BOUND('',#2903,.T.);
#3092=FACE_BOUND('',#2904,.T.);
#3093=FACE_BOUND('',#2905,.T.);
#3094=FACE_BOUND('',#2906,.T.);
#3095=FACE_BOUND('',#2907,.T.);
#3096=FACE_BOUND('',#2908,.T.);
#3097=FACE_BOUND('',#2909,.T.);
#3098=FACE_BOUND('',#2910,.T.);
#3099=FACE_BOUND('',#2911,.T.);
#3100=FACE_BOUND('',#2912,.T.);
#3101=FACE_BOUND('',#2913,.T.);
#3102=FACE_BOUND('',#2914,.T.);
#3103=FACE_BOUND('',#2915,.T.);
#3104=FACE_BOUND('',#2916,.T.);
#3105=FACE_BOUND('',#2917,.T.);
#3106=FACE_BOUND('',#2918,.T.);
#3107=FACE_BOUND('',#2919,.T.);
#3108=FACE_BOUND('',#2920,.T.);
#3109=FACE_BOUND('',#2921,.T.);
#3110=FACE_BOUND('',#2922,.T.);
#3111=FACE_BOUND('',#2923,.T.);
#3112=FACE_BOUND('',#2924,.T.);
#3113=FACE_BOUND('',#2925,.T.);
#3114=FACE_BOUND('',#2926,.T.);
#3115=FACE_BOUND('',#2927,.T.);
#3116=FACE_BOUND('',#2928,.T.);
#3117=FACE_BOUND('',#2929,.T.);
#3118=FACE_BOUND('',#2930,.T.);
#3119=FACE_BOUND('',#2931,.T.);
#3120=FACE_BOUND('',#2932,.T.);
#3121=FACE_BOUND('',#2933,.T.);
#3122=FACE_BOUND('',#2934,.T.);
#3123=FACE_BOUND('',#2935,.T.);
#3124=PLANE('',#3437);
#3125=PLANE('',#3438);
#3126=PLANE('',#3439);
#3127=PLANE('',#3440);
#3128=PLANE('',#3441);
#3129=PLANE('',#3442);
#3130=PLANE('',#3443);
#3131=PLANE('',#3444);
#3132=PLANE('',#3445);
#3133=PLANE('',#3446);
#3134=PLANE('',#3447);
#3135=PLANE('',#3448);
#3136=PLANE('',#3449);
#3137=PLANE('',#3450);
#3138=PLANE('',#3451);
#3139=PLANE('',#3452);
#3140=PLANE('',#3453);
#3141=PLANE('',#3454);
#3142=PLANE('',#3457);
#3143=PLANE('',#3460);
#3144=PLANE('',#3463);
#3145=PLANE('',#3464);
#3146=PLANE('',#3467);
#3147=PLANE('',#3468);
#3148=PLANE('',#3486);
#3149=PLANE('',#3488);
#3150=PLANE('',#3505);
#3151=PLANE('',#3524);
#3152=PLANE('',#3541);
#3153=PLANE('',#3544);
#3154=PLANE('',#3547);
#3155=PLANE('',#3564);
#3156=PLANE('',#3581);
#3157=PLANE('',#3584);
#3158=PLANE('',#3587);
#3159=PLANE('',#3590);
#3160=PLANE('',#3607);
#3161=PLANE('',#3624);
#3162=PLANE('',#3627);
#3163=PLANE('',#3628);
#3164=PLANE('',#3629);
#3165=PLANE('',#3630);
#3166=PLANE('',#3631);
#3167=PLANE('',#3632);
#3168=PLANE('',#3633);
#3169=PLANE('',#3634);
#3170=PLANE('',#3635);
#3171=PLANE('',#3636);
#3172=PLANE('',#3637);
#3173=PLANE('',#3638);
#3174=PLANE('',#3639);
#3175=PLANE('',#3640);
#3176=PLANE('',#3641);
#3177=PLANE('',#3642);
#3178=PLANE('',#3643);
#3179=PLANE('',#3644);
#3180=PLANE('',#3645);
#3181=PLANE('',#3646);
#3182=PLANE('',#3647);
#3183=PLANE('',#3648);
#3184=PLANE('',#3649);
#3185=PLANE('',#3650);
#3186=PLANE('',#3651);
#3187=PLANE('',#3652);
#3188=PLANE('',#3653);
#3189=PLANE('',#3654);
#3190=PLANE('',#3655);
#3191=PLANE('',#3656);
#3192=PLANE('',#3657);
#3193=PLANE('',#3658);
#3194=PLANE('',#3659);
#3195=PLANE('',#3660);
#3196=PLANE('',#3661);
#3197=PLANE('',#3662);
#3198=PLANE('',#3663);
#3199=PLANE('',#3664);
#3200=PLANE('',#3665);
#3201=PLANE('',#3666);
#3202=PLANE('',#3667);
#3203=PLANE('',#3668);
#3204=PLANE('',#3669);
#3205=PLANE('',#3670);
#3206=PLANE('',#3671);
#3207=PLANE('',#3672);
#3208=PLANE('',#3673);
#3209=PLANE('',#3674);
#3210=PLANE('',#3675);
#3211=PLANE('',#3676);
#3212=PLANE('',#3677);
#3213=PLANE('',#3678);
#3214=PLANE('',#3679);
#3215=PLANE('',#3680);
#3216=PLANE('',#3681);
#3217=PLANE('',#3682);
#3218=PLANE('',#3683);
#3219=PLANE('',#3684);
#3220=PLANE('',#3685);
#3221=PLANE('',#3686);
#3222=PLANE('',#3690);
#3223=PLANE('',#3693);
#3224=PLANE('',#3700);
#3225=PLANE('',#3703);
#3226=PLANE('',#3710);
#3227=PLANE('',#3713);
#3228=PLANE('',#3720);
#3229=PLANE('',#3723);
#3230=PLANE('',#3729);
#3231=PLANE('',#3735);
#3232=PLANE('',#3739);
#3233=PLANE('',#3745);
#3234=PLANE('',#3749);
#3235=PLANE('',#3755);
#3236=PLANE('',#3759);
#3237=PLANE('',#3765);
#3238=ADVANCED_FACE('',(#2936),#3124,.T.);
#3239=ADVANCED_FACE('',(#2937),#3125,.F.);
#3240=ADVANCED_FACE('',(#2938),#3126,.T.);
#3241=ADVANCED_FACE('',(#2939),#3127,.F.);
#3242=ADVANCED_FACE('',(#2940),#3128,.T.);
#3243=ADVANCED_FACE('',(#2941),#3129,.F.);
#3244=ADVANCED_FACE('',(#2942),#3130,.T.);
#3245=ADVANCED_FACE('',(#2943),#3131,.F.);
#3246=ADVANCED_FACE('',(#2944),#3132,.F.);
#3247=ADVANCED_FACE('',(#2945),#3133,.F.);
#3248=ADVANCED_FACE('',(#2946),#3134,.F.);
#3249=ADVANCED_FACE('',(#2947),#3135,.F.);
#3250=ADVANCED_FACE('',(#2948),#3136,.F.);
#3251=ADVANCED_FACE('',(#2949),#3137,.F.);
#3252=ADVANCED_FACE('',(#2950),#3138,.F.);
#3253=ADVANCED_FACE('',(#2951),#3139,.F.);
#3254=ADVANCED_FACE('',(#2952,#2953,#2954),#3140,.F.);
#3255=ADVANCED_FACE('',(#2955),#3141,.T.);
#3256=ADVANCED_FACE('',(#2956),#3142,.F.);
#3257=ADVANCED_FACE('',(#2957),#3143,.T.);
#3258=ADVANCED_FACE('',(#2958),#3144,.T.);
#3259=ADVANCED_FACE('',(#2959),#3145,.F.);
#3260=ADVANCED_FACE('',(#2960),#3146,.F.);
#3261=ADVANCED_FACE('',(#2961),#3147,.T.);
#3262=ADVANCED_FACE('',(#2962),#20,.F.);
#3263=ADVANCED_FACE('',(#2963),#3148,.T.);
#3264=ADVANCED_FACE('',(#2964),#21,.F.);
#3265=ADVANCED_FACE('',(#2965),#3149,.T.);
#3266=ADVANCED_FACE('',(#2966),#3150,.F.);
#3267=ADVANCED_FACE('',(#2967),#22,.T.);
#3268=ADVANCED_FACE('',(#2968),#23,.T.);
#3269=ADVANCED_FACE('',(#2969),#3151,.F.);
#3270=ADVANCED_FACE('',(#2970),#3152,.F.);
#3271=ADVANCED_FACE('',(#2971),#3153,.F.);
#3272=ADVANCED_FACE('',(#2972),#3154,.T.);
#3273=ADVANCED_FACE('',(#2973),#3155,.F.);
#3274=ADVANCED_FACE('',(#2974),#3156,.F.);
#3275=ADVANCED_FACE('',(#2975),#24,.T.);
#3276=ADVANCED_FACE('',(#2976),#25,.F.);
#3277=ADVANCED_FACE('',(#2977),#3157,.F.);
#3278=ADVANCED_FACE('',(#2978),#3158,.F.);
#3279=ADVANCED_FACE('',(#2979),#3159,.T.);
#3280=ADVANCED_FACE('',(#2980),#3160,.F.);
#3281=ADVANCED_FACE('',(#2981),#3161,.F.);
#3282=ADVANCED_FACE('',(#2982),#26,.T.);
#3283=ADVANCED_FACE('',(#2983),#27,.F.);
#3284=ADVANCED_FACE('',(#2984),#3162,.T.);
#3285=ADVANCED_FACE('',(#2985),#3163,.T.);
#3286=ADVANCED_FACE('',(#2986),#3164,.T.);
#3287=ADVANCED_FACE('',(#2987),#3165,.T.);
#3288=ADVANCED_FACE('',(#2988),#3166,.T.);
#3289=ADVANCED_FACE('',(#2989),#3167,.T.);
#3290=ADVANCED_FACE('',(#2990),#3168,.T.);
#3291=ADVANCED_FACE('',(#2991),#3169,.T.);
#3292=ADVANCED_FACE('',(#2992),#3170,.F.);
#3293=ADVANCED_FACE('',(#2993),#3171,.F.);
#3294=ADVANCED_FACE('',(#2994),#3172,.F.);
#3295=ADVANCED_FACE('',(#2995),#3173,.F.);
#3296=ADVANCED_FACE('',(#2996),#3174,.F.);
#3297=ADVANCED_FACE('',(#2997),#3175,.T.);
#3298=ADVANCED_FACE('',(#2998),#3176,.T.);
#3299=ADVANCED_FACE('',(#2999),#3177,.F.);
#3300=ADVANCED_FACE('',(#3000),#3178,.F.);
#3301=ADVANCED_FACE('',(#3001),#3179,.T.);
#3302=ADVANCED_FACE('',(#3002),#3180,.T.);
#3303=ADVANCED_FACE('',(#3003),#3181,.F.);
#3304=ADVANCED_FACE('',(#3004),#3182,.F.);
#3305=ADVANCED_FACE('',(#3005),#3183,.T.);
#3306=ADVANCED_FACE('',(#3006),#3184,.T.);
#3307=ADVANCED_FACE('',(#3007),#3185,.F.);
#3308=ADVANCED_FACE('',(#3008),#3186,.F.);
#3309=ADVANCED_FACE('',(#3009),#3187,.T.);
#3310=ADVANCED_FACE('',(#3010),#3188,.T.);
#3311=ADVANCED_FACE('',(#3011),#3189,.F.);
#3312=ADVANCED_FACE('',(#3012),#3190,.F.);
#3313=ADVANCED_FACE('',(#3013),#3191,.T.);
#3314=ADVANCED_FACE('',(#3014),#3192,.T.);
#3315=ADVANCED_FACE('',(#3015),#3193,.F.);
#3316=ADVANCED_FACE('',(#3016),#3194,.F.);
#3317=ADVANCED_FACE('',(#3017),#3195,.T.);
#3318=ADVANCED_FACE('',(#3018),#3196,.T.);
#3319=ADVANCED_FACE('',(#3019),#3197,.T.);
#3320=ADVANCED_FACE('',(#3020),#3198,.F.);
#3321=ADVANCED_FACE('',(#3021),#3199,.F.);
#3322=ADVANCED_FACE('',(#3022),#3200,.T.);
#3323=ADVANCED_FACE('',(#3023),#3201,.F.);
#3324=ADVANCED_FACE('',(#3024),#3202,.F.);
#3325=ADVANCED_FACE('',(#3025),#3203,.T.);
#3326=ADVANCED_FACE('',(#3026),#3204,.T.);
#3327=ADVANCED_FACE('',(#3027),#3205,.F.);
#3328=ADVANCED_FACE('',(#3028),#3206,.F.);
#3329=ADVANCED_FACE('',(#3029),#3207,.T.);
#3330=ADVANCED_FACE('',(#3030),#3208,.T.);
#3331=ADVANCED_FACE('',(#3031),#3209,.F.);
#3332=ADVANCED_FACE('',(#3032),#3210,.F.);
#3333=ADVANCED_FACE('',(#3033),#3211,.T.);
#3334=ADVANCED_FACE('',(#3034),#3212,.T.);
#3335=ADVANCED_FACE('',(#3035),#3213,.F.);
#3336=ADVANCED_FACE('',(#3036),#3214,.F.);
#3337=ADVANCED_FACE('',(#3037),#3215,.T.);
#3338=ADVANCED_FACE('',(#3038),#3216,.T.);
#3339=ADVANCED_FACE('',(#3039),#3217,.F.);
#3340=ADVANCED_FACE('',(#3040),#3218,.F.);
#3341=ADVANCED_FACE('',(#3041),#3219,.T.);
#3342=ADVANCED_FACE('',(#3042),#3220,.T.);
#3343=ADVANCED_FACE('',(#3043),#3221,.T.);
#3344=ADVANCED_FACE('',(#3044),#28,.T.);
#3345=ADVANCED_FACE('',(#3045),#29,.T.);
#3346=ADVANCED_FACE('',(#3046),#30,.F.);
#3347=ADVANCED_FACE('',(#3047),#3222,.F.);
#3348=ADVANCED_FACE('',(#3048),#31,.F.);
#3349=ADVANCED_FACE('',(#3049),#32,.F.);
#3350=ADVANCED_FACE('',(#3050),#3223,.F.);
#3351=ADVANCED_FACE('',(#3051),#33,.F.);
#3352=ADVANCED_FACE('',(#3052),#34,.T.);
#3353=ADVANCED_FACE('',(#3053),#35,.T.);
#3354=ADVANCED_FACE('',(#3054),#36,.T.);
#3355=ADVANCED_FACE('',(#3055),#37,.T.);
#3356=ADVANCED_FACE('',(#3056),#38,.F.);
#3357=ADVANCED_FACE('',(#3057),#3224,.F.);
#3358=ADVANCED_FACE('',(#3058),#39,.F.);
#3359=ADVANCED_FACE('',(#3059),#40,.F.);
#3360=ADVANCED_FACE('',(#3060),#3225,.F.);
#3361=ADVANCED_FACE('',(#3061),#41,.F.);
#3362=ADVANCED_FACE('',(#3062),#42,.T.);
#3363=ADVANCED_FACE('',(#3063),#43,.T.);
#3364=ADVANCED_FACE('',(#3064),#44,.T.);
#3365=ADVANCED_FACE('',(#3065),#45,.T.);
#3366=ADVANCED_FACE('',(#3066),#46,.F.);
#3367=ADVANCED_FACE('',(#3067),#3226,.T.);
#3368=ADVANCED_FACE('',(#3068),#47,.F.);
#3369=ADVANCED_FACE('',(#3069),#48,.F.);
#3370=ADVANCED_FACE('',(#3070),#3227,.T.);
#3371=ADVANCED_FACE('',(#3071),#49,.F.);
#3372=ADVANCED_FACE('',(#3072),#50,.T.);
#3373=ADVANCED_FACE('',(#3073),#51,.T.);
#3374=ADVANCED_FACE('',(#3074),#52,.T.);
#3375=ADVANCED_FACE('',(#3075),#53,.T.);
#3376=ADVANCED_FACE('',(#3076),#54,.F.);
#3377=ADVANCED_FACE('',(#3077),#3228,.T.);
#3378=ADVANCED_FACE('',(#3078),#55,.F.);
#3379=ADVANCED_FACE('',(#3079),#56,.F.);
#3380=ADVANCED_FACE('',(#3080),#3229,.T.);
#3381=ADVANCED_FACE('',(#3081),#57,.F.);
#3382=ADVANCED_FACE('',(#3082),#58,.T.);
#3383=ADVANCED_FACE('',(#3083),#59,.T.);
#3384=ADVANCED_FACE('',(#3084),#60,.T.);
#3385=ADVANCED_FACE('',(#3085),#61,.F.);
#3386=ADVANCED_FACE('',(#3086),#3230,.F.);
#3387=ADVANCED_FACE('',(#3087),#62,.T.);
#3388=ADVANCED_FACE('',(#3088),#63,.F.);
#3389=ADVANCED_FACE('',(#3089),#64,.T.);
#3390=ADVANCED_FACE('',(#3090),#65,.T.);
#3391=ADVANCED_FACE('',(#3091),#66,.F.);
#3392=ADVANCED_FACE('',(#3092),#3231,.F.);
#3393=ADVANCED_FACE('',(#3093),#67,.F.);
#3394=ADVANCED_FACE('',(#3094),#68,.T.);
#3395=ADVANCED_FACE('',(#3095),#69,.F.);
#3396=ADVANCED_FACE('',(#3096),#3232,.F.);
#3397=ADVANCED_FACE('',(#3097),#70,.T.);
#3398=ADVANCED_FACE('',(#3098),#71,.F.);
#3399=ADVANCED_FACE('',(#3099),#72,.T.);
#3400=ADVANCED_FACE('',(#3100),#73,.T.);
#3401=ADVANCED_FACE('',(#3101),#74,.F.);
#3402=ADVANCED_FACE('',(#3102),#3233,.F.);
#3403=ADVANCED_FACE('',(#3103),#75,.F.);
#3404=ADVANCED_FACE('',(#3104),#76,.T.);
#3405=ADVANCED_FACE('',(#3105),#77,.F.);
#3406=ADVANCED_FACE('',(#3106),#3234,.T.);
#3407=ADVANCED_FACE('',(#3107),#78,.T.);
#3408=ADVANCED_FACE('',(#3108),#79,.F.);
#3409=ADVANCED_FACE('',(#3109),#80,.T.);
#3410=ADVANCED_FACE('',(#3110),#81,.T.);
#3411=ADVANCED_FACE('',(#3111),#82,.F.);
#3412=ADVANCED_FACE('',(#3112),#3235,.T.);
#3413=ADVANCED_FACE('',(#3113),#83,.F.);
#3414=ADVANCED_FACE('',(#3114),#84,.T.);
#3415=ADVANCED_FACE('',(#3115),#85,.F.);
#3416=ADVANCED_FACE('',(#3116),#3236,.T.);
#3417=ADVANCED_FACE('',(#3117),#86,.T.);
#3418=ADVANCED_FACE('',(#3118),#87,.F.);
#3419=ADVANCED_FACE('',(#3119),#88,.T.);
#3420=ADVANCED_FACE('',(#3120),#89,.T.);
#3421=ADVANCED_FACE('',(#3121),#90,.F.);
#3422=ADVANCED_FACE('',(#3122),#3237,.T.);
#3423=ADVANCED_FACE('',(#3123),#91,.F.);
#3424=CLOSED_SHELL('',(#3238,#3239,#3240,#3241,#3242,#3243,#3244,#3245,
#3246,#3247,#3248,#3249,#3250,#3251,#3252,#3253,#3254,#3255,#3256,#3257,
#3258,#3259,#3260,#3261,#3262,#3263,#3264,#3265,#3266,#3267,#3268,#3269,
#3270,#3271,#3272,#3273,#3274,#3275,#3276,#3277,#3278,#3279,#3280,#3281,
#3282,#3283,#3284,#3285,#3286,#3287,#3288,#3289,#3290,#3291,#3292,#3293,
#3294,#3295,#3296,#3297,#3298,#3299,#3300,#3301,#3302,#3303,#3304,#3305,
#3306,#3307,#3308,#3309,#3310,#3311,#3312,#3313,#3314,#3315,#3316,#3317,
#3318,#3319,#3320,#3321,#3322,#3323,#3324,#3325,#3326,#3327,#3328,#3329,
#3330,#3331,#3332,#3333,#3334,#3335,#3336,#3337,#3338,#3339,#3340,#3341,
#3342,#3343,#3344,#3345,#3346,#3347,#3348,#3349,#3350,#3351,#3352,#3353,
#3354,#3355,#3356,#3357,#3358,#3359,#3360,#3361,#3362,#3363,#3364,#3365,
#3366,#3367,#3368,#3369,#3370,#3371,#3372,#3373,#3374,#3375,#3376,#3377,
#3378,#3379,#3380,#3381,#3382,#3383,#3384,#3385,#3386,#3387,#3388,#3389,
#3390,#3391,#3392,#3393,#3394,#3395,#3396,#3397,#3398,#3399,#3400,#3401,
#3402,#3403,#3404,#3405,#3406,#3407,#3408,#3409,#3410,#3411,#3412,#3413,
#3414,#3415,#3416,#3417,#3418,#3419,#3420,#3421,#3422,#3423));
#3425=STYLED_ITEM('',(#3426),#3433);
#3426=PRESENTATION_STYLE_ASSIGNMENT((#3427));
#3427=SURFACE_STYLE_USAGE(.BOTH.,#3428);
#3428=SURFACE_SIDE_STYLE('',(#3429));
#3429=SURFACE_STYLE_FILL_AREA(#3430);
#3430=FILL_AREA_STYLE('',(#3431));
#3431=FILL_AREA_STYLE_COLOUR('',#3432);
#3432=COLOUR_RGB('',0.819999992847443,0.819999992847443,0.819999992847443);
#3433=MANIFOLD_SOLID_BREP('',#3424);
#3434=SHAPE_DEFINITION_REPRESENTATION(#5787,#3435);
#3435=SHAPE_REPRESENTATION('36903255S',(#3436),#5782);
#3436=AXIS2_PLACEMENT_3D('',#4782,#3767,#3768);
#3437=AXIS2_PLACEMENT_3D('',#4783,#3769,#3770);
#3438=AXIS2_PLACEMENT_3D('',#4792,#3775,#3776);
#3439=AXIS2_PLACEMENT_3D('',#4801,#3781,#3782);
#3440=AXIS2_PLACEMENT_3D('',#4810,#3787,#3788);
#3441=AXIS2_PLACEMENT_3D('',#4819,#3793,#3794);
#3442=AXIS2_PLACEMENT_3D('',#4828,#3799,#3800);
#3443=AXIS2_PLACEMENT_3D('',#4837,#3805,#3806);
#3444=AXIS2_PLACEMENT_3D('',#4846,#3811,#3812);
#3445=AXIS2_PLACEMENT_3D('',#4855,#3817,#3818);
#3446=AXIS2_PLACEMENT_3D('',#4864,#3823,#3824);
#3447=AXIS2_PLACEMENT_3D('',#4873,#3829,#3830);
#3448=AXIS2_PLACEMENT_3D('',#4882,#3835,#3836);
#3449=AXIS2_PLACEMENT_3D('',#4891,#3841,#3842);
#3450=AXIS2_PLACEMENT_3D('',#4900,#3847,#3848);
#3451=AXIS2_PLACEMENT_3D('',#4909,#3853,#3854);
#3452=AXIS2_PLACEMENT_3D('',#4918,#3859,#3860);
#3453=AXIS2_PLACEMENT_3D('',#4927,#3865,#3866);
#3454=AXIS2_PLACEMENT_3D('',#4986,#3896,#3897);
#3455=AXIS2_PLACEMENT_3D('',#4990,#3899,#3900);
#3456=AXIS2_PLACEMENT_3D('',#4993,#3902,#3903);
#3457=AXIS2_PLACEMENT_3D('',#4994,#3904,#3905);
#3458=AXIS2_PLACEMENT_3D('',#4998,#3907,#3908);
#3459=AXIS2_PLACEMENT_3D('',#5001,#3910,#3911);
#3460=AXIS2_PLACEMENT_3D('',#5002,#3912,#3913);
#3461=AXIS2_PLACEMENT_3D('',#5006,#3915,#3916);
#3462=AXIS2_PLACEMENT_3D('',#5009,#3918,#3919);
#3463=AXIS2_PLACEMENT_3D('',#5010,#3920,#3921);
#3464=AXIS2_PLACEMENT_3D('',#5019,#3926,#3927);
#3465=AXIS2_PLACEMENT_3D('',#5023,#3929,#3930);
#3466=AXIS2_PLACEMENT_3D('',#5026,#3932,#3933);
#3467=AXIS2_PLACEMENT_3D('',#5027,#3934,#3935);
#3468=AXIS2_PLACEMENT_3D('',#5036,#3940,#3941);
#3469=AXIS2_PLACEMENT_3D('',#5037,#3942,#3943);
#3470=AXIS2_PLACEMENT_3D('',#5040,#3944,#3945);
#3471=AXIS2_PLACEMENT_3D('',#5041,#3946,#3947);
#3472=AXIS2_PLACEMENT_3D('',#5043,#3948,#3949);
#3473=AXIS2_PLACEMENT_3D('',#5047,#3951,#3952);
#3474=AXIS2_PLACEMENT_3D('',#5049,#3953,#3954);
#3475=AXIS2_PLACEMENT_3D('',#5057,#3960,#3961);
#3476=AXIS2_PLACEMENT_3D('',#5059,#3962,#3963);
#3477=AXIS2_PLACEMENT_3D('',#5063,#3965,#3966);
#3478=AXIS2_PLACEMENT_3D('',#5065,#3967,#3968);
#3479=AXIS2_PLACEMENT_3D('',#5066,#3969,#3970);
#3480=AXIS2_PLACEMENT_3D('',#5068,#3971,#3972);
#3481=AXIS2_PLACEMENT_3D('',#5072,#3974,#3975);
#3482=AXIS2_PLACEMENT_3D('',#5074,#3976,#3977);
#3483=AXIS2_PLACEMENT_3D('',#5075,#3978,#3979);
#3484=AXIS2_PLACEMENT_3D('',#5077,#3980,#3981);
#3485=AXIS2_PLACEMENT_3D('',#5080,#3983,#3984);
#3486=AXIS2_PLACEMENT_3D('',#5082,#3986,#3987);
#3487=AXIS2_PLACEMENT_3D('',#5086,#3991,#3992);
#3488=AXIS2_PLACEMENT_3D('',#5088,#3994,#3995);
#3489=AXIS2_PLACEMENT_3D('',#5089,#3996,#3997);
#3490=AXIS2_PLACEMENT_3D('',#5091,#3998,#3999);
#3491=AXIS2_PLACEMENT_3D('',#5095,#4001,#4002);
#3492=AXIS2_PLACEMENT_3D('',#5097,#4003,#4004);
#3493=AXIS2_PLACEMENT_3D('',#5098,#4005,#4006);
#3494=AXIS2_PLACEMENT_3D('',#5100,#4007,#4008);
#3495=AXIS2_PLACEMENT_3D('',#5104,#4010,#4011);
#3496=AXIS2_PLACEMENT_3D('',#5106,#4012,#4013);
#3497=AXIS2_PLACEMENT_3D('',#5107,#4014,#4015);
#3498=AXIS2_PLACEMENT_3D('',#5109,#4016,#4017);
#3499=AXIS2_PLACEMENT_3D('',#5113,#4019,#4020);
#3500=AXIS2_PLACEMENT_3D('',#5115,#4021,#4022);
#3501=AXIS2_PLACEMENT_3D('',#5122,#4027,#4028);
#3502=AXIS2_PLACEMENT_3D('',#5124,#4029,#4030);
#3503=AXIS2_PLACEMENT_3D('',#5128,#4032,#4033);
#3504=AXIS2_PLACEMENT_3D('',#5130,#4034,#4035);
#3505=AXIS2_PLACEMENT_3D('',#5131,#4036,#4037);
#3506=AXIS2_PLACEMENT_3D('',#5132,#4038,#4039);
#3507=AXIS2_PLACEMENT_3D('',#5134,#4040,#4041);
#3508=AXIS2_PLACEMENT_3D('',#5138,#4043,#4044);
#3509=AXIS2_PLACEMENT_3D('',#5140,#4045,#4046);
#3510=AXIS2_PLACEMENT_3D('',#5141,#4047,#4048);
#3511=AXIS2_PLACEMENT_3D('',#5143,#4049,#4050);
#3512=AXIS2_PLACEMENT_3D('',#5147,#4052,#4053);
#3513=AXIS2_PLACEMENT_3D('',#5149,#4054,#4055);
#3514=AXIS2_PLACEMENT_3D('',#5150,#4056,#4057);
#3515=AXIS2_PLACEMENT_3D('',#5152,#4058,#4059);
#3516=AXIS2_PLACEMENT_3D('',#5156,#4061,#4062);
#3517=AXIS2_PLACEMENT_3D('',#5158,#4063,#4064);
#3518=AXIS2_PLACEMENT_3D('',#5166,#4070,#4071);
#3519=AXIS2_PLACEMENT_3D('',#5168,#4072,#4073);
#3520=AXIS2_PLACEMENT_3D('',#5172,#4075,#4076);
#3521=AXIS2_PLACEMENT_3D('',#5174,#4077,#4078);
#3522=AXIS2_PLACEMENT_3D('',#5175,#4079,#4080);
#3523=AXIS2_PLACEMENT_3D('',#5176,#4081,#4082);
#3524=AXIS2_PLACEMENT_3D('',#5178,#4084,#4085);
#3525=AXIS2_PLACEMENT_3D('',#5179,#4086,#4087);
#3526=AXIS2_PLACEMENT_3D('',#5181,#4088,#4089);
#3527=AXIS2_PLACEMENT_3D('',#5183,#4090,#4091);
#3528=AXIS2_PLACEMENT_3D('',#5187,#4093,#4094);
#3529=AXIS2_PLACEMENT_3D('',#5189,#4095,#4096);
#3530=AXIS2_PLACEMENT_3D('',#5196,#4101,#4102);
#3531=AXIS2_PLACEMENT_3D('',#5198,#4103,#4104);
#3532=AXIS2_PLACEMENT_3D('',#5202,#4106,#4107);
#3533=AXIS2_PLACEMENT_3D('',#5204,#4108,#4109);
#3534=AXIS2_PLACEMENT_3D('',#5205,#4110,#4111);
#3535=AXIS2_PLACEMENT_3D('',#5207,#4112,#4113);
#3536=AXIS2_PLACEMENT_3D('',#5211,#4115,#4116);
#3537=AXIS2_PLACEMENT_3D('',#5213,#4117,#4118);
#3538=AXIS2_PLACEMENT_3D('',#5214,#4119,#4120);
#3539=AXIS2_PLACEMENT_3D('',#5216,#4121,#4122);
#3540=AXIS2_PLACEMENT_3D('',#5220,#4124,#4125);
#3541=AXIS2_PLACEMENT_3D('',#5221,#4126,#4127);
#3542=AXIS2_PLACEMENT_3D('',#5224,#4129,#4130);
#3543=AXIS2_PLACEMENT_3D('',#5225,#4131,#4132);
#3544=AXIS2_PLACEMENT_3D('',#5228,#4134,#4135);
#3545=AXIS2_PLACEMENT_3D('',#5231,#4137,#4138);
#3546=AXIS2_PLACEMENT_3D('',#5232,#4139,#4140);
#3547=AXIS2_PLACEMENT_3D('',#5235,#4142,#4143);
#3548=AXIS2_PLACEMENT_3D('',#5236,#4144,#4145);
#3549=AXIS2_PLACEMENT_3D('',#5239,#4146,#4147);
#3550=AXIS2_PLACEMENT_3D('',#5240,#4148,#4149);
#3551=AXIS2_PLACEMENT_3D('',#5242,#4150,#4151);
#3552=AXIS2_PLACEMENT_3D('',#5246,#4153,#4154);
#3553=AXIS2_PLACEMENT_3D('',#5248,#4155,#4156);
#3554=AXIS2_PLACEMENT_3D('',#5250,#4158,#4159);
#3555=AXIS2_PLACEMENT_3D('',#5252,#4160,#4161);
#3556=AXIS2_PLACEMENT_3D('',#5256,#4163,#4164);
#3557=AXIS2_PLACEMENT_3D('',#5258,#4165,#4166);
#3558=AXIS2_PLACEMENT_3D('',#5259,#4167,#4168);
#3559=AXIS2_PLACEMENT_3D('',#5261,#4169,#4170);
#3560=AXIS2_PLACEMENT_3D('',#5265,#4172,#4173);
#3561=AXIS2_PLACEMENT_3D('',#5267,#4174,#4175);
#3562=AXIS2_PLACEMENT_3D('',#5271,#4177,#4178);
#3563=AXIS2_PLACEMENT_3D('',#5273,#4179,#4180);
#3564=AXIS2_PLACEMENT_3D('',#5276,#4182,#4183);
#3565=AXIS2_PLACEMENT_3D('',#5277,#4184,#4185);
#3566=AXIS2_PLACEMENT_3D('',#5279,#4186,#4187);
#3567=AXIS2_PLACEMENT_3D('',#5283,#4189,#4190);
#3568=AXIS2_PLACEMENT_3D('',#5285,#4191,#4192);
#3569=AXIS2_PLACEMENT_3D('',#5289,#4194,#4195);
#3570=AXIS2_PLACEMENT_3D('',#5291,#4196,#4197);
#3571=AXIS2_PLACEMENT_3D('',#5295,#4199,#4200);
#3572=AXIS2_PLACEMENT_3D('',#5297,#4201,#4202);
#3573=AXIS2_PLACEMENT_3D('',#5298,#4203,#4204);
#3574=AXIS2_PLACEMENT_3D('',#5300,#4205,#4206);
#3575=AXIS2_PLACEMENT_3D('',#5304,#4208,#4209);
#3576=AXIS2_PLACEMENT_3D('',#5306,#4210,#4211);
#3577=AXIS2_PLACEMENT_3D('',#5308,#4213,#4214);
#3578=AXIS2_PLACEMENT_3D('',#5310,#4215,#4216);
#3579=AXIS2_PLACEMENT_3D('',#5314,#4218,#4219);
#3580=AXIS2_PLACEMENT_3D('',#5316,#4220,#4221);
#3581=AXIS2_PLACEMENT_3D('',#5317,#4222,#4223);
#3582=AXIS2_PLACEMENT_3D('',#5320,#4226,#4227);
#3583=AXIS2_PLACEMENT_3D('',#5321,#4228,#4229);
#3584=AXIS2_PLACEMENT_3D('',#5322,#4230,#4231);
#3585=AXIS2_PLACEMENT_3D('',#5325,#4233,#4234);
#3586=AXIS2_PLACEMENT_3D('',#5326,#4235,#4236);
#3587=AXIS2_PLACEMENT_3D('',#5329,#4238,#4239);
#3588=AXIS2_PLACEMENT_3D('',#5332,#4241,#4242);
#3589=AXIS2_PLACEMENT_3D('',#5333,#4243,#4244);
#3590=AXIS2_PLACEMENT_3D('',#5336,#4246,#4247);
#3591=AXIS2_PLACEMENT_3D('',#5337,#4248,#4249);
#3592=AXIS2_PLACEMENT_3D('',#5339,#4250,#4251);
#3593=AXIS2_PLACEMENT_3D('',#5343,#4253,#4254);
#3594=AXIS2_PLACEMENT_3D('',#5345,#4255,#4256);
#3595=AXIS2_PLACEMENT_3D('',#5349,#4258,#4259);
#3596=AXIS2_PLACEMENT_3D('',#5351,#4260,#4261);
#3597=AXIS2_PLACEMENT_3D('',#5355,#4263,#4264);
#3598=AXIS2_PLACEMENT_3D('',#5357,#4265,#4266);
#3599=AXIS2_PLACEMENT_3D('',#5358,#4267,#4268);
#3600=AXIS2_PLACEMENT_3D('',#5360,#4269,#4270);
#3601=AXIS2_PLACEMENT_3D('',#5364,#4272,#4273);
#3602=AXIS2_PLACEMENT_3D('',#5366,#4274,#4275);
#3603=AXIS2_PLACEMENT_3D('',#5368,#4277,#4278);
#3604=AXIS2_PLACEMENT_3D('',#5370,#4279,#4280);
#3605=AXIS2_PLACEMENT_3D('',#5374,#4282,#4283);
#3606=AXIS2_PLACEMENT_3D('',#5376,#4284,#4285);
#3607=AXIS2_PLACEMENT_3D('',#5377,#4286,#4287);
#3608=AXIS2_PLACEMENT_3D('',#5378,#4288,#4289);
#3609=AXIS2_PLACEMENT_3D('',#5380,#4290,#4291);
#3610=AXIS2_PLACEMENT_3D('',#5382,#4292,#4293);
#3611=AXIS2_PLACEMENT_3D('',#5386,#4295,#4296);
#3612=AXIS2_PLACEMENT_3D('',#5388,#4297,#4298);
#3613=AXIS2_PLACEMENT_3D('',#5390,#4300,#4301);
#3614=AXIS2_PLACEMENT_3D('',#5392,#4302,#4303);
#3615=AXIS2_PLACEMENT_3D('',#5396,#4305,#4306);
#3616=AXIS2_PLACEMENT_3D('',#5398,#4307,#4308);
#3617=AXIS2_PLACEMENT_3D('',#5399,#4309,#4310);
#3618=AXIS2_PLACEMENT_3D('',#5401,#4311,#4312);
#3619=AXIS2_PLACEMENT_3D('',#5405,#4314,#4315);
#3620=AXIS2_PLACEMENT_3D('',#5407,#4316,#4317);
#3621=AXIS2_PLACEMENT_3D('',#5411,#4319,#4320);
#3622=AXIS2_PLACEMENT_3D('',#5413,#4321,#4322);
#3623=AXIS2_PLACEMENT_3D('',#5417,#4324,#4325);
#3624=AXIS2_PLACEMENT_3D('',#5418,#4326,#4327);
#3625=AXIS2_PLACEMENT_3D('',#5421,#4330,#4331);
#3626=AXIS2_PLACEMENT_3D('',#5422,#4332,#4333);
#3627=AXIS2_PLACEMENT_3D('',#5423,#4334,#4335);
#3628=AXIS2_PLACEMENT_3D('',#5425,#4337,#4338);
#3629=AXIS2_PLACEMENT_3D('',#5426,#4339,#4340);
#3630=AXIS2_PLACEMENT_3D('',#5428,#4342,#4343);
#3631=AXIS2_PLACEMENT_3D('',#5429,#4344,#4345);
#3632=AXIS2_PLACEMENT_3D('',#5431,#4347,#4348);
#3633=AXIS2_PLACEMENT_3D('',#5432,#4349,#4350);
#3634=AXIS2_PLACEMENT_3D('',#5434,#4352,#4353);
#3635=AXIS2_PLACEMENT_3D('',#5435,#4354,#4355);
#3636=AXIS2_PLACEMENT_3D('',#5460,#4368,#4369);
#3637=AXIS2_PLACEMENT_3D('',#5487,#4383,#4384);
#3638=AXIS2_PLACEMENT_3D('',#5493,#4388,#4389);
#3639=AXIS2_PLACEMENT_3D('',#5497,#4392,#4393);
#3640=AXIS2_PLACEMENT_3D('',#5501,#4396,#4397);
#3641=AXIS2_PLACEMENT_3D('',#5504,#4400,#4401);
#3642=AXIS2_PLACEMENT_3D('',#5506,#4403,#4404);
#3643=AXIS2_PLACEMENT_3D('',#5510,#4407,#4408);
#3644=AXIS2_PLACEMENT_3D('',#5514,#4411,#4412);
#3645=AXIS2_PLACEMENT_3D('',#5516,#4414,#4415);
#3646=AXIS2_PLACEMENT_3D('',#5518,#4417,#4418);
#3647=AXIS2_PLACEMENT_3D('',#5522,#4421,#4422);
#3648=AXIS2_PLACEMENT_3D('',#5526,#4425,#4426);
#3649=AXIS2_PLACEMENT_3D('',#5528,#4428,#4429);
#3650=AXIS2_PLACEMENT_3D('',#5530,#4431,#4432);
#3651=AXIS2_PLACEMENT_3D('',#5534,#4435,#4436);
#3652=AXIS2_PLACEMENT_3D('',#5538,#4439,#4440);
#3653=AXIS2_PLACEMENT_3D('',#5540,#4442,#4443);
#3654=AXIS2_PLACEMENT_3D('',#5542,#4445,#4446);
#3655=AXIS2_PLACEMENT_3D('',#5546,#4449,#4450);
#3656=AXIS2_PLACEMENT_3D('',#5550,#4453,#4454);
#3657=AXIS2_PLACEMENT_3D('',#5552,#4456,#4457);
#3658=AXIS2_PLACEMENT_3D('',#5554,#4459,#4460);
#3659=AXIS2_PLACEMENT_3D('',#5558,#4463,#4464);
#3660=AXIS2_PLACEMENT_3D('',#5560,#4466,#4467);
#3661=AXIS2_PLACEMENT_3D('',#5562,#4469,#4470);
#3662=AXIS2_PLACEMENT_3D('',#5564,#4472,#4473);
#3663=AXIS2_PLACEMENT_3D('',#5565,#4474,#4475);
#3664=AXIS2_PLACEMENT_3D('',#5571,#4479,#4480);
#3665=AXIS2_PLACEMENT_3D('',#5575,#4483,#4484);
#3666=AXIS2_PLACEMENT_3D('',#5578,#4487,#4488);
#3667=AXIS2_PLACEMENT_3D('',#5582,#4491,#4492);
#3668=AXIS2_PLACEMENT_3D('',#5586,#4495,#4496);
#3669=AXIS2_PLACEMENT_3D('',#5588,#4498,#4499);
#3670=AXIS2_PLACEMENT_3D('',#5590,#4501,#4502);
#3671=AXIS2_PLACEMENT_3D('',#5594,#4505,#4506);
#3672=AXIS2_PLACEMENT_3D('',#5598,#4509,#4510);
#3673=AXIS2_PLACEMENT_3D('',#5600,#4512,#4513);
#3674=AXIS2_PLACEMENT_3D('',#5602,#4515,#4516);
#3675=AXIS2_PLACEMENT_3D('',#5606,#4519,#4520);
#3676=AXIS2_PLACEMENT_3D('',#5610,#4523,#4524);
#3677=AXIS2_PLACEMENT_3D('',#5612,#4526,#4527);
#3678=AXIS2_PLACEMENT_3D('',#5614,#4529,#4530);
#3679=AXIS2_PLACEMENT_3D('',#5618,#4533,#4534);
#3680=AXIS2_PLACEMENT_3D('',#5622,#4537,#4538);
#3681=AXIS2_PLACEMENT_3D('',#5624,#4540,#4541);
#3682=AXIS2_PLACEMENT_3D('',#5626,#4543,#4544);
#3683=AXIS2_PLACEMENT_3D('',#5630,#4547,#4548);
#3684=AXIS2_PLACEMENT_3D('',#5632,#4550,#4551);
#3685=AXIS2_PLACEMENT_3D('',#5634,#4553,#4554);
#3686=AXIS2_PLACEMENT_3D('',#5636,#4556,#4557);
#3687=AXIS2_PLACEMENT_3D('',#5637,#4558,#4559);
#3688=AXIS2_PLACEMENT_3D('',#5639,#4561,#4562);
#3689=AXIS2_PLACEMENT_3D('',#5641,#4564,#4565);
#3690=AXIS2_PLACEMENT_3D('',#5643,#4567,#4568);
#3691=AXIS2_PLACEMENT_3D('',#5645,#4570,#4571);
#3692=AXIS2_PLACEMENT_3D('',#5646,#4572,#4573);
#3693=AXIS2_PLACEMENT_3D('',#5649,#4576,#4577);
#3694=AXIS2_PLACEMENT_3D('',#5651,#4579,#4580);
#3695=AXIS2_PLACEMENT_3D('',#5653,#4582,#4583);
#3696=AXIS2_PLACEMENT_3D('',#5654,#4584,#4585);
#3697=AXIS2_PLACEMENT_3D('',#5655,#4586,#4587);
#3698=AXIS2_PLACEMENT_3D('',#5657,#4589,#4590);
#3699=AXIS2_PLACEMENT_3D('',#5659,#4592,#4593);
#3700=AXIS2_PLACEMENT_3D('',#5661,#4595,#4596);
#3701=AXIS2_PLACEMENT_3D('',#5663,#4598,#4599);
#3702=AXIS2_PLACEMENT_3D('',#5664,#4600,#4601);
#3703=AXIS2_PLACEMENT_3D('',#5667,#4604,#4605);
#3704=AXIS2_PLACEMENT_3D('',#5669,#4607,#4608);
#3705=AXIS2_PLACEMENT_3D('',#5671,#4610,#4611);
#3706=AXIS2_PLACEMENT_3D('',#5672,#4612,#4613);
#3707=AXIS2_PLACEMENT_3D('',#5673,#4614,#4615);
#3708=AXIS2_PLACEMENT_3D('',#5675,#4617,#4618);
#3709=AXIS2_PLACEMENT_3D('',#5677,#4620,#4621);
#3710=AXIS2_PLACEMENT_3D('',#5679,#4623,#4624);
#3711=AXIS2_PLACEMENT_3D('',#5681,#4626,#4627);
#3712=AXIS2_PLACEMENT_3D('',#5682,#4628,#4629);
#3713=AXIS2_PLACEMENT_3D('',#5685,#4632,#4633);
#3714=AXIS2_PLACEMENT_3D('',#5687,#4635,#4636);
#3715=AXIS2_PLACEMENT_3D('',#5689,#4638,#4639);
#3716=AXIS2_PLACEMENT_3D('',#5690,#4640,#4641);
#3717=AXIS2_PLACEMENT_3D('',#5691,#4642,#4643);
#3718=AXIS2_PLACEMENT_3D('',#5693,#4645,#4646);
#3719=AXIS2_PLACEMENT_3D('',#5695,#4648,#4649);
#3720=AXIS2_PLACEMENT_3D('',#5697,#4651,#4652);
#3721=AXIS2_PLACEMENT_3D('',#5699,#4654,#4655);
#3722=AXIS2_PLACEMENT_3D('',#5700,#4656,#4657);
#3723=AXIS2_PLACEMENT_3D('',#5703,#4660,#4661);
#3724=AXIS2_PLACEMENT_3D('',#5705,#4663,#4664);
#3725=AXIS2_PLACEMENT_3D('',#5707,#4666,#4667);
#3726=AXIS2_PLACEMENT_3D('',#5708,#4668,#4669);
#3727=AXIS2_PLACEMENT_3D('',#5709,#4670,#4671);
#3728=AXIS2_PLACEMENT_3D('',#5711,#4673,#4674);
#3729=AXIS2_PLACEMENT_3D('',#5713,#4676,#4677);
#3730=AXIS2_PLACEMENT_3D('',#5715,#4679,#4680);
#3731=AXIS2_PLACEMENT_3D('',#5717,#4682,#4683);
#3732=AXIS2_PLACEMENT_3D('',#5718,#4684,#4685);
#3733=AXIS2_PLACEMENT_3D('',#5720,#4687,#4688);
#3734=AXIS2_PLACEMENT_3D('',#5722,#4690,#4691);
#3735=AXIS2_PLACEMENT_3D('',#5724,#4693,#4694);
#3736=AXIS2_PLACEMENT_3D('',#5726,#4696,#4697);
#3737=AXIS2_PLACEMENT_3D('',#5727,#4698,#4699);
#3738=AXIS2_PLACEMENT_3D('',#5729,#4701,#4702);
#3739=AXIS2_PLACEMENT_3D('',#5731,#4704,#4705);
#3740=AXIS2_PLACEMENT_3D('',#5733,#4707,#4708);
#3741=AXIS2_PLACEMENT_3D('',#5735,#4710,#4711);
#3742=AXIS2_PLACEMENT_3D('',#5736,#4712,#4713);
#3743=AXIS2_PLACEMENT_3D('',#5738,#4715,#4716);
#3744=AXIS2_PLACEMENT_3D('',#5740,#4718,#4719);
#3745=AXIS2_PLACEMENT_3D('',#5742,#4721,#4722);
#3746=AXIS2_PLACEMENT_3D('',#5744,#4724,#4725);
#3747=AXIS2_PLACEMENT_3D('',#5745,#4726,#4727);
#3748=AXIS2_PLACEMENT_3D('',#5747,#4729,#4730);
#3749=AXIS2_PLACEMENT_3D('',#5749,#4732,#4733);
#3750=AXIS2_PLACEMENT_3D('',#5751,#4735,#4736);
#3751=AXIS2_PLACEMENT_3D('',#5753,#4738,#4739);
#3752=AXIS2_PLACEMENT_3D('',#5754,#4740,#4741);
#3753=AXIS2_PLACEMENT_3D('',#5756,#4743,#4744);
#3754=AXIS2_PLACEMENT_3D('',#5758,#4746,#4747);
#3755=AXIS2_PLACEMENT_3D('',#5760,#4749,#4750);
#3756=AXIS2_PLACEMENT_3D('',#5762,#4752,#4753);
#3757=AXIS2_PLACEMENT_3D('',#5763,#4754,#4755);
#3758=AXIS2_PLACEMENT_3D('',#5765,#4757,#4758);
#3759=AXIS2_PLACEMENT_3D('',#5767,#4760,#4761);
#3760=AXIS2_PLACEMENT_3D('',#5769,#4763,#4764);
#3761=AXIS2_PLACEMENT_3D('',#5771,#4766,#4767);
#3762=AXIS2_PLACEMENT_3D('',#5772,#4768,#4769);
#3763=AXIS2_PLACEMENT_3D('',#5774,#4771,#4772);
#3764=AXIS2_PLACEMENT_3D('',#5776,#4774,#4775);
#3765=AXIS2_PLACEMENT_3D('',#5778,#4777,#4778);
#3766=AXIS2_PLACEMENT_3D('',#5780,#4780,#4781);
#3767=DIRECTION('',(0.,0.,1.,0.));
#3768=DIRECTION('',(1.,0.,0.,0.));
#3769=DIRECTION('',(0.,0.,-1.));
#3770=DIRECTION('',(0.,-1.,0.));
#3771=DIRECTION('',(0.,-1.,0.));
#3772=DIRECTION('',(1.,0.,0.));
#3773=DIRECTION('',(0.,1.,0.));
#3774=DIRECTION('',(1.,0.,0.));
#3775=DIRECTION('',(0.,0.,1.));
#3776=DIRECTION('',(0.,-1.,0.));
#3777=DIRECTION('',(0.,-1.,0.));
#3778=DIRECTION('',(1.,0.,0.));
#3779=DIRECTION('',(0.,1.,0.));
#3780=DIRECTION('',(1.,0.,0.));
#3781=DIRECTION('',(0.,0.,-1.));
#3782=DIRECTION('',(0.,-1.,0.));
#3783=DIRECTION('',(1.,0.,0.));
#3784=DIRECTION('',(0.,-1.,0.));
#3785=DIRECTION('',(1.,0.,0.));
#3786=DIRECTION('',(0.,1.,0.));
#3787=DIRECTION('',(0.,0.,1.));
#3788=DIRECTION('',(0.,-1.,0.));
#3789=DIRECTION('',(0.,-1.,0.));
#3790=DIRECTION('',(1.,0.,0.));
#3791=DIRECTION('',(0.,1.,0.));
#3792=DIRECTION('',(-1.,0.,0.));
#3793=DIRECTION('',(0.,0.,-1.));
#3794=DIRECTION('',(0.,-1.,0.));
#3795=DIRECTION('',(1.,0.,0.));
#3796=DIRECTION('',(0.,-1.,0.));
#3797=DIRECTION('',(1.,0.,0.));
#3798=DIRECTION('',(0.,1.,0.));
#3799=DIRECTION('',(0.,0.,1.));
#3800=DIRECTION('',(0.,-1.,0.));
#3801=DIRECTION('',(0.,1.,0.));
#3802=DIRECTION('',(1.,0.,0.));
#3803=DIRECTION('',(0.,-1.,0.));
#3804=DIRECTION('',(1.,0.,0.));
#3805=DIRECTION('',(0.,0.,-1.));
#3806=DIRECTION('',(0.,-1.,0.));
#3807=DIRECTION('',(1.,0.,0.));
#3808=DIRECTION('',(0.,1.,0.));
#3809=DIRECTION('',(1.,0.,0.));
#3810=DIRECTION('',(0.,-1.,0.));
#3811=DIRECTION('',(0.,0.,1.));
#3812=DIRECTION('',(0.,-1.,0.));
#3813=DIRECTION('',(0.,1.,0.));
#3814=DIRECTION('',(1.,0.,0.));
#3815=DIRECTION('',(0.,-1.,0.));
#3816=DIRECTION('',(-1.,0.,0.));
#3817=DIRECTION('',(0.,0.,1.));
#3818=DIRECTION('',(1.,0.,0.));
#3819=DIRECTION('',(0.,-1.,-6.12323399573677E-17));
#3820=DIRECTION('',(1.,0.,0.));
#3821=DIRECTION('',(0.,-1.,-6.12323399573677E-17));
#3822=DIRECTION('',(1.,0.,0.));
#3823=DIRECTION('',(0.,0.,1.));
#3824=DIRECTION('',(1.,0.,0.));
#3825=DIRECTION('',(0.,-1.,-6.12323399573677E-17));
#3826=DIRECTION('',(-1.,0.,0.));
#3827=DIRECTION('',(0.,-1.,-6.12323399573677E-17));
#3828=DIRECTION('',(-1.,0.,0.));
#3829=DIRECTION('',(0.,0.,1.));
#3830=DIRECTION('',(1.,0.,0.));
#3831=DIRECTION('',(0.,-1.,-6.12323399573677E-17));
#3832=DIRECTION('',(1.,0.,0.));
#3833=DIRECTION('',(0.,1.,0.));
#3834=DIRECTION('',(1.,0.,0.));
#3835=DIRECTION('',(0.,0.,1.));
#3836=DIRECTION('',(1.,0.,0.));
#3837=DIRECTION('',(0.,-1.,-6.12323399573677E-17));
#3838=DIRECTION('',(-1.,0.,0.));
#3839=DIRECTION('',(0.,-1.,0.));
#3840=DIRECTION('',(-1.,0.,0.));
#3841=DIRECTION('',(0.,0.,1.));
#3842=DIRECTION('',(1.,0.,0.));
#3843=DIRECTION('',(0.,-1.,-6.12323399573677E-17));
#3844=DIRECTION('',(1.,0.,0.));
#3845=DIRECTION('',(0.,-1.,-6.12323399573677E-17));
#3846=DIRECTION('',(1.,0.,0.));
#3847=DIRECTION('',(0.,0.,1.));
#3848=DIRECTION('',(1.,0.,0.));
#3849=DIRECTION('',(0.,-1.,-6.12323399573677E-17));
#3850=DIRECTION('',(-1.,0.,0.));
#3851=DIRECTION('',(0.,-1.,-6.12323399573677E-17));
#3852=DIRECTION('',(-1.,0.,0.));
#3853=DIRECTION('',(0.,0.,1.));
#3854=DIRECTION('',(1.,0.,0.));
#3855=DIRECTION('',(0.,-1.,-6.12323399573677E-17));
#3856=DIRECTION('',(1.,0.,0.));
#3857=DIRECTION('',(0.,1.,0.));
#3858=DIRECTION('',(1.,0.,0.));
#3859=DIRECTION('',(0.,0.,1.));
#3860=DIRECTION('',(1.,0.,0.));
#3861=DIRECTION('',(0.,-1.,-6.12323399573677E-17));
#3862=DIRECTION('',(-1.,0.,0.));
#3863=DIRECTION('',(0.,-1.,0.));
#3864=DIRECTION('',(-1.,0.,0.));
#3865=DIRECTION('',(0.,0.,-1.));
#3866=DIRECTION('',(-1.,0.,0.));
#3867=DIRECTION('',(-1.,0.,0.));
#3868=DIRECTION('',(0.,1.,0.));
#3869=DIRECTION('',(-1.,0.,0.));
#3870=DIRECTION('',(0.,-1.,0.));
#3871=DIRECTION('',(1.,0.,0.));
#3872=DIRECTION('',(-0.507254689182461,-0.861796194179578,0.));
#3873=DIRECTION('',(-1.,0.,0.));
#3874=DIRECTION('',(-0.507261555138464,-0.861792152829502,0.));
#3875=DIRECTION('',(1.,0.,0.));
#3876=DIRECTION('',(-0.507254689182462,-0.861796194179577,0.));
#3877=DIRECTION('',(-1.,0.,0.));
#3878=DIRECTION('',(-0.507261555138463,-0.861792152829502,0.));
#3879=DIRECTION('',(1.,0.,0.));
#3880=DIRECTION('',(-0.507254689182464,-0.861796194179576,0.));
#3881=DIRECTION('',(-1.,0.,0.));
#3882=DIRECTION('',(0.503548846460872,0.863966758172978,0.));
#3883=DIRECTION('',(-1.,0.,0.));
#3884=DIRECTION('',(-0.0520731194853031,0.998643274761849,0.));
#3885=DIRECTION('',(1.,0.,0.));
#3886=DIRECTION('',(0.047257556706815,-0.998882737529337,0.));
#3887=DIRECTION('',(0.512281584108042,0.858817546737231,0.));
#3888=DIRECTION('',(1.,0.,0.));
#3889=DIRECTION('',(0.170573603873552,-0.985344937400903,0.));
#3890=DIRECTION('',(0.512281584108042,0.858817546737231,0.));
#3891=DIRECTION('',(1.,0.,0.));
#3892=DIRECTION('',(-0.503548846460872,-0.863966758172978,0.));
#3893=DIRECTION('',(-1.,0.,0.));
#3894=DIRECTION('',(-0.170573603873552,0.985344937400903,0.));
#3895=DIRECTION('',(-0.512281584108041,-0.858817546737231,0.));
#3896=DIRECTION('',(0.,1.,0.));
#3897=DIRECTION('',(0.,0.,-1.));
#3898=DIRECTION('',(1.,0.,0.));
#3899=DIRECTION('',(0.,-1.,0.));
#3900=DIRECTION('',(0.,0.,-1.));
#3901=DIRECTION('',(-7.49879891330929E-33,1.22464679914735E-16,1.));
#3902=DIRECTION('',(0.,-1.,0.));
#3903=DIRECTION('',(0.,0.,-1.));
#3904=DIRECTION('',(0.,1.,0.));
#3905=DIRECTION('',(0.,0.,1.));
#3906=DIRECTION('',(1.,0.,0.));
#3907=DIRECTION('',(0.,-1.,0.));
#3908=DIRECTION('',(0.,0.,-1.));
#3909=DIRECTION('',(-7.49879891330929E-33,-1.22464679914735E-16,1.));
#3910=DIRECTION('',(0.,-1.,0.));
#3911=DIRECTION('',(0.,0.,-1.));
#3912=DIRECTION('',(0.,1.,0.));
#3913=DIRECTION('',(0.,0.,-1.));
#3914=DIRECTION('',(1.,0.,0.));
#3915=DIRECTION('',(0.,-1.,0.));
#3916=DIRECTION('',(0.,0.,-1.));
#3917=DIRECTION('',(0.,0.,1.));
#3918=DIRECTION('',(0.,-1.,0.));
#3919=DIRECTION('',(0.,0.,-1.));
#3920=DIRECTION('',(0.,0.,-1.));
#3921=DIRECTION('',(0.,-1.,0.));
#3922=DIRECTION('',(1.,0.,0.));
#3923=DIRECTION('',(0.,1.,0.));
#3924=DIRECTION('',(1.,0.,0.));
#3925=DIRECTION('',(0.,-1.,0.));
#3926=DIRECTION('',(0.,1.,0.));
#3927=DIRECTION('',(0.,0.,1.));
#3928=DIRECTION('',(1.,0.,0.));
#3929=DIRECTION('',(0.,-1.,0.));
#3930=DIRECTION('',(0.,0.,-1.));
#3931=DIRECTION('',(0.,0.,1.));
#3932=DIRECTION('',(0.,-1.,0.));
#3933=DIRECTION('',(0.,0.,-1.));
#3934=DIRECTION('',(0.,0.,1.));
#3935=DIRECTION('',(0.,-1.,0.));
#3936=DIRECTION('',(1.,0.,0.));
#3937=DIRECTION('',(0.,-1.,0.));
#3938=DIRECTION('',(1.,0.,0.));
#3939=DIRECTION('',(0.,1.,0.));
#3940=DIRECTION('',(1.,0.,0.));
#3941=DIRECTION('',(0.,0.,-1.));
#3942=DIRECTION('',(1.,0.,0.));
#3943=DIRECTION('',(0.,0.,-1.));
#3944=DIRECTION('',(1.,0.,0.));
#3945=DIRECTION('',(0.,0.,-1.));
#3946=DIRECTION('',(1.,0.,0.));
#3947=DIRECTION('',(0.,0.,-1.));
#3948=DIRECTION('',(1.,0.,0.));
#3949=DIRECTION('',(0.,0.,-1.));
#3950=DIRECTION('',(0.,1.,0.));
#3951=DIRECTION('',(1.,0.,0.));
#3952=DIRECTION('',(0.,0.,-1.));
#3953=DIRECTION('',(1.,0.,0.));
#3954=DIRECTION('',(0.,0.,-1.));
#3955=DIRECTION('',(0.,0.,-1.));
#3956=DIRECTION('',(0.,1.,1.19518349722812E-16));
#3957=DIRECTION('',(0.,-1.,0.));
#3958=DIRECTION('',(0.,1.,1.19518349722812E-16));
#3959=DIRECTION('',(0.,0.,1.));
#3960=DIRECTION('',(1.,0.,0.));
#3961=DIRECTION('',(0.,0.,-1.));
#3962=DIRECTION('',(1.,0.,0.));
#3963=DIRECTION('',(0.,0.,-1.));
#3964=DIRECTION('',(0.,-1.,0.));
#3965=DIRECTION('',(1.,0.,0.));
#3966=DIRECTION('',(0.,0.,-1.));
#3967=DIRECTION('',(1.,0.,0.));
#3968=DIRECTION('',(0.,0.,-1.));
#3969=DIRECTION('',(1.,0.,0.));
#3970=DIRECTION('',(0.,0.,-1.));
#3971=DIRECTION('',(1.,0.,0.));
#3972=DIRECTION('',(0.,0.,-1.));
#3973=DIRECTION('',(0.,-1.,4.13029399042097E-16));
#3974=DIRECTION('',(1.,0.,0.));
#3975=DIRECTION('',(0.,0.,-1.));
#3976=DIRECTION('',(1.,0.,0.));
#3977=DIRECTION('',(0.,0.,-1.));
#3978=DIRECTION('',(1.,0.,0.));
#3979=DIRECTION('',(0.,0.,-1.));
#3980=DIRECTION('',(1.,0.,0.));
#3981=DIRECTION('',(0.,0.,-1.));
#3982=DIRECTION('',(0.,1.,4.13029399042097E-16));
#3983=DIRECTION('',(0.,-1.,0.));
#3984=DIRECTION('',(0.,0.,-1.));
#3985=DIRECTION('',(0.,-1.,0.));
#3986=DIRECTION('',(0.,0.,-1.));
#3987=DIRECTION('',(-1.,0.,0.));
#3988=DIRECTION('',(1.,0.,0.));
#3989=DIRECTION('',(1.,0.,0.));
#3990=DIRECTION('',(0.,-1.,0.));
#3991=DIRECTION('',(0.,-1.,0.));
#3992=DIRECTION('',(0.,0.,-1.));
#3993=DIRECTION('',(0.,-1.,0.));
#3994=DIRECTION('',(-1.,0.,0.));
#3995=DIRECTION('',(0.,0.,1.));
#3996=DIRECTION('',(-1.,0.,0.));
#3997=DIRECTION('',(0.,0.,1.));
#3998=DIRECTION('',(-1.,0.,0.));
#3999=DIRECTION('',(0.,0.,1.));
#4000=DIRECTION('',(0.,-1.,-4.13029399042097E-16));
#4001=DIRECTION('',(-1.,0.,0.));
#4002=DIRECTION('',(0.,0.,1.));
#4003=DIRECTION('',(-1.,0.,0.));
#4004=DIRECTION('',(0.,0.,1.));
#4005=DIRECTION('',(-1.,0.,0.));
#4006=DIRECTION('',(0.,0.,1.));
#4007=DIRECTION('',(-1.,0.,0.));
#4008=DIRECTION('',(0.,0.,1.));
#4009=DIRECTION('',(0.,1.,-4.13029399042097E-16));
#4010=DIRECTION('',(-1.,0.,0.));
#4011=DIRECTION('',(0.,0.,1.));
#4012=DIRECTION('',(-1.,0.,0.));
#4013=DIRECTION('',(0.,0.,1.));
#4014=DIRECTION('',(-1.,0.,0.));
#4015=DIRECTION('',(0.,0.,1.));
#4016=DIRECTION('',(-1.,0.,0.));
#4017=DIRECTION('',(0.,0.,1.));
#4018=DIRECTION('',(0.,1.,0.));
#4019=DIRECTION('',(-1.,0.,0.));
#4020=DIRECTION('',(0.,0.,1.));
#4021=DIRECTION('',(-1.,0.,0.));
#4022=DIRECTION('',(0.,0.,1.));
#4023=DIRECTION('',(0.,0.,-1.));
#4024=DIRECTION('',(0.,-1.,-1.19518349722812E-16));
#4025=DIRECTION('',(0.,-1.,-1.19518349722812E-16));
#4026=DIRECTION('',(0.,0.,1.));
#4027=DIRECTION('',(-1.,0.,0.));
#4028=DIRECTION('',(0.,0.,1.));
#4029=DIRECTION('',(-1.,0.,0.));
#4030=DIRECTION('',(0.,0.,1.));
#4031=DIRECTION('',(0.,-1.,0.));
#4032=DIRECTION('',(-1.,0.,0.));
#4033=DIRECTION('',(0.,0.,1.));
#4034=DIRECTION('',(-1.,0.,0.));
#4035=DIRECTION('',(0.,0.,1.));
#4036=DIRECTION('',(1.,0.,0.));
#4037=DIRECTION('',(0.,0.,-1.));
#4038=DIRECTION('',(1.,0.,0.));
#4039=DIRECTION('',(0.,0.,-1.));
#4040=DIRECTION('',(1.,0.,0.));
#4041=DIRECTION('',(0.,0.,-1.));
#4042=DIRECTION('',(0.,1.,4.13029399042097E-16));
#4043=DIRECTION('',(1.,0.,0.));
#4044=DIRECTION('',(0.,0.,-1.));
#4045=DIRECTION('',(1.,0.,0.));
#4046=DIRECTION('',(0.,0.,-1.));
#4047=DIRECTION('',(1.,0.,0.));
#4048=DIRECTION('',(0.,0.,-1.));
#4049=DIRECTION('',(1.,0.,0.));
#4050=DIRECTION('',(0.,0.,-1.));
#4051=DIRECTION('',(0.,-1.,4.13029399042097E-16));
#4052=DIRECTION('',(1.,0.,0.));
#4053=DIRECTION('',(0.,0.,-1.));
#4054=DIRECTION('',(1.,0.,0.));
#4055=DIRECTION('',(0.,0.,-1.));
#4056=DIRECTION('',(1.,0.,0.));
#4057=DIRECTION('',(0.,0.,-1.));
#4058=DIRECTION('',(1.,0.,0.));
#4059=DIRECTION('',(0.,0.,-1.));
#4060=DIRECTION('',(0.,-1.,0.));
#4061=DIRECTION('',(1.,0.,0.));
#4062=DIRECTION('',(0.,0.,-1.));
#4063=DIRECTION('',(1.,0.,0.));
#4064=DIRECTION('',(0.,0.,-1.));
#4065=DIRECTION('',(0.,0.,1.));
#4066=DIRECTION('',(0.,1.,1.19518349722812E-16));
#4067=DIRECTION('',(0.,1.,0.));
#4068=DIRECTION('',(0.,1.,1.19518349722812E-16));
#4069=DIRECTION('',(0.,0.,-1.));
#4070=DIRECTION('',(1.,0.,0.));
#4071=DIRECTION('',(0.,0.,-1.));
#4072=DIRECTION('',(1.,0.,0.));
#4073=DIRECTION('',(0.,0.,-1.));
#4074=DIRECTION('',(0.,1.,0.));
#4075=DIRECTION('',(1.,0.,0.));
#4076=DIRECTION('',(0.,0.,-1.));
#4077=DIRECTION('',(1.,0.,0.));
#4078=DIRECTION('',(0.,0.,-1.));
#4079=DIRECTION('',(0.,-1.,0.));
#4080=DIRECTION('',(0.,0.,-1.));
#4081=DIRECTION('',(0.,-1.,0.));
#4082=DIRECTION('',(0.,0.,-1.));
#4083=DIRECTION('',(0.,-1.,0.));
#4084=DIRECTION('',(-1.,0.,0.));
#4085=DIRECTION('',(0.,0.,1.));
#4086=DIRECTION('',(1.,0.,0.));
#4087=DIRECTION('',(0.,1.,0.));
#4088=DIRECTION('',(1.,0.,0.));
#4089=DIRECTION('',(0.,-1.,0.));
#4090=DIRECTION('',(-1.,0.,0.));
#4091=DIRECTION('',(0.,1.,0.));
#4092=DIRECTION('',(0.,1.,0.));
#4093=DIRECTION('',(-1.,0.,0.));
#4094=DIRECTION('',(0.,-1.,0.));
#4095=DIRECTION('',(1.,0.,0.));
#4096=DIRECTION('',(0.,1.,0.));
#4097=DIRECTION('',(0.,0.,1.));
#4098=DIRECTION('',(0.,-1.,-1.19518349722812E-16));
#4099=DIRECTION('',(0.,-1.,-1.19518349722812E-16));
#4100=DIRECTION('',(0.,0.,-1.));
#4101=DIRECTION('',(-1.,0.,0.));
#4102=DIRECTION('',(0.,1.,0.));
#4103=DIRECTION('',(1.,0.,0.));
#4104=DIRECTION('',(0.,1.,0.));
#4105=DIRECTION('',(0.,-1.,0.));
#4106=DIRECTION('',(1.,0.,0.));
#4107=DIRECTION('',(0.,1.,0.));
#4108=DIRECTION('',(-1.,0.,0.));
#4109=DIRECTION('',(0.,1.,0.));
#4110=DIRECTION('',(-1.,0.,0.));
#4111=DIRECTION('',(0.,1.,0.));
#4112=DIRECTION('',(1.,0.,0.));
#4113=DIRECTION('',(0.,1.,0.));
#4114=DIRECTION('',(0.,-1.,4.13029399042097E-16));
#4115=DIRECTION('',(1.,0.,0.));
#4116=DIRECTION('',(0.,1.,0.));
#4117=DIRECTION('',(-1.,0.,0.));
#4118=DIRECTION('',(0.,1.,0.));
#4119=DIRECTION('',(1.,0.,0.));
#4120=DIRECTION('',(0.,-1.,0.));
#4121=DIRECTION('',(-1.,0.,0.));
#4122=DIRECTION('',(0.,1.,0.));
#4123=DIRECTION('',(0.,1.,4.13029399042097E-16));
#4124=DIRECTION('',(-1.,0.,0.));
#4125=DIRECTION('',(0.,-1.,0.));
#4126=DIRECTION('',(1.,0.,0.));
#4127=DIRECTION('',(0.,0.,-1.));
#4128=DIRECTION('',(0.,6.12323399573677E-17,-1.));
#4129=DIRECTION('',(-1.,6.12323399573677E-17,0.));
#4130=DIRECTION('',(0.,0.,-1.));
#4131=DIRECTION('',(-1.,6.12323399573677E-17,0.));
#4132=DIRECTION('',(0.,0.,1.));
#4133=DIRECTION('',(0.,6.12323399573677E-17,-1.));
#4134=DIRECTION('',(-1.,0.,0.));
#4135=DIRECTION('',(0.,0.,1.));
#4136=DIRECTION('',(0.,-6.12323399573677E-17,1.));
#4137=DIRECTION('',(-1.,6.12323399573677E-17,0.));
#4138=DIRECTION('',(0.,0.,1.));
#4139=DIRECTION('',(1.,-6.12323399573677E-17,0.));
#4140=DIRECTION('',(0.,0.,-1.));
#4141=DIRECTION('',(0.,-6.12323399573677E-17,1.));
#4142=DIRECTION('',(0.,-1.,-6.12323399573677E-17));
#4143=DIRECTION('',(0.,6.12323399573677E-17,-1.));
#4144=DIRECTION('',(0.,1.,6.12323399573677E-17));
#4145=DIRECTION('',(-1.,0.,0.));
#4146=DIRECTION('',(0.,-1.,-6.12323399573677E-17));
#4147=DIRECTION('',(1.,0.,0.));
#4148=DIRECTION('',(0.,-1.,-6.12323399573677E-17));
#4149=DIRECTION('',(-1.,0.,0.));
#4150=DIRECTION('',(0.,1.,6.12323399573677E-17));
#4151=DIRECTION('',(1.,0.,0.));
#4152=DIRECTION('',(1.,0.,0.));
#4153=DIRECTION('',(0.,1.,6.12323399573677E-17));
#4154=DIRECTION('',(-1.,0.,0.));
#4155=DIRECTION('',(0.,-1.,-6.12323399573677E-17));
#4156=DIRECTION('',(1.,0.,0.));
#4157=DIRECTION('',(-1.,0.,0.));
#4158=DIRECTION('',(0.,1.,6.12323399573677E-17));
#4159=DIRECTION('',(1.,0.,0.));
#4160=DIRECTION('',(0.,-1.,-6.12323399573677E-17));
#4161=DIRECTION('',(1.,0.,0.));
#4162=DIRECTION('',(-1.,0.,0.));
#4163=DIRECTION('',(0.,-1.,-6.12323399573677E-17));
#4164=DIRECTION('',(1.,0.,0.));
#4165=DIRECTION('',(0.,1.,6.12323399573677E-17));
#4166=DIRECTION('',(1.,0.,0.));
#4167=DIRECTION('',(0.,1.,6.12323399573677E-17));
#4168=DIRECTION('',(1.,0.,0.));
#4169=DIRECTION('',(0.,-1.,-6.12323399573677E-17));
#4170=DIRECTION('',(1.,0.,0.));
#4171=DIRECTION('',(-1.,-2.52907565745329E-32,4.13029399042097E-16));
#4172=DIRECTION('',(0.,-1.,-6.12323399573677E-17));
#4173=DIRECTION('',(1.,0.,0.));
#4174=DIRECTION('',(0.,1.,6.12323399573677E-17));
#4175=DIRECTION('',(1.,0.,0.));
#4176=DIRECTION('',(1.,0.,0.));
#4177=DIRECTION('',(0.,-1.,-6.12323399573677E-17));
#4178=DIRECTION('',(-1.,0.,0.));
#4179=DIRECTION('',(0.,1.,6.12323399573677E-17));
#4180=DIRECTION('',(1.,0.,0.));
#4181=DIRECTION('',(1.,-2.52907565745329E-32,4.13029399042097E-16));
#4182=DIRECTION('',(0.,-1.,-6.12323399573677E-17));
#4183=DIRECTION('',(0.,6.12323399573677E-17,-1.));
#4184=DIRECTION('',(0.,-1.,-6.12323399573677E-17));
#4185=DIRECTION('',(0.,6.12323399573677E-17,-1.));
#4186=DIRECTION('',(0.,-1.,-6.12323399573677E-17));
#4187=DIRECTION('',(0.,6.12323399573677E-17,-1.));
#4188=DIRECTION('',(1.,-2.52907565745329E-32,4.13029399042097E-16));
#4189=DIRECTION('',(0.,-1.,-6.12323399573677E-17));
#4190=DIRECTION('',(0.,6.12323399573677E-17,-1.));
#4191=DIRECTION('',(0.,-1.,-6.12323399573677E-17));
#4192=DIRECTION('',(0.,6.12323399573677E-17,-1.));
#4193=DIRECTION('',(1.,0.,0.));
#4194=DIRECTION('',(0.,-1.,-6.12323399573677E-17));
#4195=DIRECTION('',(0.,6.12323399573677E-17,-1.));
#4196=DIRECTION('',(0.,-1.,-6.12323399573677E-17));
#4197=DIRECTION('',(0.,6.12323399573677E-17,-1.));
#4198=DIRECTION('',(-1.,-2.52907565745329E-32,4.13029399042097E-16));
#4199=DIRECTION('',(0.,-1.,-6.12323399573677E-17));
#4200=DIRECTION('',(0.,6.12323399573677E-17,-1.));
#4201=DIRECTION('',(0.,-1.,-6.12323399573677E-17));
#4202=DIRECTION('',(0.,6.12323399573677E-17,-1.));
#4203=DIRECTION('',(0.,-1.,-6.12323399573677E-17));
#4204=DIRECTION('',(0.,6.12323399573677E-17,-1.));
#4205=DIRECTION('',(0.,-1.,-6.12323399573677E-17));
#4206=DIRECTION('',(0.,6.12323399573677E-17,-1.));
#4207=DIRECTION('',(-1.,0.,0.));
#4208=DIRECTION('',(0.,-1.,-6.12323399573677E-17));
#4209=DIRECTION('',(0.,6.12323399573677E-17,-1.));
#4210=DIRECTION('',(0.,-1.,-6.12323399573677E-17));
#4211=DIRECTION('',(0.,6.12323399573677E-17,-1.));
#4212=DIRECTION('',(-1.,0.,0.));
#4213=DIRECTION('',(0.,-1.,-6.12323399573677E-17));
#4214=DIRECTION('',(0.,6.12323399573677E-17,-1.));
#4215=DIRECTION('',(0.,-1.,-6.12323399573677E-17));
#4216=DIRECTION('',(0.,6.12323399573677E-17,-1.));
#4217=DIRECTION('',(1.,0.,0.));
#4218=DIRECTION('',(0.,-1.,-6.12323399573677E-17));
#4219=DIRECTION('',(0.,6.12323399573677E-17,-1.));
#4220=DIRECTION('',(0.,-1.,-6.12323399573677E-17));
#4221=DIRECTION('',(0.,6.12323399573677E-17,-1.));
#4222=DIRECTION('',(0.,0.,1.));
#4223=DIRECTION('',(1.,0.,0.));
#4224=DIRECTION('',(0.,-1.,-6.12323399573677E-17));
#4225=DIRECTION('',(0.,-1.,-6.12323399573677E-17));
#4226=DIRECTION('',(-1.,6.12323399573677E-17,0.));
#4227=DIRECTION('',(0.,0.,-1.));
#4228=DIRECTION('',(-1.,6.12323399573677E-17,0.));
#4229=DIRECTION('',(0.,0.,-1.));
#4230=DIRECTION('',(-1.,0.,0.));
#4231=DIRECTION('',(0.,0.,1.));
#4232=DIRECTION('',(0.,-6.12323399573677E-17,-1.));
#4233=DIRECTION('',(1.,6.12323399573677E-17,0.));
#4234=DIRECTION('',(0.,0.,-1.));
#4235=DIRECTION('',(1.,6.12323399573677E-17,0.));
#4236=DIRECTION('',(0.,0.,1.));
#4237=DIRECTION('',(0.,-6.12323399573677E-17,-1.));
#4238=DIRECTION('',(1.,0.,0.));
#4239=DIRECTION('',(0.,0.,-1.));
#4240=DIRECTION('',(0.,6.12323399573677E-17,1.));
#4241=DIRECTION('',(1.,6.12323399573677E-17,0.));
#4242=DIRECTION('',(0.,0.,1.));
#4243=DIRECTION('',(-1.,-6.12323399573677E-17,0.));
#4244=DIRECTION('',(0.,0.,-1.));
#4245=DIRECTION('',(0.,6.12323399573677E-17,1.));
#4246=DIRECTION('',(0.,1.,-6.12323399573677E-17));
#4247=DIRECTION('',(0.,6.12323399573677E-17,1.));
#4248=DIRECTION('',(0.,1.,-6.12323399573677E-17));
#4249=DIRECTION('',(0.,6.12323399573677E-17,1.));
#4250=DIRECTION('',(0.,1.,-6.12323399573677E-17));
#4251=DIRECTION('',(0.,6.12323399573677E-17,1.));
#4252=DIRECTION('',(-1.,-2.52907565745329E-32,-4.13029399042097E-16));
#4253=DIRECTION('',(0.,1.,-6.12323399573677E-17));
#4254=DIRECTION('',(0.,6.12323399573677E-17,1.));
#4255=DIRECTION('',(0.,1.,-6.12323399573677E-17));
#4256=DIRECTION('',(0.,6.12323399573677E-17,1.));
#4257=DIRECTION('',(-1.,0.,0.));
#4258=DIRECTION('',(0.,1.,-6.12323399573677E-17));
#4259=DIRECTION('',(0.,6.12323399573677E-17,1.));
#4260=DIRECTION('',(0.,1.,-6.12323399573677E-17));
#4261=DIRECTION('',(0.,6.12323399573677E-17,1.));
#4262=DIRECTION('',(1.,-2.52907565745329E-32,-4.13029399042097E-16));
#4263=DIRECTION('',(0.,1.,-6.12323399573677E-17));
#4264=DIRECTION('',(0.,6.12323399573677E-17,1.));
#4265=DIRECTION('',(0.,1.,-6.12323399573677E-17));
#4266=DIRECTION('',(0.,6.12323399573677E-17,1.));
#4267=DIRECTION('',(0.,1.,-6.12323399573677E-17));
#4268=DIRECTION('',(0.,6.12323399573677E-17,1.));
#4269=DIRECTION('',(0.,1.,-6.12323399573677E-17));
#4270=DIRECTION('',(0.,6.12323399573677E-17,1.));
#4271=DIRECTION('',(1.,0.,0.));
#4272=DIRECTION('',(0.,1.,-6.12323399573677E-17));
#4273=DIRECTION('',(0.,6.12323399573677E-17,1.));
#4274=DIRECTION('',(0.,1.,-6.12323399573677E-17));
#4275=DIRECTION('',(0.,6.12323399573677E-17,1.));
#4276=DIRECTION('',(1.,0.,0.));
#4277=DIRECTION('',(0.,1.,-6.12323399573677E-17));
#4278=DIRECTION('',(0.,6.12323399573677E-17,1.));
#4279=DIRECTION('',(0.,1.,-6.12323399573677E-17));
#4280=DIRECTION('',(0.,6.12323399573677E-17,1.));
#4281=DIRECTION('',(-1.,0.,0.));
#4282=DIRECTION('',(0.,1.,-6.12323399573677E-17));
#4283=DIRECTION('',(0.,6.12323399573677E-17,1.));
#4284=DIRECTION('',(0.,1.,-6.12323399573677E-17));
#4285=DIRECTION('',(0.,6.12323399573677E-17,1.));
#4286=DIRECTION('',(0.,1.,-6.12323399573677E-17));
#4287=DIRECTION('',(0.,6.12323399573677E-17,1.));
#4288=DIRECTION('',(0.,1.,-6.12323399573677E-17));
#4289=DIRECTION('',(0.,6.12323399573677E-17,1.));
#4290=DIRECTION('',(0.,1.,-6.12323399573677E-17));
#4291=DIRECTION('',(0.,6.12323399573677E-17,1.));
#4292=DIRECTION('',(0.,1.,-6.12323399573677E-17));
#4293=DIRECTION('',(0.,6.12323399573677E-17,1.));
#4294=DIRECTION('',(-1.,0.,0.));
#4295=DIRECTION('',(0.,1.,-6.12323399573677E-17));
#4296=DIRECTION('',(0.,6.12323399573677E-17,1.));
#4297=DIRECTION('',(0.,1.,-6.12323399573677E-17));
#4298=DIRECTION('',(0.,6.12323399573677E-17,1.));
#4299=DIRECTION('',(1.,0.,0.));
#4300=DIRECTION('',(0.,1.,-6.12323399573677E-17));
#4301=DIRECTION('',(0.,6.12323399573677E-17,1.));
#4302=DIRECTION('',(0.,1.,-6.12323399573677E-17));
#4303=DIRECTION('',(0.,6.12323399573677E-17,1.));
#4304=DIRECTION('',(1.,0.,0.));
#4305=DIRECTION('',(0.,1.,-6.12323399573677E-17));
#4306=DIRECTION('',(0.,6.12323399573677E-17,1.));
#4307=DIRECTION('',(0.,1.,-6.12323399573677E-17));
#4308=DIRECTION('',(0.,6.12323399573677E-17,1.));
#4309=DIRECTION('',(0.,1.,-6.12323399573677E-17));
#4310=DIRECTION('',(0.,6.12323399573677E-17,1.));
#4311=DIRECTION('',(0.,1.,-6.12323399573677E-17));
#4312=DIRECTION('',(0.,6.12323399573677E-17,1.));
#4313=DIRECTION('',(1.,-2.52907565745329E-32,-4.13029399042097E-16));
#4314=DIRECTION('',(0.,1.,-6.12323399573677E-17));
#4315=DIRECTION('',(0.,6.12323399573677E-17,1.));
#4316=DIRECTION('',(0.,1.,-6.12323399573677E-17));
#4317=DIRECTION('',(0.,6.12323399573677E-17,1.));
#4318=DIRECTION('',(-1.,0.,0.));
#4319=DIRECTION('',(0.,1.,-6.12323399573677E-17));
#4320=DIRECTION('',(0.,6.12323399573677E-17,1.));
#4321=DIRECTION('',(0.,1.,-6.12323399573677E-17));
#4322=DIRECTION('',(0.,6.12323399573677E-17,1.));
#4323=DIRECTION('',(-1.,-2.52907565745329E-32,-4.13029399042097E-16));
#4324=DIRECTION('',(0.,1.,-6.12323399573677E-17));
#4325=DIRECTION('',(0.,6.12323399573677E-17,1.));
#4326=DIRECTION('',(0.,0.,1.));
#4327=DIRECTION('',(1.,0.,0.));
#4328=DIRECTION('',(0.,-1.,-6.12323399573677E-17));
#4329=DIRECTION('',(0.,-1.,-6.12323399573677E-17));
#4330=DIRECTION('',(1.,6.12323399573677E-17,0.));
#4331=DIRECTION('',(0.,0.,-1.));
#4332=DIRECTION('',(1.,6.12323399573677E-17,0.));
#4333=DIRECTION('',(0.,0.,-1.));
#4334=DIRECTION('',(0.,-1.,0.));
#4335=DIRECTION('',(0.,0.,-1.));
#4336=DIRECTION('',(1.,0.,0.));
#4337=DIRECTION('',(0.,-1.19518349722812E-16,1.));
#4338=DIRECTION('',(0.,-1.,-1.19518349722812E-16));
#4339=DIRECTION('',(0.,-1.19518349722812E-16,1.));
#4340=DIRECTION('',(0.,-1.,-1.19518349722812E-16));
#4341=DIRECTION('',(1.,0.,0.));
#4342=DIRECTION('',(0.,1.,0.));
#4343=DIRECTION('',(0.,0.,1.));
#4344=DIRECTION('',(0.,1.,0.));
#4345=DIRECTION('',(0.,0.,1.));
#4346=DIRECTION('',(-1.,0.,0.));
#4347=DIRECTION('',(0.,-1.19518349722812E-16,1.));
#4348=DIRECTION('',(0.,-1.,-1.19518349722812E-16));
#4349=DIRECTION('',(0.,-1.19518349722812E-16,1.));
#4350=DIRECTION('',(0.,-1.,-1.19518349722812E-16));
#4351=DIRECTION('',(-1.,0.,0.));
#4352=DIRECTION('',(0.,-1.,0.));
#4353=DIRECTION('',(0.,0.,-1.));
#4354=DIRECTION('',(0.,0.,-1.));
#4355=DIRECTION('',(-1.,0.,0.));
#4356=DIRECTION('',(0.503548846460872,0.863966758172978,0.));
#4357=DIRECTION('',(-1.,0.,0.));
#4358=DIRECTION('',(-0.507254689182464,-0.861796194179577,0.));
#4359=DIRECTION('',(1.,0.,0.));
#4360=DIRECTION('',(-0.507261555138464,-0.861792152829502,0.));
#4361=DIRECTION('',(-1.,0.,0.));
#4362=DIRECTION('',(-0.507254689182462,-0.861796194179577,0.));
#4363=DIRECTION('',(1.,0.,0.));
#4364=DIRECTION('',(-0.507261555138463,-0.861792152829503,0.));
#4365=DIRECTION('',(-1.,0.,0.));
#4366=DIRECTION('',(-0.507254689182462,-0.861796194179578,0.));
#4367=DIRECTION('',(1.,0.,0.));
#4368=DIRECTION('',(0.,0.,-1.));
#4369=DIRECTION('',(-1.,0.,0.));
#4370=DIRECTION('',(0.512281584108041,0.858817546737231,0.));
#4371=DIRECTION('',(0.170573603873551,-0.985344937400903,0.));
#4372=DIRECTION('',(1.,0.,0.));
#4373=DIRECTION('',(0.512281584108042,0.858817546737231,0.));
#4374=DIRECTION('',(0.0472575567068151,-0.998882737529337,0.));
#4375=DIRECTION('',(1.,0.,0.));
#4376=DIRECTION('',(-0.0520731194853031,0.998643274761849,0.));
#4377=DIRECTION('',(-1.,0.,0.));
#4378=DIRECTION('',(-0.512281584108041,-0.858817546737231,0.));
#4379=DIRECTION('',(-0.170573603873551,0.985344937400903,0.));
#4380=DIRECTION('',(-1.,0.,0.));
#4381=DIRECTION('',(-0.503548846460872,-0.863966758172978,0.));
#4382=DIRECTION('',(1.,0.,0.));
#4383=DIRECTION('',(0.,-0.894427190999911,-0.447213595499967));
#4384=DIRECTION('',(1.,0.,0.));
#4385=DIRECTION('',(-0.426206090190746,0.404561087769042,-0.809122175538062));
#4386=DIRECTION('',(0.392352527405969,0.411353739314032,-0.822707478628043));
#4387=DIRECTION('',(1.,0.,0.));
#4388=DIRECTION('',(0.893213699056198,0.0465756139878427,-0.447213595499956));
#4389=DIRECTION('',(-0.0520731194853031,0.998643274761849,0.));
#4390=DIRECTION('',(-0.0520731194853031,0.998643274761849,0.));
#4391=DIRECTION('',(-0.390752112900172,-0.411658301571592,-0.823316603143191));
#4392=DIRECTION('',(-0.893427881066671,-0.0422684436987958,-0.447213595499958));
#4393=DIRECTION('',(0.0472575567068151,-0.998882737529337,0.));
#4394=DIRECTION('',(0.210346715792612,0.840303147143281,-0.499644753856537));
#4395=DIRECTION('',(0.0472575567068151,-0.998882737529337,0.));
#4396=DIRECTION('',(0.,-0.894427190999911,0.447213595499967));
#4397=DIRECTION('',(-1.,0.,0.));
#4398=DIRECTION('',(0.392352527405966,0.411353739314033,0.822707478628044));
#4399=DIRECTION('',(-0.426206090190747,0.404561087769042,0.809122175538062));
#4400=DIRECTION('',(0.893213699056198,0.0465756139878427,0.447213595499957));
#4401=DIRECTION('',(0.0520731194853031,-0.998643274761849,0.));
#4402=DIRECTION('',(-0.390752112900173,-0.411658301571592,0.823316603143191));
#4403=DIRECTION('',(0.,0.894427190999917,-0.447213595499955));
#4404=DIRECTION('',(-1.,0.,0.));
#4405=DIRECTION('',(-1.,0.,0.));
#4406=DIRECTION('',(0.246155874854485,-0.433452946759994,-0.866905893519995));
#4407=DIRECTION('',(0.768149765909608,-0.458198578274736,-0.447213595499986));
#4408=DIRECTION('',(0.512281584108042,0.858817546737231,0.));
#4409=DIRECTION('',(-0.246155874854516,0.433452946760002,-0.866905893519982));
#4410=DIRECTION('',(0.512281584108042,0.858817546737231,0.));
#4411=DIRECTION('',(-0.893427881066672,-0.0422684436987959,0.447213595499956));
#4412=DIRECTION('',(-0.047257556706815,0.998882737529337,0.));
#4413=DIRECTION('',(0.210346715792618,0.840303147143271,0.499644753856551));
#4414=DIRECTION('',(0.,0.894427190999917,0.447213595499955));
#4415=DIRECTION('',(1.,0.,0.));
#4416=DIRECTION('',(0.246155874854501,-0.433452946759992,0.866905893519991));
#4417=DIRECTION('',(-0.768149765909622,0.458198578274743,-0.447213595499955));
#4418=DIRECTION('',(-0.512281584108041,-0.858817546737231,0.));
#4419=DIRECTION('',(-0.512281584108041,-0.858817546737231,0.));
#4420=DIRECTION('',(-0.149643423328491,-0.807610015753893,-0.570414681007183));
#4421=DIRECTION('',(0.,-0.894427190999911,-0.447213595499967));
#4422=DIRECTION('',(1.,0.,0.));
#4423=DIRECTION('',(0.352310935070979,0.418539605062519,-0.837079210125017));
#4424=DIRECTION('',(1.,0.,0.));
#4425=DIRECTION('',(0.768149765909619,-0.458198578274742,0.447213595499961));
#4426=DIRECTION('',(-0.512281584108042,-0.858817546737231,0.));
#4427=DIRECTION('',(-0.246155874854483,0.433452946760006,0.866905893519989));
#4428=DIRECTION('',(-0.768149765909617,0.45819857827474,0.447213595499967));
#4429=DIRECTION('',(0.512281584108041,0.858817546737231,0.));
#4430=DIRECTION('',(-0.149643423328489,-0.8076100157539,0.570414681007174));
#4431=DIRECTION('',(0.88131930452548,0.152565669371354,-0.447213595499952));
#4432=DIRECTION('',(-0.170573603873551,0.985344937400903,0.));
#4433=DIRECTION('',(-0.170573603873551,0.985344937400903,0.));
#4434=DIRECTION('',(-0.35231093507099,-0.418539605062506,-0.837079210125019));
#4435=DIRECTION('',(-0.881319304525483,-0.152565669371354,-0.447213595499946));
#4436=DIRECTION('',(0.170573603873551,-0.985344937400903,0.));
#4437=DIRECTION('',(0.149643423328482,0.8076100157539,-0.570414681007176));
#4438=DIRECTION('',(0.170573603873551,-0.985344937400903,0.));
#4439=DIRECTION('',(0.,-0.894427190999911,0.447213595499967));
#4440=DIRECTION('',(-1.,0.,0.));
#4441=DIRECTION('',(0.352310935070973,0.418539605062521,0.837079210125019));
#4442=DIRECTION('',(0.881319304525478,0.152565669371353,0.447213595499956));
#4443=DIRECTION('',(0.170573603873552,-0.985344937400903,0.));
#4444=DIRECTION('',(-0.352310935070994,-0.418539605062505,0.837079210125018));
#4445=DIRECTION('',(0.,0.894427190999917,-0.447213595499955));
#4446=DIRECTION('',(-1.,0.,0.));
#4447=DIRECTION('',(-1.,0.,0.));
#4448=DIRECTION('',(0.248890487821905,-0.433140514168731,-0.866281028337469));
#4449=DIRECTION('',(0.768149765909614,-0.458198578274739,-0.447213595499973));
#4450=DIRECTION('',(0.512281584108041,0.858817546737231,0.));
#4451=DIRECTION('',(-0.2461558748545,0.433452946760004,-0.866905893519986));
#4452=DIRECTION('',(0.512281584108041,0.858817546737231,0.));
#4453=DIRECTION('',(-0.881319304525486,-0.152565669371355,0.447213595499939));
#4454=DIRECTION('',(-0.170573603873552,0.985344937400903,0.));
#4455=DIRECTION('',(0.149643423328488,0.807610015753887,0.570414681007193));
#4456=DIRECTION('',(0.,0.894427190999917,0.447213595499955));
#4457=DIRECTION('',(1.,0.,0.));
#4458=DIRECTION('',(0.248890487821938,-0.433140514168727,0.866281028337461));
#4459=DIRECTION('',(-0.772755360629967,0.450387780271249,-0.447213595499942));
#4460=DIRECTION('',(-0.503548846460872,-0.863966758172978,0.));
#4461=DIRECTION('',(-0.614187209665401,-0.352923241366577,0.705846482733135));
#4462=DIRECTION('',(-0.503548846460872,-0.863966758172978,0.));
#4463=DIRECTION('',(0.,-0.894427190999911,-0.447213595499967));
#4464=DIRECTION('',(1.,0.,0.));
#4465=DIRECTION('',(1.,0.,0.));
#4466=DIRECTION('',(0.768149765909624,-0.458198578274745,0.447213595499949));
#4467=DIRECTION('',(-0.512281584108042,-0.858817546737231,0.));
#4468=DIRECTION('',(-0.246155874854467,0.433452946760008,0.866905893519993));
#4469=DIRECTION('',(-0.772755360629957,0.450387780271243,0.447213595499967));
#4470=DIRECTION('',(0.503548846460872,0.863966758172978,0.));
#4471=DIRECTION('',(-0.614187209665419,-0.352923241366571,-0.705846482733123));
#4472=DIRECTION('',(0.,-0.894427190999911,0.447213595499967));
#4473=DIRECTION('',(-1.,0.,0.));
#4474=DIRECTION('',(-0.770813949174453,0.453702386767003,-0.447213595499967));
#4475=DIRECTION('',(-0.507254689182462,-0.861796194179577,0.));
#4476=DIRECTION('',(-0.616090346614163,-0.352259190031677,0.704518380063336));
#4477=DIRECTION('',(-0.24773080493427,0.433273458288552,0.86654691657711));
#4478=DIRECTION('',(-0.507254689182462,-0.861796194179577,0.));
#4479=DIRECTION('',(0.,0.894427190999917,-0.447213595499955));
#4480=DIRECTION('',(-1.,0.,0.));
#4481=DIRECTION('',(-0.247728655290662,0.433273704105815,0.866547408211638));
#4482=DIRECTION('',(-1.,0.,0.));
#4483=DIRECTION('',(-0.770813949174454,0.453702386767003,0.447213595499967));
#4484=DIRECTION('',(0.507254689182462,0.861796194179577,0.));
#4485=DIRECTION('',(-0.616090346614162,-0.352259190031677,-0.704518380063336));
#4486=DIRECTION('',(-0.24773080493427,0.433273458288552,-0.86654691657711));
#4487=DIRECTION('',(0.,-0.894427190999911,-0.447213595499967));
#4488=DIRECTION('',(1.,0.,0.));
#4489=DIRECTION('',(1.,0.,0.));
#4490=DIRECTION('',(-0.616093880338771,-0.352257953951119,0.704515907902219));
#4491=DIRECTION('',(-0.770810334481063,0.453708527864746,-0.447213595499955));
#4492=DIRECTION('',(-0.507261555138464,-0.861792152829502,0.));
#4493=DIRECTION('',(-0.616093880338779,-0.352257953951106,0.704515907902218));
#4494=DIRECTION('',(-0.507261555138464,-0.861792152829502,0.));
#4495=DIRECTION('',(0.,0.894427190999917,0.447213595499955));
#4496=DIRECTION('',(1.,0.,0.));
#4497=DIRECTION('',(-0.247728655290662,0.433273704105815,-0.866547408211638));
#4498=DIRECTION('',(0.,-0.894427190999911,0.447213595499967));
#4499=DIRECTION('',(-1.,0.,0.));
#4500=DIRECTION('',(-0.61609388033878,-0.352257953951115,-0.704515907902212));
#4501=DIRECTION('',(-0.770810334481069,0.453708527864748,-0.447213595499942));
#4502=DIRECTION('',(-0.507261555138463,-0.861792152829503,0.));
#4503=DIRECTION('',(-0.507261555138463,-0.861792152829503,0.));
#4504=DIRECTION('',(-0.247728655290636,0.43327370410583,0.866547408211638));
#4505=DIRECTION('',(0.,-0.894427190999917,-0.447213595499955));
#4506=DIRECTION('',(1.,0.,0.));
#4507=DIRECTION('',(0.616090346614161,0.352259190031668,-0.704518380063342));
#4508=DIRECTION('',(1.,0.,0.));
#4509=DIRECTION('',(-0.770810334481063,0.453708527864745,0.447213595499955));
#4510=DIRECTION('',(0.507261555138463,0.861792152829502,0.));
#4511=DIRECTION('',(-0.616093880338778,-0.352257953951106,-0.704515907902219));
#4512=DIRECTION('',(-0.770810334481063,0.453708527864746,0.447213595499955));
#4513=DIRECTION('',(0.507261555138464,0.861792152829502,0.));
#4514=DIRECTION('',(-0.247728655290652,0.433273704105828,-0.866547408211634));
#4515=DIRECTION('',(0.,0.894427190999911,-0.447213595499967));
#4516=DIRECTION('',(-1.,0.,0.));
#4517=DIRECTION('',(-1.,0.,0.));
#4518=DIRECTION('',(-0.247730804934244,0.433273458288567,0.86654691657711));
#4519=DIRECTION('',(-0.770813949174453,0.453702386767004,-0.447213595499967));
#4520=DIRECTION('',(-0.507254689182464,-0.861796194179577,0.));
#4521=DIRECTION('',(0.247730804934269,-0.433273458288552,-0.866546916577111));
#4522=DIRECTION('',(-0.507254689182464,-0.861796194179577,0.));
#4523=DIRECTION('',(0.,-0.894427190999917,0.447213595499955));
#4524=DIRECTION('',(-1.,0.,0.));
#4525=DIRECTION('',(0.616090346614153,0.352259190031671,0.704518380063348));
#4526=DIRECTION('',(0.,0.894427190999911,0.447213595499967));
#4527=DIRECTION('',(1.,0.,0.));
#4528=DIRECTION('',(-0.247730804934244,0.433273458288566,-0.86654691657711));
#4529=DIRECTION('',(-0.770813949174459,0.453702386767005,-0.447213595499955));
#4530=DIRECTION('',(-0.507254689182462,-0.861796194179578,0.));
#4531=DIRECTION('',(-0.507254689182462,-0.861796194179578,0.));
#4532=DIRECTION('',(-0.616090346614153,-0.352259190031681,0.704518380063343));
#4533=DIRECTION('',(0.,0.894427190999917,-0.447213595499955));
#4534=DIRECTION('',(-1.,0.,0.));
#4535=DIRECTION('',(-0.614187209665413,-0.352923241366563,-0.705846482733132));
#4536=DIRECTION('',(-1.,0.,0.));
#4537=DIRECTION('',(-0.770813949174458,0.453702386767007,0.447213595499955));
#4538=DIRECTION('',(0.507254689182464,0.861796194179576,0.));
#4539=DIRECTION('',(0.247730804934253,-0.433273458288553,0.866546916577114));
#4540=DIRECTION('',(-0.770813949174459,0.453702386767005,0.447213595499955));
#4541=DIRECTION('',(0.507254689182461,0.861796194179578,0.));
#4542=DIRECTION('',(-0.616090346614153,-0.352259190031681,-0.704518380063343));
#4543=DIRECTION('',(0.,-0.894427190999911,-0.447213595499967));
#4544=DIRECTION('',(1.,0.,0.));
#4545=DIRECTION('',(0.24889048782192,-0.433140514168741,0.866281028337459));
#4546=DIRECTION('',(1.,0.,0.));
#4547=DIRECTION('',(0.772755360629959,-0.450387780271245,-0.447213595499961));
#4548=DIRECTION('',(0.503548846460872,0.863966758172978,0.));
#4549=DIRECTION('',(0.503548846460872,0.863966758172978,0.));
#4550=DIRECTION('',(0.,0.894427190999917,0.447213595499955));
#4551=DIRECTION('',(1.,0.,0.));
#4552=DIRECTION('',(-0.614187209665417,-0.352923241366562,0.705846482733129));
#4553=DIRECTION('',(0.,-0.894427190999911,0.447213595499967));
#4554=DIRECTION('',(-1.,0.,0.));
#4555=DIRECTION('',(0.248890487821928,-0.43314051416874,-0.866281028337457));
#4556=DIRECTION('',(0.772755360629957,-0.450387780271243,0.447213595499967));
#4557=DIRECTION('',(-0.503548846460872,-0.863966758172978,0.));
#4558=DIRECTION('',(0.,-1.,-6.12323399573677E-17));
#4559=DIRECTION('',(0.,6.12323399573677E-17,-1.));
#4560=DIRECTION('',(0.,-1.,-6.12323399573677E-17));
#4561=DIRECTION('',(0.,-1.,-6.12323399573677E-17));
#4562=DIRECTION('',(0.,6.12323399573677E-17,-1.));
#4563=DIRECTION('',(0.,-1.,-6.12323399573677E-17));
#4564=DIRECTION('',(0.,-1.,-6.12323399573677E-17));
#4565=DIRECTION('',(0.,6.12323399573677E-17,-1.));
#4566=DIRECTION('',(0.,-1.,-6.12323399573677E-17));
#4567=DIRECTION('',(0.,-6.12323399573677E-17,1.));
#4568=DIRECTION('',(0.,-1.,-6.12323399573677E-17));
#4569=DIRECTION('',(0.,-1.,-6.12323399573677E-17));
#4570=DIRECTION('',(0.,-1.,-6.12323399573677E-17));
#4571=DIRECTION('',(0.,6.12323399573677E-17,-1.));
#4572=DIRECTION('',(0.,-1.,-6.12323399573677E-17));
#4573=DIRECTION('',(0.,6.12323399573677E-17,-1.));
#4574=DIRECTION('',(0.,-1.,-6.12323399573677E-17));
#4575=DIRECTION('',(0.,-1.,-6.12323399573677E-17));
#4576=DIRECTION('',(0.,-6.12323399573677E-17,1.));
#4577=DIRECTION('',(0.,-1.,-6.12323399573677E-17));
#4578=DIRECTION('',(0.,-1.,-6.12323399573677E-17));
#4579=DIRECTION('',(0.,-1.,-6.12323399573677E-17));
#4580=DIRECTION('',(0.,6.12323399573677E-17,-1.));
#4581=DIRECTION('',(0.,-1.,-6.12323399573677E-17));
#4582=DIRECTION('',(0.,-1.,-6.12323399573677E-17));
#4583=DIRECTION('',(0.,6.12323399573677E-17,-1.));
#4584=DIRECTION('',(0.,-1.,-6.12323399573677E-17));
#4585=DIRECTION('',(0.,6.12323399573677E-17,-1.));
#4586=DIRECTION('',(0.,-1.,-6.12323399573677E-17));
#4587=DIRECTION('',(0.,6.12323399573677E-17,-1.));
#4588=DIRECTION('',(0.,-1.,-6.12323399573677E-17));
#4589=DIRECTION('',(0.,-1.,-6.12323399573677E-17));
#4590=DIRECTION('',(0.,6.12323399573677E-17,-1.));
#4591=DIRECTION('',(0.,-1.,-6.12323399573677E-17));
#4592=DIRECTION('',(0.,-1.,-6.12323399573677E-17));
#4593=DIRECTION('',(0.,6.12323399573677E-17,-1.));
#4594=DIRECTION('',(0.,-1.,-6.12323399573677E-17));
#4595=DIRECTION('',(4.13029399042097E-16,-6.12323399573677E-17,1.));
#4596=DIRECTION('',(1.,0.,-4.13029399042097E-16));
#4597=DIRECTION('',(0.,-1.,-6.12323399573677E-17));
#4598=DIRECTION('',(0.,-1.,-6.12323399573677E-17));
#4599=DIRECTION('',(0.,6.12323399573677E-17,-1.));
#4600=DIRECTION('',(0.,-1.,-6.12323399573677E-17));
#4601=DIRECTION('',(0.,6.12323399573677E-17,-1.));
#4602=DIRECTION('',(0.,-1.,-6.12323399573677E-17));
#4603=DIRECTION('',(0.,-1.,-6.12323399573677E-17));
#4604=DIRECTION('',(4.13029399042097E-16,-6.12323399573677E-17,1.));
#4605=DIRECTION('',(1.,0.,-4.13029399042097E-16));
#4606=DIRECTION('',(0.,-1.,-6.12323399573677E-17));
#4607=DIRECTION('',(0.,-1.,-6.12323399573677E-17));
#4608=DIRECTION('',(0.,6.12323399573677E-17,-1.));
#4609=DIRECTION('',(0.,-1.,-6.12323399573677E-17));
#4610=DIRECTION('',(0.,-1.,-6.12323399573677E-17));
#4611=DIRECTION('',(0.,6.12323399573677E-17,-1.));
#4612=DIRECTION('',(0.,-1.,-6.12323399573677E-17));
#4613=DIRECTION('',(0.,6.12323399573677E-17,-1.));
#4614=DIRECTION('',(0.,-1.,-6.12323399573677E-17));
#4615=DIRECTION('',(0.,6.12323399573677E-17,-1.));
#4616=DIRECTION('',(0.,-1.,-6.12323399573677E-17));
#4617=DIRECTION('',(0.,-1.,-6.12323399573677E-17));
#4618=DIRECTION('',(0.,6.12323399573677E-17,-1.));
#4619=DIRECTION('',(0.,-1.,-6.12323399573677E-17));
#4620=DIRECTION('',(0.,-1.,-6.12323399573677E-17));
#4621=DIRECTION('',(0.,6.12323399573677E-17,-1.));
#4622=DIRECTION('',(0.,-1.,-6.12323399573677E-17));
#4623=DIRECTION('',(0.,6.12323399573677E-17,-1.));
#4624=DIRECTION('',(0.,1.,6.12323399573677E-17));
#4625=DIRECTION('',(0.,-1.,-6.12323399573677E-17));
#4626=DIRECTION('',(0.,-1.,-6.12323399573677E-17));
#4627=DIRECTION('',(0.,6.12323399573677E-17,-1.));
#4628=DIRECTION('',(0.,-1.,-6.12323399573677E-17));
#4629=DIRECTION('',(0.,6.12323399573677E-17,-1.));
#4630=DIRECTION('',(0.,-1.,-6.12323399573677E-17));
#4631=DIRECTION('',(0.,-1.,-6.12323399573677E-17));
#4632=DIRECTION('',(0.,6.12323399573677E-17,-1.));
#4633=DIRECTION('',(0.,1.,6.12323399573677E-17));
#4634=DIRECTION('',(0.,-1.,-6.12323399573677E-17));
#4635=DIRECTION('',(0.,-1.,-6.12323399573677E-17));
#4636=DIRECTION('',(0.,6.12323399573677E-17,-1.));
#4637=DIRECTION('',(0.,-1.,-6.12323399573677E-17));
#4638=DIRECTION('',(0.,-1.,-6.12323399573677E-17));
#4639=DIRECTION('',(0.,6.12323399573677E-17,-1.));
#4640=DIRECTION('',(0.,-1.,-6.12323399573677E-17));
#4641=DIRECTION('',(0.,6.12323399573677E-17,-1.));
#4642=DIRECTION('',(0.,-1.,-6.12323399573677E-17));
#4643=DIRECTION('',(0.,6.12323399573677E-17,-1.));
#4644=DIRECTION('',(0.,-1.,-6.12323399573677E-17));
#4645=DIRECTION('',(0.,-1.,-6.12323399573677E-17));
#4646=DIRECTION('',(0.,6.12323399573677E-17,-1.));
#4647=DIRECTION('',(0.,-1.,-6.12323399573677E-17));
#4648=DIRECTION('',(0.,-1.,-6.12323399573677E-17));
#4649=DIRECTION('',(0.,6.12323399573677E-17,-1.));
#4650=DIRECTION('',(0.,-1.,-6.12323399573677E-17));
#4651=DIRECTION('',(4.13029399042097E-16,6.12323399573677E-17,-1.));
#4652=DIRECTION('',(-1.,0.,-4.13029399042097E-16));
#4653=DIRECTION('',(0.,-1.,-6.12323399573677E-17));
#4654=DIRECTION('',(0.,-1.,-6.12323399573677E-17));
#4655=DIRECTION('',(0.,6.12323399573677E-17,-1.));
#4656=DIRECTION('',(0.,-1.,-6.12323399573677E-17));
#4657=DIRECTION('',(0.,6.12323399573677E-17,-1.));
#4658=DIRECTION('',(0.,-1.,-6.12323399573677E-17));
#4659=DIRECTION('',(0.,-1.,-6.12323399573677E-17));
#4660=DIRECTION('',(4.13029399042097E-16,6.12323399573677E-17,-1.));
#4661=DIRECTION('',(-1.,0.,-4.13029399042097E-16));
#4662=DIRECTION('',(0.,-1.,-6.12323399573677E-17));
#4663=DIRECTION('',(0.,-1.,-6.12323399573677E-17));
#4664=DIRECTION('',(0.,6.12323399573677E-17,-1.));
#4665=DIRECTION('',(0.,-1.,-6.12323399573677E-17));
#4666=DIRECTION('',(0.,-1.,-6.12323399573677E-17));
#4667=DIRECTION('',(0.,6.12323399573677E-17,-1.));
#4668=DIRECTION('',(0.,-1.,-6.12323399573677E-17));
#4669=DIRECTION('',(0.,6.12323399573677E-17,-1.));
#4670=DIRECTION('',(1.,0.,0.));
#4671=DIRECTION('',(0.,0.,-1.));
#4672=DIRECTION('',(1.,0.,0.));
#4673=DIRECTION('',(1.,0.,0.));
#4674=DIRECTION('',(0.,0.,-1.));
#4675=DIRECTION('',(1.,0.,0.));
#4676=DIRECTION('',(0.,0.,1.));
#4677=DIRECTION('',(1.,0.,0.));
#4678=DIRECTION('',(1.,0.,0.));
#4679=DIRECTION('',(1.,0.,0.));
#4680=DIRECTION('',(0.,0.,-1.));
#4681=DIRECTION('',(1.,0.,0.));
#4682=DIRECTION('',(1.,0.,0.));
#4683=DIRECTION('',(0.,0.,-1.));
#4684=DIRECTION('',(1.,0.,0.));
#4685=DIRECTION('',(0.,0.,-1.));
#4686=DIRECTION('',(1.,0.,0.));
#4687=DIRECTION('',(1.,0.,0.));
#4688=DIRECTION('',(0.,0.,-1.));
#4689=DIRECTION('',(1.,0.,0.));
#4690=DIRECTION('',(1.,0.,0.));
#4691=DIRECTION('',(0.,0.,-1.));
#4692=DIRECTION('',(1.,0.,0.));
#4693=DIRECTION('',(0.,0.,1.));
#4694=DIRECTION('',(1.,0.,0.));
#4695=DIRECTION('',(1.,0.,0.));
#4696=DIRECTION('',(1.,0.,0.));
#4697=DIRECTION('',(0.,0.,-1.));
#4698=DIRECTION('',(1.,0.,0.));
#4699=DIRECTION('',(0.,0.,-1.));
#4700=DIRECTION('',(1.,0.,0.));
#4701=DIRECTION('',(1.,0.,0.));
#4702=DIRECTION('',(0.,0.,-1.));
#4703=DIRECTION('',(1.,0.,0.));
#4704=DIRECTION('',(0.,4.13029399042097E-16,1.));
#4705=DIRECTION('',(0.,-1.,4.13029399042097E-16));
#4706=DIRECTION('',(1.,0.,0.));
#4707=DIRECTION('',(1.,0.,0.));
#4708=DIRECTION('',(0.,0.,-1.));
#4709=DIRECTION('',(1.,0.,0.));
#4710=DIRECTION('',(1.,0.,0.));
#4711=DIRECTION('',(0.,0.,-1.));
#4712=DIRECTION('',(1.,0.,0.));
#4713=DIRECTION('',(0.,0.,-1.));
#4714=DIRECTION('',(1.,0.,0.));
#4715=DIRECTION('',(1.,0.,0.));
#4716=DIRECTION('',(0.,0.,-1.));
#4717=DIRECTION('',(1.,0.,0.));
#4718=DIRECTION('',(1.,0.,0.));
#4719=DIRECTION('',(0.,0.,-1.));
#4720=DIRECTION('',(1.,0.,0.));
#4721=DIRECTION('',(0.,4.13029399042097E-16,1.));
#4722=DIRECTION('',(0.,-1.,4.13029399042097E-16));
#4723=DIRECTION('',(1.,0.,0.));
#4724=DIRECTION('',(1.,0.,0.));
#4725=DIRECTION('',(0.,0.,-1.));
#4726=DIRECTION('',(1.,0.,0.));
#4727=DIRECTION('',(0.,0.,-1.));
#4728=DIRECTION('',(1.,0.,0.));
#4729=DIRECTION('',(1.,0.,0.));
#4730=DIRECTION('',(0.,0.,-1.));
#4731=DIRECTION('',(1.,0.,0.));
#4732=DIRECTION('',(0.,0.,-1.));
#4733=DIRECTION('',(-1.,0.,0.));
#4734=DIRECTION('',(1.,0.,0.));
#4735=DIRECTION('',(1.,0.,0.));
#4736=DIRECTION('',(0.,0.,-1.));
#4737=DIRECTION('',(1.,0.,0.));
#4738=DIRECTION('',(1.,0.,0.));
#4739=DIRECTION('',(0.,0.,-1.));
#4740=DIRECTION('',(1.,0.,0.));
#4741=DIRECTION('',(0.,0.,-1.));
#4742=DIRECTION('',(1.,0.,0.));
#4743=DIRECTION('',(1.,0.,0.));
#4744=DIRECTION('',(0.,0.,-1.));
#4745=DIRECTION('',(1.,0.,0.));
#4746=DIRECTION('',(1.,0.,0.));
#4747=DIRECTION('',(0.,0.,-1.));
#4748=DIRECTION('',(1.,0.,0.));
#4749=DIRECTION('',(0.,0.,-1.));
#4750=DIRECTION('',(-1.,0.,0.));
#4751=DIRECTION('',(1.,0.,0.));
#4752=DIRECTION('',(1.,0.,0.));
#4753=DIRECTION('',(0.,0.,-1.));
#4754=DIRECTION('',(1.,0.,0.));
#4755=DIRECTION('',(0.,0.,-1.));
#4756=DIRECTION('',(1.,0.,0.));
#4757=DIRECTION('',(1.,0.,0.));
#4758=DIRECTION('',(0.,0.,-1.));
#4759=DIRECTION('',(1.,0.,0.));
#4760=DIRECTION('',(0.,4.13029399042097E-16,-1.));
#4761=DIRECTION('',(0.,1.,4.13029399042097E-16));
#4762=DIRECTION('',(1.,0.,0.));
#4763=DIRECTION('',(1.,0.,0.));
#4764=DIRECTION('',(0.,0.,-1.));
#4765=DIRECTION('',(1.,0.,0.));
#4766=DIRECTION('',(1.,0.,0.));
#4767=DIRECTION('',(0.,0.,-1.));
#4768=DIRECTION('',(1.,0.,0.));
#4769=DIRECTION('',(0.,0.,-1.));
#4770=DIRECTION('',(1.,0.,0.));
#4771=DIRECTION('',(1.,0.,0.));
#4772=DIRECTION('',(0.,0.,-1.));
#4773=DIRECTION('',(1.,0.,0.));
#4774=DIRECTION('',(1.,0.,0.));
#4775=DIRECTION('',(0.,0.,-1.));
#4776=DIRECTION('',(1.,0.,0.));
#4777=DIRECTION('',(0.,4.13029399042097E-16,-1.));
#4778=DIRECTION('',(0.,1.,4.13029399042097E-16));
#4779=DIRECTION('',(1.,0.,0.));
#4780=DIRECTION('',(1.,0.,0.));
#4781=DIRECTION('',(0.,0.,-1.));
#4782=CARTESIAN_POINT('',(0.,0.,0.));
#4783=CARTESIAN_POINT('',(12.5,12.4,0.));
#4784=CARTESIAN_POINT('',(12.5,12.4,0.));
#4785=CARTESIAN_POINT('',(12.5,2.3,2.16840434497101E-16));
#4786=CARTESIAN_POINT('',(12.5,-2.3,2.16840434497101E-16));
#4787=CARTESIAN_POINT('',(-23.3632777212499,2.3,2.16840434497101E-16));
#4788=CARTESIAN_POINT('',(12.7,2.3,2.16840434497101E-16));
#4789=CARTESIAN_POINT('',(12.7,12.4,0.));
#4790=CARTESIAN_POINT('',(12.7,-2.3,2.16840434497101E-16));
#4791=CARTESIAN_POINT('',(-23.3632777212499,-2.3,2.16840434497101E-16));
#4792=CARTESIAN_POINT('',(-12.5,12.4,0.));
#4793=CARTESIAN_POINT('',(-12.5,12.4,0.));
#4794=CARTESIAN_POINT('',(-12.5,7.3,2.16840434497101E-16));
#4795=CARTESIAN_POINT('',(-12.5,5.2,2.16840434497101E-16));
#4796=CARTESIAN_POINT('',(-23.3632777212499,5.2,2.16840434497101E-16));
#4797=CARTESIAN_POINT('',(-12.7,5.2,0.));
#4798=CARTESIAN_POINT('',(-12.7,12.4,0.));
#4799=CARTESIAN_POINT('',(-12.7,7.3,2.16840434497101E-16));
#4800=CARTESIAN_POINT('',(-23.3632777212499,7.3,2.16840434497101E-16));
#4801=CARTESIAN_POINT('',(12.5,12.4,0.));
#4802=CARTESIAN_POINT('',(-23.3632777212499,5.2,2.16840434497101E-16));
#4803=CARTESIAN_POINT('',(12.5,5.2,0.));
#4804=CARTESIAN_POINT('',(12.7,5.2,2.16840434497101E-16));
#4805=CARTESIAN_POINT('',(12.5,12.4,0.));
#4806=CARTESIAN_POINT('',(12.5,7.3,2.16840434497101E-16));
#4807=CARTESIAN_POINT('',(-23.3632777212499,7.3,2.16840434497101E-16));
#4808=CARTESIAN_POINT('',(12.7,7.3,2.16840434497101E-16));
#4809=CARTESIAN_POINT('',(12.7,12.4,0.));
#4810=CARTESIAN_POINT('',(-12.5,12.4,0.));
#4811=CARTESIAN_POINT('',(-12.5,12.4,0.));
#4812=CARTESIAN_POINT('',(-12.5,12.7,0.));
#4813=CARTESIAN_POINT('',(-12.5,10.2,2.16840434497101E-16));
#4814=CARTESIAN_POINT('',(-23.3632777212499,10.2,2.16840434497101E-16));
#4815=CARTESIAN_POINT('',(-12.7,10.2,0.));
#4816=CARTESIAN_POINT('',(-12.7,12.4,0.));
#4817=CARTESIAN_POINT('',(-12.7,12.7,0.));
#4818=CARTESIAN_POINT('',(-12.5,12.7,0.));
#4819=CARTESIAN_POINT('',(12.5,12.4,0.));
#4820=CARTESIAN_POINT('',(-23.3632777212499,10.2,2.16840434497101E-16));
#4821=CARTESIAN_POINT('',(12.5,10.2,0.));
#4822=CARTESIAN_POINT('',(12.7,10.2,2.16840434497101E-16));
#4823=CARTESIAN_POINT('',(12.5,12.4,0.));
#4824=CARTESIAN_POINT('',(12.5,12.7,0.));
#4825=CARTESIAN_POINT('',(12.5,12.7,0.));
#4826=CARTESIAN_POINT('',(12.7,12.7,0.));
#4827=CARTESIAN_POINT('',(12.7,12.4,0.));
#4828=CARTESIAN_POINT('',(-12.5,12.4,0.));
#4829=CARTESIAN_POINT('',(-12.7,12.4,0.));
#4830=CARTESIAN_POINT('',(-12.7,-5.2,2.16840434497101E-16));
#4831=CARTESIAN_POINT('',(-12.7,-7.3,2.16840434497101E-16));
#4832=CARTESIAN_POINT('',(-23.3632777212499,-5.2,2.16840434497101E-16));
#4833=CARTESIAN_POINT('',(-12.5,-5.2,0.));
#4834=CARTESIAN_POINT('',(-12.5,12.4,0.));
#4835=CARTESIAN_POINT('',(-12.5,-7.3,2.16840434497101E-16));
#4836=CARTESIAN_POINT('',(-23.3632777212499,-7.3,2.16840434497101E-16));
#4837=CARTESIAN_POINT('',(12.5,12.4,0.));
#4838=CARTESIAN_POINT('',(-23.3632777212499,-5.2,2.16840434497101E-16));
#4839=CARTESIAN_POINT('',(12.5,-5.2,2.16840434497101E-16));
#4840=CARTESIAN_POINT('',(12.7,-5.2,0.));
#4841=CARTESIAN_POINT('',(12.7,12.4,0.));
#4842=CARTESIAN_POINT('',(12.7,-7.3,2.16840434497101E-16));
#4843=CARTESIAN_POINT('',(-23.3632777212499,-7.3,2.16840434497101E-16));
#4844=CARTESIAN_POINT('',(12.5,-7.3,2.16840434497101E-16));
#4845=CARTESIAN_POINT('',(12.5,12.4,0.));
#4846=CARTESIAN_POINT('',(-12.5,12.4,0.));
#4847=CARTESIAN_POINT('',(-12.7,12.4,0.));
#4848=CARTESIAN_POINT('',(-12.7,-10.2,2.16840434497101E-16));
#4849=CARTESIAN_POINT('',(-12.7,-12.7,0.));
#4850=CARTESIAN_POINT('',(-23.3632777212499,-10.2,2.16840434497101E-16));
#4851=CARTESIAN_POINT('',(-12.5,-10.2,0.));
#4852=CARTESIAN_POINT('',(-12.5,12.4,0.));
#4853=CARTESIAN_POINT('',(-12.5,-12.7,0.));
#4854=CARTESIAN_POINT('',(-12.5,-12.7,0.));
#4855=CARTESIAN_POINT('',(-12.4,-12.7,-1.73472347597681E-15));
#4856=CARTESIAN_POINT('',(5.2,23.3632777212499,1.55771757791324E-15));
#4857=CARTESIAN_POINT('',(5.2,-12.5,-6.38274835499829E-16));
#4858=CARTESIAN_POINT('',(5.2,-12.7,-1.73472347597681E-15));
#4859=CARTESIAN_POINT('',(-12.4,-12.5,-1.73472347597681E-15));
#4860=CARTESIAN_POINT('',(7.3,-12.5,-6.38274835499829E-16));
#4861=CARTESIAN_POINT('',(7.3,23.3632777212499,1.55771757791324E-15));
#4862=CARTESIAN_POINT('',(7.3,-12.7,-6.50521303491303E-16));
#4863=CARTESIAN_POINT('',(-12.4,-12.7,-1.73472347597681E-15));
#4864=CARTESIAN_POINT('',(12.4,12.7,0.));
#4865=CARTESIAN_POINT('',(5.2,23.3632777212499,2.43945488809239E-16));
#4866=CARTESIAN_POINT('',(5.2,12.7,9.04780131425836E-16));
#4867=CARTESIAN_POINT('',(5.2,12.5,8.92533663434363E-16));
#4868=CARTESIAN_POINT('',(12.4,12.7,0.));
#4869=CARTESIAN_POINT('',(7.3,12.7,9.04780131425836E-16));
#4870=CARTESIAN_POINT('',(7.3,23.3632777212499,7.86046575051991E-16));
#4871=CARTESIAN_POINT('',(7.3,12.5,8.92533663434363E-16));
#4872=CARTESIAN_POINT('',(12.4,12.5,0.));
#4873=CARTESIAN_POINT('',(-12.4,-12.7,-1.73472347597681E-15));
#4874=CARTESIAN_POINT('',(10.2,23.3632777212499,1.55771757791324E-15));
#4875=CARTESIAN_POINT('',(10.2,-12.5,-6.38274835499829E-16));
#4876=CARTESIAN_POINT('',(10.2,-12.7,-1.73472347597681E-15));
#4877=CARTESIAN_POINT('',(-12.4,-12.5,-1.73472347597681E-15));
#4878=CARTESIAN_POINT('',(12.4,-12.5,-1.73472347597681E-15));
#4879=CARTESIAN_POINT('',(12.4,-12.7,-1.73472347597681E-15));
#4880=CARTESIAN_POINT('',(12.4,-12.7,-1.73472347597681E-15));
#4881=CARTESIAN_POINT('',(-12.4,-12.7,-1.73472347597681E-15));
#4882=CARTESIAN_POINT('',(12.4,12.7,0.));
#4883=CARTESIAN_POINT('',(10.2,23.3632777212499,2.71050543121376E-16));
#4884=CARTESIAN_POINT('',(10.2,12.7,9.04780131425836E-16));
#4885=CARTESIAN_POINT('',(10.2,12.5,8.92533663434363E-16));
#4886=CARTESIAN_POINT('',(12.4,12.7,0.));
#4887=CARTESIAN_POINT('',(12.4,12.7,0.));
#4888=CARTESIAN_POINT('',(12.4,12.7,0.));
#4889=CARTESIAN_POINT('',(12.4,12.5,0.));
#4890=CARTESIAN_POINT('',(12.4,12.5,0.));
#4891=CARTESIAN_POINT('',(-12.4,-12.7,-1.73472347597681E-15));
#4892=CARTESIAN_POINT('',(-5.2,23.3632777212499,1.55771757791324E-15));
#4893=CARTESIAN_POINT('',(-5.2,-12.5,-6.38274835499829E-16));
#4894=CARTESIAN_POINT('',(-5.2,-12.7,-6.50521303491303E-16));
#4895=CARTESIAN_POINT('',(-12.4,-12.7,-1.73472347597681E-15));
#4896=CARTESIAN_POINT('',(-7.3,-12.7,-6.50521303491303E-16));
#4897=CARTESIAN_POINT('',(-7.3,23.3632777212499,1.55771757791324E-15));
#4898=CARTESIAN_POINT('',(-7.3,-12.5,-6.38274835499829E-16));
#4899=CARTESIAN_POINT('',(-12.4,-12.5,-1.73472347597681E-15));
#4900=CARTESIAN_POINT('',(12.4,12.7,0.));
#4901=CARTESIAN_POINT('',(-5.2,23.3632777212499,2.43945488809239E-16));
#4902=CARTESIAN_POINT('',(-5.2,12.5,8.92533663434363E-16));
#4903=CARTESIAN_POINT('',(-5.2,12.7,0.));
#4904=CARTESIAN_POINT('',(12.4,12.5,0.));
#4905=CARTESIAN_POINT('',(-7.3,12.5,8.92533663434363E-16));
#4906=CARTESIAN_POINT('',(-7.3,23.3632777212499,7.86046575051991E-16));
#4907=CARTESIAN_POINT('',(-7.3,12.7,9.04780131425836E-16));
#4908=CARTESIAN_POINT('',(12.4,12.7,0.));
#4909=CARTESIAN_POINT('',(-12.4,-12.7,-1.73472347597681E-15));
#4910=CARTESIAN_POINT('',(-10.2,23.3632777212499,1.55771757791324E-15));
#4911=CARTESIAN_POINT('',(-10.2,-12.5,-6.38274835499829E-16));
#4912=CARTESIAN_POINT('',(-10.2,-12.7,-6.50521303491303E-16));
#4913=CARTESIAN_POINT('',(-12.4,-12.7,-1.73472347597681E-15));
#4914=CARTESIAN_POINT('',(-12.4,-12.7,-1.73472347597681E-15));
#4915=CARTESIAN_POINT('',(-12.4,-12.7,-1.73472347597681E-15));
#4916=CARTESIAN_POINT('',(-12.4,-12.5,-1.73472347597681E-15));
#4917=CARTESIAN_POINT('',(-12.4,-12.5,-1.73472347597681E-15));
#4918=CARTESIAN_POINT('',(12.4,12.7,0.));
#4919=CARTESIAN_POINT('',(-10.2,23.3632777212499,2.71050543121376E-16));
#4920=CARTESIAN_POINT('',(-10.2,12.5,8.92533663434363E-16));
#4921=CARTESIAN_POINT('',(-10.2,12.7,0.));
#4922=CARTESIAN_POINT('',(12.4,12.5,0.));
#4923=CARTESIAN_POINT('',(-12.4,12.5,0.));
#4924=CARTESIAN_POINT('',(-12.4,12.7,0.));
#4925=CARTESIAN_POINT('',(-12.4,12.7,0.));
#4926=CARTESIAN_POINT('',(12.4,12.7,0.));
#4927=CARTESIAN_POINT('',(-12.5,12.4,3.2));
#4928=CARTESIAN_POINT('',(-12.5,-12.4,3.2));
#4929=CARTESIAN_POINT('',(-12.4,-12.4,3.2));
#4930=CARTESIAN_POINT('',(12.4,-12.4,3.2));
#4931=CARTESIAN_POINT('',(12.4,12.4,3.2));
#4932=CARTESIAN_POINT('',(12.4,12.4,3.2));
#4933=CARTESIAN_POINT('',(-12.5,12.4,3.2));
#4934=CARTESIAN_POINT('',(-12.4,12.4,3.2));
#4935=CARTESIAN_POINT('',(-12.4,12.4,3.2));
#4936=CARTESIAN_POINT('',(6.91533163003535,10.925,3.2));
#4937=CARTESIAN_POINT('',(6.91533163003535,10.925,3.2));
#4938=CARTESIAN_POINT('',(10.9437242209748,10.925,3.2));
#4939=CARTESIAN_POINT('',(10.9437242209748,10.925,3.2));
#4940=CARTESIAN_POINT('',(10.1003897915894,9.4922238874,3.2));
#4941=CARTESIAN_POINT('',(10.1003897915894,9.4922238874,3.2));
#4942=CARTESIAN_POINT('',(7.74726573256686,9.4922238874,3.2));
#4943=CARTESIAN_POINT('',(7.74726573256686,9.4922238874,3.2));
#4944=CARTESIAN_POINT('',(7.39637734467386,8.8960958029,3.2));
#4945=CARTESIAN_POINT('',(7.39637734467386,8.8960958029,3.2));
#4946=CARTESIAN_POINT('',(9.74950779854014,8.8960958029,3.2));
#4947=CARTESIAN_POINT('',(9.74950779854014,8.8960958029,3.2));
#4948=CARTESIAN_POINT('',(8.90723795912541,7.4651283667,3.2));
#4949=CARTESIAN_POINT('',(8.90723795912541,7.4651283667,3.2));
#4950=CARTESIAN_POINT('',(6.55409215484466,7.4651283667,3.2));
#4951=CARTESIAN_POINT('',(6.55409215484466,7.4651283667,3.2));
#4952=CARTESIAN_POINT('',(6.116970411395,6.7224975,3.2));
#4953=CARTESIAN_POINT('',(6.116970411395,6.7224975,3.2));
#4954=CARTESIAN_POINT('',(8.47012418209855,6.7224975,3.2));
#4955=CARTESIAN_POINT('',(8.47012418209855,6.7224975,3.2));
#4956=CARTESIAN_POINT('',(7.64280929635868,5.3169376597,3.2));
#4957=CARTESIAN_POINT('',(7.64280929635868,5.3169376597,3.2));
#4958=CARTESIAN_POINT('',(3.64676452878429,5.3169376597,3.2));
#4959=CARTESIAN_POINT('',(3.64676452878429,5.3169376597,3.2));
#4960=CARTESIAN_POINT('',(1.09558264385507,5.3169376597,3.2));
#4961=CARTESIAN_POINT('',(1.09558264385508,5.3169376597,3.2));
#4962=CARTESIAN_POINT('',(-0.255185733401595,5.3169376597,3.2));
#4963=CARTESIAN_POINT('',(-0.255185733401595,5.3169376597,3.2));
#4964=CARTESIAN_POINT('',(-0.547611775520701,10.925,3.2));
#4965=CARTESIAN_POINT('',(-0.547611775520701,10.925,3.2));
#4966=CARTESIAN_POINT('',(0.900591657932031,10.925,3.2));
#4967=CARTESIAN_POINT('',(0.900591657932031,10.925,3.2));
#4968=CARTESIAN_POINT('',(1.03422195387692,8.10045710925341,3.2));
#4969=CARTESIAN_POINT('',(1.03422195387692,8.10045710925341,3.2));
#4970=CARTESIAN_POINT('',(1.50881757888182,8.89609580290001,3.2));
#4971=CARTESIAN_POINT('',(1.50881757888182,8.89609580290001,3.2));
#4972=CARTESIAN_POINT('',(3.09714092614825,8.89609580290001,3.2));
#4973=CARTESIAN_POINT('',(3.09714092614825,8.89609580290001,3.2));
#4974=CARTESIAN_POINT('',(3.2426930425723,8.05529137718863,3.2));
#4975=CARTESIAN_POINT('',(3.2426930425723,8.05529137718863,3.2));
#4976=CARTESIAN_POINT('',(4.95446393594473,10.925,3.2));
#4977=CARTESIAN_POINT('',(4.95446393594473,10.925,3.2));
#4978=CARTESIAN_POINT('',(6.5636682310155,10.925,3.2));
#4979=CARTESIAN_POINT('',(6.5636682310155,10.925,3.2));
#4980=CARTESIAN_POINT('',(3.29510112976445,5.3169376597,3.2));
#4981=CARTESIAN_POINT('',(3.29510112976445,5.3169376597,3.2));
#4982=CARTESIAN_POINT('',(1.8589165122974,5.3169376597,3.2));
#4983=CARTESIAN_POINT('',(1.8589165122974,5.3169376597,3.2));
#4984=CARTESIAN_POINT('',(1.68721699236971,6.30878662620445,3.2));
#4985=CARTESIAN_POINT('',(1.68721699236971,6.30878662620445,3.2));
#4986=CARTESIAN_POINT('',(12.5,12.4,3.));
#4987=CARTESIAN_POINT('',(12.5,12.4,2.9));
#4988=CARTESIAN_POINT('',(12.5,12.4,2.9));
#4989=CARTESIAN_POINT('',(12.7,12.4,2.9));
#4990=CARTESIAN_POINT('',(12.4,12.4,2.9));
#4991=CARTESIAN_POINT('',(12.4,12.4,3.));
#4992=CARTESIAN_POINT('',(12.4,12.4,3.2));
#4993=CARTESIAN_POINT('',(12.4,12.4,2.9));
#4994=CARTESIAN_POINT('',(-12.5,-12.4,0.));
#4995=CARTESIAN_POINT('',(-12.5,-12.4,2.9));
#4996=CARTESIAN_POINT('',(-12.5,-12.4,2.9));
#4997=CARTESIAN_POINT('',(-12.7,-12.4,2.9));
#4998=CARTESIAN_POINT('',(-12.4,-12.4,2.9));
#4999=CARTESIAN_POINT('',(-12.4,-12.4,3.));
#5000=CARTESIAN_POINT('',(-12.4,-12.4,3.2));
#5001=CARTESIAN_POINT('',(-12.4,-12.4,2.9));
#5002=CARTESIAN_POINT('',(12.5,12.4,3.));
#5003=CARTESIAN_POINT('',(12.5,12.4,2.9));
#5004=CARTESIAN_POINT('',(-12.7,12.4,2.9));
#5005=CARTESIAN_POINT('',(-12.5,12.4,2.9));
#5006=CARTESIAN_POINT('',(-12.4,12.4,2.9));
#5007=CARTESIAN_POINT('',(-12.4,12.4,3.2));
#5008=CARTESIAN_POINT('',(-12.4,12.4,3.));
#5009=CARTESIAN_POINT('',(-12.4,12.4,2.9));
#5010=CARTESIAN_POINT('',(12.5,12.4,0.));
#5011=CARTESIAN_POINT('',(-23.3632777212499,-10.2,2.16840434497101E-16));
#5012=CARTESIAN_POINT('',(12.5,-10.2,2.16840434497101E-16));
#5013=CARTESIAN_POINT('',(12.7,-10.2,0.));
#5014=CARTESIAN_POINT('',(12.7,12.4,0.));
#5015=CARTESIAN_POINT('',(12.7,-12.7,0.));
#5016=CARTESIAN_POINT('',(12.5,-12.7,0.));
#5017=CARTESIAN_POINT('',(12.5,-12.7,0.));
#5018=CARTESIAN_POINT('',(12.5,12.4,0.));
#5019=CARTESIAN_POINT('',(-12.5,-12.4,0.));
#5020=CARTESIAN_POINT('',(-12.5,-12.4,2.9));
#5021=CARTESIAN_POINT('',(12.7,-12.4,2.9));
#5022=CARTESIAN_POINT('',(12.5,-12.4,2.9));
#5023=CARTESIAN_POINT('',(12.4,-12.4,2.9));
#5024=CARTESIAN_POINT('',(12.4,-12.4,3.2));
#5025=CARTESIAN_POINT('',(12.4,-12.4,3.));
#5026=CARTESIAN_POINT('',(12.4,-12.4,2.9));
#5027=CARTESIAN_POINT('',(-12.5,12.4,0.));
#5028=CARTESIAN_POINT('',(-23.3632777212499,2.3,2.16840434497101E-16));
#5029=CARTESIAN_POINT('',(-12.7,2.3,2.16840434497101E-16));
#5030=CARTESIAN_POINT('',(-12.5,2.3,2.16840434497101E-16));
#5031=CARTESIAN_POINT('',(-12.5,12.4,0.));
#5032=CARTESIAN_POINT('',(-12.5,-2.3,2.16840434497101E-16));
#5033=CARTESIAN_POINT('',(-23.3632777212499,-2.3,2.16840434497101E-16));
#5034=CARTESIAN_POINT('',(-12.7,-2.3,2.16840434497101E-16));
#5035=CARTESIAN_POINT('',(-12.7,12.4,0.));
#5036=CARTESIAN_POINT('',(-12.5,12.4,0.));
#5037=CARTESIAN_POINT('',(-12.5,4.8,0.200000000000002));
#5038=CARTESIAN_POINT('',(-12.5,4.8,0.4));
#5039=CARTESIAN_POINT('',(-12.5,5.,0.200000000000002));
#5040=CARTESIAN_POINT('',(-12.5,5.2,0.2));
#5041=CARTESIAN_POINT('',(-12.5,7.3,0.200000000000001));
#5042=CARTESIAN_POINT('',(-12.5,7.5,0.200000000000001));
#5043=CARTESIAN_POINT('',(-12.5,7.69999999999999,0.200000000000005));
#5044=CARTESIAN_POINT('',(-12.5,7.7,0.4));
#5045=CARTESIAN_POINT('',(-12.5,12.4,0.4));
#5046=CARTESIAN_POINT('',(-12.5,9.79999999999996,0.4));
#5047=CARTESIAN_POINT('',(-12.5,9.79999999999996,0.19999999999996));
#5048=CARTESIAN_POINT('',(-12.5,10.,0.19999999999996));
#5049=CARTESIAN_POINT('',(-12.5,10.2,0.200000000000042));
#5050=CARTESIAN_POINT('',(-12.5,12.7,2.9));
#5051=CARTESIAN_POINT('',(-12.5,12.7,2.9));
#5052=CARTESIAN_POINT('',(-12.5,-12.7,2.9));
#5053=CARTESIAN_POINT('',(-12.5,12.4,2.9));
#5054=CARTESIAN_POINT('',(-12.5,-12.7,2.9));
#5055=CARTESIAN_POINT('',(-12.5,-12.7,2.9));
#5056=CARTESIAN_POINT('',(-12.5,-12.7,0.));
#5057=CARTESIAN_POINT('',(-12.5,-10.2,0.200000000000042));
#5058=CARTESIAN_POINT('',(-12.5,-10.,0.2));
#5059=CARTESIAN_POINT('',(-12.5,-9.79999999999996,0.19999999999996));
#5060=CARTESIAN_POINT('',(-12.5,-9.79999999999996,0.4));
#5061=CARTESIAN_POINT('',(-12.5,12.4,0.4));
#5062=CARTESIAN_POINT('',(-12.5,-7.7,0.4));
#5063=CARTESIAN_POINT('',(-12.5,-7.69999999999999,0.200000000000005));
#5064=CARTESIAN_POINT('',(-12.5,-7.5,0.2));
#5065=CARTESIAN_POINT('',(-12.5,-7.3,0.200000000000001));
#5066=CARTESIAN_POINT('',(-12.5,-5.2,0.2));
#5067=CARTESIAN_POINT('',(-12.5,-5.,0.2));
#5068=CARTESIAN_POINT('',(-12.5,-4.8,0.200000000000002));
#5069=CARTESIAN_POINT('',(-12.5,-4.8,0.4));
#5070=CARTESIAN_POINT('',(-12.5,12.4,0.399999999999993));
#5071=CARTESIAN_POINT('',(-12.5,-2.7,0.399999999999999));
#5072=CARTESIAN_POINT('',(-12.5,-2.69999999999999,0.200000000000006));
#5073=CARTESIAN_POINT('',(-12.5,-2.5,0.2));
#5074=CARTESIAN_POINT('',(-12.5,-2.3,0.199999999999997));
#5075=CARTESIAN_POINT('',(-12.5,2.3,0.199999999999997));
#5076=CARTESIAN_POINT('',(-12.5,2.5,0.199999999999997));
#5077=CARTESIAN_POINT('',(-12.5,2.69999999999999,0.200000000000006));
#5078=CARTESIAN_POINT('',(-12.5,2.7,0.399999999999999));
#5079=CARTESIAN_POINT('',(-12.5,12.4,0.400000000000004));
#5080=CARTESIAN_POINT('',(-12.4,12.4,2.9));
#5081=CARTESIAN_POINT('',(-12.4,12.4,3.));
#5082=CARTESIAN_POINT('',(-12.5,12.4,3.));
#5083=CARTESIAN_POINT('',(-12.5,-12.4,3.));
#5084=CARTESIAN_POINT('',(-12.5,12.4,3.));
#5085=CARTESIAN_POINT('',(12.4,12.4,3.));
#5086=CARTESIAN_POINT('',(12.4,12.4,2.9));
#5087=CARTESIAN_POINT('',(12.5,12.4,2.9));
#5088=CARTESIAN_POINT('',(12.5,12.4,3.));
#5089=CARTESIAN_POINT('',(12.5,5.2,0.2));
#5090=CARTESIAN_POINT('',(12.5,5.,0.200000000000002));
#5091=CARTESIAN_POINT('',(12.5,4.8,0.200000000000002));
#5092=CARTESIAN_POINT('',(12.5,4.8,0.4));
#5093=CARTESIAN_POINT('',(12.5,12.4,0.400000000000003));
#5094=CARTESIAN_POINT('',(12.5,2.7,0.399999999999999));
#5095=CARTESIAN_POINT('',(12.5,2.69999999999999,0.200000000000006));
#5096=CARTESIAN_POINT('',(12.5,2.5,0.199999999999997));
#5097=CARTESIAN_POINT('',(12.5,2.3,0.199999999999997));
#5098=CARTESIAN_POINT('',(12.5,-2.3,0.199999999999997));
#5099=CARTESIAN_POINT('',(12.5,-2.5,0.2));
#5100=CARTESIAN_POINT('',(12.5,-2.69999999999999,0.200000000000006));
#5101=CARTESIAN_POINT('',(12.5,-2.7,0.399999999999999));
#5102=CARTESIAN_POINT('',(12.5,12.4,0.399999999999993));
#5103=CARTESIAN_POINT('',(12.5,-4.8,0.4));
#5104=CARTESIAN_POINT('',(12.5,-4.8,0.200000000000002));
#5105=CARTESIAN_POINT('',(12.5,-5.,0.2));
#5106=CARTESIAN_POINT('',(12.5,-5.2,0.2));
#5107=CARTESIAN_POINT('',(12.5,-7.3,0.200000000000001));
#5108=CARTESIAN_POINT('',(12.5,-7.5,0.2));
#5109=CARTESIAN_POINT('',(12.5,-7.69999999999999,0.200000000000005));
#5110=CARTESIAN_POINT('',(12.5,-7.7,0.4));
#5111=CARTESIAN_POINT('',(12.5,12.4,0.4));
#5112=CARTESIAN_POINT('',(12.5,-9.79999999999996,0.4));
#5113=CARTESIAN_POINT('',(12.5,-9.79999999999996,0.19999999999996));
#5114=CARTESIAN_POINT('',(12.5,-10.,0.2));
#5115=CARTESIAN_POINT('',(12.5,-10.2,0.200000000000042));
#5116=CARTESIAN_POINT('',(12.5,-12.7,2.9));
#5117=CARTESIAN_POINT('',(12.5,-12.7,2.9));
#5118=CARTESIAN_POINT('',(12.5,12.7,2.9));
#5119=CARTESIAN_POINT('',(12.5,12.7,2.9));
#5120=CARTESIAN_POINT('',(12.5,12.7,2.9));
#5121=CARTESIAN_POINT('',(12.5,12.7,0.));
#5122=CARTESIAN_POINT('',(12.5,10.2,0.200000000000042));
#5123=CARTESIAN_POINT('',(12.5,10.,0.19999999999996));
#5124=CARTESIAN_POINT('',(12.5,9.79999999999996,0.19999999999996));
#5125=CARTESIAN_POINT('',(12.5,9.79999999999996,0.4));
#5126=CARTESIAN_POINT('',(12.5,12.4,0.4));
#5127=CARTESIAN_POINT('',(12.5,7.7,0.4));
#5128=CARTESIAN_POINT('',(12.5,7.69999999999999,0.200000000000005));
#5129=CARTESIAN_POINT('',(12.5,7.5,0.200000000000001));
#5130=CARTESIAN_POINT('',(12.5,7.3,0.200000000000001));
#5131=CARTESIAN_POINT('',(-12.7,12.4,0.));
#5132=CARTESIAN_POINT('',(-12.7,5.2,0.2));
#5133=CARTESIAN_POINT('',(-12.7,5.,0.200000000000002));
#5134=CARTESIAN_POINT('',(-12.7,4.8,0.200000000000002));
#5135=CARTESIAN_POINT('',(-12.7,4.8,0.4));
#5136=CARTESIAN_POINT('',(-12.7,12.4,0.400000000000004));
#5137=CARTESIAN_POINT('',(-12.7,2.7,0.399999999999999));
#5138=CARTESIAN_POINT('',(-12.7,2.69999999999999,0.200000000000006));
#5139=CARTESIAN_POINT('',(-12.7,2.5,0.199999999999997));
#5140=CARTESIAN_POINT('',(-12.7,2.3,0.199999999999997));
#5141=CARTESIAN_POINT('',(-12.7,-2.3,0.199999999999997));
#5142=CARTESIAN_POINT('',(-12.7,-2.5,0.2));
#5143=CARTESIAN_POINT('',(-12.7,-2.69999999999999,0.200000000000006));
#5144=CARTESIAN_POINT('',(-12.7,-2.7,0.399999999999999));
#5145=CARTESIAN_POINT('',(-12.7,12.4,0.399999999999993));
#5146=CARTESIAN_POINT('',(-12.7,-4.8,0.4));
#5147=CARTESIAN_POINT('',(-12.7,-4.8,0.200000000000002));
#5148=CARTESIAN_POINT('',(-12.7,-5.,0.2));
#5149=CARTESIAN_POINT('',(-12.7,-5.2,0.2));
#5150=CARTESIAN_POINT('',(-12.7,-7.3,0.200000000000001));
#5151=CARTESIAN_POINT('',(-12.7,-7.5,0.2));
#5152=CARTESIAN_POINT('',(-12.7,-7.69999999999999,0.200000000000005));
#5153=CARTESIAN_POINT('',(-12.7,-7.7,0.4));
#5154=CARTESIAN_POINT('',(-12.7,12.4,0.4));
#5155=CARTESIAN_POINT('',(-12.7,-9.79999999999996,0.4));
#5156=CARTESIAN_POINT('',(-12.7,-9.79999999999996,0.19999999999996));
#5157=CARTESIAN_POINT('',(-12.7,-10.,0.2));
#5158=CARTESIAN_POINT('',(-12.7,-10.2,0.200000000000042));
#5159=CARTESIAN_POINT('',(-12.7,-12.7,0.));
#5160=CARTESIAN_POINT('',(-12.7,-12.7,2.9));
#5161=CARTESIAN_POINT('',(-12.7,-12.7,2.9));
#5162=CARTESIAN_POINT('',(-12.7,12.4,2.9));
#5163=CARTESIAN_POINT('',(-12.7,-12.7,2.9));
#5164=CARTESIAN_POINT('',(-12.7,12.7,2.9));
#5165=CARTESIAN_POINT('',(-12.7,12.7,2.9));
#5166=CARTESIAN_POINT('',(-12.7,10.2,0.200000000000042));
#5167=CARTESIAN_POINT('',(-12.7,10.,0.19999999999996));
#5168=CARTESIAN_POINT('',(-12.7,9.79999999999996,0.19999999999996));
#5169=CARTESIAN_POINT('',(-12.7,9.79999999999996,0.4));
#5170=CARTESIAN_POINT('',(-12.7,12.4,0.4));
#5171=CARTESIAN_POINT('',(-12.7,7.7,0.4));
#5172=CARTESIAN_POINT('',(-12.7,7.69999999999999,0.200000000000005));
#5173=CARTESIAN_POINT('',(-12.7,7.5,0.200000000000001));
#5174=CARTESIAN_POINT('',(-12.7,7.3,0.200000000000001));
#5175=CARTESIAN_POINT('',(-12.4,12.4,2.9));
#5176=CARTESIAN_POINT('',(12.4,12.4,2.9));
#5177=CARTESIAN_POINT('',(12.7,12.4,2.9));
#5178=CARTESIAN_POINT('',(12.7,12.4,3.));
#5179=CARTESIAN_POINT('',(12.7,5.2,0.2));
#5180=CARTESIAN_POINT('',(12.7,5.,0.200000000000002));
#5181=CARTESIAN_POINT('',(12.7,7.3,0.200000000000001));
#5182=CARTESIAN_POINT('',(12.7,7.5,0.200000000000001));
#5183=CARTESIAN_POINT('',(12.7,7.69999999999999,0.200000000000005));
#5184=CARTESIAN_POINT('',(12.7,7.7,0.4));
#5185=CARTESIAN_POINT('',(12.7,7.7,0.4));
#5186=CARTESIAN_POINT('',(12.7,9.79999999999996,0.4));
#5187=CARTESIAN_POINT('',(12.7,9.79999999999996,0.19999999999996));
#5188=CARTESIAN_POINT('',(12.7,10.,0.19999999999996));
#5189=CARTESIAN_POINT('',(12.7,10.2,0.200000000000042));
#5190=CARTESIAN_POINT('',(12.7,12.7,0.));
#5191=CARTESIAN_POINT('',(12.7,12.7,2.9));
#5192=CARTESIAN_POINT('',(12.7,12.7,2.9));
#5193=CARTESIAN_POINT('',(12.7,12.7,2.9));
#5194=CARTESIAN_POINT('',(12.7,-12.7,2.9));
#5195=CARTESIAN_POINT('',(12.7,-12.7,2.9));
#5196=CARTESIAN_POINT('',(12.7,-10.2,0.200000000000042));
#5197=CARTESIAN_POINT('',(12.7,-10.,0.2));
#5198=CARTESIAN_POINT('',(12.7,-9.79999999999996,0.19999999999996));
#5199=CARTESIAN_POINT('',(12.7,-9.79999999999996,0.4));
#5200=CARTESIAN_POINT('',(12.7,-7.7,0.4));
#5201=CARTESIAN_POINT('',(12.7,-7.7,0.4));
#5202=CARTESIAN_POINT('',(12.7,-7.69999999999999,0.200000000000005));
#5203=CARTESIAN_POINT('',(12.7,-7.5,0.2));
#5204=CARTESIAN_POINT('',(12.7,-7.3,0.200000000000001));
#5205=CARTESIAN_POINT('',(12.7,-5.2,0.2));
#5206=CARTESIAN_POINT('',(12.7,-5.,0.2));
#5207=CARTESIAN_POINT('',(12.7,-4.8,0.200000000000002));
#5208=CARTESIAN_POINT('',(12.7,-4.8,0.4));
#5209=CARTESIAN_POINT('',(12.7,-2.7,0.4));
#5210=CARTESIAN_POINT('',(12.7,-2.7,0.399999999999999));
#5211=CARTESIAN_POINT('',(12.7,-2.69999999999999,0.200000000000006));
#5212=CARTESIAN_POINT('',(12.7,-2.5,0.2));
#5213=CARTESIAN_POINT('',(12.7,-2.3,0.199999999999997));
#5214=CARTESIAN_POINT('',(12.7,2.3,0.199999999999997));
#5215=CARTESIAN_POINT('',(12.7,2.5,0.199999999999997));
#5216=CARTESIAN_POINT('',(12.7,2.69999999999999,0.200000000000006));
#5217=CARTESIAN_POINT('',(12.7,2.7,0.399999999999999));
#5218=CARTESIAN_POINT('',(12.7,2.7,0.4));
#5219=CARTESIAN_POINT('',(12.7,4.8,0.4));
#5220=CARTESIAN_POINT('',(12.7,4.8,0.200000000000002));
#5221=CARTESIAN_POINT('',(-12.4,-12.7,3.03037609512398));
#5222=CARTESIAN_POINT('',(-12.4,-12.7,3.03037609512398));
#5223=CARTESIAN_POINT('',(-12.4,-12.7,2.9));
#5224=CARTESIAN_POINT('',(-12.4,-12.4,2.9));
#5225=CARTESIAN_POINT('',(-12.4,-12.4,2.9));
#5226=CARTESIAN_POINT('',(-12.4,-12.5,2.9));
#5227=CARTESIAN_POINT('',(-12.4,-12.5,3.03037609512398));
#5228=CARTESIAN_POINT('',(12.4,-12.7,3.03037609512398));
#5229=CARTESIAN_POINT('',(12.4,-12.5,3.03037609512398));
#5230=CARTESIAN_POINT('',(12.4,-12.5,2.9));
#5231=CARTESIAN_POINT('',(12.4,-12.4,2.9));
#5232=CARTESIAN_POINT('',(12.4,-12.4,2.9));
#5233=CARTESIAN_POINT('',(12.4,-12.7,2.9));
#5234=CARTESIAN_POINT('',(12.4,-12.7,3.03037609512398));
#5235=CARTESIAN_POINT('',(0.,-12.7,-7.65404249467096E-16));
#5236=CARTESIAN_POINT('',(4.8,-12.7,0.200000000000001));
#5237=CARTESIAN_POINT('',(4.8,-12.7,0.4));
#5238=CARTESIAN_POINT('',(5.,-12.7,0.200000000000001));
#5239=CARTESIAN_POINT('',(5.2,-12.7,0.199999999999999));
#5240=CARTESIAN_POINT('',(7.3,-12.7,0.2));
#5241=CARTESIAN_POINT('',(7.5,-12.7,0.2));
#5242=CARTESIAN_POINT('',(7.69999999999999,-12.7,0.200000000000004));
#5243=CARTESIAN_POINT('',(7.7,-12.7,0.399999999999999));
#5244=CARTESIAN_POINT('',(7.7,-12.7,0.4));
#5245=CARTESIAN_POINT('',(9.79999999999996,-12.7,0.4));
#5246=CARTESIAN_POINT('',(9.79999999999996,-12.7,0.199999999999959));
#5247=CARTESIAN_POINT('',(10.,-12.7,0.199999999999959));
#5248=CARTESIAN_POINT('',(10.2,-12.7,0.200000000000041));
#5249=CARTESIAN_POINT('',(12.4,-12.7,2.9));
#5250=CARTESIAN_POINT('',(-10.2,-12.7,0.200000000000041));
#5251=CARTESIAN_POINT('',(-10.,-12.7,0.199999999999999));
#5252=CARTESIAN_POINT('',(-9.79999999999996,-12.7,0.199999999999959));
#5253=CARTESIAN_POINT('',(-9.79999999999996,-12.7,0.4));
#5254=CARTESIAN_POINT('',(-7.7,-12.7,0.4));
#5255=CARTESIAN_POINT('',(-7.7,-12.7,0.399999999999999));
#5256=CARTESIAN_POINT('',(-7.69999999999999,-12.7,0.200000000000004));
#5257=CARTESIAN_POINT('',(-7.5,-12.7,0.199999999999999));
#5258=CARTESIAN_POINT('',(-7.3,-12.7,0.2));
#5259=CARTESIAN_POINT('',(-5.2,-12.7,0.199999999999999));
#5260=CARTESIAN_POINT('',(-5.,-12.7,0.2));
#5261=CARTESIAN_POINT('',(-4.8,-12.7,0.200000000000001));
#5262=CARTESIAN_POINT('',(-4.8,-12.7,0.4));
#5263=CARTESIAN_POINT('',(-2.7,-12.7,0.399999999999999));
#5264=CARTESIAN_POINT('',(-2.7,-12.7,0.399999999999999));
#5265=CARTESIAN_POINT('',(-2.69999999999999,-12.7,0.200000000000005));
#5266=CARTESIAN_POINT('',(-2.5,-12.7,0.199999999999999));
#5267=CARTESIAN_POINT('',(-2.3,-12.7,0.199999999999996));
#5268=CARTESIAN_POINT('',(-2.3,-12.7,-6.50521303491303E-16));
#5269=CARTESIAN_POINT('',(-12.4,-12.7,-1.73472347597681E-15));
#5270=CARTESIAN_POINT('',(2.3,-12.7,-6.50521303491303E-16));
#5271=CARTESIAN_POINT('',(2.3,-12.7,0.199999999999996));
#5272=CARTESIAN_POINT('',(2.5,-12.7,0.199999999999996));
#5273=CARTESIAN_POINT('',(2.69999999999999,-12.7,0.200000000000005));
#5274=CARTESIAN_POINT('',(2.7,-12.7,0.399999999999999));
#5275=CARTESIAN_POINT('',(2.7,-12.7,0.399999999999999));
#5276=CARTESIAN_POINT('',(0.,-12.5,-7.65404249467096E-16));
#5277=CARTESIAN_POINT('',(5.2,-12.5,0.199999999999999));
#5278=CARTESIAN_POINT('',(5.,-12.5,0.200000000000001));
#5279=CARTESIAN_POINT('',(4.8,-12.5,0.200000000000001));
#5280=CARTESIAN_POINT('',(4.8,-12.5,0.4));
#5281=CARTESIAN_POINT('',(-1.65211759616838E-16,-12.5,0.399999999999998));
#5282=CARTESIAN_POINT('',(2.7,-12.5,0.399999999999999));
#5283=CARTESIAN_POINT('',(2.69999999999999,-12.5,0.200000000000005));
#5284=CARTESIAN_POINT('',(2.5,-12.5,0.199999999999996));
#5285=CARTESIAN_POINT('',(2.3,-12.5,0.199999999999996));
#5286=CARTESIAN_POINT('',(2.3,-12.5,-6.38274835499829E-16));
#5287=CARTESIAN_POINT('',(-12.4,-12.5,-1.73472347597681E-15));
#5288=CARTESIAN_POINT('',(-2.3,-12.5,-6.38274835499829E-16));
#5289=CARTESIAN_POINT('',(-2.3,-12.5,0.199999999999996));
#5290=CARTESIAN_POINT('',(-2.5,-12.5,0.199999999999999));
#5291=CARTESIAN_POINT('',(-2.69999999999999,-12.5,0.200000000000005));
#5292=CARTESIAN_POINT('',(-2.7,-12.5,0.399999999999999));
#5293=CARTESIAN_POINT('',(1.65211759616838E-16,-12.5,0.399999999999998));
#5294=CARTESIAN_POINT('',(-4.8,-12.5,0.4));
#5295=CARTESIAN_POINT('',(-4.8,-12.5,0.200000000000001));
#5296=CARTESIAN_POINT('',(-5.,-12.5,0.2));
#5297=CARTESIAN_POINT('',(-5.2,-12.5,0.199999999999999));
#5298=CARTESIAN_POINT('',(-7.3,-12.5,0.2));
#5299=CARTESIAN_POINT('',(-7.5,-12.5,0.199999999999999));
#5300=CARTESIAN_POINT('',(-7.69999999999999,-12.5,0.200000000000004));
#5301=CARTESIAN_POINT('',(-7.7,-12.5,0.399999999999999));
#5302=CARTESIAN_POINT('',(0.,-12.5,0.4));
#5303=CARTESIAN_POINT('',(-9.79999999999996,-12.5,0.4));
#5304=CARTESIAN_POINT('',(-9.79999999999996,-12.5,0.199999999999959));
#5305=CARTESIAN_POINT('',(-10.,-12.5,0.199999999999999));
#5306=CARTESIAN_POINT('',(-10.2,-12.5,0.200000000000041));
#5307=CARTESIAN_POINT('',(12.4,-12.5,2.9));
#5308=CARTESIAN_POINT('',(10.2,-12.5,0.200000000000041));
#5309=CARTESIAN_POINT('',(10.,-12.5,0.199999999999959));
#5310=CARTESIAN_POINT('',(9.79999999999996,-12.5,0.199999999999959));
#5311=CARTESIAN_POINT('',(9.79999999999996,-12.5,0.4));
#5312=CARTESIAN_POINT('',(0.,-12.5,0.4));
#5313=CARTESIAN_POINT('',(7.7,-12.5,0.399999999999999));
#5314=CARTESIAN_POINT('',(7.69999999999999,-12.5,0.200000000000004));
#5315=CARTESIAN_POINT('',(7.5,-12.5,0.2));
#5316=CARTESIAN_POINT('',(7.3,-12.5,0.2));
#5317=CARTESIAN_POINT('',(-12.4,-12.7,-1.73472347597681E-15));
#5318=CARTESIAN_POINT('',(2.3,23.3632777212499,1.55771757791324E-15));
#5319=CARTESIAN_POINT('',(-2.3,23.3632777212499,1.55771757791324E-15));
#5320=CARTESIAN_POINT('',(12.4,-12.4,2.9));
#5321=CARTESIAN_POINT('',(12.4,-12.4,2.9));
#5322=CARTESIAN_POINT('',(12.4,12.7,3.03037609512398));
#5323=CARTESIAN_POINT('',(12.4,12.7,3.03037609512398));
#5324=CARTESIAN_POINT('',(12.4,12.7,2.9));
#5325=CARTESIAN_POINT('',(12.4,12.4,2.9));
#5326=CARTESIAN_POINT('',(12.4,12.4,2.9));
#5327=CARTESIAN_POINT('',(12.4,12.5,2.9));
#5328=CARTESIAN_POINT('',(12.4,12.5,3.03037609512398));
#5329=CARTESIAN_POINT('',(-12.4,12.7,3.03037609512398));
#5330=CARTESIAN_POINT('',(-12.4,12.5,3.03037609512398));
#5331=CARTESIAN_POINT('',(-12.4,12.5,2.9));
#5332=CARTESIAN_POINT('',(-12.4,12.4,2.9));
#5333=CARTESIAN_POINT('',(-12.4,12.4,2.9));
#5334=CARTESIAN_POINT('',(-12.4,12.7,2.9));
#5335=CARTESIAN_POINT('',(-12.4,12.7,3.03037609512398));
#5336=CARTESIAN_POINT('',(0.,12.7,-7.65404249467096E-16));
#5337=CARTESIAN_POINT('',(5.2,12.7,0.200000000000001));
#5338=CARTESIAN_POINT('',(5.,12.7,0.200000000000002));
#5339=CARTESIAN_POINT('',(4.8,12.7,0.200000000000002));
#5340=CARTESIAN_POINT('',(4.8,12.7,0.400000000000001));
#5341=CARTESIAN_POINT('',(-1.65211759616839E-16,12.7,0.399999999999999));
#5342=CARTESIAN_POINT('',(2.7,12.7,0.4));
#5343=CARTESIAN_POINT('',(2.69999999999999,12.7,0.200000000000006));
#5344=CARTESIAN_POINT('',(2.5,12.7,0.199999999999997));
#5345=CARTESIAN_POINT('',(2.3,12.7,0.199999999999998));
#5346=CARTESIAN_POINT('',(2.3,12.7,9.04780131425836E-16));
#5347=CARTESIAN_POINT('',(12.4,12.7,0.));
#5348=CARTESIAN_POINT('',(-2.3,12.7,9.04780131425836E-16));
#5349=CARTESIAN_POINT('',(-2.3,12.7,0.199999999999998));
#5350=CARTESIAN_POINT('',(-2.5,12.7,0.200000000000001));
#5351=CARTESIAN_POINT('',(-2.69999999999999,12.7,0.200000000000006));
#5352=CARTESIAN_POINT('',(-2.7,12.7,0.4));
#5353=CARTESIAN_POINT('',(1.65211759616839E-16,12.7,0.399999999999999));
#5354=CARTESIAN_POINT('',(-4.8,12.7,0.400000000000001));
#5355=CARTESIAN_POINT('',(-4.8,12.7,0.200000000000002));
#5356=CARTESIAN_POINT('',(-5.,12.7,0.200000000000001));
#5357=CARTESIAN_POINT('',(-5.2,12.7,0.200000000000001));
#5358=CARTESIAN_POINT('',(-7.3,12.7,0.200000000000001));
#5359=CARTESIAN_POINT('',(-7.5,12.7,0.200000000000001));
#5360=CARTESIAN_POINT('',(-7.69999999999999,12.7,0.200000000000005));
#5361=CARTESIAN_POINT('',(-7.7,12.7,0.400000000000001));
#5362=CARTESIAN_POINT('',(0.,12.7,0.400000000000001));
#5363=CARTESIAN_POINT('',(-9.79999999999996,12.7,0.400000000000001));
#5364=CARTESIAN_POINT('',(-9.79999999999996,12.7,0.199999999999961));
#5365=CARTESIAN_POINT('',(-10.,12.7,0.200000000000001));
#5366=CARTESIAN_POINT('',(-10.2,12.7,0.200000000000043));
#5367=CARTESIAN_POINT('',(-12.4,12.7,2.9));
#5368=CARTESIAN_POINT('',(10.2,12.7,0.200000000000043));
#5369=CARTESIAN_POINT('',(10.,12.7,0.19999999999996));
#5370=CARTESIAN_POINT('',(9.79999999999996,12.7,0.199999999999961));
#5371=CARTESIAN_POINT('',(9.79999999999996,12.7,0.400000000000001));
#5372=CARTESIAN_POINT('',(0.,12.7,0.400000000000001));
#5373=CARTESIAN_POINT('',(7.7,12.7,0.400000000000001));
#5374=CARTESIAN_POINT('',(7.69999999999999,12.7,0.200000000000005));
#5375=CARTESIAN_POINT('',(7.5,12.7,0.200000000000001));
#5376=CARTESIAN_POINT('',(7.3,12.7,0.200000000000001));
#5377=CARTESIAN_POINT('',(0.,12.5,-7.65404249467096E-16));
#5378=CARTESIAN_POINT('',(5.2,12.5,0.200000000000001));
#5379=CARTESIAN_POINT('',(5.,12.5,0.200000000000002));
#5380=CARTESIAN_POINT('',(7.3,12.5,0.200000000000001));
#5381=CARTESIAN_POINT('',(7.5,12.5,0.200000000000001));
#5382=CARTESIAN_POINT('',(7.69999999999999,12.5,0.200000000000005));
#5383=CARTESIAN_POINT('',(7.7,12.5,0.400000000000001));
#5384=CARTESIAN_POINT('',(0.,12.5,0.400000000000001));
#5385=CARTESIAN_POINT('',(9.79999999999996,12.5,0.400000000000001));
#5386=CARTESIAN_POINT('',(9.79999999999996,12.5,0.199999999999961));
#5387=CARTESIAN_POINT('',(10.,12.5,0.199999999999961));
#5388=CARTESIAN_POINT('',(10.2,12.5,0.200000000000043));
#5389=CARTESIAN_POINT('',(-12.4,12.5,2.9));
#5390=CARTESIAN_POINT('',(-10.2,12.5,0.200000000000043));
#5391=CARTESIAN_POINT('',(-10.,12.5,0.200000000000001));
#5392=CARTESIAN_POINT('',(-9.79999999999996,12.5,0.199999999999961));
#5393=CARTESIAN_POINT('',(-9.79999999999996,12.5,0.400000000000001));
#5394=CARTESIAN_POINT('',(0.,12.5,0.400000000000001));
#5395=CARTESIAN_POINT('',(-7.7,12.5,0.400000000000001));
#5396=CARTESIAN_POINT('',(-7.69999999999999,12.5,0.200000000000005));
#5397=CARTESIAN_POINT('',(-7.5,12.5,0.200000000000001));
#5398=CARTESIAN_POINT('',(-7.3,12.5,0.200000000000001));
#5399=CARTESIAN_POINT('',(-5.2,12.5,0.200000000000001));
#5400=CARTESIAN_POINT('',(-5.,12.5,0.200000000000001));
#5401=CARTESIAN_POINT('',(-4.8,12.5,0.200000000000002));
#5402=CARTESIAN_POINT('',(-4.8,12.5,0.400000000000001));
#5403=CARTESIAN_POINT('',(1.65211759616839E-16,12.5,0.399999999999999));
#5404=CARTESIAN_POINT('',(-2.7,12.5,0.4));
#5405=CARTESIAN_POINT('',(-2.69999999999999,12.5,0.200000000000006));
#5406=CARTESIAN_POINT('',(-2.5,12.5,0.200000000000001));
#5407=CARTESIAN_POINT('',(-2.3,12.5,0.199999999999997));
#5408=CARTESIAN_POINT('',(-2.3,12.5,8.92533663434363E-16));
#5409=CARTESIAN_POINT('',(12.4,12.5,0.));
#5410=CARTESIAN_POINT('',(2.3,12.5,8.92533663434363E-16));
#5411=CARTESIAN_POINT('',(2.3,12.5,0.199999999999997));
#5412=CARTESIAN_POINT('',(2.5,12.5,0.199999999999997));
#5413=CARTESIAN_POINT('',(2.69999999999999,12.5,0.200000000000006));
#5414=CARTESIAN_POINT('',(2.7,12.5,0.4));
#5415=CARTESIAN_POINT('',(-1.65211759616839E-16,12.5,0.399999999999999));
#5416=CARTESIAN_POINT('',(4.8,12.5,0.400000000000001));
#5417=CARTESIAN_POINT('',(4.8,12.5,0.200000000000002));
#5418=CARTESIAN_POINT('',(12.4,12.7,0.));
#5419=CARTESIAN_POINT('',(2.3,23.3632777212499,7.86046575051991E-16));
#5420=CARTESIAN_POINT('',(-2.3,23.3632777212499,7.86046575051991E-16));
#5421=CARTESIAN_POINT('',(-12.4,12.4,2.9));
#5422=CARTESIAN_POINT('',(-12.4,12.4,2.9));
#5423=CARTESIAN_POINT('',(12.5,-12.7,2.9));
#5424=CARTESIAN_POINT('',(12.5,-12.7,2.9));
#5425=CARTESIAN_POINT('',(12.5,12.7,2.9));
#5426=CARTESIAN_POINT('',(12.5,12.7,2.9));
#5427=CARTESIAN_POINT('',(12.5,12.7,2.9));
#5428=CARTESIAN_POINT('',(12.5,12.7,0.));
#5429=CARTESIAN_POINT('',(-12.5,12.7,2.9));
#5430=CARTESIAN_POINT('',(-12.5,12.7,2.9));
#5431=CARTESIAN_POINT('',(-12.5,-12.7,2.9));
#5432=CARTESIAN_POINT('',(-12.5,-12.7,2.9));
#5433=CARTESIAN_POINT('',(-12.5,-12.7,2.9));
#5434=CARTESIAN_POINT('',(-12.5,-12.7,0.));
#5435=CARTESIAN_POINT('',(-12.5,12.4,3.2));
#5436=CARTESIAN_POINT('',(3.73377880521551,5.3669376597,3.2));
#5437=CARTESIAN_POINT('',(3.7337788052155,5.3669376597,3.2));
#5438=CARTESIAN_POINT('',(6.94406254756445,10.875,3.2));
#5439=CARTESIAN_POINT('',(7.61422102257971,5.3669376597,3.2));
#5440=CARTESIAN_POINT('',(7.61422102257971,5.3669376597,3.2));
#5441=CARTESIAN_POINT('',(8.38267574014892,6.6724975,3.2));
#5442=CARTESIAN_POINT('',(8.38267574014892,6.6724975,3.2));
#5443=CARTESIAN_POINT('',(6.029521161005,6.6724975,3.2));
#5444=CARTESIAN_POINT('',(6.029521161005,6.6724975,3.2));
#5445=CARTESIAN_POINT('',(6.52550414535515,7.5151283667,3.2));
#5446=CARTESIAN_POINT('',(6.52550414535515,7.5151283667,3.2));
#5447=CARTESIAN_POINT('',(8.87864968534645,7.5151283667,3.2));
#5448=CARTESIAN_POINT('',(8.87864968534645,7.5151283667,3.2));
#5449=CARTESIAN_POINT('',(9.66205935659051,8.8460958029,3.2));
#5450=CARTESIAN_POINT('',(9.66205935659051,8.8460958029,3.2));
#5451=CARTESIAN_POINT('',(7.30892809428386,8.8460958029,3.2));
#5452=CARTESIAN_POINT('',(7.30892809428386,8.8460958029,3.2));
#5453=CARTESIAN_POINT('',(7.71867772307735,9.5422238874,3.2));
#5454=CARTESIAN_POINT('',(7.71867772307735,9.5422238874,3.2));
#5455=CARTESIAN_POINT('',(10.0718015178104,9.5422238874,3.2));
#5456=CARTESIAN_POINT('',(10.0718015178104,9.5422238874,3.2));
#5457=CARTESIAN_POINT('',(10.8562757790252,10.875,3.2));
#5458=CARTESIAN_POINT('',(10.8562757790252,10.875,3.2));
#5459=CARTESIAN_POINT('',(6.94406254756445,10.875,3.2));
#5460=CARTESIAN_POINT('',(-12.5,12.4,3.2));
#5461=CARTESIAN_POINT('',(3.2164588960275,7.91370841261137,3.2));
#5462=CARTESIAN_POINT('',(3.2164588960275,7.91370841261137,3.2));
#5463=CARTESIAN_POINT('',(4.98285869905506,10.875,3.2));
#5464=CARTESIAN_POINT('',(3.05505280225155,8.8460958029,3.2));
#5465=CARTESIAN_POINT('',(3.05505280225155,8.8460958029,3.2));
#5466=CARTESIAN_POINT('',(1.53721234199215,8.8460958029,3.2));
#5467=CARTESIAN_POINT('',(1.53721234199215,8.8460958029,3.2));
#5468=CARTESIAN_POINT('',(0.992122699522895,7.93227698914661,3.2));
#5469=CARTESIAN_POINT('',(0.992122699522895,7.93227698914661,3.2));
#5470=CARTESIAN_POINT('',(0.852901253067806,10.875,3.2));
#5471=CARTESIAN_POINT('',(0.852901253067806,10.875,3.2));
#5472=CARTESIAN_POINT('',(-0.494936653879483,10.875,3.2));
#5473=CARTESIAN_POINT('',(-0.494936653879483,10.875,3.2));
#5474=CARTESIAN_POINT('',(-0.207724998198589,5.3669376597,3.2));
#5475=CARTESIAN_POINT('',(-0.207724998198589,5.3669376597,3.2));
#5476=CARTESIAN_POINT('',(1.06718788074474,5.3669376597,3.2));
#5477=CARTESIAN_POINT('',(1.06718788074474,5.3669376597,3.2));
#5478=CARTESIAN_POINT('',(1.71345113891451,6.45036959078171,3.2));
#5479=CARTESIAN_POINT('',(1.71345113891451,6.45036959078171,3.2));
#5480=CARTESIAN_POINT('',(1.90100463619411,5.3669376597,3.2));
#5481=CARTESIAN_POINT('',(1.90100463619411,5.3669376597,3.2));
#5482=CARTESIAN_POINT('',(3.26637021223534,5.3669376597,3.2));
#5483=CARTESIAN_POINT('',(3.26637021223534,5.3669376597,3.2));
#5484=CARTESIAN_POINT('',(6.47665395458429,10.875,3.2));
#5485=CARTESIAN_POINT('',(6.47665395458429,10.875,3.2));
#5486=CARTESIAN_POINT('',(4.98285869905506,10.875,3.2));
#5487=CARTESIAN_POINT('',(0.,10.9,3.15));
#5488=CARTESIAN_POINT('',(1.46097306679877,9.01842173331803,6.91315653336384));
#5489=CARTESIAN_POINT('',(-0.521274214700092,10.9,3.15));
#5490=CARTESIAN_POINT('',(0.74177966271535,10.7584969102602,3.43300617947954));
#5491=CARTESIAN_POINT('',(0.876746455499918,10.9,3.15));
#5492=CARTESIAN_POINT('',(0.,10.9,3.15));
#5493=CARTESIAN_POINT('',(0.0469662067664288,0.00244899951617151,3.15));
#5494=CARTESIAN_POINT('',(0.0469662067664288,0.00244899951617151,3.15));
#5495=CARTESIAN_POINT('',(-0.231455365800092,5.3419376597,3.15));
#5496=CARTESIAN_POINT('',(-0.196115090891841,5.37916872529253,3.22446213118505));
#5497=CARTESIAN_POINT('',(1.38932029607248,0.0657293195775605,3.15));
#5498=CARTESIAN_POINT('',(-0.278513016781482,2.85628049802038,6.21819054945531));
#5499=CARTESIAN_POINT('',(1.01317232669991,8.01636704920001,3.15));
#5500=CARTESIAN_POINT('',(1.38932029607248,0.0657293195775605,3.15));
#5501=CARTESIAN_POINT('',(-0.547611775520701,10.925,3.2));
#5502=CARTESIAN_POINT('',(0.900591657932031,10.925,3.2));
#5503=CARTESIAN_POINT('',(-0.547611775520701,10.925,3.2));
#5504=CARTESIAN_POINT('',(-0.255185733401595,5.3169376597,3.2));
#5505=CARTESIAN_POINT('',(-0.255185733401595,5.3169376597,3.2));
#5506=CARTESIAN_POINT('',(0.,5.3419376597,3.15));
#5507=CARTESIAN_POINT('',(0.,5.3419376597,3.15));
#5508=CARTESIAN_POINT('',(1.08138526229991,5.3419376597,3.15));
#5509=CARTESIAN_POINT('',(1.39293625061809,4.79333123691064,2.05278715442126));
#5510=CARTESIAN_POINT('',(-2.7795690349889,1.65800295277088,3.15));
#5511=CARTESIAN_POINT('',(2.03192500659991,7.9749621669449,4.94226727191015));
#5512=CARTESIAN_POINT('',(1.52301496043699,8.87109580290001,3.15));
#5513=CARTESIAN_POINT('',(-2.7795690349889,1.65800295277088,3.15));
#5514=CARTESIAN_POINT('',(0.900591657932031,10.925,3.2));
#5515=CARTESIAN_POINT('',(1.52756148162693,10.0712735121452,4.37184861185748));
#5516=CARTESIAN_POINT('',(1.09558264385507,5.3169376597,3.2));
#5517=CARTESIAN_POINT('',(1.09558264385507,5.3169376597,3.2));
#5518=CARTESIAN_POINT('',(-1.55262502341556,0.926135253690229,3.15));
#5519=CARTESIAN_POINT('',(-1.55262502341556,0.926135253690229,3.15));
#5520=CARTESIAN_POINT('',(1.70033406564211,6.37957810849308,3.15));
#5521=CARTESIAN_POINT('',(0.968422245463184,2.42952602148886,0.360079546788474));
#5522=CARTESIAN_POINT('',(0.,8.87109580290001,3.15));
#5523=CARTESIAN_POINT('',(2.69428250859578,8.41750661876198,4.05717836827603));
#5524=CARTESIAN_POINT('',(3.0760968641999,8.87109580290001,3.15));
#5525=CARTESIAN_POINT('',(0.,8.87109580290001,3.15));
#5526=CARTESIAN_POINT('',(1.03422195387692,8.10045710925341,3.2));
#5527=CARTESIAN_POINT('',(1.50881757888182,8.89609580290001,3.2));
#5528=CARTESIAN_POINT('',(1.68721699236971,6.30878662620445,3.2));
#5529=CARTESIAN_POINT('',(1.57119343986484,5.68261956197878,3.64226158570366));
#5530=CARTESIAN_POINT('',(2.72310241484218,0.47139775624322,3.15));
#5531=CARTESIAN_POINT('',(2.72310241484218,0.47139775624322,3.15));
#5532=CARTESIAN_POINT('',(1.87996057424576,5.3419376597,3.15));
#5533=CARTESIAN_POINT('',(1.64661423734374,5.06472604357439,2.59557676774877));
#5534=CARTESIAN_POINT('',(4.47759584622,0.775119078800567,3.15));
#5535=CARTESIAN_POINT('',(2.24849638738925,2.68971527303629,6.88970458781733));
#5536=CARTESIAN_POINT('',(3.2295759692999,7.98449989490001,3.15));
#5537=CARTESIAN_POINT('',(4.47759584622,0.775119078800567,3.15));
#5538=CARTESIAN_POINT('',(1.50881757888182,8.89609580290001,3.2));
#5539=CARTESIAN_POINT('',(3.09714092614825,8.89609580290001,3.2));
#5540=CARTESIAN_POINT('',(1.8589165122974,5.3169376597,3.2));
#5541=CARTESIAN_POINT('',(1.8589165122974,5.3169376597,3.2));
#5542=CARTESIAN_POINT('',(0.,5.3419376597,3.15));
#5543=CARTESIAN_POINT('',(0.,5.3419376597,3.15));
#5544=CARTESIAN_POINT('',(3.2807356709999,5.3419376597,3.15));
#5545=CARTESIAN_POINT('',(3.66897078301496,4.6662977125563,1.79872010571259));
#5546=CARTESIAN_POINT('',(-1.13080140824423,0.674518981275776,3.15));
#5547=CARTESIAN_POINT('',(5.69010635160669,9.62961603640863,5.69076792718268));
#5548=CARTESIAN_POINT('',(4.9686613174999,10.9,3.15));
#5549=CARTESIAN_POINT('',(-1.13080140824423,0.674518981275776,3.15));
#5550=CARTESIAN_POINT('',(3.09714092614825,8.89609580290001,3.2));
#5551=CARTESIAN_POINT('',(3.34104785235412,8.58610207177563,3.57491141407577));
#5552=CARTESIAN_POINT('',(3.29510112976445,5.3169376597,3.2));
#5553=CARTESIAN_POINT('',(3.29510112976445,5.3169376597,3.2));
#5554=CARTESIAN_POINT('',(0.124860489445419,-0.0727728871904034,3.15));
#5555=CARTESIAN_POINT('',(1.72921930989483,8.14703693497206,8.65592613005574));
#5556=CARTESIAN_POINT('',(6.52016109279989,10.9,3.15));
#5557=CARTESIAN_POINT('',(0.124860489445419,-0.0727728871904034,3.15));
#5558=CARTESIAN_POINT('',(0.,10.9,3.15));
#5559=CARTESIAN_POINT('',(0.,10.9,3.15));
#5560=CARTESIAN_POINT('',(3.2426930425723,8.05529137718863,3.2));
#5561=CARTESIAN_POINT('',(4.95446393594473,10.925,3.2));
#5562=CARTESIAN_POINT('',(6.5636682310155,10.925,3.2));
#5563=CARTESIAN_POINT('',(5.95663464663454,10.5761873629951,2.50237472599015));
#5564=CARTESIAN_POINT('',(4.95446393594473,10.925,3.2));
#5565=CARTESIAN_POINT('',(3.33041346456882,-1.96028696602357,3.15));
#5566=CARTESIAN_POINT('',(4.93523700846384,6.14346197504437,8.60526765571111));
#5567=CARTESIAN_POINT('',(9.70578357756532,8.8710958029,3.15));
#5568=CARTESIAN_POINT('',(8.34717895350921,8.44465411551984,5.05905149763969));
#5569=CARTESIAN_POINT('',(8.89294382223593,7.4901283667,3.15));
#5570=CARTESIAN_POINT('',(3.33041346456883,-1.96028696602357,3.15));
#5571=CARTESIAN_POINT('',(0.,7.4901283667,3.15));
#5572=CARTESIAN_POINT('',(6.13845409481979,8.19207310235456,4.55388947130913));
#5573=CARTESIAN_POINT('',(6.5397981500999,7.4901283667,3.15));
#5574=CARTESIAN_POINT('',(0.,7.4901283667,3.15));
#5575=CARTESIAN_POINT('',(9.74950779854014,8.8960958029,3.2));
#5576=CARTESIAN_POINT('',(8.85633638987156,8.38541122764876,2.17863084949754));
#5577=CARTESIAN_POINT('',(8.80533537283345,7.64335281473738,2.84355110392525));
#5578=CARTESIAN_POINT('',(0.,8.8710958029,3.15));
#5579=CARTESIAN_POINT('',(0.,8.8710958029,3.15));
#5580=CARTESIAN_POINT('',(7.35265271947886,8.8710958029,3.15));
#5581=CARTESIAN_POINT('',(3.03511653177606,6.4025004927927,8.08719062021448));
#5582=CARTESIAN_POINT('',(1.58267487983858,-0.931582073693273,3.15));
#5583=CARTESIAN_POINT('',(2.71305915628574,4.77627655474959,6.99244189050085));
#5584=CARTESIAN_POINT('',(6.0732457862,6.6974975,3.15));
#5585=CARTESIAN_POINT('',(1.58267487983858,-0.931582073693273,3.15));
#5586=CARTESIAN_POINT('',(8.90723795912541,7.4651283667,3.2));
#5587=CARTESIAN_POINT('',(6.55409215484466,7.4651283667,3.2));
#5588=CARTESIAN_POINT('',(7.39637734467386,8.8960958029,3.2));
#5589=CARTESIAN_POINT('',(7.39637734467386,8.8960958029,3.2));
#5590=CARTESIAN_POINT('',(1.58267487983859,-0.931582073693279,3.15));
#5591=CARTESIAN_POINT('',(1.58267487983859,-0.931582073693278,3.15));
#5592=CARTESIAN_POINT('',(7.73297172782211,9.5172238874,3.15));
#5593=CARTESIAN_POINT('',(7.25840322259041,10.3472370882244,4.81002640164875));
#5594=CARTESIAN_POINT('',(0.,6.6974975,3.15));
#5595=CARTESIAN_POINT('',(5.22801395115312,4.86877080192294,6.80745339615415));
#5596=CARTESIAN_POINT('',(8.42639996112373,6.6974975,3.15));
#5597=CARTESIAN_POINT('',(0.,6.6974975,3.15));
#5598=CARTESIAN_POINT('',(6.55409215484466,7.4651283667,3.2));
#5599=CARTESIAN_POINT('',(6.116970411395,6.7224975,3.2));
#5600=CARTESIAN_POINT('',(7.74726573256686,9.4922238874,3.2));
#5601=CARTESIAN_POINT('',(7.74726573256686,9.4922238874,3.2));
#5602=CARTESIAN_POINT('',(0.,9.5172238874,3.15));
#5603=CARTESIAN_POINT('',(0.,9.5172238874,3.15));
#5604=CARTESIAN_POINT('',(10.0860956546999,9.5172238874,3.15));
#5605=CARTESIAN_POINT('',(9.46710639973716,10.5998168060011,5.3151858372022));
#5606=CARTESIAN_POINT('',(3.33041346456881,-1.96028696602357,3.15));
#5607=CARTESIAN_POINT('',(8.14852390056404,4.43245857552144,1.33104183164286));
#5608=CARTESIAN_POINT('',(7.6285151594692,5.3419376597,3.15));
#5609=CARTESIAN_POINT('',(3.33041346456881,-1.96028696602357,3.15));
#5610=CARTESIAN_POINT('',(6.116970411395,6.7224975,3.2));
#5611=CARTESIAN_POINT('',(8.47012418209855,6.7224975,3.2));
#5612=CARTESIAN_POINT('',(10.1003897915894,9.4922238874,3.2));
#5613=CARTESIAN_POINT('',(9.99835840515966,9.67067360286482,2.84310056907038));
#5614=CARTESIAN_POINT('',(3.33041346456883,-1.96028696602357,3.15));
#5615=CARTESIAN_POINT('',(3.33041346456883,-1.96028696602358,3.15));
#5616=CARTESIAN_POINT('',(10.9,10.9,3.15));
#5617=CARTESIAN_POINT('',(5.23584804707993,7.66143346488502,9.62713307022979));
#5618=CARTESIAN_POINT('',(0.,5.3419376597,3.15));
#5619=CARTESIAN_POINT('',(2.29820551093741,4.54203090120221,1.5501864830044));
#5620=CARTESIAN_POINT('',(3.6902716669999,5.3419376597,3.15));
#5621=CARTESIAN_POINT('',(0.,5.3419376597,3.15));
#5622=CARTESIAN_POINT('',(8.47012418209855,6.7224975,3.2));
#5623=CARTESIAN_POINT('',(7.64280929635868,5.3169376597,3.2));
#5624=CARTESIAN_POINT('',(10.9437242209748,10.925,3.2));
#5625=CARTESIAN_POINT('',(9.41467806069601,10.0507441949854,1.4514883899709));
#5626=CARTESIAN_POINT('',(0.,10.9,3.15));
#5627=CARTESIAN_POINT('',(6.5004267818283,11.6470529030908,1.65589419381845));
#5628=CARTESIAN_POINT('',(6.9296970887999,10.9,3.15));
#5629=CARTESIAN_POINT('',(0.,10.9,3.15));
#5630=CARTESIAN_POINT('',(0.430553948251633,-0.250941302926699,3.15));
#5631=CARTESIAN_POINT('',(0.430553948251632,-0.250941302926699,3.15));
#5632=CARTESIAN_POINT('',(7.64280929635868,5.3169376597,3.2));
#5633=CARTESIAN_POINT('',(3.64676452878429,5.3169376597,3.2));
#5634=CARTESIAN_POINT('',(6.91533163003535,10.925,3.2));
#5635=CARTESIAN_POINT('',(7.31743007870023,10.2252338887062,1.80046777741249));
#5636=CARTESIAN_POINT('',(3.64676452878429,5.3169376597,3.2));
#5637=CARTESIAN_POINT('',(-10.2,23.3632777212499,0.200000000000043));
#5638=CARTESIAN_POINT('',(-10.,23.3632777212499,0.200000000000002));
#5639=CARTESIAN_POINT('',(-7.3,23.3632777212499,0.200000000000002));
#5640=CARTESIAN_POINT('',(-7.5,23.3632777212499,0.200000000000002));
#5641=CARTESIAN_POINT('',(-7.69999999999999,23.3632777212499,0.200000000000006));
#5642=CARTESIAN_POINT('',(-7.7,23.3632777212499,0.400000000000002));
#5643=CARTESIAN_POINT('',(-7.7,23.3632777212499,0.400000000000002));
#5644=CARTESIAN_POINT('',(-9.79999999999996,23.3632777212499,0.400000000000002));
#5645=CARTESIAN_POINT('',(-9.79999999999996,23.3632777212499,0.199999999999962));
#5646=CARTESIAN_POINT('',(-7.69999999999999,23.3632777212499,0.200000000000006));
#5647=CARTESIAN_POINT('',(-7.5,23.3632777212499,0.200000000000002));
#5648=CARTESIAN_POINT('',(-7.7,23.3632777212499,0.400000000000002));
#5649=CARTESIAN_POINT('',(-7.7,23.3632777212499,0.400000000000002));
#5650=CARTESIAN_POINT('',(-9.79999999999996,23.3632777212499,0.400000000000002));
#5651=CARTESIAN_POINT('',(-9.79999999999996,23.3632777212499,0.199999999999962));
#5652=CARTESIAN_POINT('',(-10.,23.3632777212499,0.200000000000002));
#5653=CARTESIAN_POINT('',(-10.2,23.3632777212499,0.200000000000043));
#5654=CARTESIAN_POINT('',(-7.3,23.3632777212499,0.200000000000002));
#5655=CARTESIAN_POINT('',(-5.2,23.3632777212499,0.200000000000001));
#5656=CARTESIAN_POINT('',(-5.,23.3632777212499,0.200000000000002));
#5657=CARTESIAN_POINT('',(-2.3,23.3632777212499,0.199999999999998));
#5658=CARTESIAN_POINT('',(-2.5,23.3632777212499,0.200000000000002));
#5659=CARTESIAN_POINT('',(-2.69999999999999,23.3632777212499,0.200000000000007));
#5660=CARTESIAN_POINT('',(-2.7,23.3632777212499,0.400000000000001));
#5661=CARTESIAN_POINT('',(-2.7,23.3632777212499,0.400000000000001));
#5662=CARTESIAN_POINT('',(-4.8,23.3632777212499,0.400000000000002));
#5663=CARTESIAN_POINT('',(-4.8,23.3632777212499,0.200000000000003));
#5664=CARTESIAN_POINT('',(-2.69999999999999,23.3632777212499,0.200000000000007));
#5665=CARTESIAN_POINT('',(-2.5,23.3632777212499,0.200000000000002));
#5666=CARTESIAN_POINT('',(-2.7,23.3632777212499,0.400000000000001));
#5667=CARTESIAN_POINT('',(-2.7,23.3632777212499,0.400000000000001));
#5668=CARTESIAN_POINT('',(-4.8,23.3632777212499,0.400000000000002));
#5669=CARTESIAN_POINT('',(-4.8,23.3632777212499,0.200000000000003));
#5670=CARTESIAN_POINT('',(-5.,23.3632777212499,0.200000000000002));
#5671=CARTESIAN_POINT('',(-5.2,23.3632777212499,0.200000000000001));
#5672=CARTESIAN_POINT('',(-2.3,23.3632777212499,0.199999999999998));
#5673=CARTESIAN_POINT('',(10.2,23.3632777212499,0.200000000000043));
#5674=CARTESIAN_POINT('',(10.,23.3632777212499,0.199999999999962));
#5675=CARTESIAN_POINT('',(7.3,23.3632777212499,0.200000000000002));
#5676=CARTESIAN_POINT('',(7.5,23.3632777212499,0.200000000000002));
#5677=CARTESIAN_POINT('',(7.69999999999999,23.3632777212499,0.200000000000006));
#5678=CARTESIAN_POINT('',(7.7,23.3632777212499,0.400000000000002));
#5679=CARTESIAN_POINT('',(7.7,23.3632777212499,0.400000000000002));
#5680=CARTESIAN_POINT('',(9.79999999999996,23.3632777212499,0.400000000000002));
#5681=CARTESIAN_POINT('',(9.79999999999996,23.3632777212499,0.199999999999962));
#5682=CARTESIAN_POINT('',(7.69999999999999,23.3632777212499,0.200000000000006));
#5683=CARTESIAN_POINT('',(7.7,23.3632777212499,0.400000000000002));
#5684=CARTESIAN_POINT('',(7.5,23.3632777212499,0.200000000000002));
#5685=CARTESIAN_POINT('',(7.7,23.3632777212499,0.400000000000002));
#5686=CARTESIAN_POINT('',(9.79999999999996,23.3632777212499,0.400000000000002));
#5687=CARTESIAN_POINT('',(9.79999999999996,23.3632777212499,0.199999999999962));
#5688=CARTESIAN_POINT('',(10.,23.3632777212499,0.199999999999962));
#5689=CARTESIAN_POINT('',(10.2,23.3632777212499,0.200000000000043));
#5690=CARTESIAN_POINT('',(7.3,23.3632777212499,0.200000000000002));
#5691=CARTESIAN_POINT('',(5.2,23.3632777212499,0.200000000000001));
#5692=CARTESIAN_POINT('',(5.,23.3632777212499,0.200000000000003));
#5693=CARTESIAN_POINT('',(2.3,23.3632777212499,0.199999999999998));
#5694=CARTESIAN_POINT('',(2.5,23.3632777212499,0.199999999999998));
#5695=CARTESIAN_POINT('',(2.69999999999999,23.3632777212499,0.200000000000007));
#5696=CARTESIAN_POINT('',(2.7,23.3632777212499,0.400000000000001));
#5697=CARTESIAN_POINT('',(2.7,23.3632777212499,0.400000000000001));
#5698=CARTESIAN_POINT('',(4.8,23.3632777212499,0.400000000000002));
#5699=CARTESIAN_POINT('',(4.8,23.3632777212499,0.200000000000003));
#5700=CARTESIAN_POINT('',(2.69999999999999,23.3632777212499,0.200000000000007));
#5701=CARTESIAN_POINT('',(2.7,23.3632777212499,0.400000000000001));
#5702=CARTESIAN_POINT('',(2.5,23.3632777212499,0.199999999999998));
#5703=CARTESIAN_POINT('',(2.7,23.3632777212499,0.400000000000001));
#5704=CARTESIAN_POINT('',(4.8,23.3632777212499,0.400000000000002));
#5705=CARTESIAN_POINT('',(4.8,23.3632777212499,0.200000000000003));
#5706=CARTESIAN_POINT('',(5.,23.3632777212499,0.200000000000003));
#5707=CARTESIAN_POINT('',(5.2,23.3632777212499,0.200000000000001));
#5708=CARTESIAN_POINT('',(2.3,23.3632777212499,0.199999999999998));
#5709=CARTESIAN_POINT('',(-23.3632777212499,-7.3,0.200000000000001));
#5710=CARTESIAN_POINT('',(-23.3632777212499,-7.5,0.2));
#5711=CARTESIAN_POINT('',(-23.3632777212499,-7.69999999999999,0.200000000000005));
#5712=CARTESIAN_POINT('',(-23.3632777212499,-7.7,0.4));
#5713=CARTESIAN_POINT('',(-23.3632777212499,-7.7,0.4));
#5714=CARTESIAN_POINT('',(-23.3632777212499,-9.79999999999996,0.4));
#5715=CARTESIAN_POINT('',(-23.3632777212499,-10.2,0.200000000000042));
#5716=CARTESIAN_POINT('',(-23.3632777212499,-10.,0.2));
#5717=CARTESIAN_POINT('',(-23.3632777212499,-9.79999999999996,0.19999999999996));
#5718=CARTESIAN_POINT('',(-23.3632777212499,-10.2,0.200000000000042));
#5719=CARTESIAN_POINT('',(-23.3632777212499,-10.,0.2));
#5720=CARTESIAN_POINT('',(-23.3632777212499,-7.3,0.200000000000001));
#5721=CARTESIAN_POINT('',(-23.3632777212499,-7.5,0.2));
#5722=CARTESIAN_POINT('',(-23.3632777212499,-7.69999999999999,0.200000000000005));
#5723=CARTESIAN_POINT('',(-23.3632777212499,-7.7,0.4));
#5724=CARTESIAN_POINT('',(-23.3632777212499,-7.7,0.4));
#5725=CARTESIAN_POINT('',(-23.3632777212499,-9.79999999999996,0.4));
#5726=CARTESIAN_POINT('',(-23.3632777212499,-9.79999999999996,0.19999999999996));
#5727=CARTESIAN_POINT('',(-23.3632777212499,-2.3,0.199999999999997));
#5728=CARTESIAN_POINT('',(-23.3632777212499,-2.5,0.2));
#5729=CARTESIAN_POINT('',(-23.3632777212499,-2.69999999999999,0.200000000000006));
#5730=CARTESIAN_POINT('',(-23.3632777212499,-2.7,0.399999999999999));
#5731=CARTESIAN_POINT('',(-23.3632777212499,-2.7,0.4));
#5732=CARTESIAN_POINT('',(-23.3632777212499,-4.8,0.4));
#5733=CARTESIAN_POINT('',(-23.3632777212499,-5.2,0.2));
#5734=CARTESIAN_POINT('',(-23.3632777212499,-5.,0.2));
#5735=CARTESIAN_POINT('',(-23.3632777212499,-4.8,0.200000000000002));
#5736=CARTESIAN_POINT('',(-23.3632777212499,-5.2,0.2));
#5737=CARTESIAN_POINT('',(-23.3632777212499,-5.,0.2));
#5738=CARTESIAN_POINT('',(-23.3632777212499,-2.3,0.199999999999997));
#5739=CARTESIAN_POINT('',(-23.3632777212499,-2.5,0.2));
#5740=CARTESIAN_POINT('',(-23.3632777212499,-2.69999999999999,0.200000000000006));
#5741=CARTESIAN_POINT('',(-23.3632777212499,-2.7,0.399999999999999));
#5742=CARTESIAN_POINT('',(-23.3632777212499,-2.7,0.4));
#5743=CARTESIAN_POINT('',(-23.3632777212499,-4.8,0.4));
#5744=CARTESIAN_POINT('',(-23.3632777212499,-4.8,0.200000000000002));
#5745=CARTESIAN_POINT('',(-23.3632777212499,7.3,0.200000000000001));
#5746=CARTESIAN_POINT('',(-23.3632777212499,7.5,0.200000000000001));
#5747=CARTESIAN_POINT('',(-23.3632777212499,7.69999999999999,0.200000000000005));
#5748=CARTESIAN_POINT('',(-23.3632777212499,7.7,0.4));
#5749=CARTESIAN_POINT('',(-23.3632777212499,7.7,0.4));
#5750=CARTESIAN_POINT('',(-23.3632777212499,9.79999999999996,0.4));
#5751=CARTESIAN_POINT('',(-23.3632777212499,10.2,0.200000000000042));
#5752=CARTESIAN_POINT('',(-23.3632777212499,10.,0.19999999999996));
#5753=CARTESIAN_POINT('',(-23.3632777212499,9.79999999999996,0.19999999999996));
#5754=CARTESIAN_POINT('',(-23.3632777212499,10.2,0.200000000000042));
#5755=CARTESIAN_POINT('',(-23.3632777212499,10.,0.19999999999996));
#5756=CARTESIAN_POINT('',(-23.3632777212499,7.3,0.200000000000001));
#5757=CARTESIAN_POINT('',(-23.3632777212499,7.5,0.200000000000001));
#5758=CARTESIAN_POINT('',(-23.3632777212499,7.69999999999999,0.200000000000005));
#5759=CARTESIAN_POINT('',(-23.3632777212499,7.7,0.4));
#5760=CARTESIAN_POINT('',(-23.3632777212499,7.7,0.4));
#5761=CARTESIAN_POINT('',(-23.3632777212499,9.79999999999996,0.4));
#5762=CARTESIAN_POINT('',(-23.3632777212499,9.79999999999996,0.19999999999996));
#5763=CARTESIAN_POINT('',(-23.3632777212499,2.3,0.199999999999997));
#5764=CARTESIAN_POINT('',(-23.3632777212499,2.5,0.199999999999997));
#5765=CARTESIAN_POINT('',(-23.3632777212499,2.69999999999999,0.200000000000006));
#5766=CARTESIAN_POINT('',(-23.3632777212499,2.7,0.399999999999999));
#5767=CARTESIAN_POINT('',(-23.3632777212499,2.7,0.4));
#5768=CARTESIAN_POINT('',(-23.3632777212499,4.8,0.4));
#5769=CARTESIAN_POINT('',(-23.3632777212499,5.2,0.2));
#5770=CARTESIAN_POINT('',(-23.3632777212499,5.,0.200000000000002));
#5771=CARTESIAN_POINT('',(-23.3632777212499,4.8,0.200000000000002));
#5772=CARTESIAN_POINT('',(-23.3632777212499,5.2,0.2));
#5773=CARTESIAN_POINT('',(-23.3632777212499,5.,0.200000000000002));
#5774=CARTESIAN_POINT('',(-23.3632777212499,2.3,0.199999999999997));
#5775=CARTESIAN_POINT('',(-23.3632777212499,2.5,0.199999999999997));
#5776=CARTESIAN_POINT('',(-23.3632777212499,2.69999999999999,0.200000000000006));
#5777=CARTESIAN_POINT('',(-23.3632777212499,2.7,0.399999999999999));
#5778=CARTESIAN_POINT('',(-23.3632777212499,2.7,0.4));
#5779=CARTESIAN_POINT('',(-23.3632777212499,4.8,0.4));
#5780=CARTESIAN_POINT('',(-23.3632777212499,4.8,0.200000000000002));
#5781=MECHANICAL_DESIGN_GEOMETRIC_PRESENTATION_REPRESENTATION('',(#3425),
#5782);
#5782=(
GEOMETRIC_REPRESENTATION_CONTEXT(3)
GLOBAL_UNCERTAINTY_ASSIGNED_CONTEXT((#5783))
GLOBAL_UNIT_ASSIGNED_CONTEXT((#5786,#5785,#5784))
REPRESENTATION_CONTEXT('36903255S','TOP_LEVEL_ASSEMBLY_PART')
);
#5783=UNCERTAINTY_MEASURE_WITH_UNIT(LENGTH_MEASURE(0.005),#5786,
'DISTANCE_ACCURACY_VALUE','Maximum Tolerance applied to model');
#5784=(
NAMED_UNIT(*)
SI_UNIT($,.STERADIAN.)
SOLID_ANGLE_UNIT()
);
#5785=(
NAMED_UNIT(*)
PLANE_ANGLE_UNIT()
SI_UNIT($,.RADIAN.)
);
#5786=(
LENGTH_UNIT()
NAMED_UNIT(*)
SI_UNIT(.MILLI.,.METRE.)
);
#5787=PRODUCT_DEFINITION_SHAPE('','',#5788);
#5788=PRODUCT_DEFINITION('','',#5790,#5789);
#5789=PRODUCT_DEFINITION_CONTEXT('',#5796,'design');
#5790=PRODUCT_DEFINITION_FORMATION_WITH_SPECIFIED_SOURCE('','',#5792,
 .NOT_KNOWN.);
#5791=PRODUCT_RELATED_PRODUCT_CATEGORY('','',(#5792));
#5792=PRODUCT('36903255S','36903255S','36903255S',(#5794));
#5793=PRODUCT_CATEGORY('','');
#5794=PRODUCT_CONTEXT('',#5796,'mechanical');
#5795=APPLICATION_PROTOCOL_DEFINITION('international standard',
'automotive_design',2010,#5796);
#5796=APPLICATION_CONTEXT(
'core data for automotive mechanical design processes');
ENDSEC;
END-ISO-10303-21;
