ISO-10303-21;
HEADER;
FILE_DESCRIPTION((''),'2;1');
FILE_NAME('768290106','2017-08-22T',('ghp'),(''),
'PRO/ENGINEER BY PARAMETRIC TECHNOLOGY CORPORATION, 2012310',
'PRO/ENGINEER BY PARAMETRIC TECHNOLOGY CORPORATION, 2012310','');
FILE_SCHEMA(('CONFIG_CONTROL_DESIGN'));
ENDSEC;
DATA;
#1=DIRECTION('',(0.E0,1.E0,0.E0));
#2=VECTOR('',#1,3.985330947389E0);
#3=CARTESIAN_POINT('',(-4.123171868092E1,4.632298791830E0,-2.127E0));
#4=LINE('',#3,#2);
#5=DIRECTION('',(5.790223992948E-1,-5.790223992945E-1,5.739913956064E-1));
#6=VECTOR('',#5,2.643322962559E-1);
#7=CARTESIAN_POINT('',(-4.123171868092E1,8.617629739219E0,-2.127E0));
#8=LINE('',#7,#6);
#9=CARTESIAN_POINT('',(-4.116373384354E1,9.065049356208E0,-2.127E0));
#10=DIRECTION('',(0.E0,0.E0,-1.E0));
#11=DIRECTION('',(-1.E0,0.E0,0.E0));
#12=AXIS2_PLACEMENT_3D('',#9,#10,#11);
#14=DIRECTION('',(0.E0,1.E0,0.E0));
#15=VECTOR('',#14,1.148437693154E1);
#16=CARTESIAN_POINT('',(-4.166373384354E1,-2.419327575333E0,-2.127E0));
#17=LINE('',#16,#15);
#18=CARTESIAN_POINT('',(-4.116373384354E1,-2.419327575333E0,-2.127E0));
#19=DIRECTION('',(0.E0,0.E0,-1.E0));
#20=DIRECTION('',(0.E0,-1.E0,0.E0));
#21=AXIS2_PLACEMENT_3D('',#18,#19,#20);
#23=CARTESIAN_POINT('',(-2.441373384354E1,-2.419327575333E0,-2.127E0));
#24=DIRECTION('',(0.E0,0.E0,-1.E0));
#25=DIRECTION('',(1.E0,0.E0,0.E0));
#26=AXIS2_PLACEMENT_3D('',#23,#24,#25);
#28=DIRECTION('',(0.E0,-1.E0,0.E0));
#29=VECTOR('',#28,1.148437693154E1);
#30=CARTESIAN_POINT('',(-2.391373384354E1,9.065049356208E0,-2.127E0));
#31=LINE('',#30,#29);
#32=CARTESIAN_POINT('',(-2.441373384354E1,9.065049356208E0,-2.127E0));
#33=DIRECTION('',(0.E0,0.E0,-1.E0));
#34=DIRECTION('',(0.E0,1.E0,0.E0));
#35=AXIS2_PLACEMENT_3D('',#32,#33,#34);
#37=DIRECTION('',(7.071067811865E-1,7.071067811865E-1,0.E0));
#38=VECTOR('',#37,2.046843041677E0);
#39=CARTESIAN_POINT('',(-3.719534023426E1,-2.496999418830E0,-2.127E0));
#40=LINE('',#39,#38);
#41=DIRECTION('',(1.E0,-1.452286411566E-14,0.E0));
#42=VECTOR('',#41,4.036378446658E0);
#43=CARTESIAN_POINT('',(-4.123171868092E1,-2.496999418830E0,-2.127E0));
#44=LINE('',#43,#42);
#45=DIRECTION('',(0.E0,-1.E0,0.E0));
#46=VECTOR('',#45,5.414629158049E0);
#47=CARTESIAN_POINT('',(-3.537866436053E1,2.917629739219E0,-2.127E0));
#48=LINE('',#47,#46);
#49=DIRECTION('',(7.071067811866E-1,7.071067811865E-1,0.E0));
#50=VECTOR('',#49,2.046843041677E0);
#51=CARTESIAN_POINT('',(-3.149534023426E1,-2.496999418830E0,-2.127E0));
#52=LINE('',#51,#50);
#53=DIRECTION('',(1.E0,0.E0,0.E0));
#54=VECTOR('',#53,3.883324126269E0);
#55=CARTESIAN_POINT('',(-3.537866436053E1,-2.496999418830E0,-2.127E0));
#56=LINE('',#55,#54);
#57=DIRECTION('',(0.E0,1.E0,0.E0));
#58=VECTOR('',#57,3.967292563255E0);
#59=CARTESIAN_POINT('',(-2.434800363947E1,-1.049662824036E0,-2.127E0));
#60=LINE('',#59,#58);
#61=DIRECTION('',(7.071067811865E-1,7.071067811865E-1,0.E0));
#62=VECTOR('',#61,2.046843041677E0);
#63=CARTESIAN_POINT('',(-2.579534023426E1,-2.496999418830E0,-2.127E0));
#64=LINE('',#63,#62);
#65=DIRECTION('',(1.E0,0.E0,0.E0));
#66=VECTOR('',#65,4.034124126269E0);
#67=CARTESIAN_POINT('',(-2.982946436053E1,-2.496999418830E0,-2.127E0));
#68=LINE('',#67,#66);
#69=DIRECTION('',(0.E0,-1.E0,0.E0));
#70=VECTOR('',#69,5.414629158049E0);
#71=CARTESIAN_POINT('',(-2.982946436053E1,2.917629739219E0,-2.127E0));
#72=LINE('',#71,#70);
#73=DIRECTION('',(0.E0,1.E0,0.E0));
#74=VECTOR('',#73,3.967292563255E0);
#75=CARTESIAN_POINT('',(-3.004800363947E1,4.650337175964E0,-2.127E0));
#76=LINE('',#75,#74);
#77=DIRECTION('',(7.071067811865E-1,7.071067811865E-1,0.E0));
#78=VECTOR('',#77,2.046843041677E0);
#79=CARTESIAN_POINT('',(-3.149534023426E1,3.203000581170E0,-2.127E0));
#80=LINE('',#79,#78);
#81=DIRECTION('',(0.E0,1.E0,0.E0));
#82=VECTOR('',#81,5.416883478438E0);
#83=CARTESIAN_POINT('',(-3.574574931908E1,3.200746260781E0,-2.127E0));
#84=LINE('',#83,#82);
#85=DIRECTION('',(7.071067811865E-1,-7.071067811866E-1,0.E0));
#86=VECTOR('',#85,2.024521004659E0);
#87=CARTESIAN_POINT('',(-4.123171868092E1,4.632298791830E0,-2.127E0));
#88=LINE('',#87,#86);
#89=DIRECTION('',(0.E0,1.E0,0.E0));
#90=VECTOR('',#89,3.967292563255E0);
#91=CARTESIAN_POINT('',(-2.434800363947E1,4.650337175964E0,-2.127E0));
#92=LINE('',#91,#90);
#93=DIRECTION('',(7.071067811865E-1,7.071067811866E-1,0.E0));
#94=VECTOR('',#93,2.046843041677E0);
#95=CARTESIAN_POINT('',(-2.579534023426E1,3.203000581170E0,-2.127E0));
#96=LINE('',#95,#94);
#97=DIRECTION('',(1.E0,0.E0,0.E0));
#98=VECTOR('',#97,4.036378446658E0);
#99=CARTESIAN_POINT('',(-2.983171868092E1,3.203000581170E0,-2.127E0));
#100=LINE('',#99,#98);
#101=DIRECTION('',(0.E0,-1.E0,0.E0));
#102=VECTOR('',#101,5.414629158049E0);
#103=CARTESIAN_POINT('',(-2.983171868092E1,8.617629739219E0,-2.127E0));
#104=LINE('',#103,#102);
#105=DIRECTION('',(1.E0,0.E0,0.E0));
#106=VECTOR('',#105,1.44338E1);
#107=CARTESIAN_POINT('',(-4.000563384354E1,9.565049356208E0,1.2673E1));
#108=LINE('',#107,#106);
#109=DIRECTION('',(0.E0,0.E0,1.E0));
#110=VECTOR('',#109,8.E-1);
#111=CARTESIAN_POINT('',(-4.000563384354E1,9.565049356208E0,1.2673E1));
#112=LINE('',#111,#110);
#113=DIRECTION('',(0.E0,0.E0,-1.E0));
#114=VECTOR('',#113,1.56E1);
#115=CARTESIAN_POINT('',(-4.116373384354E1,9.565049356208E0,1.3473E1));
#116=LINE('',#115,#114);
#117=DIRECTION('',(-1.E0,1.552939617553E-9,-4.457030980829E-9));
#118=VECTOR('',#117,7.224999843540E0);
#119=CARTESIAN_POINT('',(-3.3938734E1,9.565049344988E0,-2.126999967798E0));
#120=LINE('',#119,#118);
#121=DIRECTION('',(-1.E0,0.E0,0.E0));
#122=VECTOR('',#121,2.3E0);
#123=CARTESIAN_POINT('',(-3.1638734E1,9.565049356208E0,1.075048878554E0));
#124=LINE('',#123,#122);
#125=DIRECTION('',(0.E0,3.504002915705E-9,1.E0));
#126=VECTOR('',#125,3.202048846352E0);
#127=CARTESIAN_POINT('',(-3.1638734E1,9.565049344988E0,-2.126999967798E0));
#128=LINE('',#127,#126);
#129=DIRECTION('',(-1.E0,-1.552939550294E-9,4.457030787792E-9));
#130=VECTOR('',#129,7.225000156460E0);
#131=CARTESIAN_POINT('',(-2.441373384354E1,9.565049356208E0,-2.127E0));
#132=LINE('',#131,#130);
#133=DIRECTION('',(0.E0,0.E0,1.E0));
#134=VECTOR('',#133,3.5E0);
#135=CARTESIAN_POINT('',(-2.482640468346E1,9.575049356208E0,-1.777000032841E0));
#136=LINE('',#135,#134);
#137=DIRECTION('',(0.E0,1.E0,4.440892098505E-14));
#138=VECTOR('',#137,9.999999999989E-3);
#139=CARTESIAN_POINT('',(-2.482640468346E1,9.565049356208E0,-1.777000032841E0));
#140=LINE('',#139,#138);
#141=DIRECTION('',(0.E0,0.E0,-1.E0));
#142=VECTOR('',#141,3.5E0);
#143=CARTESIAN_POINT('',(-2.482640468346E1,9.565049356208E0,1.722999967159E0));
#144=LINE('',#143,#142);
#145=DIRECTION('',(-1.E0,0.E0,0.E0));
#146=VECTOR('',#145,3.5E0);
#147=CARTESIAN_POINT('',(-2.482640468346E1,9.575049356208E0,1.722999967159E0));
#148=LINE('',#147,#146);
#149=DIRECTION('',(0.E0,1.E0,0.E0));
#150=VECTOR('',#149,9.999999999989E-3);
#151=CARTESIAN_POINT('',(-2.482640468346E1,9.565049356208E0,1.722999967159E0));
#152=LINE('',#151,#150);
#153=DIRECTION('',(1.E0,0.E0,0.E0));
#154=VECTOR('',#153,3.5E0);
#155=CARTESIAN_POINT('',(-2.832640468346E1,9.565049356208E0,1.722999967159E0));
#156=LINE('',#155,#154);
#157=DIRECTION('',(0.E0,0.E0,-1.E0));
#158=VECTOR('',#157,3.5E0);
#159=CARTESIAN_POINT('',(-2.832640468346E1,9.575049356208E0,1.722999967159E0));
#160=LINE('',#159,#158);
#161=DIRECTION('',(0.E0,1.E0,0.E0));
#162=VECTOR('',#161,9.999999999989E-3);
#163=CARTESIAN_POINT('',(-2.832640468346E1,9.565049356208E0,1.722999967159E0));
#164=LINE('',#163,#162);
#165=DIRECTION('',(0.E0,0.E0,1.E0));
#166=VECTOR('',#165,3.5E0);
#167=CARTESIAN_POINT('',(-2.832640468346E1,9.565049356208E0,-1.777000032841E0));
#168=LINE('',#167,#166);
#169=DIRECTION('',(1.E0,0.E0,0.E0));
#170=VECTOR('',#169,3.5E0);
#171=CARTESIAN_POINT('',(-2.832640468346E1,9.575049356208E0,-1.777000032841E0));
#172=LINE('',#171,#170);
#173=DIRECTION('',(0.E0,1.E0,4.440892098505E-14));
#174=VECTOR('',#173,9.999999999989E-3);
#175=CARTESIAN_POINT('',(-2.832640468346E1,9.565049356208E0,-1.777000032841E0));
#176=LINE('',#175,#174);
#177=DIRECTION('',(-1.E0,0.E0,0.E0));
#178=VECTOR('',#177,3.5E0);
#179=CARTESIAN_POINT('',(-2.482640468346E1,9.565049356208E0,-1.777000032841E0));
#180=LINE('',#179,#178);
#181=DIRECTION('',(-9.284766908853E-1,0.E0,3.713906763541E-1));
#182=VECTOR('',#181,2.019436802675E-1);
#183=CARTESIAN_POINT('',(-2.609837831011E1,9.575049356208E0,1.340185105478E0));
#184=LINE('',#183,#182);
#185=DIRECTION('',(-8.320502943379E-1,0.E0,5.547001962252E-1));
#186=VECTOR('',#185,1.352081728300E-1);
#187=CARTESIAN_POINT('',(-2.598587831011E1,9.575049356208E0,1.265185105478E0));
#188=LINE('',#187,#186);
#189=DIRECTION('',(-7.071067811865E-1,0.E0,7.071067811865E-1));
#190=VECTOR('',#189,1.590990257669E-1);
#191=CARTESIAN_POINT('',(-2.587337831011E1,9.575049356208E0,1.152685105478E0));
#192=LINE('',#191,#190);
#193=DIRECTION('',(-6.E-1,0.E0,8.E-1));
#194=VECTOR('',#193,1.874999999998E-1);
#195=CARTESIAN_POINT('',(-2.576087831011E1,9.575049356208E0,1.002685105478E0));
#196=LINE('',#195,#194);
#197=DIRECTION('',(-4.472135955E-1,0.E0,8.944271909999E-1));
#198=VECTOR('',#197,1.677050983127E-1);
#199=CARTESIAN_POINT('',(-2.568587831011E1,9.575049356208E0,8.526851054780E-1));
#200=LINE('',#199,#198);
#201=DIRECTION('',(-3.162277660169E-1,0.E0,9.486832980505E-1));
#202=VECTOR('',#201,2.371708245126E-1);
#203=CARTESIAN_POINT('',(-2.561087831011E1,9.575049356208E0,6.276851054780E-1));
#204=LINE('',#203,#202);
#205=DIRECTION('',(3.162277660169E-1,0.E0,9.486832980505E-1));
#206=VECTOR('',#205,2.371708245126E-1);
#207=CARTESIAN_POINT('',(-2.568587831011E1,9.575049356208E0,1.026851054780E-1));
#208=LINE('',#207,#206);
#209=DIRECTION('',(4.472135954999E-1,0.E0,8.944271909999E-1));
#210=VECTOR('',#209,1.677050983124E-1);
#211=CARTESIAN_POINT('',(-2.576087831011E1,9.575049356208E0,
-4.731489452187E-2));
#212=LINE('',#211,#210);
#213=DIRECTION('',(6.E-1,0.E0,8.E-1));
#214=VECTOR('',#213,1.875000000002E-1);
#215=CARTESIAN_POINT('',(-2.587337831011E1,9.575049356208E0,
-1.973148945220E-1));
#216=LINE('',#215,#214);
#217=DIRECTION('',(7.071067811865E-1,0.E0,7.071067811866E-1));
#218=VECTOR('',#217,1.590990257669E-1);
#219=CARTESIAN_POINT('',(-2.598587831011E1,9.575049356208E0,
-3.098148945219E-1));
#220=LINE('',#219,#218);
#221=DIRECTION('',(8.320502943379E-1,0.E0,5.547001962252E-1));
#222=VECTOR('',#221,1.352081728300E-1);
#223=CARTESIAN_POINT('',(-2.609837831011E1,9.575049356208E0,
-3.848148945220E-1));
#224=LINE('',#223,#222);
#225=DIRECTION('',(9.284766908853E-1,0.E0,3.713906763541E-1));
#226=VECTOR('',#225,2.019436802675E-1);
#227=CARTESIAN_POINT('',(-2.628587831011E1,9.575049356208E0,
-4.598148945220E-1));
#228=LINE('',#227,#226);
#229=DIRECTION('',(9.805806756909E-1,0.E0,1.961161351382E-1));
#230=VECTOR('',#229,1.912132317597E-1);
#231=CARTESIAN_POINT('',(-2.647337831011E1,9.575049356208E0,
-4.973148945220E-1));
#232=LINE('',#231,#230);
#233=DIRECTION('',(9.805806756909E-1,0.E0,-1.961161351382E-1));
#234=VECTOR('',#233,1.912132317597E-1);
#235=CARTESIAN_POINT('',(-2.684837831011E1,9.575049356208E0,
-4.598148945220E-1));
#236=LINE('',#235,#234);
#237=DIRECTION('',(8.574929257125E-1,0.E0,-5.144957554275E-1));
#238=VECTOR('',#237,2.186606960566E-1);
#239=CARTESIAN_POINT('',(-2.703587831011E1,9.575049356208E0,
-3.473148945220E-1));
#240=LINE('',#239,#238);
#241=DIRECTION('',(7.071067811866E-1,0.E0,-7.071067811865E-1));
#242=VECTOR('',#241,2.651650429450E-1);
#243=CARTESIAN_POINT('',(-2.722337831011E1,9.575049356208E0,
-1.598148945220E-1));
#244=LINE('',#243,#242);
#245=DIRECTION('',(-1.414213562373E-1,0.E0,9.899494936612E-1));
#246=VECTOR('',#245,5.303300858900E-1);
#247=CARTESIAN_POINT('',(-2.714837831011E1,9.575049356208E0,
-6.848148945221E-1));
#248=LINE('',#247,#246);
#249=DIRECTION('',(-3.713906763541E-1,0.E0,9.284766908853E-1));
#250=VECTOR('',#249,2.019436802673E-1);
#251=CARTESIAN_POINT('',(-2.707337831011E1,9.575049356208E0,
-8.723148945219E-1));
#252=LINE('',#251,#250);
#253=DIRECTION('',(-5.547001962253E-1,0.E0,8.320502943378E-1));
#254=VECTOR('',#253,1.352081728301E-1);
#255=CARTESIAN_POINT('',(-2.699837831011E1,9.575049356208E0,
-9.848148945220E-1));
#256=LINE('',#255,#254);
#257=DIRECTION('',(-8.E-1,0.E0,6.E-1));
#258=VECTOR('',#257,1.874999999999E-1);
#259=CARTESIAN_POINT('',(-2.684837831011E1,9.575049356208E0,-1.097314894522E0));
#260=LINE('',#259,#258);
#261=DIRECTION('',(-8.944271909999E-1,0.E0,4.472135954999E-1));
#262=VECTOR('',#261,1.677050983125E-1);
#263=CARTESIAN_POINT('',(-2.669837831011E1,9.575049356208E0,-1.172314894522E0));
#264=LINE('',#263,#262);
#265=DIRECTION('',(-8.944271909999E-1,0.E0,-4.472135954999E-1));
#266=VECTOR('',#265,1.677050983125E-1);
#267=CARTESIAN_POINT('',(-2.628587831011E1,9.575049356208E0,-1.097314894522E0));
#268=LINE('',#267,#266);
#269=DIRECTION('',(-8.E-1,0.E0,-6.E-1));
#270=VECTOR('',#269,1.875E-1);
#271=CARTESIAN_POINT('',(-2.613587831011E1,9.575049356208E0,
-9.848148945220E-1));
#272=LINE('',#271,#270);
#273=DIRECTION('',(-5.547001962252E-1,0.E0,-8.320502943378E-1));
#274=VECTOR('',#273,1.352081728300E-1);
#275=CARTESIAN_POINT('',(-2.606087831011E1,9.575049356208E0,
-8.723148945219E-1));
#276=LINE('',#275,#274);
#277=DIRECTION('',(-1.961161351382E-1,0.E0,-9.805806756909E-1));
#278=VECTOR('',#277,1.912132317597E-1);
#279=CARTESIAN_POINT('',(-2.602337831011E1,9.575049356208E0,
-6.848148945220E-1));
#280=LINE('',#279,#278);
#281=DIRECTION('',(1.961161351382E-1,0.E0,9.805806756909E-1));
#282=VECTOR('',#281,1.912132317597E-1);
#283=CARTESIAN_POINT('',(-2.568587831011E1,9.575049356208E0,
-9.473148945220E-1));
#284=LINE('',#283,#282);
#285=DIRECTION('',(4.472135955E-1,0.E0,8.944271909999E-1));
#286=VECTOR('',#285,1.677050983123E-1);
#287=CARTESIAN_POINT('',(-2.576087831011E1,9.575049356208E0,-1.097314894522E0));
#288=LINE('',#287,#286);
#289=DIRECTION('',(6.E-1,0.E0,8.E-1));
#290=VECTOR('',#289,1.875000000001E-1);
#291=CARTESIAN_POINT('',(-2.587337831011E1,9.575049356208E0,-1.247314894522E0));
#292=LINE('',#291,#290);
#293=DIRECTION('',(7.071067811865E-1,0.E0,7.071067811865E-1));
#294=VECTOR('',#293,1.590990257670E-1);
#295=CARTESIAN_POINT('',(-2.598587831011E1,9.575049356208E0,-1.359814894522E0));
#296=LINE('',#295,#294);
#297=DIRECTION('',(8.320502943378E-1,0.E0,5.547001962252E-1));
#298=VECTOR('',#297,1.352081728299E-1);
#299=CARTESIAN_POINT('',(-2.609837831011E1,9.575049356208E0,-1.434814894522E0));
#300=LINE('',#299,#298);
#301=DIRECTION('',(9.284766908853E-1,0.E0,3.713906763541E-1));
#302=VECTOR('',#301,2.019436802675E-1);
#303=CARTESIAN_POINT('',(-2.628587831011E1,9.575049356208E0,-1.509814894522E0));
#304=LINE('',#303,#302);
#305=DIRECTION('',(9.701425001453E-1,0.E0,2.425356250363E-1));
#306=VECTOR('',#305,1.546164609607E-1);
#307=CARTESIAN_POINT('',(-2.643587831011E1,9.575049356208E0,-1.547314894522E0));
#308=LINE('',#307,#306);
#309=DIRECTION('',(9.701425001453E-1,0.E0,-2.425356250363E-1));
#310=VECTOR('',#309,1.546164609607E-1);
#311=CARTESIAN_POINT('',(-2.684837831011E1,9.575049356208E0,-1.509814894522E0));
#312=LINE('',#311,#310);
#313=DIRECTION('',(9.284766908853E-1,0.E0,-3.713906763541E-1));
#314=VECTOR('',#313,2.019436802676E-1);
#315=CARTESIAN_POINT('',(-2.703587831011E1,9.575049356208E0,-1.434814894522E0));
#316=LINE('',#315,#314);
#317=DIRECTION('',(8.320502943378E-1,0.E0,-5.547001962252E-1));
#318=VECTOR('',#317,1.352081728299E-1);
#319=CARTESIAN_POINT('',(-2.714837831011E1,9.575049356208E0,-1.359814894522E0));
#320=LINE('',#319,#318);
#321=DIRECTION('',(7.071067811866E-1,0.E0,-7.071067811865E-1));
#322=VECTOR('',#321,1.590990257668E-1);
#323=CARTESIAN_POINT('',(-2.726087831011E1,9.575049356208E0,-1.247314894522E0));
#324=LINE('',#323,#322);
#325=DIRECTION('',(6.E-1,0.E0,-8.E-1));
#326=VECTOR('',#325,1.875000000003E-1);
#327=CARTESIAN_POINT('',(-2.737337831011E1,9.575049356208E0,-1.097314894522E0));
#328=LINE('',#327,#326);
#329=DIRECTION('',(4.472135955E-1,0.E0,-8.944271909999E-1));
#330=VECTOR('',#329,1.677050983123E-1);
#331=CARTESIAN_POINT('',(-2.744837831011E1,9.575049356208E0,
-9.473148945220E-1));
#332=LINE('',#331,#330);
#333=DIRECTION('',(3.713906763541E-1,0.E0,-9.284766908853E-1));
#334=VECTOR('',#333,2.019436802676E-1);
#335=CARTESIAN_POINT('',(-2.752337831011E1,9.575049356208E0,
-7.598148945220E-1));
#336=LINE('',#335,#334);
#337=DIRECTION('',(1.643989873054E-1,0.E0,-9.863939238321E-1));
#338=VECTOR('',#337,2.281035948860E-1);
#339=CARTESIAN_POINT('',(-2.756087831011E1,9.575049356208E0,
-5.348148945222E-1));
#340=LINE('',#339,#338);
#341=DIRECTION('',(1.104315260748E-1,0.E0,-9.938837346736E-1));
#342=VECTOR('',#341,3.395769426805E-1);
#343=CARTESIAN_POINT('',(-2.759837831011E1,9.575049356208E0,
-1.973148945219E-1));
#344=LINE('',#343,#342);
#345=DIRECTION('',(-1.104315260749E-1,0.E0,-9.938837346736E-1));
#346=VECTOR('',#345,3.395769426802E-1);
#347=CARTESIAN_POINT('',(-2.756087831011E1,9.575049356208E0,4.401851054780E-1));
#348=LINE('',#347,#346);
#349=DIRECTION('',(-1.643989873054E-1,0.E0,-9.863939238321E-1));
#350=VECTOR('',#349,2.281035948862E-1);
#351=CARTESIAN_POINT('',(-2.752337831011E1,9.575049356208E0,6.651851054780E-1));
#352=LINE('',#351,#350);
#353=DIRECTION('',(-3.713906763541E-1,0.E0,-9.284766908853E-1));
#354=VECTOR('',#353,2.019436802675E-1);
#355=CARTESIAN_POINT('',(-2.744837831011E1,9.575049356208E0,8.526851054780E-1));
#356=LINE('',#355,#354);
#357=DIRECTION('',(-4.472135955E-1,0.E0,-8.944271909999E-1));
#358=VECTOR('',#357,1.677050983127E-1);
#359=CARTESIAN_POINT('',(-2.737337831011E1,9.575049356208E0,1.002685105478E0));
#360=LINE('',#359,#358);
#361=DIRECTION('',(-6.E-1,0.E0,-8.E-1));
#362=VECTOR('',#361,1.874999999998E-1);
#363=CARTESIAN_POINT('',(-2.726087831011E1,9.575049356208E0,1.152685105478E0));
#364=LINE('',#363,#362);
#365=DIRECTION('',(-7.071067811865E-1,0.E0,-7.071067811866E-1));
#366=VECTOR('',#365,1.590990257670E-1);
#367=CARTESIAN_POINT('',(-2.714837831011E1,9.575049356208E0,1.265185105478E0));
#368=LINE('',#367,#366);
#369=DIRECTION('',(-8.320502943379E-1,0.E0,-5.547001962252E-1));
#370=VECTOR('',#369,1.352081728298E-1);
#371=CARTESIAN_POINT('',(-2.703587831011E1,9.575049356208E0,1.340185105478E0));
#372=LINE('',#371,#370);
#373=DIRECTION('',(-9.284766908853E-1,0.E0,-3.713906763541E-1));
#374=VECTOR('',#373,2.019436802676E-1);
#375=CARTESIAN_POINT('',(-2.684837831011E1,9.575049356208E0,1.415185105478E0));
#376=LINE('',#375,#374);
#377=DIRECTION('',(-9.805806756909E-1,0.E0,-1.961161351382E-1));
#378=VECTOR('',#377,1.912132317597E-1);
#379=CARTESIAN_POINT('',(-2.666087831011E1,9.575049356208E0,1.452685105478E0));
#380=LINE('',#379,#378);
#381=DIRECTION('',(-9.805806756909E-1,0.E0,1.961161351382E-1));
#382=VECTOR('',#381,1.912132317597E-1);
#383=CARTESIAN_POINT('',(-2.628587831011E1,9.575049356208E0,1.415185105478E0));
#384=LINE('',#383,#382);
#385=DIRECTION('',(-3.552713678804E-12,1.E0,2.886579864029E-13));
#386=VECTOR('',#385,9.999999999989E-3);
#387=CARTESIAN_POINT('',(-2.628587831011E1,9.565049356208E0,1.415185105478E0));
#388=LINE('',#387,#386);
#389=DIRECTION('',(2.131628207283E-12,1.E0,-1.687538997432E-12));
#390=VECTOR('',#389,9.999999999989E-3);
#391=CARTESIAN_POINT('',(-2.609837831011E1,9.565049356208E0,1.340185105478E0));
#392=LINE('',#391,#390);
#393=DIRECTION('',(5.684341886087E-12,1.E0,-4.485301019491E-12));
#394=VECTOR('',#393,9.999999999989E-3);
#395=CARTESIAN_POINT('',(-2.598587831011E1,9.565049356208E0,1.265185105478E0));
#396=LINE('',#395,#394);
#397=DIRECTION('',(2.842170943043E-12,1.E0,-1.310063169059E-12));
#398=VECTOR('',#397,9.999999999989E-3);
#399=CARTESIAN_POINT('',(-2.587337831011E1,9.565049356208E0,1.152685105478E0));
#400=LINE('',#399,#398);
#401=DIRECTION('',(-6.750155989728E-12,1.E0,1.130207039070E-11));
#402=VECTOR('',#401,9.999999999989E-3);
#403=CARTESIAN_POINT('',(-2.576087831011E1,9.565049356208E0,1.002685105478E0));
#404=LINE('',#403,#402);
#405=DIRECTION('',(-2.842170943043E-12,1.E0,4.729550084908E-12));
#406=VECTOR('',#405,9.999999999989E-3);
#407=CARTESIAN_POINT('',(-2.568587831011E1,9.565049356208E0,8.526851054779E-1));
#408=LINE('',#407,#406);
#409=DIRECTION('',(0.E0,0.E0,-1.E0));
#410=VECTOR('',#409,3.E-1);
#411=CARTESIAN_POINT('',(-2.561087831011E1,9.575049356208E0,6.276851054780E-1));
#412=LINE('',#411,#410);
#413=DIRECTION('',(0.E0,1.E0,-5.162537064513E-12));
#414=VECTOR('',#413,9.999999999989E-3);
#415=CARTESIAN_POINT('',(-2.561087831011E1,9.565049356208E0,6.276851054780E-1));
#416=LINE('',#415,#414);
#417=DIRECTION('',(0.E0,0.E0,1.E0));
#418=VECTOR('',#417,3.E-1);
#419=CARTESIAN_POINT('',(-2.561087831011E1,9.565049356208E0,3.276851054780E-1));
#420=LINE('',#419,#418);
#421=DIRECTION('',(0.E0,1.E0,-4.996003610819E-12));
#422=VECTOR('',#421,9.999999999989E-3);
#423=CARTESIAN_POINT('',(-2.561087831011E1,9.565049356208E0,3.276851054780E-1));
#424=LINE('',#423,#422);
#425=DIRECTION('',(3.197442310924E-12,1.E0,5.341560527234E-12));
#426=VECTOR('',#425,9.999999999989E-3);
#427=CARTESIAN_POINT('',(-2.568587831011E1,9.565049356208E0,1.026851054780E-1));
#428=LINE('',#427,#426);
#429=DIRECTION('',(6.750155989728E-12,1.E0,1.089475731854E-11));
#430=VECTOR('',#429,9.999999999989E-3);
#431=CARTESIAN_POINT('',(-2.576087831011E1,9.565049356208E0,
-4.731489452198E-2));
#432=LINE('',#431,#430);
#433=DIRECTION('',(-3.907985046685E-12,1.E0,-2.503552920532E-12));
#434=VECTOR('',#433,9.999999999989E-3);
#435=CARTESIAN_POINT('',(-2.587337831011E1,9.565049356208E0,
-1.973148945220E-1));
#436=LINE('',#435,#434);
#437=DIRECTION('',(3.907985046685E-12,1.E0,4.796163466386E-12));
#438=VECTOR('',#437,9.999999999989E-3);
#439=CARTESIAN_POINT('',(-2.598587831011E1,9.565049356208E0,
-3.098148945220E-1));
#440=LINE('',#439,#438);
#441=DIRECTION('',(-3.907985046685E-12,1.E0,6.661338147758E-14));
#442=VECTOR('',#441,9.999999999989E-3);
#443=CARTESIAN_POINT('',(-2.609837831011E1,9.565049356208E0,
-3.848148945220E-1));
#444=LINE('',#443,#442);
#445=DIRECTION('',(-4.973799150326E-12,1.E0,-3.386180225110E-13));
#446=VECTOR('',#445,9.999999999989E-3);
#447=CARTESIAN_POINT('',(-2.628587831011E1,9.565049356208E0,
-4.598148945220E-1));
#448=LINE('',#447,#446);
#449=DIRECTION('',(-1.E0,0.E0,0.E0));
#450=VECTOR('',#449,1.875E-1);
#451=CARTESIAN_POINT('',(-2.647337831011E1,9.575049356208E0,
-4.973148945220E-1));
#452=LINE('',#451,#450);
#453=DIRECTION('',(-2.842170943043E-12,1.E0,0.E0));
#454=VECTOR('',#453,9.999999999989E-3);
#455=CARTESIAN_POINT('',(-2.647337831011E1,9.565049356208E0,
-4.973148945220E-1));
#456=LINE('',#455,#454);
#457=DIRECTION('',(1.E0,0.E0,0.E0));
#458=VECTOR('',#457,1.875E-1);
#459=CARTESIAN_POINT('',(-2.666087831011E1,9.565049356208E0,
-4.973148945220E-1));
#460=LINE('',#459,#458);
#461=DIRECTION('',(-3.552713678804E-12,1.E0,0.E0));
#462=VECTOR('',#461,9.999999999989E-3);
#463=CARTESIAN_POINT('',(-2.666087831011E1,9.565049356208E0,
-4.973148945220E-1));
#464=LINE('',#463,#462);
#465=DIRECTION('',(1.065814103641E-12,1.E0,-9.270362255630E-13));
#466=VECTOR('',#465,9.999999999989E-3);
#467=CARTESIAN_POINT('',(-2.684837831011E1,9.565049356208E0,
-4.598148945220E-1));
#468=LINE('',#467,#466);
#469=DIRECTION('',(4.973799150326E-12,1.E0,-3.202993426047E-12));
#470=VECTOR('',#469,9.999999999989E-3);
#471=CARTESIAN_POINT('',(-2.703587831011E1,9.565049356208E0,
-3.473148945220E-1));
#472=LINE('',#471,#470);
#473=DIRECTION('',(0.E0,1.E0,1.598721155462E-12));
#474=VECTOR('',#473,9.999999999989E-3);
#475=CARTESIAN_POINT('',(-2.722337831011E1,9.565049356208E0,
-1.598148945220E-1));
#476=LINE('',#475,#474);
#477=DIRECTION('',(1.065814103641E-12,1.E0,-3.552713678804E-12));
#478=VECTOR('',#477,9.999999999989E-3);
#479=CARTESIAN_POINT('',(-2.714837831011E1,9.565049356208E0,
-6.848148945220E-1));
#480=LINE('',#479,#478);
#481=DIRECTION('',(-6.750155989728E-12,1.E0,1.418865025472E-11));
#482=VECTOR('',#481,9.999999999989E-3);
#483=CARTESIAN_POINT('',(-2.707337831011E1,9.565049356208E0,
-8.723148945220E-1));
#484=LINE('',#483,#482);
#485=DIRECTION('',(1.314504061158E-11,1.E0,-1.414424133374E-11));
#486=VECTOR('',#485,9.999999999989E-3);
#487=CARTESIAN_POINT('',(-2.699837831011E1,9.565049356208E0,
-9.848148945219E-1));
#488=LINE('',#487,#486);
#489=DIRECTION('',(-2.273736754435E-11,1.E0,1.232347557335E-11));
#490=VECTOR('',#489,9.999999999989E-3);
#491=CARTESIAN_POINT('',(-2.684837831011E1,9.565049356208E0,-1.097314894522E0));
#492=LINE('',#491,#490);
#493=DIRECTION('',(1.E0,0.E0,0.E0));
#494=VECTOR('',#493,2.625E-1);
#495=CARTESIAN_POINT('',(-2.669837831011E1,9.575049356208E0,-1.172314894522E0));
#496=LINE('',#495,#494);
#497=DIRECTION('',(2.486899575163E-12,1.E0,2.220446049253E-14));
#498=VECTOR('',#497,9.999999999989E-3);
#499=CARTESIAN_POINT('',(-2.669837831011E1,9.565049356208E0,-1.172314894522E0));
#500=LINE('',#499,#498);
#501=DIRECTION('',(-1.E0,0.E0,0.E0));
#502=VECTOR('',#501,2.625E-1);
#503=CARTESIAN_POINT('',(-2.643587831011E1,9.565049356208E0,-1.172314894522E0));
#504=LINE('',#503,#502);
#505=DIRECTION('',(-1.776356839402E-12,1.E0,0.E0));
#506=VECTOR('',#505,9.999999999989E-3);
#507=CARTESIAN_POINT('',(-2.643587831011E1,9.565049356208E0,-1.172314894522E0));
#508=LINE('',#507,#506);
#509=DIRECTION('',(-7.460698725489E-12,1.E0,-3.241851231909E-12));
#510=VECTOR('',#509,9.999999999989E-3);
#511=CARTESIAN_POINT('',(-2.628587831011E1,9.565049356208E0,-1.097314894522E0));
#512=LINE('',#511,#510);
#513=DIRECTION('',(-2.486899575163E-12,1.E0,7.993605777310E-13));
#514=VECTOR('',#513,9.999999999989E-3);
#515=CARTESIAN_POINT('',(-2.613587831011E1,9.565049356208E0,
-9.848148945220E-1));
#516=LINE('',#515,#514);
#517=DIRECTION('',(1.421085471522E-12,1.E0,7.527312106967E-12));
#518=VECTOR('',#517,9.999999999989E-3);
#519=CARTESIAN_POINT('',(-2.606087831011E1,9.565049356208E0,
-8.723148945220E-1));
#520=LINE('',#519,#518);
#521=DIRECTION('',(1.E0,0.E0,0.E0));
#522=VECTOR('',#521,3.75E-1);
#523=CARTESIAN_POINT('',(-2.602337831011E1,9.575049356208E0,
-6.848148945220E-1));
#524=LINE('',#523,#522);
#525=DIRECTION('',(0.E0,1.E0,-1.110223024626E-14));
#526=VECTOR('',#525,9.999999999989E-3);
#527=CARTESIAN_POINT('',(-2.602337831011E1,9.565049356208E0,
-6.848148945220E-1));
#528=LINE('',#527,#526);
#529=DIRECTION('',(-1.E0,0.E0,0.E0));
#530=VECTOR('',#529,3.75E-1);
#531=CARTESIAN_POINT('',(-2.564837831011E1,9.565049356208E0,
-6.848148945220E-1));
#532=LINE('',#531,#530);
#533=DIRECTION('',(0.E0,0.E0,-1.E0));
#534=VECTOR('',#533,7.500000000003E-2);
#535=CARTESIAN_POINT('',(-2.564837831011E1,9.575049356208E0,
-6.848148945220E-1));
#536=LINE('',#535,#534);
#537=DIRECTION('',(0.E0,1.E0,0.E0));
#538=VECTOR('',#537,9.999999999989E-3);
#539=CARTESIAN_POINT('',(-2.564837831011E1,9.565049356208E0,
-6.848148945220E-1));
#540=LINE('',#539,#538);
#541=DIRECTION('',(0.E0,0.E0,1.E0));
#542=VECTOR('',#541,7.500000000001E-2);
#543=CARTESIAN_POINT('',(-2.564837831011E1,9.565049356208E0,
-7.598148945220E-1));
#544=LINE('',#543,#542);
#545=DIRECTION('',(0.E0,1.E0,-1.731947918417E-12));
#546=VECTOR('',#545,9.999999999989E-3);
#547=CARTESIAN_POINT('',(-2.564837831011E1,9.565049356208E0,
-7.598148945220E-1));
#548=LINE('',#547,#546);
#549=DIRECTION('',(0.E0,1.E0,-1.831867990633E-12));
#550=VECTOR('',#549,9.999999999989E-3);
#551=CARTESIAN_POINT('',(-2.568587831011E1,9.565049356208E0,
-9.473148945220E-1));
#552=LINE('',#551,#550);
#553=DIRECTION('',(6.750155989728E-12,1.E0,1.163513729808E-11));
#554=VECTOR('',#553,9.999999999989E-3);
#555=CARTESIAN_POINT('',(-2.576087831011E1,9.565049356208E0,-1.097314894522E0));
#556=LINE('',#555,#554);
#557=DIRECTION('',(-5.684341886087E-12,1.E0,-4.374278717028E-12));
#558=VECTOR('',#557,9.999999999989E-3);
#559=CARTESIAN_POINT('',(-2.587337831011E1,9.565049356208E0,-1.247314894522E0));
#560=LINE('',#559,#558);
#561=DIRECTION('',(4.973799150326E-12,1.E0,5.972999872490E-12));
#562=VECTOR('',#561,9.999999999989E-3);
#563=CARTESIAN_POINT('',(-2.598587831011E1,9.565049356208E0,-1.359814894522E0));
#564=LINE('',#563,#562);
#565=DIRECTION('',(-6.394884621848E-12,1.E0,-1.243449787582E-12));
#566=VECTOR('',#565,9.999999999989E-3);
#567=CARTESIAN_POINT('',(-2.609837831011E1,9.565049356208E0,-1.434814894522E0));
#568=LINE('',#567,#566);
#569=DIRECTION('',(-2.842170943043E-12,1.E0,2.220446049253E-14));
#570=VECTOR('',#569,9.999999999989E-3);
#571=CARTESIAN_POINT('',(-2.628587831011E1,9.565049356208E0,-1.509814894522E0));
#572=LINE('',#571,#570);
#573=DIRECTION('',(-1.E0,0.E0,1.099649472010E-14));
#574=VECTOR('',#573,2.625E-1);
#575=CARTESIAN_POINT('',(-2.643587831011E1,9.575049356208E0,-1.547314894522E0));
#576=LINE('',#575,#574);
#577=DIRECTION('',(-2.842170943043E-12,1.E0,0.E0));
#578=VECTOR('',#577,9.999999999989E-3);
#579=CARTESIAN_POINT('',(-2.643587831011E1,9.565049356208E0,-1.547314894522E0));
#580=LINE('',#579,#578);
#581=DIRECTION('',(1.E0,0.E0,-1.099649472010E-14));
#582=VECTOR('',#581,2.625E-1);
#583=CARTESIAN_POINT('',(-2.669837831011E1,9.565049356208E0,-1.547314894522E0));
#584=LINE('',#583,#582);
#585=DIRECTION('',(-1.421085471522E-12,1.E0,0.E0));
#586=VECTOR('',#585,9.999999999989E-3);
#587=CARTESIAN_POINT('',(-2.669837831011E1,9.565049356208E0,-1.547314894522E0));
#588=LINE('',#587,#586);
#589=DIRECTION('',(-5.684341886087E-12,1.E0,1.065814103641E-12));
#590=VECTOR('',#589,9.999999999989E-3);
#591=CARTESIAN_POINT('',(-2.684837831011E1,9.565049356208E0,-1.509814894522E0));
#592=LINE('',#591,#590);
#593=DIRECTION('',(2.131628207283E-12,1.E0,-2.309263891223E-12));
#594=VECTOR('',#593,9.999999999989E-3);
#595=CARTESIAN_POINT('',(-2.703587831011E1,9.565049356208E0,-1.434814894522E0));
#596=LINE('',#595,#594);
#597=DIRECTION('',(4.618527782446E-12,1.E0,-3.907985046685E-12));
#598=VECTOR('',#597,9.999999999989E-3);
#599=CARTESIAN_POINT('',(-2.714837831011E1,9.565049356208E0,-1.359814894522E0));
#600=LINE('',#599,#598);
#601=DIRECTION('',(5.684341886087E-12,1.E0,-4.773959005893E-12));
#602=VECTOR('',#601,9.999999999989E-3);
#603=CARTESIAN_POINT('',(-2.726087831011E1,9.565049356208E0,-1.247314894522E0));
#604=LINE('',#603,#602);
#605=DIRECTION('',(-6.750155989728E-12,1.E0,1.130207039070E-11));
#606=VECTOR('',#605,9.999999999989E-3);
#607=CARTESIAN_POINT('',(-2.737337831011E1,9.565049356208E0,-1.097314894522E0));
#608=LINE('',#607,#606);
#609=DIRECTION('',(0.E0,1.E0,-1.942890293096E-12));
#610=VECTOR('',#609,9.999999999989E-3);
#611=CARTESIAN_POINT('',(-2.744837831011E1,9.565049356208E0,
-9.473148945220E-1));
#612=LINE('',#611,#610);
#613=DIRECTION('',(1.421085471522E-12,1.E0,-6.761258219975E-12));
#614=VECTOR('',#613,9.999999999989E-3);
#615=CARTESIAN_POINT('',(-2.752337831011E1,9.565049356208E0,
-7.598148945219E-1));
#616=LINE('',#615,#614);
#617=DIRECTION('',(-1.065814103641E-12,1.E0,7.405187574258E-12));
#618=VECTOR('',#617,9.999999999989E-3);
#619=CARTESIAN_POINT('',(-2.756087831011E1,9.565049356208E0,
-5.348148945223E-1));
#620=LINE('',#619,#618);
#621=DIRECTION('',(0.E0,0.E0,1.E0));
#622=VECTOR('',#621,2.999999999999E-1);
#623=CARTESIAN_POINT('',(-2.759837831011E1,9.575049356208E0,
-1.973148945219E-1));
#624=LINE('',#623,#622);
#625=DIRECTION('',(0.E0,1.E0,4.529709940476E-12));
#626=VECTOR('',#625,9.999999999989E-3);
#627=CARTESIAN_POINT('',(-2.759837831011E1,9.565049356208E0,
-1.973148945219E-1));
#628=LINE('',#627,#626);
#629=DIRECTION('',(0.E0,0.E0,-1.E0));
#630=VECTOR('',#629,2.999999999999E-1);
#631=CARTESIAN_POINT('',(-2.759837831011E1,9.565049356208E0,1.026851054779E-1));
#632=LINE('',#631,#630);
#633=DIRECTION('',(0.E0,1.E0,4.414524301671E-12));
#634=VECTOR('',#633,9.999999999989E-3);
#635=CARTESIAN_POINT('',(-2.759837831011E1,9.565049356208E0,1.026851054779E-1));
#636=LINE('',#635,#634);
#637=DIRECTION('',(-7.105427357609E-13,1.E0,3.030908857230E-12));
#638=VECTOR('',#637,9.999999999989E-3);
#639=CARTESIAN_POINT('',(-2.756087831011E1,9.565049356208E0,4.401851054780E-1));
#640=LINE('',#639,#638);
#641=DIRECTION('',(-2.131628207283E-12,1.E0,-6.650235917512E-12));
#642=VECTOR('',#641,9.999999999989E-3);
#643=CARTESIAN_POINT('',(-2.752337831011E1,9.565049356208E0,6.651851054781E-1));
#644=LINE('',#643,#642);
#645=DIRECTION('',(3.552713678804E-13,1.E0,-6.328271240370E-13));
#646=VECTOR('',#645,9.999999999989E-3);
#647=CARTESIAN_POINT('',(-2.744837831011E1,9.565049356208E0,8.526851054780E-1));
#648=LINE('',#647,#646);
#649=DIRECTION('',(6.750155989728E-12,1.E0,1.099120794380E-11));
#650=VECTOR('',#649,9.999999999989E-3);
#651=CARTESIAN_POINT('',(-2.737337831011E1,9.565049356208E0,1.002685105478E0));
#652=LINE('',#651,#650);
#653=DIRECTION('',(-3.907985046685E-12,1.E0,-2.575717417133E-12));
#654=VECTOR('',#653,9.999999999989E-3);
#655=CARTESIAN_POINT('',(-2.726087831011E1,9.565049356208E0,1.152685105478E0));
#656=LINE('',#655,#654);
#657=DIRECTION('',(7.105427357609E-13,1.E0,3.175237850431E-12));
#658=VECTOR('',#657,9.999999999989E-3);
#659=CARTESIAN_POINT('',(-2.714837831011E1,9.565049356208E0,1.265185105478E0));
#660=LINE('',#659,#658);
#661=DIRECTION('',(-1.776356839402E-12,1.E0,7.327471962534E-13));
#662=VECTOR('',#661,9.999999999989E-3);
#663=CARTESIAN_POINT('',(-2.703587831011E1,9.565049356208E0,1.340185105478E0));
#664=LINE('',#663,#662);
#665=DIRECTION('',(-6.750155989728E-12,1.E0,-1.332267629552E-12));
#666=VECTOR('',#665,9.999999999989E-3);
#667=CARTESIAN_POINT('',(-2.684837831011E1,9.565049356208E0,1.415185105478E0));
#668=LINE('',#667,#666);
#669=DIRECTION('',(1.E0,0.E0,-1.657933050107E-14));
#670=VECTOR('',#669,1.875E-1);
#671=CARTESIAN_POINT('',(-2.666087831011E1,9.575049356208E0,1.452685105478E0));
#672=LINE('',#671,#670);
#673=DIRECTION('',(-7.105427357609E-13,1.E0,0.E0));
#674=VECTOR('',#673,9.999999999989E-3);
#675=CARTESIAN_POINT('',(-2.666087831011E1,9.565049356208E0,1.452685105478E0));
#676=LINE('',#675,#674);
#677=DIRECTION('',(-1.E0,0.E0,1.776356839400E-14));
#678=VECTOR('',#677,1.875E-1);
#679=CARTESIAN_POINT('',(-2.647337831011E1,9.565049356208E0,1.452685105478E0));
#680=LINE('',#679,#678);
#681=DIRECTION('',(-1.776356839402E-12,1.E0,0.E0));
#682=VECTOR('',#681,9.999999999989E-3);
#683=CARTESIAN_POINT('',(-2.647337831011E1,9.565049356208E0,1.452685105478E0));
#684=LINE('',#683,#682);
#685=DIRECTION('',(-9.805806756909E-1,0.E0,1.961161351382E-1));
#686=VECTOR('',#685,1.912132317598E-1);
#687=CARTESIAN_POINT('',(-2.666087831011E1,9.565049356208E0,
-4.973148945220E-1));
#688=LINE('',#687,#686);
#689=DIRECTION('',(-9.805806756909E-1,0.E0,-1.961161351382E-1));
#690=VECTOR('',#689,1.912132317597E-1);
#691=CARTESIAN_POINT('',(-2.628587831011E1,9.565049356208E0,
-4.598148945220E-1));
#692=LINE('',#691,#690);
#693=DIRECTION('',(-9.284766908853E-1,0.E0,-3.713906763541E-1));
#694=VECTOR('',#693,2.019436802675E-1);
#695=CARTESIAN_POINT('',(-2.609837831011E1,9.565049356208E0,
-3.848148945220E-1));
#696=LINE('',#695,#694);
#697=DIRECTION('',(-8.320502943378E-1,0.E0,-5.547001962252E-1));
#698=VECTOR('',#697,1.352081728299E-1);
#699=CARTESIAN_POINT('',(-2.598587831011E1,9.565049356208E0,
-3.098148945220E-1));
#700=LINE('',#699,#698);
#701=DIRECTION('',(-7.071067811865E-1,0.E0,-7.071067811865E-1));
#702=VECTOR('',#701,1.590990257670E-1);
#703=CARTESIAN_POINT('',(-2.587337831011E1,9.565049356208E0,
-1.973148945220E-1));
#704=LINE('',#703,#702);
#705=DIRECTION('',(-6.E-1,0.E0,-8.E-1));
#706=VECTOR('',#705,1.875E-1);
#707=CARTESIAN_POINT('',(-2.576087831011E1,9.565049356208E0,
-4.731489452198E-2));
#708=LINE('',#707,#706);
#709=DIRECTION('',(-4.472135954999E-1,0.E0,-8.944271909999E-1));
#710=VECTOR('',#709,1.677050983124E-1);
#711=CARTESIAN_POINT('',(-2.568587831011E1,9.565049356208E0,1.026851054780E-1));
#712=LINE('',#711,#710);
#713=DIRECTION('',(-3.162277660169E-1,0.E0,-9.486832980505E-1));
#714=VECTOR('',#713,2.371708245127E-1);
#715=CARTESIAN_POINT('',(-2.561087831011E1,9.565049356208E0,3.276851054780E-1));
#716=LINE('',#715,#714);
#717=DIRECTION('',(3.162277660168E-1,0.E0,-9.486832980505E-1));
#718=VECTOR('',#717,2.371708245125E-1);
#719=CARTESIAN_POINT('',(-2.568587831011E1,9.565049356208E0,8.526851054779E-1));
#720=LINE('',#719,#718);
#721=DIRECTION('',(4.472135955E-1,0.E0,-8.944271909999E-1));
#722=VECTOR('',#721,1.677050983126E-1);
#723=CARTESIAN_POINT('',(-2.576087831011E1,9.565049356208E0,1.002685105478E0));
#724=LINE('',#723,#722);
#725=DIRECTION('',(6.E-1,0.E0,-8.E-1));
#726=VECTOR('',#725,1.875E-1);
#727=CARTESIAN_POINT('',(-2.587337831011E1,9.565049356208E0,1.152685105478E0));
#728=LINE('',#727,#726);
#729=DIRECTION('',(7.071067811865E-1,0.E0,-7.071067811866E-1));
#730=VECTOR('',#729,1.590990257670E-1);
#731=CARTESIAN_POINT('',(-2.598587831011E1,9.565049356208E0,1.265185105478E0));
#732=LINE('',#731,#730);
#733=DIRECTION('',(8.320502943379E-1,0.E0,-5.547001962252E-1));
#734=VECTOR('',#733,1.352081728300E-1);
#735=CARTESIAN_POINT('',(-2.609837831011E1,9.565049356208E0,1.340185105478E0));
#736=LINE('',#735,#734);
#737=DIRECTION('',(9.284766908853E-1,0.E0,-3.713906763541E-1));
#738=VECTOR('',#737,2.019436802675E-1);
#739=CARTESIAN_POINT('',(-2.628587831011E1,9.565049356208E0,1.415185105478E0));
#740=LINE('',#739,#738);
#741=DIRECTION('',(9.805806756909E-1,0.E0,-1.961161351382E-1));
#742=VECTOR('',#741,1.912132317598E-1);
#743=CARTESIAN_POINT('',(-2.647337831011E1,9.565049356208E0,1.452685105478E0));
#744=LINE('',#743,#742);
#745=DIRECTION('',(9.805806756909E-1,0.E0,1.961161351382E-1));
#746=VECTOR('',#745,1.912132317596E-1);
#747=CARTESIAN_POINT('',(-2.684837831011E1,9.565049356208E0,1.415185105478E0));
#748=LINE('',#747,#746);
#749=DIRECTION('',(9.284766908853E-1,0.E0,3.713906763541E-1));
#750=VECTOR('',#749,2.019436802676E-1);
#751=CARTESIAN_POINT('',(-2.703587831011E1,9.565049356208E0,1.340185105478E0));
#752=LINE('',#751,#750);
#753=DIRECTION('',(8.320502943378E-1,0.E0,5.547001962252E-1));
#754=VECTOR('',#753,1.352081728299E-1);
#755=CARTESIAN_POINT('',(-2.714837831011E1,9.565049356208E0,1.265185105478E0));
#756=LINE('',#755,#754);
#757=DIRECTION('',(7.071067811866E-1,0.E0,7.071067811865E-1));
#758=VECTOR('',#757,1.590990257670E-1);
#759=CARTESIAN_POINT('',(-2.726087831011E1,9.565049356208E0,1.152685105478E0));
#760=LINE('',#759,#758);
#761=DIRECTION('',(6.E-1,0.E0,8.E-1));
#762=VECTOR('',#761,1.875E-1);
#763=CARTESIAN_POINT('',(-2.737337831011E1,9.565049356208E0,1.002685105478E0));
#764=LINE('',#763,#762);
#765=DIRECTION('',(4.472135954999E-1,0.E0,8.944271909999E-1));
#766=VECTOR('',#765,1.677050983125E-1);
#767=CARTESIAN_POINT('',(-2.744837831011E1,9.565049356208E0,8.526851054780E-1));
#768=LINE('',#767,#766);
#769=DIRECTION('',(3.713906763541E-1,0.E0,9.284766908853E-1));
#770=VECTOR('',#769,2.019436802674E-1);
#771=CARTESIAN_POINT('',(-2.752337831011E1,9.565049356208E0,6.651851054781E-1));
#772=LINE('',#771,#770);
#773=DIRECTION('',(1.643989873054E-1,0.E0,9.863939238321E-1));
#774=VECTOR('',#773,2.281035948863E-1);
#775=CARTESIAN_POINT('',(-2.756087831011E1,9.565049356208E0,4.401851054780E-1));
#776=LINE('',#775,#774);
#777=DIRECTION('',(1.104315260749E-1,0.E0,9.938837346736E-1));
#778=VECTOR('',#777,3.395769426802E-1);
#779=CARTESIAN_POINT('',(-2.759837831011E1,9.565049356208E0,1.026851054779E-1));
#780=LINE('',#779,#778);
#781=DIRECTION('',(-1.104315260749E-1,0.E0,9.938837346736E-1));
#782=VECTOR('',#781,3.395769426805E-1);
#783=CARTESIAN_POINT('',(-2.756087831011E1,9.565049356208E0,
-5.348148945223E-1));
#784=LINE('',#783,#782);
#785=DIRECTION('',(-1.643989873053E-1,0.E0,9.863939238321E-1));
#786=VECTOR('',#785,2.281035948858E-1);
#787=CARTESIAN_POINT('',(-2.752337831011E1,9.565049356208E0,
-7.598148945219E-1));
#788=LINE('',#787,#786);
#789=DIRECTION('',(-3.713906763541E-1,0.E0,9.284766908853E-1));
#790=VECTOR('',#789,2.019436802676E-1);
#791=CARTESIAN_POINT('',(-2.744837831011E1,9.565049356208E0,
-9.473148945220E-1));
#792=LINE('',#791,#790);
#793=DIRECTION('',(-4.472135955E-1,0.E0,8.944271909999E-1));
#794=VECTOR('',#793,1.677050983125E-1);
#795=CARTESIAN_POINT('',(-2.737337831011E1,9.565049356208E0,-1.097314894522E0));
#796=LINE('',#795,#794);
#797=DIRECTION('',(-6.E-1,0.E0,8.E-1));
#798=VECTOR('',#797,1.875000000001E-1);
#799=CARTESIAN_POINT('',(-2.726087831011E1,9.565049356208E0,-1.247314894522E0));
#800=LINE('',#799,#798);
#801=DIRECTION('',(-7.071067811866E-1,0.E0,7.071067811865E-1));
#802=VECTOR('',#801,1.590990257668E-1);
#803=CARTESIAN_POINT('',(-2.714837831011E1,9.565049356208E0,-1.359814894522E0));
#804=LINE('',#803,#802);
#805=DIRECTION('',(-8.320502943378E-1,0.E0,5.547001962252E-1));
#806=VECTOR('',#805,1.352081728299E-1);
#807=CARTESIAN_POINT('',(-2.703587831011E1,9.565049356208E0,-1.434814894522E0));
#808=LINE('',#807,#806);
#809=DIRECTION('',(-9.284766908853E-1,0.E0,3.713906763541E-1));
#810=VECTOR('',#809,2.019436802677E-1);
#811=CARTESIAN_POINT('',(-2.684837831011E1,9.565049356208E0,-1.509814894522E0));
#812=LINE('',#811,#810);
#813=DIRECTION('',(-9.701425001453E-1,0.E0,2.425356250363E-1));
#814=VECTOR('',#813,1.546164609606E-1);
#815=CARTESIAN_POINT('',(-2.669837831011E1,9.565049356208E0,-1.547314894522E0));
#816=LINE('',#815,#814);
#817=DIRECTION('',(-9.701425001453E-1,0.E0,-2.425356250363E-1));
#818=VECTOR('',#817,1.546164609607E-1);
#819=CARTESIAN_POINT('',(-2.628587831011E1,9.565049356208E0,-1.509814894522E0));
#820=LINE('',#819,#818);
#821=DIRECTION('',(-9.284766908853E-1,0.E0,-3.713906763541E-1));
#822=VECTOR('',#821,2.019436802675E-1);
#823=CARTESIAN_POINT('',(-2.609837831011E1,9.565049356208E0,-1.434814894522E0));
#824=LINE('',#823,#822);
#825=DIRECTION('',(-8.320502943378E-1,0.E0,-5.547001962253E-1));
#826=VECTOR('',#825,1.352081728298E-1);
#827=CARTESIAN_POINT('',(-2.598587831011E1,9.565049356208E0,-1.359814894522E0));
#828=LINE('',#827,#826);
#829=DIRECTION('',(-7.071067811865E-1,0.E0,-7.071067811865E-1));
#830=VECTOR('',#829,1.590990257671E-1);
#831=CARTESIAN_POINT('',(-2.587337831011E1,9.565049356208E0,-1.247314894522E0));
#832=LINE('',#831,#830);
#833=DIRECTION('',(-6.E-1,0.E0,-8.E-1));
#834=VECTOR('',#833,1.874999999999E-1);
#835=CARTESIAN_POINT('',(-2.576087831011E1,9.565049356208E0,-1.097314894522E0));
#836=LINE('',#835,#834);
#837=DIRECTION('',(-4.472135955E-1,0.E0,-8.944271909999E-1));
#838=VECTOR('',#837,1.677050983125E-1);
#839=CARTESIAN_POINT('',(-2.568587831011E1,9.565049356208E0,
-9.473148945220E-1));
#840=LINE('',#839,#838);
#841=DIRECTION('',(-1.961161351382E-1,0.E0,-9.805806756909E-1));
#842=VECTOR('',#841,1.912132317597E-1);
#843=CARTESIAN_POINT('',(-2.564837831011E1,9.565049356208E0,
-7.598148945220E-1));
#844=LINE('',#843,#842);
#845=DIRECTION('',(1.961161351382E-1,0.E0,9.805806756909E-1));
#846=VECTOR('',#845,1.912132317598E-1);
#847=CARTESIAN_POINT('',(-2.606087831011E1,9.565049356208E0,
-8.723148945220E-1));
#848=LINE('',#847,#846);
#849=DIRECTION('',(5.547001962252E-1,0.E0,8.320502943379E-1));
#850=VECTOR('',#849,1.352081728299E-1);
#851=CARTESIAN_POINT('',(-2.613587831011E1,9.565049356208E0,
-9.848148945220E-1));
#852=LINE('',#851,#850);
#853=DIRECTION('',(8.E-1,0.E0,6.E-1));
#854=VECTOR('',#853,1.874999999999E-1);
#855=CARTESIAN_POINT('',(-2.628587831011E1,9.565049356208E0,-1.097314894522E0));
#856=LINE('',#855,#854);
#857=DIRECTION('',(8.944271909999E-1,0.E0,4.472135954999E-1));
#858=VECTOR('',#857,1.677050983126E-1);
#859=CARTESIAN_POINT('',(-2.643587831011E1,9.565049356208E0,-1.172314894522E0));
#860=LINE('',#859,#858);
#861=DIRECTION('',(8.944271909999E-1,0.E0,-4.472135954999E-1));
#862=VECTOR('',#861,1.677050983122E-1);
#863=CARTESIAN_POINT('',(-2.684837831011E1,9.565049356208E0,-1.097314894522E0));
#864=LINE('',#863,#862);
#865=DIRECTION('',(8.E-1,0.E0,-6.E-1));
#866=VECTOR('',#865,1.875000000004E-1);
#867=CARTESIAN_POINT('',(-2.699837831011E1,9.565049356208E0,
-9.848148945219E-1));
#868=LINE('',#867,#866);
#869=DIRECTION('',(5.547001962252E-1,0.E0,-8.320502943379E-1));
#870=VECTOR('',#869,1.352081728297E-1);
#871=CARTESIAN_POINT('',(-2.707337831011E1,9.565049356208E0,
-8.723148945220E-1));
#872=LINE('',#871,#870);
#873=DIRECTION('',(3.713906763541E-1,0.E0,-9.284766908853E-1));
#874=VECTOR('',#873,2.019436802675E-1);
#875=CARTESIAN_POINT('',(-2.714837831011E1,9.565049356208E0,
-6.848148945220E-1));
#876=LINE('',#875,#874);
#877=DIRECTION('',(1.414213562373E-1,0.E0,-9.899494936612E-1));
#878=VECTOR('',#877,5.303300858899E-1);
#879=CARTESIAN_POINT('',(-2.722337831011E1,9.565049356208E0,
-1.598148945220E-1));
#880=LINE('',#879,#878);
#881=DIRECTION('',(-7.071067811865E-1,0.E0,7.071067811865E-1));
#882=VECTOR('',#881,2.651650429449E-1);
#883=CARTESIAN_POINT('',(-2.703587831011E1,9.565049356208E0,
-3.473148945220E-1));
#884=LINE('',#883,#882);
#885=DIRECTION('',(-8.574929257125E-1,0.E0,5.144957554275E-1));
#886=VECTOR('',#885,2.186606960567E-1);
#887=CARTESIAN_POINT('',(-2.684837831011E1,9.565049356208E0,
-4.598148945220E-1));
#888=LINE('',#887,#886);
#889=CARTESIAN_POINT('',(-2.656184436945E1,9.565049356208E0,4.616624783716E-1));
#890=DIRECTION('',(0.E0,-1.E0,0.E0));
#891=DIRECTION('',(1.E0,0.E0,0.E0));
#892=AXIS2_PLACEMENT_3D('',#889,#890,#891);
#894=CARTESIAN_POINT('',(-2.656184436945E1,9.565049356208E0,4.616624783716E-1));
#895=DIRECTION('',(0.E0,-1.E0,0.E0));
#896=DIRECTION('',(-1.E0,0.E0,0.E0));
#897=AXIS2_PLACEMENT_3D('',#894,#895,#896);
#899=DIRECTION('',(0.E0,-1.E0,0.E0));
#900=VECTOR('',#899,9.999999999989E-3);
#901=CARTESIAN_POINT('',(-2.715415956718E1,9.575049356208E0,4.616624783716E-1));
#902=LINE('',#901,#900);
#903=DIRECTION('',(0.E0,-1.E0,0.E0));
#904=VECTOR('',#903,9.999999999989E-3);
#905=CARTESIAN_POINT('',(-2.596952917173E1,9.575049356208E0,4.616624783716E-1));
#906=LINE('',#905,#904);
#907=CARTESIAN_POINT('',(-2.656184436945E1,9.575049356208E0,4.616624783716E-1));
#908=DIRECTION('',(0.E0,1.E0,0.E0));
#909=DIRECTION('',(-1.E0,0.E0,0.E0));
#910=AXIS2_PLACEMENT_3D('',#907,#908,#909);
#912=CARTESIAN_POINT('',(-2.656184436945E1,9.575049356208E0,4.616624783716E-1));
#913=DIRECTION('',(0.E0,1.E0,0.E0));
#914=DIRECTION('',(1.E0,0.E0,0.E0));
#915=AXIS2_PLACEMENT_3D('',#912,#913,#914);
#917=CARTESIAN_POINT('',(-4.116373384354E1,9.065049356208E0,1.3473E1));
#918=DIRECTION('',(0.E0,0.E0,1.E0));
#919=DIRECTION('',(0.E0,1.E0,0.E0));
#920=AXIS2_PLACEMENT_3D('',#917,#918,#919);
#922=DIRECTION('',(-1.E0,0.E0,0.E0));
#923=VECTOR('',#922,1.1581E0);
#924=CARTESIAN_POINT('',(-4.000563384354E1,9.565049356208E0,1.3473E1));
#925=LINE('',#924,#923);
#926=DIRECTION('',(0.E0,1.E0,0.E0));
#927=VECTOR('',#926,1.341E0);
#928=CARTESIAN_POINT('',(-4.000563384354E1,8.224049356208E0,1.3473E1));
#929=LINE('',#928,#927);
#930=DIRECTION('',(1.E0,0.E0,0.E0));
#931=VECTOR('',#930,6.081E-1);
#932=CARTESIAN_POINT('',(-4.061373384354E1,8.224049356208E0,1.3473E1));
#933=LINE('',#932,#931);
#934=DIRECTION('',(0.E0,1.E0,0.E0));
#935=VECTOR('',#934,6.59E-1);
#936=CARTESIAN_POINT('',(-4.061373384354E1,7.565049356208E0,1.3473E1));
#937=LINE('',#936,#935);
#938=DIRECTION('',(1.E0,0.E0,0.E0));
#939=VECTOR('',#938,1.05E0);
#940=CARTESIAN_POINT('',(-4.166373384354E1,7.565049356208E0,1.3473E1));
#941=LINE('',#940,#939);
#942=DIRECTION('',(0.E0,-1.E0,0.E0));
#943=VECTOR('',#942,1.5E0);
#944=CARTESIAN_POINT('',(-4.166373384354E1,9.065049356208E0,1.3473E1));
#945=LINE('',#944,#943);
#946=DIRECTION('',(1.E0,0.E0,0.E0));
#947=VECTOR('',#946,1.1581E0);
#948=CARTESIAN_POINT('',(-4.116373384354E1,-2.919327575333E0,1.3473E1));
#949=LINE('',#948,#947);
#950=CARTESIAN_POINT('',(-4.116373384354E1,-2.419327575333E0,1.3473E1));
#951=DIRECTION('',(0.E0,0.E0,1.E0));
#952=DIRECTION('',(-1.E0,0.E0,0.E0));
#953=AXIS2_PLACEMENT_3D('',#950,#951,#952);
#955=DIRECTION('',(0.E0,-1.E0,0.E0));
#956=VECTOR('',#955,1.5E0);
#957=CARTESIAN_POINT('',(-4.166373384354E1,-9.193275753330E-1,1.3473E1));
#958=LINE('',#957,#956);
#959=DIRECTION('',(-1.E0,0.E0,0.E0));
#960=VECTOR('',#959,1.05E0);
#961=CARTESIAN_POINT('',(-4.061373384354E1,-9.193275753330E-1,1.3473E1));
#962=LINE('',#961,#960);
#963=DIRECTION('',(0.E0,1.E0,0.E0));
#964=VECTOR('',#963,6.59E-1);
#965=CARTESIAN_POINT('',(-4.061373384354E1,-1.578327575333E0,1.3473E1));
#966=LINE('',#965,#964);
#967=DIRECTION('',(-1.E0,0.E0,0.E0));
#968=VECTOR('',#967,6.081E-1);
#969=CARTESIAN_POINT('',(-4.000563384354E1,-1.578327575333E0,1.3473E1));
#970=LINE('',#969,#968);
#971=DIRECTION('',(0.E0,1.E0,0.E0));
#972=VECTOR('',#971,1.341E0);
#973=CARTESIAN_POINT('',(-4.000563384354E1,-2.919327575333E0,1.3473E1));
#974=LINE('',#973,#972);
#975=CARTESIAN_POINT('',(-2.441373384354E1,-2.419327575333E0,1.3473E1));
#976=DIRECTION('',(0.E0,0.E0,1.E0));
#977=DIRECTION('',(0.E0,-1.E0,0.E0));
#978=AXIS2_PLACEMENT_3D('',#975,#976,#977);
#980=DIRECTION('',(1.E0,0.E0,0.E0));
#981=VECTOR('',#980,1.1581E0);
#982=CARTESIAN_POINT('',(-2.557183384354E1,-2.919327575333E0,1.3473E1));
#983=LINE('',#982,#981);
#984=DIRECTION('',(0.E0,-1.E0,0.E0));
#985=VECTOR('',#984,1.341E0);
#986=CARTESIAN_POINT('',(-2.557183384354E1,-1.578327575333E0,1.3473E1));
#987=LINE('',#986,#985);
#988=DIRECTION('',(-1.E0,0.E0,0.E0));
#989=VECTOR('',#988,6.081E-1);
#990=CARTESIAN_POINT('',(-2.496373384354E1,-1.578327575333E0,1.3473E1));
#991=LINE('',#990,#989);
#992=DIRECTION('',(0.E0,-1.E0,0.E0));
#993=VECTOR('',#992,6.59E-1);
#994=CARTESIAN_POINT('',(-2.496373384354E1,-9.193275753330E-1,1.3473E1));
#995=LINE('',#994,#993);
#996=DIRECTION('',(-1.E0,0.E0,0.E0));
#997=VECTOR('',#996,1.05E0);
#998=CARTESIAN_POINT('',(-2.391373384354E1,-9.193275753330E-1,1.3473E1));
#999=LINE('',#998,#997);
#1000=DIRECTION('',(0.E0,1.E0,0.E0));
#1001=VECTOR('',#1000,1.5E0);
#1002=CARTESIAN_POINT('',(-2.391373384354E1,-2.419327575333E0,1.3473E1));
#1003=LINE('',#1002,#1001);
#1004=CARTESIAN_POINT('',(-2.461373384354E1,8.865049356208E0,1.3473E1));
#1005=DIRECTION('',(0.E0,0.E0,1.E0));
#1006=DIRECTION('',(1.E0,0.E0,0.E0));
#1007=AXIS2_PLACEMENT_3D('',#1004,#1005,#1006);
#1009=DIRECTION('',(-1.E0,0.E0,0.E0));
#1010=VECTOR('',#1009,2.E-1);
#1011=CARTESIAN_POINT('',(-2.441373384354E1,9.565049356208E0,1.3473E1));
#1012=LINE('',#1011,#1010);
#1013=CARTESIAN_POINT('',(-2.441373384354E1,9.065049356208E0,1.3473E1));
#1014=DIRECTION('',(0.E0,0.E0,1.E0));
#1015=DIRECTION('',(1.E0,0.E0,0.E0));
#1016=AXIS2_PLACEMENT_3D('',#1013,#1014,#1015);
#1018=DIRECTION('',(0.E0,1.E0,-1.776356839400E-14));
#1019=VECTOR('',#1018,2.E-1);
#1020=CARTESIAN_POINT('',(-2.391373384354E1,8.865049356208E0,1.3473E1));
#1021=LINE('',#1020,#1019);
#1022=CARTESIAN_POINT('',(-2.461373384354E1,8.865049356208E0,1.3473E1));
#1023=DIRECTION('',(0.E0,0.E0,1.E0));
#1024=DIRECTION('',(0.E0,1.E0,0.E0));
#1025=AXIS2_PLACEMENT_3D('',#1022,#1023,#1024);
#1027=CARTESIAN_POINT('',(-2.461373384354E1,8.865049356208E0,1.3473E1));
#1028=DIRECTION('',(0.E0,0.E0,1.E0));
#1029=DIRECTION('',(-1.E0,0.E0,0.E0));
#1030=AXIS2_PLACEMENT_3D('',#1027,#1028,#1029);
#1032=DIRECTION('',(0.E0,1.E0,0.E0));
#1033=VECTOR('',#1032,1.3E0);
#1034=CARTESIAN_POINT('',(-2.391373384354E1,7.565049356208E0,1.3473E1));
#1035=LINE('',#1034,#1033);
#1036=DIRECTION('',(1.E0,0.E0,0.E0));
#1037=VECTOR('',#1036,1.05E0);
#1038=CARTESIAN_POINT('',(-2.496373384354E1,7.565049356208E0,1.3473E1));
#1039=LINE('',#1038,#1037);
#1040=DIRECTION('',(0.E0,-1.E0,0.E0));
#1041=VECTOR('',#1040,6.59E-1);
#1042=CARTESIAN_POINT('',(-2.496373384354E1,8.224049356208E0,1.3473E1));
#1043=LINE('',#1042,#1041);
#1044=DIRECTION('',(1.E0,0.E0,0.E0));
#1045=VECTOR('',#1044,6.081E-1);
#1046=CARTESIAN_POINT('',(-2.557183384354E1,8.224049356208E0,1.3473E1));
#1047=LINE('',#1046,#1045);
#1048=DIRECTION('',(0.E0,-1.E0,0.E0));
#1049=VECTOR('',#1048,1.341E0);
#1050=CARTESIAN_POINT('',(-2.557183384354E1,9.565049356208E0,1.3473E1));
#1051=LINE('',#1050,#1049);
#1052=DIRECTION('',(-1.E0,0.E0,0.E0));
#1053=VECTOR('',#1052,9.581E-1);
#1054=CARTESIAN_POINT('',(-2.461373384354E1,9.565049356208E0,1.3473E1));
#1055=LINE('',#1054,#1053);
#1056=DIRECTION('',(0.E0,0.E0,-1.E0));
#1057=VECTOR('',#1056,3.5E0);
#1058=CARTESIAN_POINT('',(-4.166373384354E1,-1.647139109561E0,2.532996E0));
#1059=LINE('',#1058,#1057);
#1060=DIRECTION('',(0.E0,-1.E0,0.E0));
#1061=VECTOR('',#1060,3.5E0);
#1062=CARTESIAN_POINT('',(-4.166373384354E1,1.852860890439E0,2.532996E0));
#1063=LINE('',#1062,#1061);
#1064=DIRECTION('',(0.E0,0.E0,1.E0));
#1065=VECTOR('',#1064,3.5E0);
#1066=CARTESIAN_POINT('',(-4.166373384354E1,1.852860890439E0,
-9.670040000001E-1));
#1067=LINE('',#1066,#1065);
#1068=DIRECTION('',(0.E0,1.E0,0.E0));
#1069=VECTOR('',#1068,3.5E0);
#1070=CARTESIAN_POINT('',(-4.166373384354E1,-1.647139109561E0,
-9.670040000001E-1));
#1071=LINE('',#1070,#1069);
#1072=DIRECTION('',(0.E0,-1.E0,0.E0));
#1073=VECTOR('',#1072,8.484376931541E0);
#1074=CARTESIAN_POINT('',(-4.166373384354E1,7.565049356208E0,1.2673E1));
#1075=LINE('',#1074,#1073);
#1076=DIRECTION('',(0.E0,0.E0,1.E0));
#1077=VECTOR('',#1076,8.E-1);
#1078=CARTESIAN_POINT('',(-4.166373384354E1,-9.193275753330E-1,1.2673E1));
#1079=LINE('',#1078,#1077);
#1080=DIRECTION('',(0.E0,0.E0,1.E0));
#1081=VECTOR('',#1080,1.56E1);
#1082=CARTESIAN_POINT('',(-4.166373384354E1,9.065049356208E0,-2.127E0));
#1083=LINE('',#1082,#1081);
#1084=DIRECTION('',(1.E0,-4.440940547339E-14,-2.220470273670E-14));
#1085=VECTOR('',#1084,9.999890904105E-3);
#1086=CARTESIAN_POINT('',(-4.167373373444E1,-1.647139109561E0,
-9.670040000001E-1));
#1087=LINE('',#1086,#1085);
#1088=DIRECTION('',(1.E0,0.E0,0.E0));
#1089=VECTOR('',#1088,9.999890904105E-3);
#1090=CARTESIAN_POINT('',(-4.167373373444E1,1.852860890439E0,
-9.670040000001E-1));
#1091=LINE('',#1090,#1089);
#1092=DIRECTION('',(1.E0,0.E0,0.E0));
#1093=VECTOR('',#1092,9.999890904105E-3);
#1094=CARTESIAN_POINT('',(-4.167373373444E1,1.852860890439E0,2.532996E0));
#1095=LINE('',#1094,#1093);
#1096=DIRECTION('',(1.E0,-4.440940547339E-14,0.E0));
#1097=VECTOR('',#1096,9.999890904105E-3);
#1098=CARTESIAN_POINT('',(-4.167373373444E1,-1.647139109561E0,2.532996E0));
#1099=LINE('',#1098,#1097);
#1100=DIRECTION('',(0.E0,0.E0,-1.E0));
#1101=VECTOR('',#1100,3.5E0);
#1102=CARTESIAN_POINT('',(-4.167373373444E1,1.852860890439E0,2.532996E0));
#1103=LINE('',#1102,#1101);
#1104=DIRECTION('',(0.E0,1.E0,0.E0));
#1105=VECTOR('',#1104,3.5E0);
#1106=CARTESIAN_POINT('',(-4.167373373444E1,-1.647139109561E0,2.532996E0));
#1107=LINE('',#1106,#1105);
#1108=DIRECTION('',(0.E0,0.E0,1.E0));
#1109=VECTOR('',#1108,3.5E0);
#1110=CARTESIAN_POINT('',(-4.167373373444E1,-1.647139109561E0,
-9.670040000001E-1));
#1111=LINE('',#1110,#1109);
#1112=DIRECTION('',(0.E0,-1.E0,0.E0));
#1113=VECTOR('',#1112,3.5E0);
#1114=CARTESIAN_POINT('',(-4.167373373444E1,1.852860890439E0,
-9.670040000001E-1));
#1115=LINE('',#1114,#1113);
#1116=DIRECTION('',(0.E0,8.944271909999E-1,-4.472135955E-1));
#1117=VECTOR('',#1116,1.677050983125E-1);
#1118=CARTESIAN_POINT('',(-4.167373373444E1,-3.206879712424E-1,
-3.460788326106E-1));
#1119=LINE('',#1118,#1117);
#1120=DIRECTION('',(0.E0,9.486832980505E-1,-3.162277660168E-1));
#1121=VECTOR('',#1120,1.185854122563E-1);
#1122=CARTESIAN_POINT('',(-4.167373373444E1,-4.331879712424E-1,
-3.085788326106E-1));
#1123=LINE('',#1122,#1121);
#1124=DIRECTION('',(0.E0,9.805806756909E-1,-1.961161351382E-1));
#1125=VECTOR('',#1124,1.912132317597E-1);
#1126=CARTESIAN_POINT('',(-4.167373373444E1,-6.206879712424E-1,
-2.710788326106E-1));
#1127=LINE('',#1126,#1125);
#1128=DIRECTION('',(0.E0,1.E0,0.E0));
#1129=VECTOR('',#1128,7.5E-2);
#1130=CARTESIAN_POINT('',(-4.167373373444E1,-6.956879712424E-1,
-2.710788326106E-1));
#1131=LINE('',#1130,#1129);
#1132=DIRECTION('',(0.E0,0.E0,-1.E0));
#1133=VECTOR('',#1132,3.E-1);
#1134=CARTESIAN_POINT('',(-4.167373373444E1,-6.956879712424E-1,
2.892116738941E-2));
#1135=LINE('',#1134,#1133);
#1136=DIRECTION('',(0.E0,-1.E0,0.E0));
#1137=VECTOR('',#1136,7.125E-1);
#1138=CARTESIAN_POINT('',(-4.167373373444E1,1.681202875755E-2,
2.892116738941E-2));
#1139=LINE('',#1138,#1137);
#1140=DIRECTION('',(0.E0,0.E0,-1.E0));
#1141=VECTOR('',#1140,2.175E0);
#1142=CARTESIAN_POINT('',(-4.167373373444E1,1.681202875755E-2,
2.203921167389E0));
#1143=LINE('',#1142,#1141);
#1144=DIRECTION('',(0.E0,-1.E0,0.E0));
#1145=VECTOR('',#1144,3.75E-1);
#1146=CARTESIAN_POINT('',(-4.167373373444E1,3.918120287576E-1,
2.203921167389E0));
#1147=LINE('',#1146,#1145);
#1148=DIRECTION('',(0.E0,0.E0,1.E0));
#1149=VECTOR('',#1148,3.E0);
#1150=CARTESIAN_POINT('',(-4.167373373444E1,3.918120287575E-1,
-7.960788326106E-1));
#1151=LINE('',#1150,#1149);
#1152=DIRECTION('',(0.E0,1.E0,0.E0));
#1153=VECTOR('',#1152,3.E-1);
#1154=CARTESIAN_POINT('',(-4.167373373444E1,9.181202875755E-2,
-7.960788326106E-1));
#1155=LINE('',#1154,#1153);
#1156=DIRECTION('',(0.E0,3.162277660168E-1,-9.486832980505E-1));
#1157=VECTOR('',#1156,1.185854122563E-1);
#1158=CARTESIAN_POINT('',(-4.167373373444E1,5.431202875755E-2,
-6.835788326106E-1));
#1159=LINE('',#1158,#1157);
#1160=DIRECTION('',(0.E0,6.E-1,-8.E-1));
#1161=VECTOR('',#1160,1.875E-1);
#1162=CARTESIAN_POINT('',(-4.167373373444E1,-5.818797124245E-2,
-5.335788326106E-1));
#1163=LINE('',#1162,#1161);
#1164=DIRECTION('',(0.E0,7.071067811865E-1,-7.071067811865E-1));
#1165=VECTOR('',#1164,1.590990257670E-1);
#1166=CARTESIAN_POINT('',(-4.167373373444E1,-1.706879712424E-1,
-4.210788326106E-1));
#1167=LINE('',#1166,#1165);
#1168=DIRECTION('',(1.E0,-1.776356839417E-13,1.165734175867E-13));
#1169=VECTOR('',#1168,9.999999999906E-3);
#1170=CARTESIAN_POINT('',(-4.167373373444E1,-3.206879712424E-1,
-3.460788326106E-1));
#1171=LINE('',#1170,#1169);
#1172=DIRECTION('',(0.E0,0.E0,1.E0));
#1173=VECTOR('',#1172,3.E-1);
#1174=CARTESIAN_POINT('',(-4.166373373444E1,-6.956879712424E-1,
-2.710788326106E-1));
#1175=LINE('',#1174,#1173);
#1176=DIRECTION('',(0.E0,-1.E0,0.E0));
#1177=VECTOR('',#1176,7.5E-2);
#1178=CARTESIAN_POINT('',(-4.166373373444E1,-6.206879712424E-1,
-2.710788326106E-1));
#1179=LINE('',#1178,#1177);
#1180=DIRECTION('',(0.E0,-9.805806756909E-1,1.961161351382E-1));
#1181=VECTOR('',#1180,1.912132317597E-1);
#1182=CARTESIAN_POINT('',(-4.166373373444E1,-4.331879712425E-1,
-3.085788326106E-1));
#1183=LINE('',#1182,#1181);
#1184=DIRECTION('',(0.E0,-9.486832980505E-1,3.162277660168E-1));
#1185=VECTOR('',#1184,1.185854122563E-1);
#1186=CARTESIAN_POINT('',(-4.166373373444E1,-3.206879712425E-1,
-3.460788326106E-1));
#1187=LINE('',#1186,#1185);
#1188=DIRECTION('',(0.E0,-8.944271909999E-1,4.472135955E-1));
#1189=VECTOR('',#1188,1.677050983125E-1);
#1190=CARTESIAN_POINT('',(-4.166373373444E1,-1.706879712424E-1,
-4.210788326106E-1));
#1191=LINE('',#1190,#1189);
#1192=DIRECTION('',(0.E0,-7.071067811865E-1,7.071067811865E-1));
#1193=VECTOR('',#1192,1.590990257670E-1);
#1194=CARTESIAN_POINT('',(-4.166373373444E1,-5.818797124245E-2,
-5.335788326106E-1));
#1195=LINE('',#1194,#1193);
#1196=DIRECTION('',(0.E0,-6.E-1,8.E-1));
#1197=VECTOR('',#1196,1.875E-1);
#1198=CARTESIAN_POINT('',(-4.166373373444E1,5.431202875755E-2,
-6.835788326106E-1));
#1199=LINE('',#1198,#1197);
#1200=DIRECTION('',(0.E0,-3.162277660168E-1,9.486832980505E-1));
#1201=VECTOR('',#1200,1.185854122563E-1);
#1202=CARTESIAN_POINT('',(-4.166373373444E1,9.181202875755E-2,
-7.960788326106E-1));
#1203=LINE('',#1202,#1201);
#1204=DIRECTION('',(0.E0,-1.E0,0.E0));
#1205=VECTOR('',#1204,3.E-1);
#1206=CARTESIAN_POINT('',(-4.166373373444E1,3.918120287575E-1,
-7.960788326106E-1));
#1207=LINE('',#1206,#1205);
#1208=DIRECTION('',(0.E0,0.E0,-1.E0));
#1209=VECTOR('',#1208,3.E0);
#1210=CARTESIAN_POINT('',(-4.166373373444E1,3.918120287576E-1,
2.203921167389E0));
#1211=LINE('',#1210,#1209);
#1212=DIRECTION('',(0.E0,1.E0,0.E0));
#1213=VECTOR('',#1212,3.75E-1);
#1214=CARTESIAN_POINT('',(-4.166373373444E1,1.681202875755E-2,
2.203921167389E0));
#1215=LINE('',#1214,#1213);
#1216=DIRECTION('',(0.E0,0.E0,1.E0));
#1217=VECTOR('',#1216,2.175E0);
#1218=CARTESIAN_POINT('',(-4.166373373444E1,1.681202875755E-2,
2.892116738941E-2));
#1219=LINE('',#1218,#1217);
#1220=DIRECTION('',(0.E0,1.E0,0.E0));
#1221=VECTOR('',#1220,7.125E-1);
#1222=CARTESIAN_POINT('',(-4.166373373444E1,-6.956879712424E-1,
2.892116738941E-2));
#1223=LINE('',#1222,#1221);
#1224=DIRECTION('',(1.E0,0.E0,-2.983724378708E-14));
#1225=VECTOR('',#1224,9.999999999906E-3);
#1226=CARTESIAN_POINT('',(-4.167373373444E1,-6.956879712424E-1,
2.892116738941E-2));
#1227=LINE('',#1226,#1225);
#1228=DIRECTION('',(1.E0,0.E0,-2.949029909188E-14));
#1229=VECTOR('',#1228,9.999999999906E-3);
#1230=CARTESIAN_POINT('',(-4.167373373444E1,1.681202875755E-2,
2.892116738941E-2));
#1231=LINE('',#1230,#1229);
#1232=DIRECTION('',(1.E0,0.E0,0.E0));
#1233=VECTOR('',#1232,9.999999999906E-3);
#1234=CARTESIAN_POINT('',(-4.167373373444E1,1.681202875755E-2,
2.203921167389E0));
#1235=LINE('',#1234,#1233);
#1236=DIRECTION('',(1.E0,0.E0,0.E0));
#1237=VECTOR('',#1236,9.999999999906E-3);
#1238=CARTESIAN_POINT('',(-4.167373373444E1,3.918120287576E-1,
2.203921167389E0));
#1239=LINE('',#1238,#1237);
#1240=DIRECTION('',(1.E0,0.E0,0.E0));
#1241=VECTOR('',#1240,9.999999999906E-3);
#1242=CARTESIAN_POINT('',(-4.167373373444E1,3.918120287575E-1,
-7.960788326106E-1));
#1243=LINE('',#1242,#1241);
#1244=DIRECTION('',(1.E0,0.E0,0.E0));
#1245=VECTOR('',#1244,9.999999999906E-3);
#1246=CARTESIAN_POINT('',(-4.167373373444E1,9.181202875755E-2,
-7.960788326106E-1));
#1247=LINE('',#1246,#1245);
#1248=DIRECTION('',(1.E0,0.E0,5.551115123178E-14));
#1249=VECTOR('',#1248,9.999999999906E-3);
#1250=CARTESIAN_POINT('',(-4.167373373444E1,5.431202875755E-2,
-6.835788326106E-1));
#1251=LINE('',#1250,#1249);
#1252=DIRECTION('',(1.E0,-8.881784197085E-14,1.110223024636E-13));
#1253=VECTOR('',#1252,9.999999999906E-3);
#1254=CARTESIAN_POINT('',(-4.167373373444E1,-5.818797124245E-2,
-5.335788326106E-1));
#1255=LINE('',#1254,#1253);
#1256=DIRECTION('',(1.E0,5.828670879337E-14,-4.996003610860E-14));
#1257=VECTOR('',#1256,9.999999999906E-3);
#1258=CARTESIAN_POINT('',(-4.167373373444E1,-1.706879712424E-1,
-4.210788326106E-1));
#1259=LINE('',#1258,#1257);
#1260=DIRECTION('',(1.E0,0.E0,2.775557561589E-14));
#1261=VECTOR('',#1260,9.999999999906E-3);
#1262=CARTESIAN_POINT('',(-4.167373373444E1,-6.956879712424E-1,
-2.710788326106E-1));
#1263=LINE('',#1262,#1261);
#1264=DIRECTION('',(1.E0,-1.443289932026E-13,3.330669073907E-14));
#1265=VECTOR('',#1264,9.999999999906E-3);
#1266=CARTESIAN_POINT('',(-4.167373373444E1,-6.206879712424E-1,
-2.710788326106E-1));
#1267=LINE('',#1266,#1265);
#1268=DIRECTION('',(1.E0,-4.496403249774E-13,1.443289932026E-13));
#1269=VECTOR('',#1268,9.999999999906E-3);
#1270=CARTESIAN_POINT('',(-4.167373373444E1,-4.331879712424E-1,
-3.085788326106E-1));
#1271=LINE('',#1270,#1269);
#1272=CARTESIAN_POINT('',(-3.2329302E1,-6.337199999999E-2,1.2673E1));
#1273=DIRECTION('',(0.E0,0.E0,-1.E0));
#1274=DIRECTION('',(1.E0,3.191891195797E-14,0.E0));
#1275=AXIS2_PLACEMENT_3D('',#1272,#1273,#1274);
#1277=DIRECTION('',(0.E0,-1.E0,0.E0));
#1278=VECTOR('',#1277,9.24E-1);
#1279=CARTESIAN_POINT('',(-3.2229302E1,8.60628E-1,1.2673E1));
#1280=LINE('',#1279,#1278);
#1281=CARTESIAN_POINT('',(-3.2329302E1,8.60628E-1,1.2673E1));
#1282=DIRECTION('',(0.E0,0.E0,-1.E0));
#1283=DIRECTION('',(0.E0,1.E0,0.E0));
#1284=AXIS2_PLACEMENT_3D('',#1281,#1282,#1283);
#1286=DIRECTION('',(1.E0,0.E0,0.E0));
#1287=VECTOR('',#1286,9.24E-1);
#1288=CARTESIAN_POINT('',(-3.3253302E1,9.60628E-1,1.2673E1));
#1289=LINE('',#1288,#1287);
#1290=CARTESIAN_POINT('',(-3.3253302E1,8.60628E-1,1.2673E1));
#1291=DIRECTION('',(0.E0,0.E0,-1.E0));
#1292=DIRECTION('',(-1.E0,-3.774758283725E-14,0.E0));
#1293=AXIS2_PLACEMENT_3D('',#1290,#1291,#1292);
#1295=DIRECTION('',(0.E0,1.E0,0.E0));
#1296=VECTOR('',#1295,9.24E-1);
#1297=CARTESIAN_POINT('',(-3.3353302E1,-6.337199999999E-2,1.2673E1));
#1298=LINE('',#1297,#1296);
#1299=CARTESIAN_POINT('',(-3.3253302E1,-6.337199999999E-2,1.2673E1));
#1300=DIRECTION('',(0.E0,0.E0,-1.E0));
#1301=DIRECTION('',(0.E0,-1.E0,0.E0));
#1302=AXIS2_PLACEMENT_3D('',#1299,#1300,#1301);
#1304=DIRECTION('',(-1.E0,0.E0,0.E0));
#1305=VECTOR('',#1304,9.24E-1);
#1306=CARTESIAN_POINT('',(-3.2329302E1,-1.63372E-1,1.2673E1));
#1307=LINE('',#1306,#1305);
#1308=CARTESIAN_POINT('',(-3.2326734E1,5.636628E0,1.2673E1));
#1309=DIRECTION('',(0.E0,0.E0,-1.E0));
#1310=DIRECTION('',(1.E0,-3.552713678800E-13,0.E0));
#1311=AXIS2_PLACEMENT_3D('',#1308,#1309,#1310);
#1313=DIRECTION('',(0.E0,-1.E0,0.E0));
#1314=VECTOR('',#1313,9.24E-1);
#1315=CARTESIAN_POINT('',(-3.2226734E1,6.560628E0,1.2673E1));
#1316=LINE('',#1315,#1314);
#1317=CARTESIAN_POINT('',(-3.2326734E1,6.560628E0,1.2673E1));
#1318=DIRECTION('',(0.E0,0.E0,-1.E0));
#1319=DIRECTION('',(-9.947598300641E-13,1.E0,0.E0));
#1320=AXIS2_PLACEMENT_3D('',#1317,#1318,#1319);
#1322=DIRECTION('',(1.E0,0.E0,0.E0));
#1323=VECTOR('',#1322,9.24E-1);
#1324=CARTESIAN_POINT('',(-3.3250734E1,6.660628E0,1.2673E1));
#1325=LINE('',#1324,#1323);
#1326=CARTESIAN_POINT('',(-3.3250734E1,6.560628E0,1.2673E1));
#1327=DIRECTION('',(0.E0,0.E0,-1.E0));
#1328=DIRECTION('',(-1.E0,0.E0,0.E0));
#1329=AXIS2_PLACEMENT_3D('',#1326,#1327,#1328);
#1331=DIRECTION('',(0.E0,1.E0,0.E0));
#1332=VECTOR('',#1331,9.24E-1);
#1333=CARTESIAN_POINT('',(-3.3350734E1,5.636628E0,1.2673E1));
#1334=LINE('',#1333,#1332);
#1335=CARTESIAN_POINT('',(-3.3250734E1,5.636628E0,1.2673E1));
#1336=DIRECTION('',(0.E0,0.E0,-1.E0));
#1337=DIRECTION('',(-1.989519660128E-12,-1.E0,0.E0));
#1338=AXIS2_PLACEMENT_3D('',#1335,#1336,#1337);
#1340=DIRECTION('',(-1.E0,0.E0,0.E0));
#1341=VECTOR('',#1340,9.24E-1);
#1342=CARTESIAN_POINT('',(-3.2326734E1,5.536628E0,1.2673E1));
#1343=LINE('',#1342,#1341);
#1344=CARTESIAN_POINT('',(-3.8953302E1,-6.337199999999E-2,1.2673E1));
#1345=DIRECTION('',(0.E0,0.E0,-1.E0));
#1346=DIRECTION('',(0.E0,-1.E0,0.E0));
#1347=AXIS2_PLACEMENT_3D('',#1344,#1345,#1346);
#1349=DIRECTION('',(-1.E0,0.E0,0.E0));
#1350=VECTOR('',#1349,9.24E-1);
#1351=CARTESIAN_POINT('',(-3.8029302E1,-1.63372E-1,1.2673E1));
#1352=LINE('',#1351,#1350);
#1353=CARTESIAN_POINT('',(-3.8029302E1,-6.337199999999E-2,1.2673E1));
#1354=DIRECTION('',(0.E0,0.E0,-1.E0));
#1355=DIRECTION('',(1.E0,3.191891195797E-14,0.E0));
#1356=AXIS2_PLACEMENT_3D('',#1353,#1354,#1355);
#1358=DIRECTION('',(0.E0,-1.E0,0.E0));
#1359=VECTOR('',#1358,9.24E-1);
#1360=CARTESIAN_POINT('',(-3.7929302E1,8.60628E-1,1.2673E1));
#1361=LINE('',#1360,#1359);
#1362=CARTESIAN_POINT('',(-3.8029302E1,8.60628E-1,1.2673E1));
#1363=DIRECTION('',(0.E0,0.E0,-1.E0));
#1364=DIRECTION('',(0.E0,1.E0,0.E0));
#1365=AXIS2_PLACEMENT_3D('',#1362,#1363,#1364);
#1367=DIRECTION('',(1.E0,0.E0,0.E0));
#1368=VECTOR('',#1367,9.239999999999E-1);
#1369=CARTESIAN_POINT('',(-3.8953302E1,9.60628E-1,1.2673E1));
#1370=LINE('',#1369,#1368);
#1371=CARTESIAN_POINT('',(-3.8953302E1,8.60628E-1,1.2673E1));
#1372=DIRECTION('',(0.E0,0.E0,-1.E0));
#1373=DIRECTION('',(-1.E0,-3.774758283725E-14,0.E0));
#1374=AXIS2_PLACEMENT_3D('',#1371,#1372,#1373);
#1376=DIRECTION('',(0.E0,1.E0,0.E0));
#1377=VECTOR('',#1376,9.24E-1);
#1378=CARTESIAN_POINT('',(-3.9053302E1,-6.337199999999E-2,1.2673E1));
#1379=LINE('',#1378,#1377);
#1380=CARTESIAN_POINT('',(-3.8026734E1,5.636628E0,1.2673E1));
#1381=DIRECTION('',(0.E0,0.E0,-1.E0));
#1382=DIRECTION('',(1.E0,0.E0,0.E0));
#1383=AXIS2_PLACEMENT_3D('',#1380,#1381,#1382);
#1385=DIRECTION('',(0.E0,-1.E0,0.E0));
#1386=VECTOR('',#1385,9.24E-1);
#1387=CARTESIAN_POINT('',(-3.7926734E1,6.560628E0,1.2673E1));
#1388=LINE('',#1387,#1386);
#1389=CARTESIAN_POINT('',(-3.8026734E1,6.560628E0,1.2673E1));
#1390=DIRECTION('',(0.E0,0.E0,-1.E0));
#1391=DIRECTION('',(0.E0,1.E0,0.E0));
#1392=AXIS2_PLACEMENT_3D('',#1389,#1390,#1391);
#1394=DIRECTION('',(1.E0,0.E0,0.E0));
#1395=VECTOR('',#1394,9.24E-1);
#1396=CARTESIAN_POINT('',(-3.8950734E1,6.660628E0,1.2673E1));
#1397=LINE('',#1396,#1395);
#1398=CARTESIAN_POINT('',(-3.8950734E1,6.560628E0,1.2673E1));
#1399=DIRECTION('',(0.E0,0.E0,-1.E0));
#1400=DIRECTION('',(-1.E0,0.E0,0.E0));
#1401=AXIS2_PLACEMENT_3D('',#1398,#1399,#1400);
#1403=DIRECTION('',(0.E0,1.E0,0.E0));
#1404=VECTOR('',#1403,9.24E-1);
#1405=CARTESIAN_POINT('',(-3.9050734E1,5.636628E0,1.2673E1));
#1406=LINE('',#1405,#1404);
#1407=CARTESIAN_POINT('',(-3.8950734E1,5.636628E0,1.2673E1));
#1408=DIRECTION('',(0.E0,0.E0,-1.E0));
#1409=DIRECTION('',(0.E0,-1.E0,0.E0));
#1410=AXIS2_PLACEMENT_3D('',#1407,#1408,#1409);
#1412=DIRECTION('',(-1.E0,0.E0,0.E0));
#1413=VECTOR('',#1412,9.239999999999E-1);
#1414=CARTESIAN_POINT('',(-3.8026734E1,5.536628E0,1.2673E1));
#1415=LINE('',#1414,#1413);
#1416=CARTESIAN_POINT('',(-2.7553302E1,-6.337199999999E-2,1.2673E1));
#1417=DIRECTION('',(0.E0,0.E0,-1.E0));
#1418=DIRECTION('',(0.E0,-1.E0,0.E0));
#1419=AXIS2_PLACEMENT_3D('',#1416,#1417,#1418);
#1421=DIRECTION('',(-1.E0,0.E0,0.E0));
#1422=VECTOR('',#1421,9.24E-1);
#1423=CARTESIAN_POINT('',(-2.6629302E1,-1.63372E-1,1.2673E1));
#1424=LINE('',#1423,#1422);
#1425=CARTESIAN_POINT('',(-2.6629302E1,-6.337199999999E-2,1.2673E1));
#1426=DIRECTION('',(0.E0,0.E0,-1.E0));
#1427=DIRECTION('',(1.E0,0.E0,0.E0));
#1428=AXIS2_PLACEMENT_3D('',#1425,#1426,#1427);
#1430=DIRECTION('',(0.E0,-1.E0,0.E0));
#1431=VECTOR('',#1430,9.24E-1);
#1432=CARTESIAN_POINT('',(-2.6529302E1,8.60628E-1,1.2673E1));
#1433=LINE('',#1432,#1431);
#1434=CARTESIAN_POINT('',(-2.6629302E1,8.60628E-1,1.2673E1));
#1435=DIRECTION('',(0.E0,0.E0,-1.E0));
#1436=DIRECTION('',(0.E0,1.E0,0.E0));
#1437=AXIS2_PLACEMENT_3D('',#1434,#1435,#1436);
#1439=DIRECTION('',(1.E0,0.E0,0.E0));
#1440=VECTOR('',#1439,9.24E-1);
#1441=CARTESIAN_POINT('',(-2.7553302E1,9.60628E-1,1.2673E1));
#1442=LINE('',#1441,#1440);
#1443=CARTESIAN_POINT('',(-2.7553302E1,8.60628E-1,1.2673E1));
#1444=DIRECTION('',(0.E0,0.E0,-1.E0));
#1445=DIRECTION('',(-1.E0,0.E0,0.E0));
#1446=AXIS2_PLACEMENT_3D('',#1443,#1444,#1445);
#1448=DIRECTION('',(0.E0,1.E0,0.E0));
#1449=VECTOR('',#1448,9.24E-1);
#1450=CARTESIAN_POINT('',(-2.7653302E1,-6.337199999999E-2,1.2673E1));
#1451=LINE('',#1450,#1449);
#1452=CARTESIAN_POINT('',(-2.7550734E1,5.636628E0,1.2673E1));
#1453=DIRECTION('',(0.E0,0.E0,-1.E0));
#1454=DIRECTION('',(0.E0,-1.E0,0.E0));
#1455=AXIS2_PLACEMENT_3D('',#1452,#1453,#1454);
#1457=DIRECTION('',(-1.E0,0.E0,0.E0));
#1458=VECTOR('',#1457,9.239999999999E-1);
#1459=CARTESIAN_POINT('',(-2.6626734E1,5.536628E0,1.2673E1));
#1460=LINE('',#1459,#1458);
#1461=CARTESIAN_POINT('',(-2.6626734E1,5.636628E0,1.2673E1));
#1462=DIRECTION('',(0.E0,0.E0,-1.E0));
#1463=DIRECTION('',(1.E0,0.E0,0.E0));
#1464=AXIS2_PLACEMENT_3D('',#1461,#1462,#1463);
#1466=DIRECTION('',(0.E0,-1.E0,0.E0));
#1467=VECTOR('',#1466,9.24E-1);
#1468=CARTESIAN_POINT('',(-2.6526734E1,6.560628E0,1.2673E1));
#1469=LINE('',#1468,#1467);
#1470=CARTESIAN_POINT('',(-2.6626734E1,6.560628E0,1.2673E1));
#1471=DIRECTION('',(0.E0,0.E0,-1.E0));
#1472=DIRECTION('',(0.E0,1.E0,0.E0));
#1473=AXIS2_PLACEMENT_3D('',#1470,#1471,#1472);
#1475=DIRECTION('',(1.E0,0.E0,0.E0));
#1476=VECTOR('',#1475,9.239999999999E-1);
#1477=CARTESIAN_POINT('',(-2.7550734E1,6.660628E0,1.2673E1));
#1478=LINE('',#1477,#1476);
#1479=CARTESIAN_POINT('',(-2.7550734E1,6.560628E0,1.2673E1));
#1480=DIRECTION('',(0.E0,0.E0,-1.E0));
#1481=DIRECTION('',(-1.E0,1.776356839400E-13,0.E0));
#1482=AXIS2_PLACEMENT_3D('',#1479,#1480,#1481);
#1484=DIRECTION('',(0.E0,1.E0,0.E0));
#1485=VECTOR('',#1484,9.24E-1);
#1486=CARTESIAN_POINT('',(-2.7650734E1,5.636628E0,1.2673E1));
#1487=LINE('',#1486,#1485);
#1488=DIRECTION('',(1.E0,0.E0,0.E0));
#1489=VECTOR('',#1488,1.05E0);
#1490=CARTESIAN_POINT('',(-4.166373384354E1,7.565049356208E0,1.2673E1));
#1491=LINE('',#1490,#1489);
#1492=DIRECTION('',(0.E0,1.E0,0.E0));
#1493=VECTOR('',#1492,6.59E-1);
#1494=CARTESIAN_POINT('',(-4.061373384354E1,7.565049356208E0,1.2673E1));
#1495=LINE('',#1494,#1493);
#1496=DIRECTION('',(1.E0,0.E0,0.E0));
#1497=VECTOR('',#1496,6.081E-1);
#1498=CARTESIAN_POINT('',(-4.061373384354E1,8.224049356208E0,1.2673E1));
#1499=LINE('',#1498,#1497);
#1500=DIRECTION('',(0.E0,-1.E0,0.E0));
#1501=VECTOR('',#1500,1.341E0);
#1502=CARTESIAN_POINT('',(-4.000563384354E1,9.565049356208E0,1.2673E1));
#1503=LINE('',#1502,#1501);
#1504=DIRECTION('',(0.E0,-1.E0,0.E0));
#1505=VECTOR('',#1504,1.341E0);
#1506=CARTESIAN_POINT('',(-2.557183384354E1,9.565049356208E0,1.2673E1));
#1507=LINE('',#1506,#1505);
#1508=DIRECTION('',(1.E0,0.E0,0.E0));
#1509=VECTOR('',#1508,6.081E-1);
#1510=CARTESIAN_POINT('',(-2.557183384354E1,8.224049356208E0,1.2673E1));
#1511=LINE('',#1510,#1509);
#1512=DIRECTION('',(0.E0,-1.E0,0.E0));
#1513=VECTOR('',#1512,6.59E-1);
#1514=CARTESIAN_POINT('',(-2.496373384354E1,8.224049356208E0,1.2673E1));
#1515=LINE('',#1514,#1513);
#1516=DIRECTION('',(-1.E0,0.E0,0.E0));
#1517=VECTOR('',#1516,1.05E0);
#1518=CARTESIAN_POINT('',(-2.391373384354E1,7.565049356208E0,1.2673E1));
#1519=LINE('',#1518,#1517);
#1520=DIRECTION('',(-1.E0,0.E0,0.E0));
#1521=VECTOR('',#1520,1.05E0);
#1522=CARTESIAN_POINT('',(-2.391373384354E1,-9.193275753330E-1,1.2673E1));
#1523=LINE('',#1522,#1521);
#1524=DIRECTION('',(0.E0,-1.E0,0.E0));
#1525=VECTOR('',#1524,6.59E-1);
#1526=CARTESIAN_POINT('',(-2.496373384354E1,-9.193275753330E-1,1.2673E1));
#1527=LINE('',#1526,#1525);
#1528=DIRECTION('',(-1.E0,0.E0,0.E0));
#1529=VECTOR('',#1528,6.081E-1);
#1530=CARTESIAN_POINT('',(-2.496373384354E1,-1.578327575333E0,1.2673E1));
#1531=LINE('',#1530,#1529);
#1532=DIRECTION('',(0.E0,1.E0,0.E0));
#1533=VECTOR('',#1532,1.341E0);
#1534=CARTESIAN_POINT('',(-2.557183384354E1,-2.919327575333E0,1.2673E1));
#1535=LINE('',#1534,#1533);
#1536=DIRECTION('',(0.E0,1.E0,0.E0));
#1537=VECTOR('',#1536,1.341E0);
#1538=CARTESIAN_POINT('',(-4.000563384354E1,-2.919327575333E0,1.2673E1));
#1539=LINE('',#1538,#1537);
#1540=DIRECTION('',(-1.E0,0.E0,0.E0));
#1541=VECTOR('',#1540,6.081E-1);
#1542=CARTESIAN_POINT('',(-4.000563384354E1,-1.578327575333E0,1.2673E1));
#1543=LINE('',#1542,#1541);
#1544=DIRECTION('',(0.E0,1.E0,0.E0));
#1545=VECTOR('',#1544,6.59E-1);
#1546=CARTESIAN_POINT('',(-4.061373384354E1,-1.578327575333E0,1.2673E1));
#1547=LINE('',#1546,#1545);
#1548=DIRECTION('',(1.E0,0.E0,0.E0));
#1549=VECTOR('',#1548,1.05E0);
#1550=CARTESIAN_POINT('',(-4.166373384354E1,-9.193275753330E-1,1.2673E1));
#1551=LINE('',#1550,#1549);
#1552=DIRECTION('',(0.E0,0.E0,-1.E0));
#1553=VECTOR('',#1552,3.38E0);
#1554=CARTESIAN_POINT('',(-3.2329302E1,-1.63372E-1,1.6053E1));
#1555=LINE('',#1554,#1553);
#1556=DIRECTION('',(0.E0,0.E0,1.E0));
#1557=VECTOR('',#1556,3.38E0);
#1558=CARTESIAN_POINT('',(-3.2229302E1,-6.337199999999E-2,1.2673E1));
#1559=LINE('',#1558,#1557);
#1560=DIRECTION('',(-1.261318465846E-14,0.E0,-1.E0));
#1561=VECTOR('',#1560,3.38E0);
#1562=CARTESIAN_POINT('',(-3.3353302E1,-6.3372E-2,1.6053E1));
#1563=LINE('',#1562,#1561);
#1564=DIRECTION('',(0.E0,0.E0,1.E0));
#1565=VECTOR('',#1564,3.38E0);
#1566=CARTESIAN_POINT('',(-3.3253302E1,-1.63372E-1,1.2673E1));
#1567=LINE('',#1566,#1565);
#1568=DIRECTION('',(0.E0,1.E0,-1.076579902665E-13));
#1569=VECTOR('',#1568,9.240000000011E-1);
#1570=CARTESIAN_POINT('',(-3.3353302E1,-6.3372E-2,1.6053E1));
#1571=LINE('',#1570,#1569);
#1572=DIRECTION('',(1.681757954462E-14,0.E0,-1.E0));
#1573=VECTOR('',#1572,3.38E0);
#1574=CARTESIAN_POINT('',(-3.3253302E1,9.60628E-1,1.6053E1));
#1575=LINE('',#1574,#1573);
#1576=DIRECTION('',(1.051098721539E-14,3.398990490776E-13,1.E0));
#1577=VECTOR('',#1576,3.38E0);
#1578=CARTESIAN_POINT('',(-3.3353302E1,8.60628E-1,1.2673E1));
#1579=LINE('',#1578,#1577);
#1580=DIRECTION('',(1.E0,0.E0,0.E0));
#1581=VECTOR('',#1580,9.24E-1);
#1582=CARTESIAN_POINT('',(-3.3253302E1,9.60628E-1,1.6053E1));
#1583=LINE('',#1582,#1581);
#1584=DIRECTION('',(0.E0,3.373369959438E-13,-1.E0));
#1585=VECTOR('',#1584,3.38E0);
#1586=CARTESIAN_POINT('',(-3.2229302E1,8.606279999989E-1,1.6053E1));
#1587=LINE('',#1586,#1585);
#1588=DIRECTION('',(0.E0,0.E0,1.E0));
#1589=VECTOR('',#1588,3.38E0);
#1590=CARTESIAN_POINT('',(-3.2329302E1,9.60628E-1,1.2673E1));
#1591=LINE('',#1590,#1589);
#1592=DIRECTION('',(0.E0,-1.E0,-1.076579902668E-13));
#1593=VECTOR('',#1592,9.239999999989E-1);
#1594=CARTESIAN_POINT('',(-3.2229302E1,8.606279999989E-1,1.6053E1));
#1595=LINE('',#1594,#1593);
#1596=CARTESIAN_POINT('',(-3.225859132188E1,-1.340826781187E-1,
1.608228932188E1));
#1597=CARTESIAN_POINT('',(-3.224085667087E1,-1.163480271003E-1,
1.606455467086E1));
#1598=CARTESIAN_POINT('',(-3.2229302E1,-9.408931661834E-2,1.6053E1));
#1599=CARTESIAN_POINT('',(-3.2229302E1,-6.337199999999E-2,1.6053E1));
#1601=CARTESIAN_POINT('',(-3.2229302E1,8.606279999966E-1,1.6053E1));
#1602=CARTESIAN_POINT('',(-3.2229302E1,8.913453166164E-1,1.6053E1));
#1603=CARTESIAN_POINT('',(-3.224085667086E1,9.136040270994E-1,
1.606455467086E1));
#1604=CARTESIAN_POINT('',(-3.225859132188E1,9.313386781187E-1,
1.608228932188E1));
#1606=DIRECTION('',(1.E0,0.E0,0.E0));
#1607=VECTOR('',#1606,9.24E-1);
#1608=CARTESIAN_POINT('',(-3.3253302E1,-1.63372E-1,1.6053E1));
#1609=LINE('',#1608,#1607);
#1610=CARTESIAN_POINT('',(-3.332401267812E1,-1.340826781186E-1,
1.608228932188E1));
#1611=CARTESIAN_POINT('',(-3.330627802710E1,-1.518173291370E-1,
1.606455467086E1));
#1612=CARTESIAN_POINT('',(-3.328401931662E1,-1.63372E-1,1.6053E1));
#1613=CARTESIAN_POINT('',(-3.3253302E1,-1.63372E-1,1.6053E1));
#1615=DIRECTION('',(-5.773502691897E-1,-5.773502691896E-1,-5.773502691896E-1));
#1616=VECTOR('',#1615,6.420897294098E-1);
#1617=CARTESIAN_POINT('',(-3.2953302E1,2.36628E-1,1.6453E1));
#1618=LINE('',#1617,#1616);
#1619=DIRECTION('',(-5.773502691896E-1,5.773502691896E-1,5.773502691896E-1));
#1620=VECTOR('',#1619,6.420897294098E-1);
#1621=CARTESIAN_POINT('',(-3.225859132188E1,-1.340826781187E-1,
1.608228932188E1));
#1622=LINE('',#1621,#1620);
#1623=CARTESIAN_POINT('',(-3.2329302E1,-1.63372E-1,1.6053E1));
#1624=CARTESIAN_POINT('',(-3.229858468338E1,-1.63372E-1,1.6053E1));
#1625=CARTESIAN_POINT('',(-3.227632597290E1,-1.518173291370E-1,
1.606455467086E1));
#1626=CARTESIAN_POINT('',(-3.225859132188E1,-1.340826781186E-1,
1.608228932188E1));
#1628=CARTESIAN_POINT('',(-3.332401267812E1,9.313386781187E-1,
1.608228932188E1));
#1629=CARTESIAN_POINT('',(-3.334174732914E1,9.136040271011E-1,
1.606455467086E1));
#1630=CARTESIAN_POINT('',(-3.3353302E1,8.913453166203E-1,1.6053E1));
#1631=CARTESIAN_POINT('',(-3.3353302E1,8.606280000034E-1,1.6053E1));
#1633=CARTESIAN_POINT('',(-3.3353302E1,-6.337200000001E-2,1.6053E1));
#1634=CARTESIAN_POINT('',(-3.3353302E1,-9.408931661835E-2,1.6053E1));
#1635=CARTESIAN_POINT('',(-3.334174732914E1,-1.163480271003E-1,
1.606455467086E1));
#1636=CARTESIAN_POINT('',(-3.332401267812E1,-1.340826781187E-1,
1.608228932188E1));
#1638=CARTESIAN_POINT('',(-3.225859132188E1,9.313386781187E-1,
1.608228932188E1));
#1639=CARTESIAN_POINT('',(-3.227632597290E1,9.490733291371E-1,
1.606455467086E1));
#1640=CARTESIAN_POINT('',(-3.229858468338E1,9.60628E-1,1.6053E1));
#1641=CARTESIAN_POINT('',(-3.2329302E1,9.60628E-1,1.6053E1));
#1643=DIRECTION('',(5.773502691897E-1,5.773502691896E-1,-5.773502691896E-1));
#1644=VECTOR('',#1643,6.420897294098E-1);
#1645=CARTESIAN_POINT('',(-3.2629302E1,5.60628E-1,1.6453E1));
#1646=LINE('',#1645,#1644);
#1647=DIRECTION('',(1.E0,0.E0,-1.096516567531E-14));
#1648=VECTOR('',#1647,3.24E-1);
#1649=CARTESIAN_POINT('',(-3.2953302E1,5.60628E-1,1.6453E1));
#1650=LINE('',#1649,#1648);
#1651=DIRECTION('',(5.773502691896E-1,-5.773502691896E-1,5.773502691896E-1));
#1652=VECTOR('',#1651,6.420897294099E-1);
#1653=CARTESIAN_POINT('',(-3.332401267812E1,9.313386781187E-1,
1.608228932188E1));
#1654=LINE('',#1653,#1652);
#1655=CARTESIAN_POINT('',(-3.3253302E1,9.60628E-1,1.6053E1));
#1656=CARTESIAN_POINT('',(-3.328401931662E1,9.60628E-1,1.6053E1));
#1657=CARTESIAN_POINT('',(-3.330627802710E1,9.490733291370E-1,
1.606455467086E1));
#1658=CARTESIAN_POINT('',(-3.332401267812E1,9.313386781187E-1,
1.608228932188E1));
#1660=DIRECTION('',(0.E0,-1.E0,0.E0));
#1661=VECTOR('',#1660,3.24E-1);
#1662=CARTESIAN_POINT('',(-3.2953302E1,5.60628E-1,1.6453E1));
#1663=LINE('',#1662,#1661);
#1664=DIRECTION('',(2.193033135062E-14,1.E0,-1.096516567531E-14));
#1665=VECTOR('',#1664,3.24E-1);
#1666=CARTESIAN_POINT('',(-3.2629302E1,2.36628E-1,1.6453E1));
#1667=LINE('',#1666,#1665);
#1668=DIRECTION('',(1.E0,0.E0,0.E0));
#1669=VECTOR('',#1668,3.24E-1);
#1670=CARTESIAN_POINT('',(-3.2953302E1,2.36628E-1,1.6453E1));
#1671=LINE('',#1670,#1669);
#1672=DIRECTION('',(0.E0,0.E0,-1.E0));
#1673=VECTOR('',#1672,3.38E0);
#1674=CARTESIAN_POINT('',(-3.2326734E1,5.536628E0,1.6053E1));
#1675=LINE('',#1674,#1673);
#1676=DIRECTION('',(-1.471538210154E-14,0.E0,1.E0));
#1677=VECTOR('',#1676,3.38E0);
#1678=CARTESIAN_POINT('',(-3.2226734E1,5.636628E0,1.2673E1));
#1679=LINE('',#1678,#1677);
#1680=DIRECTION('',(-1.E0,0.E0,0.E0));
#1681=VECTOR('',#1680,9.24E-1);
#1682=CARTESIAN_POINT('',(-3.2326734E1,5.536628E0,1.6053E1));
#1683=LINE('',#1682,#1681);
#1684=CARTESIAN_POINT('',(-3.332144467812E1,5.565917321881E0,1.608228932188E1));
#1685=CARTESIAN_POINT('',(-3.330371002710E1,5.548182670863E0,1.606455467086E1));
#1686=CARTESIAN_POINT('',(-3.328145131662E1,5.536628E0,1.6053E1));
#1687=CARTESIAN_POINT('',(-3.3250734E1,5.536628E0,1.6053E1));
#1689=DIRECTION('',(-1.E0,-3.289549702593E-14,-1.535123194543E-13));
#1690=VECTOR('',#1689,3.24E-1);
#1691=CARTESIAN_POINT('',(-3.2626734E1,5.936628E0,1.6453E1));
#1692=LINE('',#1691,#1690);
#1693=DIRECTION('',(-5.773502691897E-1,5.773502691896E-1,5.773502691896E-1));
#1694=VECTOR('',#1693,6.420897294098E-1);
#1695=CARTESIAN_POINT('',(-3.225602332188E1,5.565917321881E0,1.608228932188E1));
#1696=LINE('',#1695,#1694);
#1697=CARTESIAN_POINT('',(-3.2326734E1,5.536628E0,1.6053E1));
#1698=CARTESIAN_POINT('',(-3.229601668338E1,5.536628E0,1.6053E1));
#1699=CARTESIAN_POINT('',(-3.227375797290E1,5.548182670863E0,1.606455467086E1));
#1700=CARTESIAN_POINT('',(-3.225602332188E1,5.565917321881E0,1.608228932188E1));
#1702=DIRECTION('',(1.471538210154E-14,0.E0,-1.E0));
#1703=VECTOR('',#1702,3.38E0);
#1704=CARTESIAN_POINT('',(-3.3350734E1,5.636628E0,1.6053E1));
#1705=LINE('',#1704,#1703);
#1706=DIRECTION('',(0.E0,0.E0,1.E0));
#1707=VECTOR('',#1706,3.38E0);
#1708=CARTESIAN_POINT('',(-3.3250734E1,5.536628E0,1.2673E1));
#1709=LINE('',#1708,#1707);
#1710=DIRECTION('',(0.E0,0.E0,-1.E0));
#1711=VECTOR('',#1710,3.38E0);
#1712=CARTESIAN_POINT('',(-3.3250734E1,6.660628E0,1.6053E1));
#1713=LINE('',#1712,#1711);
#1714=DIRECTION('',(-1.471538210154E-14,0.E0,1.E0));
#1715=VECTOR('',#1714,3.38E0);
#1716=CARTESIAN_POINT('',(-3.3350734E1,6.560628E0,1.2673E1));
#1717=LINE('',#1716,#1715);
#1718=DIRECTION('',(1.E0,0.E0,0.E0));
#1719=VECTOR('',#1718,9.24E-1);
#1720=CARTESIAN_POINT('',(-3.3250734E1,6.660628E0,1.6053E1));
#1721=LINE('',#1720,#1719);
#1722=CARTESIAN_POINT('',(-3.225602332188E1,6.631338678119E0,1.608228932188E1));
#1723=CARTESIAN_POINT('',(-3.227375797290E1,6.649073329137E0,1.606455467086E1));
#1724=CARTESIAN_POINT('',(-3.229601668338E1,6.660628E0,1.6053E1));
#1725=CARTESIAN_POINT('',(-3.2326734E1,6.660628E0,1.6053E1));
#1727=DIRECTION('',(1.E0,1.918903993179E-14,1.535123194544E-13));
#1728=VECTOR('',#1727,3.24E-1);
#1729=CARTESIAN_POINT('',(-3.2950734E1,6.260628E0,1.6453E1));
#1730=LINE('',#1729,#1728);
#1731=CARTESIAN_POINT('',(-3.3250734E1,6.660628E0,1.6053E1));
#1732=CARTESIAN_POINT('',(-3.328145131662E1,6.660628E0,1.6053E1));
#1733=CARTESIAN_POINT('',(-3.330371002710E1,6.649073329137E0,1.606455467086E1));
#1734=CARTESIAN_POINT('',(-3.332144467812E1,6.631338678119E0,1.608228932188E1));
#1736=DIRECTION('',(1.471538210154E-14,0.E0,-1.E0));
#1737=VECTOR('',#1736,3.38E0);
#1738=CARTESIAN_POINT('',(-3.2226734E1,6.560628E0,1.6053E1));
#1739=LINE('',#1738,#1737);
#1740=DIRECTION('',(0.E0,0.E0,1.E0));
#1741=VECTOR('',#1740,3.38E0);
#1742=CARTESIAN_POINT('',(-3.2326734E1,6.660628E0,1.2673E1));
#1743=LINE('',#1742,#1741);
#1744=DIRECTION('',(0.E0,1.E0,0.E0));
#1745=VECTOR('',#1744,9.240000000001E-1);
#1746=CARTESIAN_POINT('',(-3.2226734E1,5.636628E0,1.6053E1));
#1747=LINE('',#1746,#1745);
#1748=CARTESIAN_POINT('',(-3.225602332188E1,5.565917321881E0,1.608228932188E1));
#1749=CARTESIAN_POINT('',(-3.223828867086E1,5.583651972900E0,1.606455467086E1));
#1750=CARTESIAN_POINT('',(-3.2226734E1,5.605910683382E0,1.6053E1));
#1751=CARTESIAN_POINT('',(-3.2226734E1,5.636628E0,1.6053E1));
#1753=DIRECTION('',(1.315819881037E-13,-1.E0,0.E0));
#1754=VECTOR('',#1753,3.24E-1);
#1755=CARTESIAN_POINT('',(-3.2626734E1,6.260628E0,1.6453E1));
#1756=LINE('',#1755,#1754);
#1757=DIRECTION('',(-5.773502691897E-1,-5.773502691896E-1,5.773502691896E-1));
#1758=VECTOR('',#1757,6.420897294098E-1);
#1759=CARTESIAN_POINT('',(-3.225602332188E1,6.631338678119E0,1.608228932188E1));
#1760=LINE('',#1759,#1758);
#1761=CARTESIAN_POINT('',(-3.2226734E1,6.560628E0,1.6053E1));
#1762=CARTESIAN_POINT('',(-3.2226734E1,6.591345316618E0,1.6053E1));
#1763=CARTESIAN_POINT('',(-3.223828867086E1,6.613604027100E0,1.606455467086E1));
#1764=CARTESIAN_POINT('',(-3.225602332188E1,6.631338678119E0,1.608228932188E1));
#1766=DIRECTION('',(0.E0,-1.E0,0.E0));
#1767=VECTOR('',#1766,9.24E-1);
#1768=CARTESIAN_POINT('',(-3.3350734E1,6.560628E0,1.6053E1));
#1769=LINE('',#1768,#1767);
#1770=CARTESIAN_POINT('',(-3.332144467812E1,6.631338678119E0,1.608228932188E1));
#1771=CARTESIAN_POINT('',(-3.333917932914E1,6.613604027100E0,1.606455467086E1));
#1772=CARTESIAN_POINT('',(-3.3350734E1,6.591345316618E0,1.6053E1));
#1773=CARTESIAN_POINT('',(-3.3350734E1,6.560628E0,1.6053E1));
#1775=DIRECTION('',(-5.773502691896E-1,5.773502691896E-1,-5.773502691897E-1));
#1776=VECTOR('',#1775,6.420897294098E-1);
#1777=CARTESIAN_POINT('',(-3.2950734E1,6.260628E0,1.6453E1));
#1778=LINE('',#1777,#1776);
#1779=DIRECTION('',(4.386066270124E-14,1.E0,0.E0));
#1780=VECTOR('',#1779,3.24E-1);
#1781=CARTESIAN_POINT('',(-3.2950734E1,5.936628E0,1.6453E1));
#1782=LINE('',#1781,#1780);
#1783=DIRECTION('',(5.773502691896E-1,5.773502691896E-1,5.773502691897E-1));
#1784=VECTOR('',#1783,6.420897294098E-1);
#1785=CARTESIAN_POINT('',(-3.332144467812E1,5.565917321881E0,1.608228932188E1));
#1786=LINE('',#1785,#1784);
#1787=CARTESIAN_POINT('',(-3.3350734E1,5.636628E0,1.6053E1));
#1788=CARTESIAN_POINT('',(-3.3350734E1,5.605910683382E0,1.6053E1));
#1789=CARTESIAN_POINT('',(-3.333917932914E1,5.583651972900E0,1.606455467086E1));
#1790=CARTESIAN_POINT('',(-3.332144467812E1,5.565917321881E0,1.608228932188E1));
#1792=DIRECTION('',(0.E0,0.E0,-1.E0));
#1793=VECTOR('',#1792,3.38E0);
#1794=CARTESIAN_POINT('',(-3.9053302E1,-6.337199999999E-2,1.6053E1));
#1795=LINE('',#1794,#1793);
#1796=DIRECTION('',(0.E0,0.E0,1.E0));
#1797=VECTOR('',#1796,3.38E0);
#1798=CARTESIAN_POINT('',(-3.8953302E1,-1.63372E-1,1.2673E1));
#1799=LINE('',#1798,#1797);
#1800=DIRECTION('',(0.E0,1.E0,0.E0));
#1801=VECTOR('',#1800,9.24E-1);
#1802=CARTESIAN_POINT('',(-3.9053302E1,-6.337199999999E-2,1.6053E1));
#1803=LINE('',#1802,#1801);
#1804=DIRECTION('',(0.E0,0.E0,-1.E0));
#1805=VECTOR('',#1804,3.38E0);
#1806=CARTESIAN_POINT('',(-3.8953302E1,9.60628E-1,1.6053E1));
#1807=LINE('',#1806,#1805);
#1808=DIRECTION('',(0.E0,0.E0,1.E0));
#1809=VECTOR('',#1808,3.38E0);
#1810=CARTESIAN_POINT('',(-3.9053302E1,8.60628E-1,1.2673E1));
#1811=LINE('',#1810,#1809);
#1812=DIRECTION('',(1.E0,0.E0,0.E0));
#1813=VECTOR('',#1812,9.239999999999E-1);
#1814=CARTESIAN_POINT('',(-3.8953302E1,9.60628E-1,1.6053E1));
#1815=LINE('',#1814,#1813);
#1816=DIRECTION('',(1.471538210154E-14,0.E0,-1.E0));
#1817=VECTOR('',#1816,3.38E0);
#1818=CARTESIAN_POINT('',(-3.7929302E1,8.60628E-1,1.6053E1));
#1819=LINE('',#1818,#1817);
#1820=DIRECTION('',(-1.051098721539E-14,0.E0,1.E0));
#1821=VECTOR('',#1820,3.38E0);
#1822=CARTESIAN_POINT('',(-3.8029302E1,9.60628E-1,1.2673E1));
#1823=LINE('',#1822,#1821);
#1824=DIRECTION('',(1.051098721539E-14,0.E0,-1.E0));
#1825=VECTOR('',#1824,3.38E0);
#1826=CARTESIAN_POINT('',(-3.8029302E1,-1.63372E-1,1.6053E1));
#1827=LINE('',#1826,#1825);
#1828=DIRECTION('',(-1.471538210154E-14,-2.727888592199E-13,1.E0));
#1829=VECTOR('',#1828,3.38E0);
#1830=CARTESIAN_POINT('',(-3.7929302E1,-6.337199999999E-2,1.2673E1));
#1831=LINE('',#1830,#1829);
#1832=DIRECTION('',(-1.E0,0.E0,0.E0));
#1833=VECTOR('',#1832,9.24E-1);
#1834=CARTESIAN_POINT('',(-3.8029302E1,-1.63372E-1,1.6053E1));
#1835=LINE('',#1834,#1833);
#1836=CARTESIAN_POINT('',(-3.902401267812E1,-1.340826781187E-1,
1.608228932188E1));
#1837=CARTESIAN_POINT('',(-3.900627802710E1,-1.518173291371E-1,
1.606455467086E1));
#1838=CARTESIAN_POINT('',(-3.898401931662E1,-1.63372E-1,1.6053E1));
#1839=CARTESIAN_POINT('',(-3.8953302E1,-1.63372E-1,1.6053E1));
#1841=CARTESIAN_POINT('',(-3.8029302E1,-1.63372E-1,1.6053E1));
#1842=CARTESIAN_POINT('',(-3.799858468338E1,-1.63372E-1,1.6053E1));
#1843=CARTESIAN_POINT('',(-3.797632597290E1,-1.518173291371E-1,
1.606455467086E1));
#1844=CARTESIAN_POINT('',(-3.795859132188E1,-1.340826781187E-1,
1.608228932188E1));
#1846=DIRECTION('',(5.773502691896E-1,5.773502691896E-1,5.773502691896E-1));
#1847=VECTOR('',#1846,6.420897294098E-1);
#1848=CARTESIAN_POINT('',(-3.902401267812E1,-1.340826781187E-1,
1.608228932188E1));
#1849=LINE('',#1848,#1847);
#1850=CARTESIAN_POINT('',(-3.9053302E1,-6.337199999999E-2,1.6053E1));
#1851=CARTESIAN_POINT('',(-3.9053302E1,-9.408931661834E-2,1.6053E1));
#1852=CARTESIAN_POINT('',(-3.904174732914E1,-1.163480271003E-1,
1.606455467086E1));
#1853=CARTESIAN_POINT('',(-3.902401267812E1,-1.340826781187E-1,
1.608228932188E1));
#1855=CARTESIAN_POINT('',(-3.902401267812E1,9.313386781187E-1,
1.608228932188E1));
#1856=CARTESIAN_POINT('',(-3.904174732914E1,9.136040271003E-1,
1.606455467086E1));
#1857=CARTESIAN_POINT('',(-3.9053302E1,8.913453166184E-1,1.6053E1));
#1858=CARTESIAN_POINT('',(-3.9053302E1,8.60628E-1,1.6053E1));
#1860=DIRECTION('',(5.773502691896E-1,-5.773502691896E-1,5.773502691896E-1));
#1861=VECTOR('',#1860,6.420897294098E-1);
#1862=CARTESIAN_POINT('',(-3.902401267812E1,9.313386781187E-1,
1.608228932188E1));
#1863=LINE('',#1862,#1861);
#1864=CARTESIAN_POINT('',(-3.8953302E1,9.60628E-1,1.6053E1));
#1865=CARTESIAN_POINT('',(-3.898401931662E1,9.60628E-1,1.6053E1));
#1866=CARTESIAN_POINT('',(-3.900627802710E1,9.490733291371E-1,
1.606455467086E1));
#1867=CARTESIAN_POINT('',(-3.902401267812E1,9.313386781187E-1,
1.608228932188E1));
#1869=CARTESIAN_POINT('',(-3.795859132188E1,9.313386781187E-1,
1.608228932188E1));
#1870=CARTESIAN_POINT('',(-3.797632597290E1,9.490733291371E-1,
1.606455467086E1));
#1871=CARTESIAN_POINT('',(-3.799858468338E1,9.60628E-1,1.6053E1));
#1872=CARTESIAN_POINT('',(-3.8029302E1,9.60628E-1,1.6053E1));
#1874=DIRECTION('',(0.E0,1.E0,1.076579902666E-13));
#1875=VECTOR('',#1874,9.240000000009E-1);
#1876=CARTESIAN_POINT('',(-3.7929302E1,-6.337200000091E-2,1.6053E1));
#1877=LINE('',#1876,#1875);
#1878=CARTESIAN_POINT('',(-3.795859132188E1,-1.340826781187E-1,
1.608228932188E1));
#1879=CARTESIAN_POINT('',(-3.794085667087E1,-1.163480271010E-1,
1.606455467086E1));
#1880=CARTESIAN_POINT('',(-3.7929302E1,-9.408931661992E-2,1.6053E1));
#1881=CARTESIAN_POINT('',(-3.7929302E1,-6.337200000275E-2,1.6053E1));
#1883=DIRECTION('',(5.773502691896E-1,-5.773502691897E-1,-5.773502691896E-1));
#1884=VECTOR('',#1883,6.420897294098E-1);
#1885=CARTESIAN_POINT('',(-3.8329302E1,2.36628E-1,1.6453E1));
#1886=LINE('',#1885,#1884);
#1887=DIRECTION('',(-5.773502691897E-1,-5.773502691896E-1,5.773502691896E-1));
#1888=VECTOR('',#1887,6.420897294097E-1);
#1889=CARTESIAN_POINT('',(-3.795859132188E1,9.313386781186E-1,
1.608228932188E1));
#1890=LINE('',#1889,#1888);
#1891=CARTESIAN_POINT('',(-3.7929302E1,8.60628E-1,1.6053E1));
#1892=CARTESIAN_POINT('',(-3.7929302E1,8.913453166184E-1,1.6053E1));
#1893=CARTESIAN_POINT('',(-3.794085667087E1,9.136040271003E-1,
1.606455467086E1));
#1894=CARTESIAN_POINT('',(-3.795859132188E1,9.313386781187E-1,
1.608228932188E1));
#1896=DIRECTION('',(4.386066270124E-14,-1.E0,0.E0));
#1897=VECTOR('',#1896,3.24E-1);
#1898=CARTESIAN_POINT('',(-3.8653302E1,5.60628E-1,1.6453E1));
#1899=LINE('',#1898,#1897);
#1900=DIRECTION('',(-1.E0,-1.302113423943E-14,0.E0));
#1901=VECTOR('',#1900,3.24E-1);
#1902=CARTESIAN_POINT('',(-3.8329302E1,5.60628E-1,1.6453E1));
#1903=LINE('',#1902,#1901);
#1904=DIRECTION('',(0.E0,1.E0,-1.096516567531E-14));
#1905=VECTOR('',#1904,3.24E-1);
#1906=CARTESIAN_POINT('',(-3.8329302E1,2.36628E-1,1.6453E1));
#1907=LINE('',#1906,#1905);
#1908=DIRECTION('',(1.E0,-4.360366663073E-14,0.E0));
#1909=VECTOR('',#1908,3.239999999999E-1);
#1910=CARTESIAN_POINT('',(-3.8653302E1,2.36628E-1,1.6453E1));
#1911=LINE('',#1910,#1909);
#1912=DIRECTION('',(0.E0,0.E0,-1.E0));
#1913=VECTOR('',#1912,3.38E0);
#1914=CARTESIAN_POINT('',(-3.8026734E1,5.536628E0,1.6053E1));
#1915=LINE('',#1914,#1913);
#1916=DIRECTION('',(0.E0,3.371399149335E-13,1.E0));
#1917=VECTOR('',#1916,3.38E0);
#1918=CARTESIAN_POINT('',(-3.7926734E1,5.636628E0,1.2673E1));
#1919=LINE('',#1918,#1917);
#1920=DIRECTION('',(-1.E0,0.E0,0.E0));
#1921=VECTOR('',#1920,9.239999999999E-1);
#1922=CARTESIAN_POINT('',(-3.8026734E1,5.536628E0,1.6053E1));
#1923=LINE('',#1922,#1921);
#1924=CARTESIAN_POINT('',(-3.902144467812E1,5.565917321881E0,1.608228932188E1));
#1925=CARTESIAN_POINT('',(-3.900371002710E1,5.548182670863E0,1.606455467086E1));
#1926=CARTESIAN_POINT('',(-3.898145131662E1,5.536628E0,1.6053E1));
#1927=CARTESIAN_POINT('',(-3.8950734E1,5.536628E0,1.6053E1));
#1929=DIRECTION('',(-5.773502691896E-1,-5.773502691897E-1,-5.773502691897E-1));
#1930=VECTOR('',#1929,6.420897294097E-1);
#1931=CARTESIAN_POINT('',(-3.8650734E1,5.936628E0,1.6453E1));
#1932=LINE('',#1931,#1930);
#1933=DIRECTION('',(-1.E0,-8.223874256479E-14,-1.096516567531E-13));
#1934=VECTOR('',#1933,3.240000000001E-1);
#1935=CARTESIAN_POINT('',(-3.8326734E1,5.936628E0,1.6453E1));
#1936=LINE('',#1935,#1934);
#1937=DIRECTION('',(-5.773502691897E-1,5.773502691896E-1,5.773502691896E-1));
#1938=VECTOR('',#1937,6.420897294098E-1);
#1939=CARTESIAN_POINT('',(-3.795602332188E1,5.565917321881E0,1.608228932188E1));
#1940=LINE('',#1939,#1938);
#1941=CARTESIAN_POINT('',(-3.8026734E1,5.536628E0,1.6053E1));
#1942=CARTESIAN_POINT('',(-3.799601668338E1,5.536628E0,1.6053E1));
#1943=CARTESIAN_POINT('',(-3.797375797290E1,5.548182670863E0,1.606455467086E1));
#1944=CARTESIAN_POINT('',(-3.795602332188E1,5.565917321881E0,1.608228932188E1));
#1946=DIRECTION('',(0.E0,0.E0,-1.E0));
#1947=VECTOR('',#1946,3.38E0);
#1948=CARTESIAN_POINT('',(-3.9050734E1,5.636628E0,1.6053E1));
#1949=LINE('',#1948,#1947);
#1950=DIRECTION('',(0.E0,0.E0,1.E0));
#1951=VECTOR('',#1950,3.38E0);
#1952=CARTESIAN_POINT('',(-3.8950734E1,5.536628E0,1.2673E1));
#1953=LINE('',#1952,#1951);
#1954=DIRECTION('',(0.E0,1.E0,0.E0));
#1955=VECTOR('',#1954,9.24E-1);
#1956=CARTESIAN_POINT('',(-3.9050734E1,5.636628E0,1.6053E1));
#1957=LINE('',#1956,#1955);
#1958=DIRECTION('',(0.E0,0.E0,-1.E0));
#1959=VECTOR('',#1958,3.38E0);
#1960=CARTESIAN_POINT('',(-3.8950734E1,6.660628E0,1.6053E1));
#1961=LINE('',#1960,#1959);
#1962=DIRECTION('',(0.E0,0.E0,1.E0));
#1963=VECTOR('',#1962,3.38E0);
#1964=CARTESIAN_POINT('',(-3.9050734E1,6.560628E0,1.2673E1));
#1965=LINE('',#1964,#1963);
#1966=DIRECTION('',(1.E0,0.E0,0.E0));
#1967=VECTOR('',#1966,9.239999999999E-1);
#1968=CARTESIAN_POINT('',(-3.8950734E1,6.660628E0,1.6053E1));
#1969=LINE('',#1968,#1967);
#1970=DIRECTION('',(5.773502691896E-1,-5.773502691897E-1,5.773502691897E-1));
#1971=VECTOR('',#1970,6.420897294097E-1);
#1972=CARTESIAN_POINT('',(-3.902144467812E1,6.631338678119E0,1.608228932188E1));
#1973=LINE('',#1972,#1971);
#1974=CARTESIAN_POINT('',(-3.8950734E1,6.660628E0,1.6053E1));
#1975=CARTESIAN_POINT('',(-3.898145131662E1,6.660628E0,1.6053E1));
#1976=CARTESIAN_POINT('',(-3.900371002710E1,6.649073329137E0,1.606455467086E1));
#1977=CARTESIAN_POINT('',(-3.902144467812E1,6.631338678119E0,1.608228932188E1));
#1979=CARTESIAN_POINT('',(-3.795602332188E1,6.631338678119E0,1.608228932188E1));
#1980=CARTESIAN_POINT('',(-3.797375797290E1,6.649073329137E0,1.606455467086E1));
#1981=CARTESIAN_POINT('',(-3.799601668338E1,6.660628E0,1.6053E1));
#1982=CARTESIAN_POINT('',(-3.8026734E1,6.660628E0,1.6053E1));
#1984=DIRECTION('',(5.773502691896E-1,5.773502691896E-1,-5.773502691896E-1));
#1985=VECTOR('',#1984,6.420897294097E-1);
#1986=CARTESIAN_POINT('',(-3.8326734E1,6.260628E0,1.6453E1));
#1987=LINE('',#1986,#1985);
#1988=CARTESIAN_POINT('',(-3.9050734E1,5.636628E0,1.6053E1));
#1989=CARTESIAN_POINT('',(-3.9050734E1,5.605910683382E0,1.6053E1));
#1990=CARTESIAN_POINT('',(-3.903917932914E1,5.583651972900E0,1.606455467086E1));
#1991=CARTESIAN_POINT('',(-3.902144467812E1,5.565917321881E0,1.608228932188E1));
#1993=CARTESIAN_POINT('',(-3.902144467812E1,6.631338678119E0,1.608228932188E1));
#1994=CARTESIAN_POINT('',(-3.903917932914E1,6.613604027100E0,1.606455467086E1));
#1995=CARTESIAN_POINT('',(-3.9050734E1,6.591345316618E0,1.6053E1));
#1996=CARTESIAN_POINT('',(-3.9050734E1,6.560628E0,1.6053E1));
#1998=DIRECTION('',(8.772132540246E-14,1.E0,0.E0));
#1999=VECTOR('',#1998,3.240000000001E-1);
#2000=CARTESIAN_POINT('',(-3.8650734E1,5.936628E0,1.6453E1));
#2001=LINE('',#2000,#1999);
#2002=DIRECTION('',(-6.579099405186E-14,1.E0,0.E0));
#2003=VECTOR('',#2002,3.24E-1);
#2004=CARTESIAN_POINT('',(-3.8326734E1,5.936628E0,1.6453E1));
#2005=LINE('',#2004,#2003);
#2006=DIRECTION('',(-1.E0,1.425471537790E-13,-1.096516567531E-13));
#2007=VECTOR('',#2006,3.240000000001E-1);
#2008=CARTESIAN_POINT('',(-3.8326734E1,6.260628E0,1.6453E1));
#2009=LINE('',#2008,#2007);
#2010=CARTESIAN_POINT('',(-3.795602332188E1,5.565917321881E0,1.608228932188E1));
#2011=CARTESIAN_POINT('',(-3.793828867086E1,5.583651972901E0,1.606455467086E1));
#2012=CARTESIAN_POINT('',(-3.7926734E1,5.605910683384E0,1.6053E1));
#2013=CARTESIAN_POINT('',(-3.7926734E1,5.636628000003E0,1.6053E1));
#2015=CARTESIAN_POINT('',(-3.7926734E1,6.560627999997E0,1.6053E1));
#2016=CARTESIAN_POINT('',(-3.7926734E1,6.591345316616E0,1.6053E1));
#2017=CARTESIAN_POINT('',(-3.793828867086E1,6.613604027099E0,1.606455467086E1));
#2018=CARTESIAN_POINT('',(-3.795602332188E1,6.631338678119E0,1.608228932188E1));
#2020=DIRECTION('',(0.E0,-1.E0,0.E0));
#2021=VECTOR('',#2020,9.239999999977E-1);
#2022=CARTESIAN_POINT('',(-3.7926734E1,6.560627999999E0,1.6053E1));
#2023=LINE('',#2022,#2021);
#2024=DIRECTION('',(0.E0,3.371399149335E-13,-1.E0));
#2025=VECTOR('',#2024,3.38E0);
#2026=CARTESIAN_POINT('',(-3.7926734E1,6.560627999999E0,1.6053E1));
#2027=LINE('',#2026,#2025);
#2028=DIRECTION('',(-2.102197443077E-14,0.E0,1.E0));
#2029=VECTOR('',#2028,3.38E0);
#2030=CARTESIAN_POINT('',(-3.8026734E1,6.660628E0,1.2673E1));
#2031=LINE('',#2030,#2029);
#2032=DIRECTION('',(0.E0,0.E0,-1.E0));
#2033=VECTOR('',#2032,3.38E0);
#2034=CARTESIAN_POINT('',(-2.7653302E1,-6.337199999998E-2,1.6053E1));
#2035=LINE('',#2034,#2033);
#2036=DIRECTION('',(0.E0,0.E0,1.E0));
#2037=VECTOR('',#2036,3.38E0);
#2038=CARTESIAN_POINT('',(-2.7553302E1,-1.63372E-1,1.2673E1));
#2039=LINE('',#2038,#2037);
#2040=DIRECTION('',(0.E0,1.E0,0.E0));
#2041=VECTOR('',#2040,9.24E-1);
#2042=CARTESIAN_POINT('',(-2.7653302E1,-6.337199999998E-2,1.6053E1));
#2043=LINE('',#2042,#2041);
#2044=DIRECTION('',(0.E0,0.E0,-1.E0));
#2045=VECTOR('',#2044,3.38E0);
#2046=CARTESIAN_POINT('',(-2.7553302E1,9.60628E-1,1.6053E1));
#2047=LINE('',#2046,#2045);
#2048=DIRECTION('',(0.E0,0.E0,1.E0));
#2049=VECTOR('',#2048,3.38E0);
#2050=CARTESIAN_POINT('',(-2.7653302E1,8.60628E-1,1.2673E1));
#2051=LINE('',#2050,#2049);
#2052=DIRECTION('',(1.E0,0.E0,0.E0));
#2053=VECTOR('',#2052,9.24E-1);
#2054=CARTESIAN_POINT('',(-2.7553302E1,9.60628E-1,1.6053E1));
#2055=LINE('',#2054,#2053);
#2056=DIRECTION('',(0.E0,0.E0,-1.E0));
#2057=VECTOR('',#2056,3.38E0);
#2058=CARTESIAN_POINT('',(-2.6529302E1,8.60628E-1,1.6053E1));
#2059=LINE('',#2058,#2057);
#2060=DIRECTION('',(0.E0,0.E0,1.E0));
#2061=VECTOR('',#2060,3.38E0);
#2062=CARTESIAN_POINT('',(-2.6629302E1,9.60628E-1,1.2673E1));
#2063=LINE('',#2062,#2061);
#2064=DIRECTION('',(0.E0,-1.E0,0.E0));
#2065=VECTOR('',#2064,9.24E-1);
#2066=CARTESIAN_POINT('',(-2.6529302E1,8.60628E-1,1.6053E1));
#2067=LINE('',#2066,#2065);
#2068=DIRECTION('',(0.E0,0.E0,-1.E0));
#2069=VECTOR('',#2068,3.38E0);
#2070=CARTESIAN_POINT('',(-2.6629302E1,-1.63372E-1,1.6053E1));
#2071=LINE('',#2070,#2069);
#2072=DIRECTION('',(0.E0,0.E0,1.E0));
#2073=VECTOR('',#2072,3.38E0);
#2074=CARTESIAN_POINT('',(-2.6529302E1,-6.337199999999E-2,1.2673E1));
#2075=LINE('',#2074,#2073);
#2076=DIRECTION('',(-1.E0,0.E0,0.E0));
#2077=VECTOR('',#2076,9.24E-1);
#2078=CARTESIAN_POINT('',(-2.6629302E1,-1.63372E-1,1.6053E1));
#2079=LINE('',#2078,#2077);
#2080=CARTESIAN_POINT('',(-2.762401267812E1,-1.340826781186E-1,
1.608228932188E1));
#2081=CARTESIAN_POINT('',(-2.760627802710E1,-1.518173291370E-1,
1.606455467086E1));
#2082=CARTESIAN_POINT('',(-2.758401931662E1,-1.63372E-1,1.6053E1));
#2083=CARTESIAN_POINT('',(-2.7553302E1,-1.63372E-1,1.6053E1));
#2085=DIRECTION('',(-5.773502691896E-1,-5.773502691896E-1,-5.773502691896E-1));
#2086=VECTOR('',#2085,6.420897294098E-1);
#2087=CARTESIAN_POINT('',(-2.7253302E1,2.36628E-1,1.6453E1));
#2088=LINE('',#2087,#2086);
#2089=DIRECTION('',(-1.E0,1.130782710266E-13,0.E0));
#2090=VECTOR('',#2089,3.24E-1);
#2091=CARTESIAN_POINT('',(-2.6929302E1,2.36628E-1,1.6453E1));
#2092=LINE('',#2091,#2090);
#2093=CARTESIAN_POINT('',(-2.6629302E1,-1.63372E-1,1.6053E1));
#2094=CARTESIAN_POINT('',(-2.659858468338E1,-1.63372E-1,1.6053E1));
#2095=CARTESIAN_POINT('',(-2.657632597290E1,-1.518173291370E-1,
1.606455467086E1));
#2096=CARTESIAN_POINT('',(-2.655859132188E1,-1.340826781187E-1,
1.608228932188E1));
#2098=CARTESIAN_POINT('',(-2.762401267812E1,9.313386781186E-1,
1.608228932188E1));
#2099=CARTESIAN_POINT('',(-2.764174732914E1,9.136040271002E-1,
1.606455467086E1));
#2100=CARTESIAN_POINT('',(-2.7653302E1,8.913453166183E-1,1.6053E1));
#2101=CARTESIAN_POINT('',(-2.7653302E1,8.60628E-1,1.6053E1));
#2103=DIRECTION('',(-5.773502691896E-1,5.773502691896E-1,-5.773502691896E-1));
#2104=VECTOR('',#2103,6.420897294099E-1);
#2105=CARTESIAN_POINT('',(-2.7253302E1,5.60628E-1,1.6453E1));
#2106=LINE('',#2105,#2104);
#2107=DIRECTION('',(0.E0,1.E0,0.E0));
#2108=VECTOR('',#2107,3.239999999999E-1);
#2109=CARTESIAN_POINT('',(-2.7253302E1,2.36628E-1,1.6453E1));
#2110=LINE('',#2109,#2108);
#2111=CARTESIAN_POINT('',(-2.7653302E1,-6.337199999996E-2,1.6053E1));
#2112=CARTESIAN_POINT('',(-2.7653302E1,-9.408931661830E-2,1.6053E1));
#2113=CARTESIAN_POINT('',(-2.764174732914E1,-1.163480271002E-1,
1.606455467086E1));
#2114=CARTESIAN_POINT('',(-2.762401267812E1,-1.340826781186E-1,
1.608228932188E1));
#2116=CARTESIAN_POINT('',(-2.655859132188E1,9.313386781187E-1,
1.608228932188E1));
#2117=CARTESIAN_POINT('',(-2.657632597290E1,9.490733291371E-1,
1.606455467086E1));
#2118=CARTESIAN_POINT('',(-2.659858468338E1,9.60628E-1,1.6053E1));
#2119=CARTESIAN_POINT('',(-2.6629302E1,9.60628E-1,1.6053E1));
#2121=DIRECTION('',(1.E0,1.151342395908E-13,0.E0));
#2122=VECTOR('',#2121,3.24E-1);
#2123=CARTESIAN_POINT('',(-2.7253302E1,5.60628E-1,1.6453E1));
#2124=LINE('',#2123,#2122);
#2125=CARTESIAN_POINT('',(-2.7553302E1,9.60628E-1,1.6053E1));
#2126=CARTESIAN_POINT('',(-2.758401931662E1,9.60628E-1,1.6053E1));
#2127=CARTESIAN_POINT('',(-2.760627802710E1,9.490733291371E-1,
1.606455467086E1));
#2128=CARTESIAN_POINT('',(-2.762401267812E1,9.313386781187E-1,
1.608228932188E1));
#2130=CARTESIAN_POINT('',(-2.655859132188E1,-1.340826781187E-1,
1.608228932188E1));
#2131=CARTESIAN_POINT('',(-2.654085667087E1,-1.163480271003E-1,
1.606455467086E1));
#2132=CARTESIAN_POINT('',(-2.6529302E1,-9.408931661834E-2,1.6053E1));
#2133=CARTESIAN_POINT('',(-2.6529302E1,-6.337199999997E-2,1.6053E1));
#2135=DIRECTION('',(5.773502691896E-1,-5.773502691896E-1,-5.773502691896E-1));
#2136=VECTOR('',#2135,6.420897294098E-1);
#2137=CARTESIAN_POINT('',(-2.6929302E1,2.36628E-1,1.6453E1));
#2138=LINE('',#2137,#2136);
#2139=DIRECTION('',(0.E0,-1.E0,0.E0));
#2140=VECTOR('',#2139,3.24E-1);
#2141=CARTESIAN_POINT('',(-2.6929302E1,5.60628E-1,1.6453E1));
#2142=LINE('',#2141,#2140);
#2143=DIRECTION('',(-5.773502691896E-1,-5.773502691896E-1,5.773502691896E-1));
#2144=VECTOR('',#2143,6.420897294098E-1);
#2145=CARTESIAN_POINT('',(-2.655859132188E1,9.313386781187E-1,
1.608228932188E1));
#2146=LINE('',#2145,#2144);
#2147=CARTESIAN_POINT('',(-2.6529302E1,8.60628E-1,1.6053E1));
#2148=CARTESIAN_POINT('',(-2.6529302E1,8.913453166183E-1,1.6053E1));
#2149=CARTESIAN_POINT('',(-2.654085667087E1,9.136040271003E-1,
1.606455467086E1));
#2150=CARTESIAN_POINT('',(-2.655859132188E1,9.313386781187E-1,
1.608228932188E1));
#2152=DIRECTION('',(0.E0,0.E0,-1.E0));
#2153=VECTOR('',#2152,3.38E0);
#2154=CARTESIAN_POINT('',(-2.7650734E1,5.636628E0,1.6053E1));
#2155=LINE('',#2154,#2153);
#2156=DIRECTION('',(0.E0,0.E0,1.E0));
#2157=VECTOR('',#2156,3.38E0);
#2158=CARTESIAN_POINT('',(-2.7550734E1,5.536628E0,1.2673E1));
#2159=LINE('',#2158,#2157);
#2160=DIRECTION('',(0.E0,1.E0,0.E0));
#2161=VECTOR('',#2160,9.24E-1);
#2162=CARTESIAN_POINT('',(-2.7650734E1,5.636628E0,1.6053E1));
#2163=LINE('',#2162,#2161);
#2164=CARTESIAN_POINT('',(-2.762144467812E1,6.631338678119E0,1.608228932188E1));
#2165=CARTESIAN_POINT('',(-2.763917932914E1,6.613604027100E0,1.606455467086E1));
#2166=CARTESIAN_POINT('',(-2.7650734E1,6.591345316618E0,1.6053E1));
#2167=CARTESIAN_POINT('',(-2.7650734E1,6.560628E0,1.6053E1));
#2169=DIRECTION('',(0.E0,1.E0,0.E0));
#2170=VECTOR('',#2169,3.24E-1);
#2171=CARTESIAN_POINT('',(-2.7250734E1,5.936628E0,1.6453E1));
#2172=LINE('',#2171,#2170);
#2173=DIRECTION('',(5.773502691896E-1,5.773502691896E-1,5.773502691896E-1));
#2174=VECTOR('',#2173,6.420897294098E-1);
#2175=CARTESIAN_POINT('',(-2.762144467812E1,5.565917321881E0,1.608228932188E1));
#2176=LINE('',#2175,#2174);
#2177=CARTESIAN_POINT('',(-2.7650734E1,5.636628E0,1.6053E1));
#2178=CARTESIAN_POINT('',(-2.7650734E1,5.605910683382E0,1.6053E1));
#2179=CARTESIAN_POINT('',(-2.763917932914E1,5.583651972900E0,1.606455467086E1));
#2180=CARTESIAN_POINT('',(-2.762144467812E1,5.565917321881E0,1.608228932188E1));
#2182=DIRECTION('',(0.E0,0.E0,-1.E0));
#2183=VECTOR('',#2182,3.38E0);
#2184=CARTESIAN_POINT('',(-2.7550734E1,6.660628E0,1.6053E1));
#2185=LINE('',#2184,#2183);
#2186=DIRECTION('',(0.E0,0.E0,1.E0));
#2187=VECTOR('',#2186,3.38E0);
#2188=CARTESIAN_POINT('',(-2.7650734E1,6.560628E0,1.2673E1));
#2189=LINE('',#2188,#2187);
#2190=DIRECTION('',(1.E0,0.E0,0.E0));
#2191=VECTOR('',#2190,9.239999999999E-1);
#2192=CARTESIAN_POINT('',(-2.7550734E1,6.660628E0,1.6053E1));
#2193=LINE('',#2192,#2191);
#2194=CARTESIAN_POINT('',(-2.655602332188E1,6.631338678119E0,1.608228932188E1));
#2195=CARTESIAN_POINT('',(-2.657375797290E1,6.649073329137E0,1.606455467086E1));
#2196=CARTESIAN_POINT('',(-2.659601668338E1,6.660628E0,1.6053E1));
#2197=CARTESIAN_POINT('',(-2.6626734E1,6.660628E0,1.6053E1));
#2199=DIRECTION('',(1.E0,-1.370645709414E-14,-5.482582837655E-14));
#2200=VECTOR('',#2199,3.24E-1);
#2201=CARTESIAN_POINT('',(-2.7250734E1,6.260628E0,1.6453E1));
#2202=LINE('',#2201,#2200);
#2203=DIRECTION('',(5.773502691896E-1,-5.773502691896E-1,5.773502691896E-1));
#2204=VECTOR('',#2203,6.420897294098E-1);
#2205=CARTESIAN_POINT('',(-2.762144467812E1,6.631338678119E0,1.608228932188E1));
#2206=LINE('',#2205,#2204);
#2207=CARTESIAN_POINT('',(-2.7550734E1,6.660628E0,1.6053E1));
#2208=CARTESIAN_POINT('',(-2.758145131662E1,6.660628E0,1.6053E1));
#2209=CARTESIAN_POINT('',(-2.760371002710E1,6.649073329137E0,1.606455467086E1));
#2210=CARTESIAN_POINT('',(-2.762144467812E1,6.631338678119E0,1.608228932188E1));
#2212=DIRECTION('',(0.E0,0.E0,-1.E0));
#2213=VECTOR('',#2212,3.38E0);
#2214=CARTESIAN_POINT('',(-2.6526734E1,6.560628E0,1.6053E1));
#2215=LINE('',#2214,#2213);
#2216=DIRECTION('',(0.E0,0.E0,1.E0));
#2217=VECTOR('',#2216,3.38E0);
#2218=CARTESIAN_POINT('',(-2.6626734E1,6.660628E0,1.2673E1));
#2219=LINE('',#2218,#2217);
#2220=DIRECTION('',(0.E0,-1.E0,0.E0));
#2221=VECTOR('',#2220,9.24E-1);
#2222=CARTESIAN_POINT('',(-2.6526734E1,6.560628E0,1.6053E1));
#2223=LINE('',#2222,#2221);
#2224=CARTESIAN_POINT('',(-2.655602332188E1,5.565917321881E0,1.608228932188E1));
#2225=CARTESIAN_POINT('',(-2.653828867086E1,5.583651972900E0,1.606455467086E1));
#2226=CARTESIAN_POINT('',(-2.6526734E1,5.605910683382E0,1.6053E1));
#2227=CARTESIAN_POINT('',(-2.6526734E1,5.636628E0,1.6053E1));
#2229=DIRECTION('',(5.773502691896E-1,-5.773502691896E-1,-5.773502691896E-1));
#2230=VECTOR('',#2229,6.420897294098E-1);
#2231=CARTESIAN_POINT('',(-2.6926734E1,5.936628E0,1.6453E1));
#2232=LINE('',#2231,#2230);
#2233=DIRECTION('',(-8.772132540247E-14,-1.E0,0.E0));
#2234=VECTOR('',#2233,3.24E-1);
#2235=CARTESIAN_POINT('',(-2.6926734E1,6.260628E0,1.6453E1));
#2236=LINE('',#2235,#2234);
#2237=DIRECTION('',(-5.773502691896E-1,-5.773502691896E-1,5.773502691896E-1));
#2238=VECTOR('',#2237,6.420897294097E-1);
#2239=CARTESIAN_POINT('',(-2.655602332188E1,6.631338678119E0,1.608228932188E1));
#2240=LINE('',#2239,#2238);
#2241=CARTESIAN_POINT('',(-2.6526734E1,6.560628E0,1.6053E1));
#2242=CARTESIAN_POINT('',(-2.6526734E1,6.591345316618E0,1.6053E1));
#2243=CARTESIAN_POINT('',(-2.653828867086E1,6.613604027100E0,1.606455467086E1));
#2244=CARTESIAN_POINT('',(-2.655602332188E1,6.631338678119E0,1.608228932188E1));
#2246=DIRECTION('',(0.E0,0.E0,-1.E0));
#2247=VECTOR('',#2246,3.38E0);
#2248=CARTESIAN_POINT('',(-2.6626734E1,5.536628E0,1.6053E1));
#2249=LINE('',#2248,#2247);
#2250=DIRECTION('',(0.E0,0.E0,1.E0));
#2251=VECTOR('',#2250,3.38E0);
#2252=CARTESIAN_POINT('',(-2.6526734E1,5.636628E0,1.2673E1));
#2253=LINE('',#2252,#2251);
#2254=DIRECTION('',(-1.E0,0.E0,0.E0));
#2255=VECTOR('',#2254,9.239999999999E-1);
#2256=CARTESIAN_POINT('',(-2.6626734E1,5.536628E0,1.6053E1));
#2257=LINE('',#2256,#2255);
#2258=CARTESIAN_POINT('',(-2.762144467812E1,5.565917321881E0,1.608228932188E1));
#2259=CARTESIAN_POINT('',(-2.760371002710E1,5.548182670863E0,1.606455467086E1));
#2260=CARTESIAN_POINT('',(-2.758145131662E1,5.536628E0,1.6053E1));
#2261=CARTESIAN_POINT('',(-2.7550734E1,5.536628E0,1.6053E1));
#2263=DIRECTION('',(-1.E0,3.289549702593E-14,5.482582837655E-14));
#2264=VECTOR('',#2263,3.24E-1);
#2265=CARTESIAN_POINT('',(-2.6926734E1,5.936628E0,1.6453E1));
#2266=LINE('',#2265,#2264);
#2267=CARTESIAN_POINT('',(-2.6626734E1,5.536628E0,1.6053E1));
#2268=CARTESIAN_POINT('',(-2.659601668338E1,5.536628E0,1.6053E1));
#2269=CARTESIAN_POINT('',(-2.657375797290E1,5.548182670863E0,1.606455467086E1));
#2270=CARTESIAN_POINT('',(-2.655602332188E1,5.565917321881E0,1.608228932188E1));
#2272=DIRECTION('',(0.E0,0.E0,1.E0));
#2273=VECTOR('',#2272,8.E-1);
#2274=CARTESIAN_POINT('',(-4.166373384354E1,7.565049356208E0,1.2673E1));
#2275=LINE('',#2274,#2273);
#2276=DIRECTION('',(0.E0,0.E0,1.E0));
#2277=VECTOR('',#2276,8.E-1);
#2278=CARTESIAN_POINT('',(-4.061373384354E1,7.565049356208E0,1.2673E1));
#2279=LINE('',#2278,#2277);
#2280=DIRECTION('',(0.E0,0.E0,1.E0));
#2281=VECTOR('',#2280,8.E-1);
#2282=CARTESIAN_POINT('',(-4.061373384354E1,8.224049356208E0,1.2673E1));
#2283=LINE('',#2282,#2281);
#2284=DIRECTION('',(0.E0,0.E0,1.E0));
#2285=VECTOR('',#2284,8.E-1);
#2286=CARTESIAN_POINT('',(-4.000563384354E1,8.224049356208E0,1.2673E1));
#2287=LINE('',#2286,#2285);
#2288=DIRECTION('',(0.E0,0.E0,1.E0));
#2289=VECTOR('',#2288,8.E-1);
#2290=CARTESIAN_POINT('',(-2.557183384354E1,9.565049356208E0,1.2673E1));
#2291=LINE('',#2290,#2289);
#2292=DIRECTION('',(0.E0,0.E0,1.E0));
#2293=VECTOR('',#2292,8.E-1);
#2294=CARTESIAN_POINT('',(-2.557183384354E1,8.224049356208E0,1.2673E1));
#2295=LINE('',#2294,#2293);
#2296=DIRECTION('',(0.E0,0.E0,1.E0));
#2297=VECTOR('',#2296,8.E-1);
#2298=CARTESIAN_POINT('',(-2.496373384354E1,8.224049356208E0,1.2673E1));
#2299=LINE('',#2298,#2297);
#2300=DIRECTION('',(0.E0,0.E0,1.E0));
#2301=VECTOR('',#2300,8.E-1);
#2302=CARTESIAN_POINT('',(-2.496373384354E1,7.565049356208E0,1.2673E1));
#2303=LINE('',#2302,#2301);
#2304=DIRECTION('',(0.E0,1.E0,0.E0));
#2305=VECTOR('',#2304,8.484376931541E0);
#2306=CARTESIAN_POINT('',(-2.391373384354E1,-9.193275753330E-1,1.2673E1));
#2307=LINE('',#2306,#2305);
#2308=DIRECTION('',(0.E0,0.E0,1.E0));
#2309=VECTOR('',#2308,8.E-1);
#2310=CARTESIAN_POINT('',(-2.391373384354E1,7.565049356208E0,1.2673E1));
#2311=LINE('',#2310,#2309);
#2312=DIRECTION('',(0.E0,0.E0,1.E0));
#2313=VECTOR('',#2312,1.56E1);
#2314=CARTESIAN_POINT('',(-2.391373384354E1,9.065049356208E0,-2.127E0));
#2315=LINE('',#2314,#2313);
#2316=DIRECTION('',(0.E0,0.E0,-1.E0));
#2317=VECTOR('',#2316,1.56E1);
#2318=CARTESIAN_POINT('',(-2.441373384354E1,9.565049356208E0,1.3473E1));
#2319=LINE('',#2318,#2317);
#2320=DIRECTION('',(0.E0,0.E0,1.E0));
#2321=VECTOR('',#2320,1.56E1);
#2322=CARTESIAN_POINT('',(-2.441373384354E1,-2.919327575333E0,-2.127E0));
#2323=LINE('',#2322,#2321);
#2324=DIRECTION('',(0.E0,0.E0,-1.E0));
#2325=VECTOR('',#2324,1.56E1);
#2326=CARTESIAN_POINT('',(-2.391373384354E1,-2.419327575333E0,1.3473E1));
#2327=LINE('',#2326,#2325);
#2328=DIRECTION('',(-1.E0,0.E0,0.E0));
#2329=VECTOR('',#2328,1.44338E1);
#2330=CARTESIAN_POINT('',(-2.557183384354E1,-2.919327575333E0,1.2673E1));
#2331=LINE('',#2330,#2329);
#2332=DIRECTION('',(0.E0,0.E0,1.E0));
#2333=VECTOR('',#2332,8.E-1);
#2334=CARTESIAN_POINT('',(-2.557183384354E1,-2.919327575333E0,1.2673E1));
#2335=LINE('',#2334,#2333);
#2336=DIRECTION('',(1.E0,0.E0,0.E0));
#2337=VECTOR('',#2336,1.675E1);
#2338=CARTESIAN_POINT('',(-4.116373384354E1,-2.919327575333E0,-2.127E0));
#2339=LINE('',#2338,#2337);
#2340=DIRECTION('',(0.E0,0.E0,1.E0));
#2341=VECTOR('',#2340,8.E-1);
#2342=CARTESIAN_POINT('',(-2.557183384354E1,-1.578327575333E0,1.2673E1));
#2343=LINE('',#2342,#2341);
#2344=DIRECTION('',(0.E0,0.E0,1.E0));
#2345=VECTOR('',#2344,8.E-1);
#2346=CARTESIAN_POINT('',(-2.496373384354E1,-1.578327575333E0,1.2673E1));
#2347=LINE('',#2346,#2345);
#2348=DIRECTION('',(0.E0,0.E0,1.E0));
#2349=VECTOR('',#2348,8.E-1);
#2350=CARTESIAN_POINT('',(-2.496373384354E1,-9.193275753330E-1,1.2673E1));
#2351=LINE('',#2350,#2349);
#2352=DIRECTION('',(0.E0,0.E0,1.E0));
#2353=VECTOR('',#2352,8.E-1);
#2354=CARTESIAN_POINT('',(-2.391373384354E1,-9.193275753330E-1,1.2673E1));
#2355=LINE('',#2354,#2353);
#2356=DIRECTION('',(0.E0,0.E0,1.E0));
#2357=VECTOR('',#2356,1.56E1);
#2358=CARTESIAN_POINT('',(-4.166373384354E1,-2.419327575333E0,-2.127E0));
#2359=LINE('',#2358,#2357);
#2360=DIRECTION('',(0.E0,0.E0,-1.E0));
#2361=VECTOR('',#2360,1.56E1);
#2362=CARTESIAN_POINT('',(-4.116373384354E1,-2.919327575333E0,1.3473E1));
#2363=LINE('',#2362,#2361);
#2364=DIRECTION('',(0.E0,0.E0,1.E0));
#2365=VECTOR('',#2364,8.E-1);
#2366=CARTESIAN_POINT('',(-4.000563384354E1,-2.919327575333E0,1.2673E1));
#2367=LINE('',#2366,#2365);
#2368=DIRECTION('',(0.E0,0.E0,1.E0));
#2369=VECTOR('',#2368,8.E-1);
#2370=CARTESIAN_POINT('',(-4.000563384354E1,-1.578327575333E0,1.2673E1));
#2371=LINE('',#2370,#2369);
#2372=DIRECTION('',(0.E0,0.E0,1.E0));
#2373=VECTOR('',#2372,8.E-1);
#2374=CARTESIAN_POINT('',(-4.061373384354E1,-1.578327575333E0,1.2673E1));
#2375=LINE('',#2374,#2373);
#2376=DIRECTION('',(0.E0,0.E0,1.E0));
#2377=VECTOR('',#2376,8.E-1);
#2378=CARTESIAN_POINT('',(-4.061373384354E1,-9.193275753330E-1,1.2673E1));
#2379=LINE('',#2378,#2377);
#2380=CARTESIAN_POINT('',(-2.461373384354E1,8.865049356208E0,1.4573E1));
#2381=DIRECTION('',(0.E0,0.E0,1.E0));
#2382=DIRECTION('',(1.E0,0.E0,0.E0));
#2383=AXIS2_PLACEMENT_3D('',#2380,#2381,#2382);
#2385=DIRECTION('',(-1.293010141728E-9,-6.402405062473E-9,1.E0));
#2386=VECTOR('',#2385,1.100000001422E0);
#2387=CARTESIAN_POINT('',(-2.391373384354E1,8.865049356208E0,1.3473E1));
#2388=LINE('',#2387,#2386);
#2389=DIRECTION('',(7.071067811865E-1,-3.952299545159E-9,-7.071067811865E-1));
#2390=VECTOR('',#2389,4.242640682330E-1);
#2391=CARTESIAN_POINT('',(-2.421373384462E1,8.865049350842E0,1.487300000108E1));
#2392=LINE('',#2391,#2390);
#2393=CARTESIAN_POINT('',(-2.461373384354E1,8.865049356208E0,1.4873E1));
#2394=DIRECTION('',(0.E0,0.E0,1.E0));
#2395=DIRECTION('',(-1.E0,0.E0,0.E0));
#2396=AXIS2_PLACEMENT_3D('',#2393,#2394,#2395);
#2398=CARTESIAN_POINT('',(-2.461373384354E1,8.865049356208E0,1.4873E1));
#2399=DIRECTION('',(0.E0,0.E0,1.E0));
#2400=DIRECTION('',(1.E0,0.E0,0.E0));
#2401=AXIS2_PLACEMENT_3D('',#2398,#2399,#2400);
#2403=DIRECTION('',(-7.071067811865E-1,3.952303732072E-9,-7.071067811865E-1));
#2404=VECTOR('',#2403,4.242640682330E-1);
#2405=CARTESIAN_POINT('',(-2.501373384246E1,8.865049361574E0,1.487300000108E1));
#2406=LINE('',#2405,#2404);
#2407=CARTESIAN_POINT('',(-2.461373384354E1,8.865049356208E0,1.4573E1));
#2408=DIRECTION('',(0.E0,0.E0,1.E0));
#2409=DIRECTION('',(-1.E0,0.E0,0.E0));
#2410=AXIS2_PLACEMENT_3D('',#2407,#2408,#2409);
#2412=DIRECTION('',(1.293003682248E-9,6.402406677342E-9,1.E0));
#2413=VECTOR('',#2412,1.100000001422E0);
#2414=CARTESIAN_POINT('',(-2.531373384354E1,8.865049356208E0,1.3473E1));
#2415=LINE('',#2414,#2413);
#2416=DIRECTION('',(0.E0,-5.118051676850E-1,-8.591015483230E-1));
#2417=VECTOR('',#2416,3.028496092416E0);
#2418=CARTESIAN_POINT('',(-3.3938734E1,1.111504929540E1,4.747857142864E-1));
#2419=LINE('',#2418,#2417);
#2420=DIRECTION('',(0.E0,0.E0,-1.E0));
#2421=VECTOR('',#2420,6.002631642678E-1);
#2422=CARTESIAN_POINT('',(-3.3938734E1,1.111504929540E1,1.075048878554E0));
#2423=LINE('',#2422,#2421);
#2424=DIRECTION('',(0.E0,1.E0,0.E0));
#2425=VECTOR('',#2424,1.549999939192E0);
#2426=CARTESIAN_POINT('',(-3.3938734E1,9.565049356208E0,1.075048878554E0));
#2427=LINE('',#2426,#2425);
#2428=DIRECTION('',(0.E0,3.504003470462E-9,1.E0));
#2429=VECTOR('',#2428,3.202048846352E0);
#2430=CARTESIAN_POINT('',(-3.3938734E1,9.565049344988E0,-2.126999967798E0));
#2431=LINE('',#2430,#2429);
#2432=DIRECTION('',(-1.E0,0.E0,0.E0));
#2433=VECTOR('',#2432,2.3E0);
#2434=CARTESIAN_POINT('',(-3.1638734E1,9.565049344988E0,-2.126999967798E0));
#2435=LINE('',#2434,#2433);
#2436=DIRECTION('',(0.E0,5.118051676850E-1,8.591015483230E-1));
#2437=VECTOR('',#2436,3.028496092416E0);
#2438=CARTESIAN_POINT('',(-3.1638734E1,9.565049344988E0,-2.126999967798E0));
#2439=LINE('',#2438,#2437);
#2440=DIRECTION('',(0.E0,1.E0,0.E0));
#2441=VECTOR('',#2440,1.549999939192E0);
#2442=CARTESIAN_POINT('',(-3.1638734E1,9.565049356208E0,1.075048878554E0));
#2443=LINE('',#2442,#2441);
#2444=DIRECTION('',(-1.E0,0.E0,0.E0));
#2445=VECTOR('',#2444,2.3E0);
#2446=CARTESIAN_POINT('',(-3.1638734E1,1.111504929540E1,4.747857142864E-1));
#2447=LINE('',#2446,#2445);
#2448=DIRECTION('',(0.E0,0.E0,-1.E0));
#2449=VECTOR('',#2448,6.002631642678E-1);
#2450=CARTESIAN_POINT('',(-3.1638734E1,1.111504929540E1,1.075048878554E0));
#2451=LINE('',#2450,#2449);
#2452=DIRECTION('',(1.E0,0.E0,0.E0));
#2453=VECTOR('',#2452,2.3E0);
#2454=CARTESIAN_POINT('',(-3.3938734E1,1.111504929540E1,1.075048878554E0));
#2455=LINE('',#2454,#2453);
#2456=DIRECTION('',(0.E0,-1.E0,0.E0));
#2457=VECTOR('',#2456,3.967292563255E0);
#2458=CARTESIAN_POINT('',(-3.574800363947E1,2.917629739219E0,-2.127E0));
#2459=LINE('',#2458,#2457);
#2460=DIRECTION('',(5.747783453744E-1,5.815907784257E-1,-5.756579020033E-1));
#2461=VECTOR('',#2460,2.627641022375E-1);
#2462=CARTESIAN_POINT('',(-3.589903475538E1,2.764808560457E0,
-1.975737768184E0));
#2463=LINE('',#2462,#2461);
#2464=DIRECTION('',(-6.785983445458E-1,2.810846377149E-1,6.785983445458E-1));
#2465=VECTOR('',#2464,2.222227643378E-1);
#2466=CARTESIAN_POINT('',(-3.574800363947E1,-1.049662824036E0,-2.127E0));
#2467=LINE('',#2466,#2465);
#2468=DIRECTION('',(1.E0,0.E0,0.E0));
#2469=VECTOR('',#2468,5.483715041452E0);
#2470=CARTESIAN_POINT('',(-4.123171868092E1,2.917629739219E0,-2.127E0));
#2471=LINE('',#2470,#2469);
#2472=DIRECTION('',(5.790223992948E-1,-5.790223992945E-1,5.739913956064E-1));
#2473=VECTOR('',#2472,2.643322962559E-1);
#2474=CARTESIAN_POINT('',(-4.123171868092E1,2.917629739219E0,-2.127E0));
#2475=LINE('',#2474,#2473);
#2476=DIRECTION('',(1.181038338024E-14,1.E0,0.E0));
#2477=VECTOR('',#2476,5.414629158049E0);
#2478=CARTESIAN_POINT('',(-4.123171868092E1,-2.496999418830E0,-2.127E0));
#2479=LINE('',#2478,#2477);
#2480=DIRECTION('',(9.999999908541E-1,-6.048422629441E-5,-1.209684525698E-4));
#2481=VECTOR('',#2480,3.821093897637E0);
#2482=CARTESIAN_POINT('',(-4.107889750216E1,-2.345968302922E0,
-1.975737768184E0));
#2483=LINE('',#2482,#2481);
#2484=DIRECTION('',(5.815907784258E-1,5.747783453743E-1,5.756579020033E-1));
#2485=VECTOR('',#2484,2.627641022377E-1);
#2486=CARTESIAN_POINT('',(-4.123171868092E1,-2.496999418830E0,-2.127E0));
#2487=LINE('',#2486,#2485);
#2488=DIRECTION('',(0.E0,0.E0,-1.E0));
#2489=VECTOR('',#2488,1.09492E1);
#2490=CARTESIAN_POINT('',(-3.725780363947E1,-2.346199418830E0,
8.972999999999E0));
#2491=LINE('',#2490,#2489);
#2492=DIRECTION('',(1.E0,0.E0,0.E0));
#2493=VECTOR('',#2492,3.820860721063E0);
#2494=CARTESIAN_POINT('',(-4.107866436053E1,-2.346199418830E0,
8.972999999999E0));
#2495=LINE('',#2494,#2493);
#2496=DIRECTION('',(-7.071067811865E-1,-7.071067811865E-1,0.E0));
#2497=VECTOR('',#2496,1.921916231265E0);
#2498=CARTESIAN_POINT('',(-3.589880363947E1,-9.871994188301E-1,-1.9762E0));
#2499=LINE('',#2498,#2497);
#2500=DIRECTION('',(0.E0,0.E0,-1.E0));
#2501=VECTOR('',#2500,1.09492E1);
#2502=CARTESIAN_POINT('',(-3.589880363947E1,-9.871994188301E-1,
8.972999999999E0));
#2503=LINE('',#2502,#2501);
#2504=DIRECTION('',(-2.810846377149E-1,6.785983445458E-1,6.785983445458E-1));
#2505=VECTOR('',#2504,2.222227643378E-1);
#2506=CARTESIAN_POINT('',(-3.719534023426E1,-2.496999418830E0,-2.127E0));
#2507=LINE('',#2506,#2505);
#2508=DIRECTION('',(6.159792488623E-5,-9.999999905142E-1,-1.231958497962E-4));
#2509=VECTOR('',#2508,3.752008014877E0);
#2510=CARTESIAN_POINT('',(-3.589903475538E1,2.764808560457E0,
-1.975737768184E0));
#2511=LINE('',#2510,#2509);
#2512=DIRECTION('',(-2.110890887392E-5,2.129392732228E-5,-9.999999995505E-1));
#2513=VECTOR('',#2512,1.094873777310E1);
#2514=CARTESIAN_POINT('',(-3.589880363947E1,2.764575418830E0,8.972999999999E0));
#2515=LINE('',#2514,#2513);
#2516=DIRECTION('',(1.704495844913E-14,1.E0,0.E0));
#2517=VECTOR('',#2516,3.751774837660E0);
#2518=CARTESIAN_POINT('',(-3.589880363947E1,-9.871994188301E-1,
8.972999999999E0));
#2519=LINE('',#2518,#2517);
#2520=DIRECTION('',(9.999999950051E-1,4.501125429062E-5,-8.924032196300E-5));
#2521=VECTOR('',#2520,5.179629631027E0);
#2522=CARTESIAN_POINT('',(-4.107866436053E1,2.764575418830E0,
-1.975275536368E0));
#2523=LINE('',#2522,#2521);
#2524=DIRECTION('',(0.E0,0.E0,-1.E0));
#2525=VECTOR('',#2524,1.094827553637E1);
#2526=CARTESIAN_POINT('',(-4.107866436053E1,2.764575418830E0,8.972999999999E0));
#2527=LINE('',#2526,#2525);
#2528=DIRECTION('',(4.561973010250E-5,9.999999948691E-1,9.044669973161E-5));
#2529=VECTOR('',#2528,5.110543747974E0);
#2530=CARTESIAN_POINT('',(-4.107889750216E1,-2.345968302922E0,
-1.975737768184E0));
#2531=LINE('',#2530,#2529);
#2532=DIRECTION('',(-2.129392732930E-5,2.110890887911E-5,-9.999999995505E-1));
#2533=VECTOR('',#2532,1.094873777310E1);
#2534=CARTESIAN_POINT('',(-4.107866436053E1,-2.346199418830E0,
8.972999999999E0));
#2535=LINE('',#2534,#2533);
#2536=DIRECTION('',(-7.071067811865E-1,-7.071067811865E-1,0.E0));
#2537=VECTOR('',#2536,1.921916231265E0);
#2538=CARTESIAN_POINT('',(-3.589880363947E1,-9.871994188301E-1,
8.972999999999E0));
#2539=LINE('',#2538,#2537);
#2540=DIRECTION('',(1.E0,0.E0,0.E0));
#2541=VECTOR('',#2540,5.179860721063E0);
#2542=CARTESIAN_POINT('',(-4.107866436053E1,2.764575418830E0,8.972999999999E0));
#2543=LINE('',#2542,#2541);
#2544=DIRECTION('',(0.E0,1.E0,0.E0));
#2545=VECTOR('',#2544,5.110774837660E0);
#2546=CARTESIAN_POINT('',(-4.107866436053E1,-2.346199418830E0,
8.972999999999E0));
#2547=LINE('',#2546,#2545);
#2548=DIRECTION('',(1.E0,0.E0,0.E0));
#2549=VECTOR('',#2548,9.239999999999E-1);
#2550=CARTESIAN_POINT('',(-3.8953302E1,-1.63372E-1,8.972999999999E0));
#2551=LINE('',#2550,#2549);
#2552=CARTESIAN_POINT('',(-3.8953302E1,-6.337199999999E-2,8.972999999999E0));
#2553=DIRECTION('',(0.E0,0.E0,1.E0));
#2554=DIRECTION('',(-1.E0,0.E0,0.E0));
#2555=AXIS2_PLACEMENT_3D('',#2552,#2553,#2554);
#2557=DIRECTION('',(0.E0,-1.E0,0.E0));
#2558=VECTOR('',#2557,9.24E-1);
#2559=CARTESIAN_POINT('',(-3.9053302E1,8.60628E-1,8.972999999999E0));
#2560=LINE('',#2559,#2558);
#2561=CARTESIAN_POINT('',(-3.8953302E1,8.60628E-1,8.972999999999E0));
#2562=DIRECTION('',(0.E0,0.E0,1.E0));
#2563=DIRECTION('',(0.E0,1.E0,0.E0));
#2564=AXIS2_PLACEMENT_3D('',#2561,#2562,#2563);
#2566=DIRECTION('',(-1.E0,0.E0,0.E0));
#2567=VECTOR('',#2566,9.24E-1);
#2568=CARTESIAN_POINT('',(-3.8029302E1,9.60628E-1,8.972999999999E0));
#2569=LINE('',#2568,#2567);
#2570=CARTESIAN_POINT('',(-3.8029302E1,8.60628E-1,8.972999999999E0));
#2571=DIRECTION('',(0.E0,0.E0,1.E0));
#2572=DIRECTION('',(1.E0,0.E0,0.E0));
#2573=AXIS2_PLACEMENT_3D('',#2570,#2571,#2572);
#2575=DIRECTION('',(0.E0,1.E0,0.E0));
#2576=VECTOR('',#2575,9.24E-1);
#2577=CARTESIAN_POINT('',(-3.7929302E1,-6.337199999999E-2,8.972999999999E0));
#2578=LINE('',#2577,#2576);
#2579=CARTESIAN_POINT('',(-3.8029302E1,-6.337199999999E-2,8.972999999999E0));
#2580=DIRECTION('',(0.E0,0.E0,1.E0));
#2581=DIRECTION('',(-9.947598300641E-13,-1.E0,0.E0));
#2582=AXIS2_PLACEMENT_3D('',#2579,#2580,#2581);
#2584=DIRECTION('',(0.E0,-1.484500530977E-13,1.E0));
#2585=VECTOR('',#2584,6.473712254388E0);
#2586=CARTESIAN_POINT('',(-3.7929302E1,-6.337199999903E-2,2.499287745611E0));
#2587=LINE('',#2586,#2585);
#2588=CARTESIAN_POINT('',(-3.795859132188E1,-1.340826781187E-1,
2.469998423730E0));
#2589=CARTESIAN_POINT('',(-3.794085667086E1,-1.163480270996E-1,
2.487733074749E0));
#2590=CARTESIAN_POINT('',(-3.7929302E1,-9.408931661675E-2,2.499287745612E0));
#2591=CARTESIAN_POINT('',(-3.7929302E1,-6.337199999710E-2,2.499287745611E0));
#2593=CARTESIAN_POINT('',(-3.8029302E1,-1.63372E-1,2.499287745611E0));
#2594=CARTESIAN_POINT('',(-3.799858468338E1,-1.63372E-1,2.499287745611E0));
#2595=CARTESIAN_POINT('',(-3.797632597290E1,-1.518173291371E-1,
2.487733074748E0));
#2596=CARTESIAN_POINT('',(-3.795859132188E1,-1.340826781187E-1,
2.469998423730E0));
#2598=DIRECTION('',(0.E0,0.E0,-1.E0));
#2599=VECTOR('',#2598,6.473712254388E0);
#2600=CARTESIAN_POINT('',(-3.8029302E1,-1.63372E-1,8.972999999999E0));
#2601=LINE('',#2600,#2599);
#2602=DIRECTION('',(0.E0,0.E0,1.E0));
#2603=VECTOR('',#2602,6.473712254388E0);
#2604=CARTESIAN_POINT('',(-3.8029302E1,9.60628E-1,2.499287745611E0));
#2605=LINE('',#2604,#2603);
#2606=CARTESIAN_POINT('',(-3.795859132188E1,9.313386781187E-1,
2.469998423730E0));
#2607=CARTESIAN_POINT('',(-3.797632597290E1,9.490733291371E-1,
2.487733074748E0));
#2608=CARTESIAN_POINT('',(-3.799858468338E1,9.60628E-1,2.499287745611E0));
#2609=CARTESIAN_POINT('',(-3.8029302E1,9.60628E-1,2.499287745611E0));
#2611=CARTESIAN_POINT('',(-3.7929302E1,8.60628E-1,2.499287745611E0));
#2612=CARTESIAN_POINT('',(-3.7929302E1,8.913453166183E-1,2.499287745611E0));
#2613=CARTESIAN_POINT('',(-3.794085667087E1,9.136040271002E-1,
2.487733074748E0));
#2614=CARTESIAN_POINT('',(-3.795859132188E1,9.313386781186E-1,
2.469998423730E0));
#2616=DIRECTION('',(0.E0,0.E0,-1.E0));
#2617=VECTOR('',#2616,6.473712254388E0);
#2618=CARTESIAN_POINT('',(-3.7929302E1,8.60628E-1,8.972999999999E0));
#2619=LINE('',#2618,#2617);
#2620=DIRECTION('',(-1.E0,0.E0,0.E0));
#2621=VECTOR('',#2620,9.24E-1);
#2622=CARTESIAN_POINT('',(-3.8029302E1,9.60628E-1,2.499287745611E0));
#2623=LINE('',#2622,#2621);
#2624=DIRECTION('',(5.773502691897E-1,-5.773502691896E-1,-5.773502691896E-1));
#2625=VECTOR('',#2624,6.420897294099E-1);
#2626=CARTESIAN_POINT('',(-3.902401267812E1,9.313386781187E-1,
2.469998423730E0));
#2627=LINE('',#2626,#2625);
#2628=DIRECTION('',(-5.773502691897E-1,-5.773502691896E-1,5.773502691896E-1));
#2629=VECTOR('',#2628,6.420897294099E-1);
#2630=CARTESIAN_POINT('',(-3.8653302E1,2.36628E-1,2.099287745611E0));
#2631=LINE('',#2630,#2629);
#2632=DIRECTION('',(0.E0,0.E0,1.E0));
#2633=VECTOR('',#2632,6.473712254388E0);
#2634=CARTESIAN_POINT('',(-3.9053302E1,8.60628E-1,2.499287745611E0));
#2635=LINE('',#2634,#2633);
#2636=CARTESIAN_POINT('',(-3.902401267812E1,9.313386781187E-1,
2.469998423730E0));
#2637=CARTESIAN_POINT('',(-3.904174732914E1,9.136040271003E-1,
2.487733074748E0));
#2638=CARTESIAN_POINT('',(-3.9053302E1,8.913453166184E-1,2.499287745611E0));
#2639=CARTESIAN_POINT('',(-3.9053302E1,8.60628E-1,2.499287745611E0));
#2641=CARTESIAN_POINT('',(-3.8953302E1,9.60628E-1,2.499287745611E0));
#2642=CARTESIAN_POINT('',(-3.898401931662E1,9.60628E-1,2.499287745611E0));
#2643=CARTESIAN_POINT('',(-3.900627802710E1,9.490733291371E-1,
2.487733074748E0));
#2644=CARTESIAN_POINT('',(-3.902401267812E1,9.313386781187E-1,
2.469998423730E0));
#2646=DIRECTION('',(0.E0,0.E0,-1.E0));
#2647=VECTOR('',#2646,6.473712254388E0);
#2648=CARTESIAN_POINT('',(-3.8953302E1,9.60628E-1,8.972999999999E0));
#2649=LINE('',#2648,#2647);
#2650=DIRECTION('',(0.E0,-1.E0,0.E0));
#2651=VECTOR('',#2650,9.24E-1);
#2652=CARTESIAN_POINT('',(-3.9053302E1,8.60628E-1,2.499287745611E0));
#2653=LINE('',#2652,#2651);
#2654=DIRECTION('',(0.E0,0.E0,1.E0));
#2655=VECTOR('',#2654,6.473712254388E0);
#2656=CARTESIAN_POINT('',(-3.8953302E1,-1.63372E-1,2.499287745611E0));
#2657=LINE('',#2656,#2655);
#2658=CARTESIAN_POINT('',(-3.902401267812E1,-1.340826781187E-1,
2.469998423730E0));
#2659=CARTESIAN_POINT('',(-3.900627802710E1,-1.518173291371E-1,
2.487733074748E0));
#2660=CARTESIAN_POINT('',(-3.898401931662E1,-1.63372E-1,2.499287745611E0));
#2661=CARTESIAN_POINT('',(-3.8953302E1,-1.63372E-1,2.499287745611E0));
#2663=CARTESIAN_POINT('',(-3.9053302E1,-6.337199999999E-2,2.499287745611E0));
#2664=CARTESIAN_POINT('',(-3.9053302E1,-9.408931661837E-2,2.499287745611E0));
#2665=CARTESIAN_POINT('',(-3.904174732914E1,-1.163480271003E-1,
2.487733074748E0));
#2666=CARTESIAN_POINT('',(-3.902401267812E1,-1.340826781187E-1,
2.469998423730E0));
#2668=DIRECTION('',(0.E0,0.E0,-1.E0));
#2669=VECTOR('',#2668,6.473712254388E0);
#2670=CARTESIAN_POINT('',(-3.9053302E1,-6.337199999999E-2,8.972999999999E0));
#2671=LINE('',#2670,#2669);
#2672=DIRECTION('',(-1.E0,0.E0,0.E0));
#2673=VECTOR('',#2672,9.239999999999E-1);
#2674=CARTESIAN_POINT('',(-3.8029302E1,-1.63372E-1,2.499287745611E0));
#2675=LINE('',#2674,#2673);
#2676=DIRECTION('',(5.773502691897E-1,-5.773502691896E-1,5.773502691896E-1));
#2677=VECTOR('',#2676,6.420897294097E-1);
#2678=CARTESIAN_POINT('',(-3.8329302E1,2.36628E-1,2.099287745611E0));
#2679=LINE('',#2678,#2677);
#2680=DIRECTION('',(0.E0,-1.E0,-1.158284627424E-13));
#2681=VECTOR('',#2680,9.239999999990E-1);
#2682=CARTESIAN_POINT('',(-3.7929302E1,8.60628E-1,2.499287745611E0));
#2683=LINE('',#2682,#2681);
#2684=DIRECTION('',(5.773502691896E-1,5.773502691897E-1,5.773502691896E-1));
#2685=VECTOR('',#2684,6.420897294099E-1);
#2686=CARTESIAN_POINT('',(-3.8329302E1,5.606279999999E-1,2.099287745611E0));
#2687=LINE('',#2686,#2685);
#2688=DIRECTION('',(-1.096516567531E-13,-1.E0,0.E0));
#2689=VECTOR('',#2688,3.24E-1);
#2690=CARTESIAN_POINT('',(-3.8329302E1,5.606279999999E-1,2.099287745611E0));
#2691=LINE('',#2690,#2689);
#2692=DIRECTION('',(1.E0,-1.644774851297E-13,0.E0));
#2693=VECTOR('',#2692,3.239999999999E-1);
#2694=CARTESIAN_POINT('',(-3.8653302E1,5.60628E-1,2.099287745611E0));
#2695=LINE('',#2694,#2693);
#2696=DIRECTION('',(0.E0,1.E0,0.E0));
#2697=VECTOR('',#2696,3.24E-1);
#2698=CARTESIAN_POINT('',(-3.8653302E1,2.36628E-1,2.099287745611E0));
#2699=LINE('',#2698,#2697);
#2700=DIRECTION('',(-1.E0,1.224157949221E-13,0.E0));
#2701=VECTOR('',#2700,3.239999999998E-1);
#2702=CARTESIAN_POINT('',(-3.8329302E1,2.36628E-1,2.099287745611E0));
#2703=LINE('',#2702,#2701);
#2704=DIRECTION('',(0.E0,-7.101853756233E-1,7.040147244560E-1));
#2705=VECTOR('',#2704,2.155131964732E-1);
#2706=CARTESIAN_POINT('',(-3.537866436053E1,2.917629739219E0,-2.127E0));
#2707=LINE('',#2706,#2705);
#2708=DIRECTION('',(0.E0,-7.071067811865E-1,-7.071067811865E-1));
#2709=VECTOR('',#2708,2.132634052059E-1);
#2710=CARTESIAN_POINT('',(-3.537866436053E1,-2.346199418830E0,-1.9762E0));
#2711=LINE('',#2710,#2709);
#2712=DIRECTION('',(0.E0,-1.E0,0.E0));
#2713=VECTOR('',#2712,5.110774837660E0);
#2714=CARTESIAN_POINT('',(-3.537866436053E1,2.764575418830E0,8.972999999999E0));
#2715=LINE('',#2714,#2713);
#2716=DIRECTION('',(0.E0,0.E0,-1.E0));
#2717=VECTOR('',#2716,1.094827553637E1);
#2718=CARTESIAN_POINT('',(-3.537866436053E1,2.764575418830E0,8.972999999999E0));
#2719=LINE('',#2718,#2717);
#2720=DIRECTION('',(2.110890887165E-5,-2.129392731920E-5,9.999999995505E-1));
#2721=VECTOR('',#2720,1.094873777310E1);
#2722=CARTESIAN_POINT('',(-3.019903475538E1,2.764808560457E0,
-1.975737768184E0));
#2723=LINE('',#2722,#2721);
#2724=DIRECTION('',(-9.999999950051E-1,-4.501125427630E-5,8.924032193257E-5));
#2725=VECTOR('',#2724,5.179629631027E0);
#2726=CARTESIAN_POINT('',(-3.019903475538E1,2.764808560457E0,
-1.975737768184E0));
#2727=LINE('',#2726,#2725);
#2728=DIRECTION('',(1.E0,0.E0,0.E0));
#2729=VECTOR('',#2728,5.330660721063E0);
#2730=CARTESIAN_POINT('',(-3.537866436053E1,2.917629739219E0,-2.127E0));
#2731=LINE('',#2730,#2729);
#2732=DIRECTION('',(0.E0,-1.E0,0.E0));
#2733=VECTOR('',#2732,3.967292563255E0);
#2734=CARTESIAN_POINT('',(-3.004800363947E1,2.917629739219E0,-2.127E0));
#2735=LINE('',#2734,#2733);
#2736=DIRECTION('',(5.747783453745E-1,5.815907784256E-1,-5.756579020034E-1));
#2737=VECTOR('',#2736,2.627641022376E-1);
#2738=CARTESIAN_POINT('',(-3.019903475538E1,2.764808560457E0,
-1.975737768184E0));
#2739=LINE('',#2738,#2737);
#2740=DIRECTION('',(6.159792488812E-5,-9.999999905142E-1,-1.231958497967E-4));
#2741=VECTOR('',#2740,3.752008014877E0);
#2742=CARTESIAN_POINT('',(-3.019903475538E1,2.764808560457E0,
-1.975737768184E0));
#2743=LINE('',#2742,#2741);
#2744=DIRECTION('',(0.E0,1.E0,0.E0));
#2745=VECTOR('',#2744,3.751774837660E0);
#2746=CARTESIAN_POINT('',(-3.019880363947E1,-9.871994188303E-1,
8.972999999999E0));
#2747=LINE('',#2746,#2745);
#2748=DIRECTION('',(0.E0,0.E0,-1.E0));
#2749=VECTOR('',#2748,1.09492E1);
#2750=CARTESIAN_POINT('',(-3.019880363947E1,-9.871994188303E-1,
8.972999999999E0));
#2751=LINE('',#2750,#2749);
#2752=DIRECTION('',(0.E0,0.E0,1.E0));
#2753=VECTOR('',#2752,1.09492E1);
#2754=CARTESIAN_POINT('',(-3.155780363947E1,-2.346199418830E0,-1.9762E0));
#2755=LINE('',#2754,#2753);
#2756=DIRECTION('',(7.071067811866E-1,7.071067811865E-1,3.650840448448E-14));
#2757=VECTOR('',#2756,1.921916231265E0);
#2758=CARTESIAN_POINT('',(-3.155780363947E1,-2.346199418830E0,-1.9762E0));
#2759=LINE('',#2758,#2757);
#2760=DIRECTION('',(6.785983445457E-1,-2.810846377149E-1,-6.785983445459E-1));
#2761=VECTOR('',#2760,2.222227643378E-1);
#2762=CARTESIAN_POINT('',(-3.019880363947E1,-9.871994188303E-1,-1.9762E0));
#2763=LINE('',#2762,#2761);
#2764=DIRECTION('',(1.E0,0.E0,0.E0));
#2765=VECTOR('',#2764,3.820860721063E0);
#2766=CARTESIAN_POINT('',(-3.537866436053E1,-2.346199418830E0,-1.9762E0));
#2767=LINE('',#2766,#2765);
#2768=DIRECTION('',(2.810846377149E-1,-6.785983445458E-1,-6.785983445458E-1));
#2769=VECTOR('',#2768,2.222227643378E-1);
#2770=CARTESIAN_POINT('',(-3.155780363947E1,-2.346199418830E0,-1.9762E0));
#2771=LINE('',#2770,#2769);
#2772=DIRECTION('',(0.E0,0.E0,1.E0));
#2773=VECTOR('',#2772,1.09492E1);
#2774=CARTESIAN_POINT('',(-3.537866436053E1,-2.346199418830E0,-1.9762E0));
#2775=LINE('',#2774,#2773);
#2776=DIRECTION('',(1.E0,0.E0,0.E0));
#2777=VECTOR('',#2776,3.820860721063E0);
#2778=CARTESIAN_POINT('',(-3.537866436053E1,-2.346199418830E0,
8.972999999999E0));
#2779=LINE('',#2778,#2777);
#2780=DIRECTION('',(-7.071067811866E-1,-7.071067811865E-1,0.E0));
#2781=VECTOR('',#2780,1.921916231265E0);
#2782=CARTESIAN_POINT('',(-3.019880363947E1,-9.871994188303E-1,
8.972999999999E0));
#2783=LINE('',#2782,#2781);
#2784=DIRECTION('',(1.E0,0.E0,0.E0));
#2785=VECTOR('',#2784,5.179860721063E0);
#2786=CARTESIAN_POINT('',(-3.537866436053E1,2.764575418830E0,8.972999999999E0));
#2787=LINE('',#2786,#2785);
#2788=DIRECTION('',(-1.E0,0.E0,0.E0));
#2789=VECTOR('',#2788,9.24E-1);
#2790=CARTESIAN_POINT('',(-3.2329302E1,9.60628E-1,8.972999999999E0));
#2791=LINE('',#2790,#2789);
#2792=CARTESIAN_POINT('',(-3.2329302E1,8.60628E-1,8.972999999999E0));
#2793=DIRECTION('',(0.E0,0.E0,1.E0));
#2794=DIRECTION('',(1.E0,0.E0,0.E0));
#2795=AXIS2_PLACEMENT_3D('',#2792,#2793,#2794);
#2797=DIRECTION('',(0.E0,1.E0,0.E0));
#2798=VECTOR('',#2797,9.24E-1);
#2799=CARTESIAN_POINT('',(-3.2229302E1,-6.337199999999E-2,8.972999999999E0));
#2800=LINE('',#2799,#2798);
#2801=CARTESIAN_POINT('',(-3.2329302E1,-6.337199999999E-2,8.972999999999E0));
#2802=DIRECTION('',(0.E0,0.E0,1.E0));
#2803=DIRECTION('',(0.E0,-1.E0,0.E0));
#2804=AXIS2_PLACEMENT_3D('',#2801,#2802,#2803);
#2806=DIRECTION('',(1.E0,0.E0,0.E0));
#2807=VECTOR('',#2806,9.240000000002E-1);
#2808=CARTESIAN_POINT('',(-3.3253302E1,-1.63372E-1,8.972999999999E0));
#2809=LINE('',#2808,#2807);
#2810=CARTESIAN_POINT('',(-3.3253302E1,-6.337199999999E-2,8.972999999999E0));
#2811=DIRECTION('',(0.E0,0.E0,1.E0));
#2812=DIRECTION('',(-1.E0,0.E0,0.E0));
#2813=AXIS2_PLACEMENT_3D('',#2810,#2811,#2812);
#2815=DIRECTION('',(0.E0,-1.E0,0.E0));
#2816=VECTOR('',#2815,9.24E-1);
#2817=CARTESIAN_POINT('',(-3.3353302E1,8.60628E-1,8.972999999999E0));
#2818=LINE('',#2817,#2816);
#2819=CARTESIAN_POINT('',(-3.3253302E1,8.60628E-1,8.972999999999E0));
#2820=DIRECTION('',(0.E0,0.E0,1.E0));
#2821=DIRECTION('',(0.E0,1.E0,0.E0));
#2822=AXIS2_PLACEMENT_3D('',#2819,#2820,#2821);
#2824=DIRECTION('',(-1.E0,0.E0,1.009293658750E-14));
#2825=VECTOR('',#2824,9.24E-1);
#2826=CARTESIAN_POINT('',(-3.2329302E1,9.60628E-1,2.499287745611E0));
#2827=LINE('',#2826,#2825);
#2828=DIRECTION('',(0.E0,-1.837591669416E-13,1.E0));
#2829=VECTOR('',#2828,6.473712254388E0);
#2830=CARTESIAN_POINT('',(-3.3353302E1,8.606280000012E-1,2.499287745611E0));
#2831=LINE('',#2830,#2829);
#2832=CARTESIAN_POINT('',(-3.332401267812E1,9.313386781186E-1,
2.469998423730E0));
#2833=CARTESIAN_POINT('',(-3.334174732914E1,9.136040271011E-1,
2.487733074747E0));
#2834=CARTESIAN_POINT('',(-3.3353302E1,8.913453166203E-1,2.499287745610E0));
#2835=CARTESIAN_POINT('',(-3.3353302E1,8.606280000036E-1,2.499287745611E0));
#2837=CARTESIAN_POINT('',(-3.3253302E1,9.60628E-1,2.499287745611E0));
#2838=CARTESIAN_POINT('',(-3.328401931662E1,9.606279999999E-1,
2.499287745611E0));
#2839=CARTESIAN_POINT('',(-3.330627802710E1,9.490733291370E-1,
2.487733074748E0));
#2840=CARTESIAN_POINT('',(-3.332401267812E1,9.313386781186E-1,
2.469998423730E0));
#2842=DIRECTION('',(0.E0,0.E0,-1.E0));
#2843=VECTOR('',#2842,6.473712254388E0);
#2844=CARTESIAN_POINT('',(-3.3253302E1,9.60628E-1,8.972999999999E0));
#2845=LINE('',#2844,#2843);
#2846=DIRECTION('',(0.E0,0.E0,1.E0));
#2847=VECTOR('',#2846,6.473712254388E0);
#2848=CARTESIAN_POINT('',(-3.3253302E1,-1.63372E-1,2.499287745611E0));
#2849=LINE('',#2848,#2847);
#2850=CARTESIAN_POINT('',(-3.332401267812E1,-1.340826781186E-1,
2.469998423730E0));
#2851=CARTESIAN_POINT('',(-3.330627802710E1,-1.518173291369E-1,
2.487733074748E0));
#2852=CARTESIAN_POINT('',(-3.328401931662E1,-1.633719999999E-1,
2.499287745611E0));
#2853=CARTESIAN_POINT('',(-3.3253302E1,-1.63372E-1,2.499287745611E0));
#2855=CARTESIAN_POINT('',(-3.3353302E1,-6.337199999999E-2,2.499287745611E0));
#2856=CARTESIAN_POINT('',(-3.3353302E1,-9.408931661832E-2,2.499287745611E0));
#2857=CARTESIAN_POINT('',(-3.334174732914E1,-1.163480271002E-1,
2.487733074748E0));
#2858=CARTESIAN_POINT('',(-3.332401267812E1,-1.340826781186E-1,
2.469998423730E0));
#2860=DIRECTION('',(0.E0,0.E0,-1.E0));
#2861=VECTOR('',#2860,6.473712254388E0);
#2862=CARTESIAN_POINT('',(-3.3353302E1,-6.337199999999E-2,8.972999999999E0));
#2863=LINE('',#2862,#2861);
#2864=DIRECTION('',(1.E0,0.E0,0.E0));
#2865=VECTOR('',#2864,9.240000000001E-1);
#2866=CARTESIAN_POINT('',(-3.3253302E1,-1.63372E-1,2.499287745611E0));
#2867=LINE('',#2866,#2865);
#2868=DIRECTION('',(0.E0,-1.835319332540E-13,1.E0));
#2869=VECTOR('',#2868,6.473712254388E0);
#2870=CARTESIAN_POINT('',(-3.2229302E1,-6.337199999880E-2,2.499287745611E0));
#2871=LINE('',#2870,#2869);
#2872=CARTESIAN_POINT('',(-3.225859132188E1,-1.340826781187E-1,
2.469998423730E0));
#2873=CARTESIAN_POINT('',(-3.224085667086E1,-1.163480270994E-1,
2.487733074749E0));
#2874=CARTESIAN_POINT('',(-3.2229302E1,-9.408931661633E-2,2.499287745612E0));
#2875=CARTESIAN_POINT('',(-3.2229302E1,-6.337199999642E-2,2.499287745611E0));
#2877=CARTESIAN_POINT('',(-3.2329302E1,-1.63372E-1,2.499287745611E0));
#2878=CARTESIAN_POINT('',(-3.229858468338E1,-1.63372E-1,2.499287745611E0));
#2879=CARTESIAN_POINT('',(-3.227632597290E1,-1.518173291371E-1,
2.487733074748E0));
#2880=CARTESIAN_POINT('',(-3.225859132188E1,-1.340826781187E-1,
2.469998423730E0));
#2882=DIRECTION('',(0.E0,0.E0,-1.E0));
#2883=VECTOR('',#2882,6.473712254388E0);
#2884=CARTESIAN_POINT('',(-3.2329302E1,-1.63372E-1,8.972999999999E0));
#2885=LINE('',#2884,#2883);
#2886=DIRECTION('',(0.E0,0.E0,1.E0));
#2887=VECTOR('',#2886,6.473712254388E0);
#2888=CARTESIAN_POINT('',(-3.2329302E1,9.60628E-1,2.499287745611E0));
#2889=LINE('',#2888,#2887);
#2890=CARTESIAN_POINT('',(-3.225859132188E1,9.313386781188E-1,
2.469998423730E0));
#2891=CARTESIAN_POINT('',(-3.227632597290E1,9.490733291371E-1,
2.487733074748E0));
#2892=CARTESIAN_POINT('',(-3.229858468338E1,9.606280000001E-1,
2.499287745611E0));
#2893=CARTESIAN_POINT('',(-3.2329302E1,9.60628E-1,2.499287745611E0));
#2895=CARTESIAN_POINT('',(-3.2229302E1,8.60628E-1,2.499287745611E0));
#2896=CARTESIAN_POINT('',(-3.2229302E1,8.913453166184E-1,2.499287745611E0));
#2897=CARTESIAN_POINT('',(-3.224085667087E1,9.136040271003E-1,
2.487733074748E0));
#2898=CARTESIAN_POINT('',(-3.225859132188E1,9.313386781187E-1,
2.469998423730E0));
#2900=DIRECTION('',(0.E0,0.E0,-1.E0));
#2901=VECTOR('',#2900,6.473712254388E0);
#2902=CARTESIAN_POINT('',(-3.2229302E1,8.60628E-1,8.972999999999E0));
#2903=LINE('',#2902,#2901);
#2904=DIRECTION('',(5.773502691896E-1,-5.773502691896E-1,-5.773502691897E-1));
#2905=VECTOR('',#2904,6.420897294099E-1);
#2906=CARTESIAN_POINT('',(-3.332401267812E1,9.313386781187E-1,
2.469998423730E0));
#2907=LINE('',#2906,#2905);
#2908=DIRECTION('',(0.E0,1.E0,1.153478467142E-13));
#2909=VECTOR('',#2908,9.240000000012E-1);
#2910=CARTESIAN_POINT('',(-3.3353302E1,-6.337199999999E-2,2.499287745611E0));
#2911=LINE('',#2910,#2909);
#2912=DIRECTION('',(-5.773502691897E-1,-5.773502691896E-1,5.773502691896E-1));
#2913=VECTOR('',#2912,6.420897294098E-1);
#2914=CARTESIAN_POINT('',(-3.2953302E1,2.36628E-1,2.099287745611E0));
#2915=LINE('',#2914,#2913);
#2916=DIRECTION('',(5.773502691896E-1,-5.773502691896E-1,5.773502691896E-1));
#2917=VECTOR('',#2916,6.420897294097E-1);
#2918=CARTESIAN_POINT('',(-3.2629302E1,2.36628E-1,2.099287745611E0));
#2919=LINE('',#2918,#2917);
#2920=DIRECTION('',(0.E0,-1.E0,-1.153478467145E-13));
#2921=VECTOR('',#2920,9.239999999988E-1);
#2922=CARTESIAN_POINT('',(-3.2229302E1,8.60628E-1,2.499287745611E0));
#2923=LINE('',#2922,#2921);
#2924=DIRECTION('',(5.773502691896E-1,5.773502691897E-1,5.773502691896E-1));
#2925=VECTOR('',#2924,6.420897294098E-1);
#2926=CARTESIAN_POINT('',(-3.2629302E1,5.60628E-1,2.099287745611E0));
#2927=LINE('',#2926,#2925);
#2928=DIRECTION('',(1.754426508050E-13,-1.E0,0.E0));
#2929=VECTOR('',#2928,3.24E-1);
#2930=CARTESIAN_POINT('',(-3.2629302E1,5.60628E-1,2.099287745611E0));
#2931=LINE('',#2930,#2929);
#2932=DIRECTION('',(1.E0,7.332954545364E-14,0.E0));
#2933=VECTOR('',#2932,3.24E-1);
#2934=CARTESIAN_POINT('',(-3.2953302E1,5.60628E-1,2.099287745611E0));
#2935=LINE('',#2934,#2933);
#2936=DIRECTION('',(0.E0,1.E0,0.E0));
#2937=VECTOR('',#2936,3.24E-1);
#2938=CARTESIAN_POINT('',(-3.2953302E1,2.36628E-1,2.099287745611E0));
#2939=LINE('',#2938,#2937);
#2940=DIRECTION('',(-1.E0,6.579099405185E-14,0.E0));
#2941=VECTOR('',#2940,3.24E-1);
#2942=CARTESIAN_POINT('',(-3.2629302E1,2.36628E-1,2.099287745611E0));
#2943=LINE('',#2942,#2941);
#2944=DIRECTION('',(-1.E0,0.E0,0.E0));
#2945=VECTOR('',#2944,5.179398489247E0);
#2946=CARTESIAN_POINT('',(-2.449903475538E1,2.764808560457E0,
-1.975737768184E0));
#2947=LINE('',#2946,#2945);
#2948=DIRECTION('',(1.E0,0.E0,0.E0));
#2949=VECTOR('',#2948,5.481460721063E0);
#2950=CARTESIAN_POINT('',(-2.982946436053E1,2.917629739219E0,-2.127E0));
#2951=LINE('',#2950,#2949);
#2952=DIRECTION('',(-5.747783453746E-1,5.815907784256E-1,-5.756579020032E-1));
#2953=VECTOR('',#2952,2.627641022376E-1);
#2954=CARTESIAN_POINT('',(-2.967843324462E1,2.764808560457E0,
-1.975737768184E0));
#2955=LINE('',#2954,#2953);
#2956=DIRECTION('',(-2.110890887197E-5,2.129392732200E-5,-9.999999995505E-1));
#2957=VECTOR('',#2956,1.094873777310E1);
#2958=CARTESIAN_POINT('',(-2.449880363947E1,2.764575418830E0,8.972999999999E0));
#2959=LINE('',#2958,#2957);
#2960=DIRECTION('',(0.E0,0.E0,1.E0));
#2961=VECTOR('',#2960,1.09492E1);
#2962=CARTESIAN_POINT('',(-2.449880363947E1,-9.871994188301E-1,-1.9762E0));
#2963=LINE('',#2962,#2961);
#2964=DIRECTION('',(-6.159792489949E-5,9.999999905142E-1,1.231958497963E-4));
#2965=VECTOR('',#2964,3.752008014877E0);
#2966=CARTESIAN_POINT('',(-2.449880363947E1,-9.871994188301E-1,-1.9762E0));
#2967=LINE('',#2966,#2965);
#2968=DIRECTION('',(5.747783453745E-1,5.815907784256E-1,-5.756579020033E-1));
#2969=VECTOR('',#2968,2.627641022376E-1);
#2970=CARTESIAN_POINT('',(-2.449903475538E1,2.764808560457E0,
-1.975737768184E0));
#2971=LINE('',#2970,#2969);
#2972=DIRECTION('',(7.071067811865E-1,7.071067811865E-1,0.E0));
#2973=VECTOR('',#2972,1.921916231265E0);
#2974=CARTESIAN_POINT('',(-2.585780363947E1,-2.346199418830E0,-1.9762E0));
#2975=LINE('',#2974,#2973);
#2976=DIRECTION('',(6.785983445458E-1,-2.810846377149E-1,-6.785983445458E-1));
#2977=VECTOR('',#2976,2.222227643378E-1);
#2978=CARTESIAN_POINT('',(-2.449880363947E1,-9.871994188301E-1,-1.9762E0));
#2979=LINE('',#2978,#2977);
#2980=DIRECTION('',(0.E0,0.E0,1.E0));
#2981=VECTOR('',#2980,1.09492E1);
#2982=CARTESIAN_POINT('',(-2.585780363947E1,-2.346199418830E0,-1.9762E0));
#2983=LINE('',#2982,#2981);
#2984=DIRECTION('',(-1.E0,0.E0,0.E0));
#2985=VECTOR('',#2984,3.820860721063E0);
#2986=CARTESIAN_POINT('',(-2.585780363947E1,-2.346199418830E0,
8.972999999999E0));
#2987=LINE('',#2986,#2985);
#2988=DIRECTION('',(-7.071067811865E-1,-7.071067811865E-1,0.E0));
#2989=VECTOR('',#2988,1.921916231265E0);
#2990=CARTESIAN_POINT('',(-2.449880363947E1,-9.871994188301E-1,
8.972999999999E0));
#2991=LINE('',#2990,#2989);
#2992=DIRECTION('',(0.E0,-1.E0,0.E0));
#2993=VECTOR('',#2992,3.751774837660E0);
#2994=CARTESIAN_POINT('',(-2.449880363947E1,2.764575418830E0,8.972999999999E0));
#2995=LINE('',#2994,#2993);
#2996=DIRECTION('',(1.E0,0.E0,0.E0));
#2997=VECTOR('',#2996,5.179860721063E0);
#2998=CARTESIAN_POINT('',(-2.967866436053E1,2.764575418830E0,8.972999999999E0));
#2999=LINE('',#2998,#2997);
#3000=DIRECTION('',(0.E0,1.E0,0.E0));
#3001=VECTOR('',#3000,5.110774837660E0);
#3002=CARTESIAN_POINT('',(-2.967866436053E1,-2.346199418830E0,
8.972999999999E0));
#3003=LINE('',#3002,#3001);
#3004=DIRECTION('',(0.E0,-1.E0,0.E0));
#3005=VECTOR('',#3004,9.24E-1);
#3006=CARTESIAN_POINT('',(-2.7653302E1,8.60628E-1,8.972999999999E0));
#3007=LINE('',#3006,#3005);
#3008=CARTESIAN_POINT('',(-2.7553302E1,8.60628E-1,8.972999999999E0));
#3009=DIRECTION('',(0.E0,0.E0,1.E0));
#3010=DIRECTION('',(0.E0,1.E0,0.E0));
#3011=AXIS2_PLACEMENT_3D('',#3008,#3009,#3010);
#3013=DIRECTION('',(-1.E0,0.E0,0.E0));
#3014=VECTOR('',#3013,9.24E-1);
#3015=CARTESIAN_POINT('',(-2.6629302E1,9.60628E-1,8.972999999999E0));
#3016=LINE('',#3015,#3014);
#3017=CARTESIAN_POINT('',(-2.6629302E1,8.60628E-1,8.972999999999E0));
#3018=DIRECTION('',(0.E0,0.E0,1.E0));
#3019=DIRECTION('',(1.E0,0.E0,0.E0));
#3020=AXIS2_PLACEMENT_3D('',#3017,#3018,#3019);
#3022=DIRECTION('',(0.E0,1.E0,0.E0));
#3023=VECTOR('',#3022,9.24E-1);
#3024=CARTESIAN_POINT('',(-2.6529302E1,-6.337199999999E-2,8.972999999999E0));
#3025=LINE('',#3024,#3023);
#3026=CARTESIAN_POINT('',(-2.6629302E1,-6.337199999999E-2,8.972999999999E0));
#3027=DIRECTION('',(0.E0,0.E0,1.E0));
#3028=DIRECTION('',(0.E0,-1.E0,0.E0));
#3029=AXIS2_PLACEMENT_3D('',#3026,#3027,#3028);
#3031=DIRECTION('',(1.E0,0.E0,0.E0));
#3032=VECTOR('',#3031,9.24E-1);
#3033=CARTESIAN_POINT('',(-2.7553302E1,-1.63372E-1,8.972999999999E0));
#3034=LINE('',#3033,#3032);
#3035=CARTESIAN_POINT('',(-2.7553302E1,-6.337199999999E-2,8.972999999999E0));
#3036=DIRECTION('',(0.E0,0.E0,1.E0));
#3037=DIRECTION('',(-1.E0,0.E0,0.E0));
#3038=AXIS2_PLACEMENT_3D('',#3035,#3036,#3037);
#3040=DIRECTION('',(0.E0,0.E0,1.E0));
#3041=VECTOR('',#3040,1.09492E1);
#3042=CARTESIAN_POINT('',(-2.967866436053E1,-2.346199418830E0,-1.9762E0));
#3043=LINE('',#3042,#3041);
#3044=DIRECTION('',(1.E0,0.E0,0.E0));
#3045=VECTOR('',#3044,3.820860721063E0);
#3046=CARTESIAN_POINT('',(-2.967866436053E1,-2.346199418830E0,-1.9762E0));
#3047=LINE('',#3046,#3045);
#3048=DIRECTION('',(5.773502691896E-1,5.773502691896E-1,5.773502691896E-1));
#3049=VECTOR('',#3048,2.611932617814E-1);
#3050=CARTESIAN_POINT('',(-2.982946436053E1,-2.496999418830E0,-2.127E0));
#3051=LINE('',#3050,#3049);
#3052=DIRECTION('',(2.810846377149E-1,-6.785983445458E-1,-6.785983445458E-1));
#3053=VECTOR('',#3052,2.222227643378E-1);
#3054=CARTESIAN_POINT('',(-2.585780363947E1,-2.346199418830E0,-1.9762E0));
#3055=LINE('',#3054,#3053);
#3056=DIRECTION('',(-4.521924201559E-5,-9.999999948881E-1,-9.043848402285E-5));
#3057=VECTOR('',#3056,5.111008005414E0);
#3058=CARTESIAN_POINT('',(-2.967843324462E1,2.764808560457E0,
-1.975737768184E0));
#3059=LINE('',#3058,#3057);
#3060=DIRECTION('',(-2.110890886808E-5,-2.129392732191E-5,9.999999995505E-1));
#3061=VECTOR('',#3060,1.094873777310E1);
#3062=CARTESIAN_POINT('',(-2.967843324462E1,2.764808560457E0,
-1.975737768184E0));
#3063=LINE('',#3062,#3061);
#3064=DIRECTION('',(0.E0,-1.E0,0.E0));
#3065=VECTOR('',#3064,9.24E-1);
#3066=CARTESIAN_POINT('',(-2.7653302E1,8.60628E-1,2.499287745611E0));
#3067=LINE('',#3066,#3065);
#3068=DIRECTION('',(0.E0,0.E0,1.E0));
#3069=VECTOR('',#3068,6.473712254388E0);
#3070=CARTESIAN_POINT('',(-2.7553302E1,-1.63372E-1,2.499287745611E0));
#3071=LINE('',#3070,#3069);
#3072=CARTESIAN_POINT('',(-2.762401267812E1,-1.340826781187E-1,
2.469998423730E0));
#3073=CARTESIAN_POINT('',(-2.760627802710E1,-1.518173291370E-1,
2.487733074748E0));
#3074=CARTESIAN_POINT('',(-2.758401931662E1,-1.63372E-1,2.499287745611E0));
#3075=CARTESIAN_POINT('',(-2.7553302E1,-1.63372E-1,2.499287745611E0));
#3077=CARTESIAN_POINT('',(-2.7653302E1,-6.337199999999E-2,2.499287745611E0));
#3078=CARTESIAN_POINT('',(-2.7653302E1,-9.408931661836E-2,2.499287745611E0));
#3079=CARTESIAN_POINT('',(-2.764174732914E1,-1.163480271003E-1,
2.487733074748E0));
#3080=CARTESIAN_POINT('',(-2.762401267812E1,-1.340826781187E-1,
2.469998423730E0));
#3082=DIRECTION('',(0.E0,0.E0,-1.E0));
#3083=VECTOR('',#3082,6.473712254388E0);
#3084=CARTESIAN_POINT('',(-2.7653302E1,-6.337199999999E-2,8.972999999999E0));
#3085=LINE('',#3084,#3083);
#3086=DIRECTION('',(0.E0,0.E0,1.E0));
#3087=VECTOR('',#3086,6.473712254388E0);
#3088=CARTESIAN_POINT('',(-2.6529302E1,-6.337199999999E-2,2.499287745611E0));
#3089=LINE('',#3088,#3087);
#3090=CARTESIAN_POINT('',(-2.655859132188E1,-1.340826781187E-1,
2.469998423730E0));
#3091=CARTESIAN_POINT('',(-2.654085667087E1,-1.163480271003E-1,
2.487733074748E0));
#3092=CARTESIAN_POINT('',(-2.6529302E1,-9.408931661834E-2,2.499287745611E0));
#3093=CARTESIAN_POINT('',(-2.6529302E1,-6.337199999999E-2,2.499287745611E0));
#3095=CARTESIAN_POINT('',(-2.6629302E1,-1.63372E-1,2.499287745611E0));
#3096=CARTESIAN_POINT('',(-2.659858468338E1,-1.63372E-1,2.499287745611E0));
#3097=CARTESIAN_POINT('',(-2.657632597290E1,-1.518173291370E-1,
2.487733074748E0));
#3098=CARTESIAN_POINT('',(-2.655859132188E1,-1.340826781187E-1,
2.469998423730E0));
#3100=DIRECTION('',(0.E0,0.E0,-1.E0));
#3101=VECTOR('',#3100,6.473712254388E0);
#3102=CARTESIAN_POINT('',(-2.6629302E1,-1.63372E-1,8.972999999999E0));
#3103=LINE('',#3102,#3101);
#3104=DIRECTION('',(0.E0,1.E0,0.E0));
#3105=VECTOR('',#3104,9.24E-1);
#3106=CARTESIAN_POINT('',(-2.6529302E1,-6.337199999999E-2,2.499287745611E0));
#3107=LINE('',#3106,#3105);
#3108=DIRECTION('',(0.E0,0.E0,1.E0));
#3109=VECTOR('',#3108,6.473712254388E0);
#3110=CARTESIAN_POINT('',(-2.6629302E1,9.60628E-1,2.499287745611E0));
#3111=LINE('',#3110,#3109);
#3112=CARTESIAN_POINT('',(-2.655859132188E1,9.313386781187E-1,
2.469998423730E0));
#3113=CARTESIAN_POINT('',(-2.657632597290E1,9.490733291371E-1,
2.487733074748E0));
#3114=CARTESIAN_POINT('',(-2.659858468338E1,9.60628E-1,2.499287745611E0));
#3115=CARTESIAN_POINT('',(-2.6629302E1,9.60628E-1,2.499287745611E0));
#3117=CARTESIAN_POINT('',(-2.6529302E1,8.60628E-1,2.499287745611E0));
#3118=CARTESIAN_POINT('',(-2.6529302E1,8.913453166184E-1,2.499287745611E0));
#3119=CARTESIAN_POINT('',(-2.654085667087E1,9.136040271003E-1,
2.487733074748E0));
#3120=CARTESIAN_POINT('',(-2.655859132188E1,9.313386781187E-1,
2.469998423730E0));
#3122=DIRECTION('',(0.E0,0.E0,-1.E0));
#3123=VECTOR('',#3122,6.473712254388E0);
#3124=CARTESIAN_POINT('',(-2.6529302E1,8.60628E-1,8.972999999999E0));
#3125=LINE('',#3124,#3123);
#3126=DIRECTION('',(-1.E0,0.E0,0.E0));
#3127=VECTOR('',#3126,9.24E-1);
#3128=CARTESIAN_POINT('',(-2.6629302E1,9.60628E-1,2.499287745611E0));
#3129=LINE('',#3128,#3127);
#3130=DIRECTION('',(0.E0,0.E0,1.E0));
#3131=VECTOR('',#3130,6.473712254388E0);
#3132=CARTESIAN_POINT('',(-2.7653302E1,8.60628E-1,2.499287745611E0));
#3133=LINE('',#3132,#3131);
#3134=CARTESIAN_POINT('',(-2.762401267812E1,9.313386781187E-1,
2.469998423730E0));
#3135=CARTESIAN_POINT('',(-2.764174732914E1,9.136040271003E-1,
2.487733074748E0));
#3136=CARTESIAN_POINT('',(-2.7653302E1,8.913453166184E-1,2.499287745611E0));
#3137=CARTESIAN_POINT('',(-2.7653302E1,8.60628E-1,2.499287745611E0));
#3139=CARTESIAN_POINT('',(-2.7553302E1,9.60628E-1,2.499287745611E0));
#3140=CARTESIAN_POINT('',(-2.758401931662E1,9.60628E-1,2.499287745611E0));
#3141=CARTESIAN_POINT('',(-2.760627802710E1,9.490733291371E-1,
2.487733074748E0));
#3142=CARTESIAN_POINT('',(-2.762401267812E1,9.313386781187E-1,
2.469998423730E0));
#3144=DIRECTION('',(0.E0,0.E0,-1.E0));
#3145=VECTOR('',#3144,6.473712254388E0);
#3146=CARTESIAN_POINT('',(-2.7553302E1,9.60628E-1,8.972999999999E0));
#3147=LINE('',#3146,#3145);
#3148=DIRECTION('',(5.773502691896E-1,-5.773502691896E-1,-5.773502691896E-1));
#3149=VECTOR('',#3148,6.420897294099E-1);
#3150=CARTESIAN_POINT('',(-2.762401267812E1,9.313386781187E-1,
2.469998423730E0));
#3151=LINE('',#3150,#3149);
#3152=DIRECTION('',(-5.773502691897E-1,-5.773502691896E-1,5.773502691896E-1));
#3153=VECTOR('',#3152,6.420897294099E-1);
#3154=CARTESIAN_POINT('',(-2.7253302E1,2.36628E-1,2.099287745611E0));
#3155=LINE('',#3154,#3153);
#3156=DIRECTION('',(1.096516567531E-14,-1.E0,0.E0));
#3157=VECTOR('',#3156,3.24E-1);
#3158=CARTESIAN_POINT('',(-2.7253302E1,5.60628E-1,2.099287745611E0));
#3159=LINE('',#3158,#3157);
#3160=DIRECTION('',(5.773502691896E-1,5.773502691896E-1,5.773502691896E-1));
#3161=VECTOR('',#3160,6.420897294098E-1);
#3162=CARTESIAN_POINT('',(-2.6929302E1,5.60628E-1,2.099287745611E0));
#3163=LINE('',#3162,#3161);
#3164=DIRECTION('',(0.E0,1.E0,0.E0));
#3165=VECTOR('',#3164,3.24E-1);
#3166=CARTESIAN_POINT('',(-2.6929302E1,2.36628E-1,2.099287745611E0));
#3167=LINE('',#3166,#3165);
#3168=DIRECTION('',(-5.773502691896E-1,5.773502691896E-1,-5.773502691896E-1));
#3169=VECTOR('',#3168,6.420897294098E-1);
#3170=CARTESIAN_POINT('',(-2.655859132188E1,-1.340826781187E-1,
2.469998423730E0));
#3171=LINE('',#3170,#3169);
#3172=DIRECTION('',(1.E0,2.638492990622E-14,0.E0));
#3173=VECTOR('',#3172,3.239999999999E-1);
#3174=CARTESIAN_POINT('',(-2.7253302E1,5.60628E-1,2.099287745611E0));
#3175=LINE('',#3174,#3173);
#3176=DIRECTION('',(-1.E0,2.835523311351E-14,0.E0));
#3177=VECTOR('',#3176,3.239999999999E-1);
#3178=CARTESIAN_POINT('',(-2.6929302E1,2.36628E-1,2.099287745611E0));
#3179=LINE('',#3178,#3177);
#3180=DIRECTION('',(-1.E0,0.E0,0.E0));
#3181=VECTOR('',#3180,9.24E-1);
#3182=CARTESIAN_POINT('',(-2.6629302E1,-1.63372E-1,2.499287745611E0));
#3183=LINE('',#3182,#3181);
#3184=DIRECTION('',(-6.159792489570E-5,9.999999905142E-1,1.231958497965E-4));
#3185=VECTOR('',#3184,3.752008014877E0);
#3186=CARTESIAN_POINT('',(-3.019880363947E1,4.712800581170E0,-1.9762E0));
#3187=LINE('',#3186,#3185);
#3188=DIRECTION('',(-6.785983445458E-1,2.810846377149E-1,6.785983445458E-1));
#3189=VECTOR('',#3188,2.222227643378E-1);
#3190=CARTESIAN_POINT('',(-3.004800363947E1,4.650337175964E0,-2.127E0));
#3191=LINE('',#3190,#3189);
#3192=DIRECTION('',(-9.999999950051E-1,-4.501125429079E-5,8.924032196570E-5));
#3193=VECTOR('',#3192,5.179629631027E0);
#3194=CARTESIAN_POINT('',(-3.019903475538E1,8.464808560457E0,
-1.975737768184E0));
#3195=LINE('',#3194,#3193);
#3196=DIRECTION('',(-5.747783453745E-1,-5.815907784256E-1,5.756579020032E-1));
#3197=VECTOR('',#3196,2.627641022376E-1);
#3198=CARTESIAN_POINT('',(-3.004800363947E1,8.617629739219E0,-2.127E0));
#3199=LINE('',#3198,#3197);
#3200=DIRECTION('',(1.E0,0.E0,0.E0));
#3201=VECTOR('',#3200,5.483715041453E0);
#3202=CARTESIAN_POINT('',(-3.553171868092E1,8.617629739219E0,-2.127E0));
#3203=LINE('',#3202,#3201);
#3204=DIRECTION('',(-1.E0,0.E0,0.E0));
#3205=VECTOR('',#3204,5.179860721063E0);
#3206=CARTESIAN_POINT('',(-3.019880363947E1,8.464575418830E0,8.972999999999E0));
#3207=LINE('',#3206,#3205);
#3208=DIRECTION('',(-2.110890887067E-5,2.129392732167E-5,-9.999999995505E-1));
#3209=VECTOR('',#3208,1.094873777310E1);
#3210=CARTESIAN_POINT('',(-3.019880363947E1,8.464575418830E0,8.972999999999E0));
#3211=LINE('',#3210,#3209);
#3212=DIRECTION('',(0.E0,0.E0,1.E0));
#3213=VECTOR('',#3212,1.09492E1);
#3214=CARTESIAN_POINT('',(-3.019880363947E1,4.712800581170E0,-1.9762E0));
#3215=LINE('',#3214,#3213);
#3216=DIRECTION('',(-1.E0,0.E0,0.E0));
#3217=VECTOR('',#3216,3.820860721063E0);
#3218=CARTESIAN_POINT('',(-3.155780363947E1,3.353800581170E0,8.972999999999E0));
#3219=LINE('',#3218,#3217);
#3220=DIRECTION('',(-7.071067811865E-1,-7.071067811865E-1,0.E0));
#3221=VECTOR('',#3220,1.921916231265E0);
#3222=CARTESIAN_POINT('',(-3.019880363947E1,4.712800581170E0,8.972999999999E0));
#3223=LINE('',#3222,#3221);
#3224=DIRECTION('',(0.E0,-1.E0,0.E0));
#3225=VECTOR('',#3224,3.751774837660E0);
#3226=CARTESIAN_POINT('',(-3.019880363947E1,8.464575418830E0,8.972999999999E0));
#3227=LINE('',#3226,#3225);
#3228=DIRECTION('',(1.E0,0.E0,0.E0));
#3229=VECTOR('',#3228,9.24E-1);
#3230=CARTESIAN_POINT('',(-3.3250734E1,5.536628E0,8.972999999999E0));
#3231=LINE('',#3230,#3229);
#3232=CARTESIAN_POINT('',(-3.3250734E1,5.636628E0,8.972999999999E0));
#3233=DIRECTION('',(0.E0,0.E0,1.E0));
#3234=DIRECTION('',(-1.E0,0.E0,0.E0));
#3235=AXIS2_PLACEMENT_3D('',#3232,#3233,#3234);
#3237=DIRECTION('',(0.E0,-1.E0,0.E0));
#3238=VECTOR('',#3237,9.24E-1);
#3239=CARTESIAN_POINT('',(-3.3350734E1,6.560628E0,8.972999999999E0));
#3240=LINE('',#3239,#3238);
#3241=CARTESIAN_POINT('',(-3.3250734E1,6.560628E0,8.972999999999E0));
#3242=DIRECTION('',(0.E0,0.E0,1.E0));
#3243=DIRECTION('',(-1.989519660128E-12,1.E0,0.E0));
#3244=AXIS2_PLACEMENT_3D('',#3241,#3242,#3243);
#3246=DIRECTION('',(-1.E0,0.E0,0.E0));
#3247=VECTOR('',#3246,9.24E-1);
#3248=CARTESIAN_POINT('',(-3.2326734E1,6.660628E0,8.972999999999E0));
#3249=LINE('',#3248,#3247);
#3250=CARTESIAN_POINT('',(-3.2326734E1,6.560628E0,8.972999999999E0));
#3251=DIRECTION('',(0.E0,0.E0,1.E0));
#3252=DIRECTION('',(1.E0,3.641531520770E-13,0.E0));
#3253=AXIS2_PLACEMENT_3D('',#3250,#3251,#3252);
#3255=DIRECTION('',(0.E0,1.E0,0.E0));
#3256=VECTOR('',#3255,9.24E-1);
#3257=CARTESIAN_POINT('',(-3.2226734E1,5.636628E0,8.972999999999E0));
#3258=LINE('',#3257,#3256);
#3259=CARTESIAN_POINT('',(-3.2326734E1,5.636628E0,8.972999999999E0));
#3260=DIRECTION('',(0.E0,0.E0,1.E0));
#3261=DIRECTION('',(-9.947598300641E-13,-1.E0,0.E0));
#3262=AXIS2_PLACEMENT_3D('',#3259,#3260,#3261);
#3264=DIRECTION('',(0.E0,-1.E0,0.E0));
#3265=VECTOR('',#3264,5.110774837660E0);
#3266=CARTESIAN_POINT('',(-3.537866436053E1,8.464575418830E0,8.972999999999E0));
#3267=LINE('',#3266,#3265);
#3268=DIRECTION('',(0.E0,0.E0,1.E0));
#3269=VECTOR('',#3268,1.094827553637E1);
#3270=CARTESIAN_POINT('',(-3.537866436053E1,8.464575418830E0,
-1.975275536368E0));
#3271=LINE('',#3270,#3269);
#3272=DIRECTION('',(-4.561973009277E-5,-9.999999948691E-1,-9.044669973187E-5));
#3273=VECTOR('',#3272,5.110543747974E0);
#3274=CARTESIAN_POINT('',(-3.537866436053E1,8.464575418830E0,
-1.975275536368E0));
#3275=LINE('',#3274,#3273);
#3276=DIRECTION('',(5.790223992949E-1,-5.790223992944E-1,5.739913956063E-1));
#3277=VECTOR('',#3276,2.643322962559E-1);
#3278=CARTESIAN_POINT('',(-3.553171868092E1,8.617629739219E0,-2.127E0));
#3279=LINE('',#3278,#3277);
#3280=DIRECTION('',(0.E0,1.E0,0.E0));
#3281=VECTOR('',#3280,5.414629158049E0);
#3282=CARTESIAN_POINT('',(-3.553171868092E1,3.203000581170E0,-2.127E0));
#3283=LINE('',#3282,#3281);
#3284=DIRECTION('',(-1.E0,1.496295090705E-14,0.E0));
#3285=VECTOR('',#3284,4.036378446658E0);
#3286=CARTESIAN_POINT('',(-3.149534023426E1,3.203000581170E0,-2.127E0));
#3287=LINE('',#3286,#3285);
#3288=DIRECTION('',(2.810846377149E-1,-6.785983445458E-1,-6.785983445458E-1));
#3289=VECTOR('',#3288,2.222227643378E-1);
#3290=CARTESIAN_POINT('',(-3.155780363947E1,3.353800581170E0,-1.9762E0));
#3291=LINE('',#3290,#3289);
#3292=DIRECTION('',(5.815907784259E-1,5.747783453743E-1,5.756579020032E-1));
#3293=VECTOR('',#3292,2.627641022377E-1);
#3294=CARTESIAN_POINT('',(-3.553171868092E1,3.203000581170E0,-2.127E0));
#3295=LINE('',#3294,#3293);
#3296=DIRECTION('',(7.071067811865E-1,7.071067811865E-1,0.E0));
#3297=VECTOR('',#3296,1.921916231265E0);
#3298=CARTESIAN_POINT('',(-3.155780363947E1,3.353800581170E0,-1.9762E0));
#3299=LINE('',#3298,#3297);
#3300=DIRECTION('',(0.E0,0.E0,1.E0));
#3301=VECTOR('',#3300,1.09492E1);
#3302=CARTESIAN_POINT('',(-3.155780363947E1,3.353800581170E0,-1.9762E0));
#3303=LINE('',#3302,#3301);
#3304=DIRECTION('',(2.129392732865E-5,-2.110890888025E-5,9.999999995505E-1));
#3305=VECTOR('',#3304,1.094873777310E1);
#3306=CARTESIAN_POINT('',(-3.537889750216E1,3.354031697078E0,
-1.975737768184E0));
#3307=LINE('',#3306,#3305);
#3308=DIRECTION('',(-9.999999908541E-1,6.048422629801E-5,1.209684525727E-4));
#3309=VECTOR('',#3308,3.821093897637E0);
#3310=CARTESIAN_POINT('',(-3.155780363947E1,3.353800581170E0,-1.9762E0));
#3311=LINE('',#3310,#3309);
#3312=DIRECTION('',(0.E0,0.E0,1.E0));
#3313=VECTOR('',#3312,6.473712254388E0);
#3314=CARTESIAN_POINT('',(-3.2226734E1,5.636628E0,2.499287745611E0));
#3315=LINE('',#3314,#3313);
#3316=CARTESIAN_POINT('',(-3.225602332188E1,5.565917321881E0,2.469998423730E0));
#3317=CARTESIAN_POINT('',(-3.223828867086E1,5.583651972900E0,2.487733074748E0));
#3318=CARTESIAN_POINT('',(-3.2226734E1,5.605910683382E0,2.499287745611E0));
#3319=CARTESIAN_POINT('',(-3.2226734E1,5.636628E0,2.499287745611E0));
#3321=CARTESIAN_POINT('',(-3.2326734E1,5.536628E0,2.499287745611E0));
#3322=CARTESIAN_POINT('',(-3.229601668338E1,5.536628E0,2.499287745611E0));
#3323=CARTESIAN_POINT('',(-3.227375797290E1,5.548182670863E0,2.487733074748E0));
#3324=CARTESIAN_POINT('',(-3.225602332188E1,5.565917321881E0,2.469998423730E0));
#3326=DIRECTION('',(0.E0,0.E0,-1.E0));
#3327=VECTOR('',#3326,6.473712254388E0);
#3328=CARTESIAN_POINT('',(-3.2326734E1,5.536628E0,8.972999999999E0));
#3329=LINE('',#3328,#3327);
#3330=DIRECTION('',(0.E0,1.E0,0.E0));
#3331=VECTOR('',#3330,9.24E-1);
#3332=CARTESIAN_POINT('',(-3.2226734E1,5.636628E0,2.499287745611E0));
#3333=LINE('',#3332,#3331);
#3334=DIRECTION('',(0.E0,0.E0,1.E0));
#3335=VECTOR('',#3334,6.473712254388E0);
#3336=CARTESIAN_POINT('',(-3.2326734E1,6.660628E0,2.499287745611E0));
#3337=LINE('',#3336,#3335);
#3338=CARTESIAN_POINT('',(-3.225602332188E1,6.631338678119E0,2.469998423730E0));
#3339=CARTESIAN_POINT('',(-3.227375797290E1,6.649073329137E0,2.487733074748E0));
#3340=CARTESIAN_POINT('',(-3.229601668338E1,6.660628E0,2.499287745611E0));
#3341=CARTESIAN_POINT('',(-3.2326734E1,6.660628E0,2.499287745611E0));
#3343=CARTESIAN_POINT('',(-3.2226734E1,6.560628E0,2.499287745611E0));
#3344=CARTESIAN_POINT('',(-3.2226734E1,6.591345316618E0,2.499287745611E0));
#3345=CARTESIAN_POINT('',(-3.223828867086E1,6.613604027100E0,2.487733074748E0));
#3346=CARTESIAN_POINT('',(-3.225602332188E1,6.631338678119E0,2.469998423730E0));
#3348=DIRECTION('',(0.E0,0.E0,-1.E0));
#3349=VECTOR('',#3348,6.473712254388E0);
#3350=CARTESIAN_POINT('',(-3.2226734E1,6.560628E0,8.972999999999E0));
#3351=LINE('',#3350,#3349);
#3352=DIRECTION('',(0.E0,0.E0,1.E0));
#3353=VECTOR('',#3352,6.473712254388E0);
#3354=CARTESIAN_POINT('',(-3.3350734E1,6.560628E0,2.499287745611E0));
#3355=LINE('',#3354,#3353);
#3356=CARTESIAN_POINT('',(-3.332144467812E1,6.631338678119E0,2.469998423730E0));
#3357=CARTESIAN_POINT('',(-3.333917932914E1,6.613604027100E0,2.487733074748E0));
#3358=CARTESIAN_POINT('',(-3.3350734E1,6.591345316618E0,2.499287745611E0));
#3359=CARTESIAN_POINT('',(-3.3350734E1,6.560628E0,2.499287745611E0));
#3361=CARTESIAN_POINT('',(-3.3250734E1,6.660628E0,2.499287745611E0));
#3362=CARTESIAN_POINT('',(-3.328145131662E1,6.660628E0,2.499287745611E0));
#3363=CARTESIAN_POINT('',(-3.330371002710E1,6.649073329137E0,2.487733074748E0));
#3364=CARTESIAN_POINT('',(-3.332144467812E1,6.631338678119E0,2.469998423730E0));
#3366=DIRECTION('',(0.E0,0.E0,-1.E0));
#3367=VECTOR('',#3366,6.473712254388E0);
#3368=CARTESIAN_POINT('',(-3.3250734E1,6.660628E0,8.972999999999E0));
#3369=LINE('',#3368,#3367);
#3370=DIRECTION('',(0.E0,-1.E0,0.E0));
#3371=VECTOR('',#3370,9.24E-1);
#3372=CARTESIAN_POINT('',(-3.3350734E1,6.560628E0,2.499287745611E0));
#3373=LINE('',#3372,#3371);
#3374=DIRECTION('',(0.E0,0.E0,1.E0));
#3375=VECTOR('',#3374,6.473712254388E0);
#3376=CARTESIAN_POINT('',(-3.3250734E1,5.536628E0,2.499287745611E0));
#3377=LINE('',#3376,#3375);
#3378=CARTESIAN_POINT('',(-3.332144467812E1,5.565917321881E0,2.469998423730E0));
#3379=CARTESIAN_POINT('',(-3.330371002710E1,5.548182670863E0,2.487733074748E0));
#3380=CARTESIAN_POINT('',(-3.328145131662E1,5.536628E0,2.499287745611E0));
#3381=CARTESIAN_POINT('',(-3.3250734E1,5.536628E0,2.499287745611E0));
#3383=CARTESIAN_POINT('',(-3.3350734E1,5.636628E0,2.499287745611E0));
#3384=CARTESIAN_POINT('',(-3.3350734E1,5.605910683382E0,2.499287745611E0));
#3385=CARTESIAN_POINT('',(-3.333917932914E1,5.583651972900E0,2.487733074748E0));
#3386=CARTESIAN_POINT('',(-3.332144467812E1,5.565917321881E0,2.469998423730E0));
#3388=DIRECTION('',(0.E0,0.E0,-1.E0));
#3389=VECTOR('',#3388,6.473712254388E0);
#3390=CARTESIAN_POINT('',(-3.3350734E1,5.636628E0,8.972999999999E0));
#3391=LINE('',#3390,#3389);
#3392=DIRECTION('',(-1.E0,0.E0,0.E0));
#3393=VECTOR('',#3392,9.24E-1);
#3394=CARTESIAN_POINT('',(-3.2326734E1,5.536628E0,2.499287745611E0));
#3395=LINE('',#3394,#3393);
#3396=DIRECTION('',(5.773502691897E-1,-5.773502691896E-1,5.773502691896E-1));
#3397=VECTOR('',#3396,6.420897294098E-1);
#3398=CARTESIAN_POINT('',(-3.2626734E1,5.936628E0,2.099287745611E0));
#3399=LINE('',#3398,#3397);
#3400=DIRECTION('',(1.E0,1.754426508049E-13,-2.055968564120E-13));
#3401=VECTOR('',#3400,3.24E-1);
#3402=CARTESIAN_POINT('',(-3.2950734E1,5.936628E0,2.099287745611E0));
#3403=LINE('',#3402,#3401);
#3404=DIRECTION('',(6.579099405187E-14,1.E0,0.E0));
#3405=VECTOR('',#3404,3.239999999999E-1);
#3406=CARTESIAN_POINT('',(-3.2626734E1,5.936628E0,2.099287745611E0));
#3407=LINE('',#3406,#3405);
#3408=DIRECTION('',(1.E0,0.E0,0.E0));
#3409=VECTOR('',#3408,9.24E-1);
#3410=CARTESIAN_POINT('',(-3.3250734E1,6.660628E0,2.499287745611E0));
#3411=LINE('',#3410,#3409);
#3412=DIRECTION('',(-5.773502691895E-1,5.773502691897E-1,5.773502691897E-1));
#3413=VECTOR('',#3412,6.420897294098E-1);
#3414=CARTESIAN_POINT('',(-3.2950734E1,6.260628E0,2.099287745611E0));
#3415=LINE('',#3414,#3413);
#3416=DIRECTION('',(-1.E0,2.302684791815E-13,2.055968564120E-13));
#3417=VECTOR('',#3416,3.24E-1);
#3418=CARTESIAN_POINT('',(-3.2626734E1,6.260628E0,2.099287745611E0));
#3419=LINE('',#3418,#3417);
#3420=DIRECTION('',(-5.773502691897E-1,-5.773502691896E-1,-5.773502691896E-1));
#3421=VECTOR('',#3420,6.420897294098E-1);
#3422=CARTESIAN_POINT('',(-3.225602332188E1,6.631338678119E0,2.469998423730E0));
#3423=LINE('',#3422,#3421);
#3424=DIRECTION('',(-5.773502691895E-1,-5.773502691896E-1,5.773502691897E-1));
#3425=VECTOR('',#3424,6.420897294098E-1);
#3426=CARTESIAN_POINT('',(-3.2950734E1,5.936628E0,2.099287745611E0));
#3427=LINE('',#3426,#3425);
#3428=DIRECTION('',(-6.579099405185E-14,-1.E0,0.E0));
#3429=VECTOR('',#3428,3.240000000001E-1);
#3430=CARTESIAN_POINT('',(-3.2950734E1,6.260628E0,2.099287745611E0));
#3431=LINE('',#3430,#3429);
#3432=DIRECTION('',(1.E0,0.E0,0.E0));
#3433=VECTOR('',#3432,5.485969361842E0);
#3434=CARTESIAN_POINT('',(-4.123171868092E1,8.617629739219E0,-2.127E0));
#3435=LINE('',#3434,#3433);
#3436=DIRECTION('',(-5.790223992947E-1,-5.790223992947E-1,5.739913956063E-1));
#3437=VECTOR('',#3436,2.643322962557E-1);
#3438=CARTESIAN_POINT('',(-3.574574931908E1,8.617629739219E0,-2.127E0));
#3439=LINE('',#3438,#3437);
#3440=DIRECTION('',(1.E0,0.E0,-1.804696761311E-14));
#3441=VECTOR('',#3440,5.179860721063E0);
#3442=CARTESIAN_POINT('',(-4.107866436053E1,8.464575418830E0,
-1.975275536368E0));
#3443=LINE('',#3442,#3441);
#3444=DIRECTION('',(0.E0,0.E0,-1.E0));
#3445=VECTOR('',#3444,1.094827553637E1);
#3446=CARTESIAN_POINT('',(-4.107866436053E1,8.464575418830E0,8.972999999999E0));
#3447=LINE('',#3446,#3445);
#3448=DIRECTION('',(-1.136330853496E-14,1.E0,-2.379192724507E-14));
#3449=VECTOR('',#3448,3.751773879452E0);
#3450=CARTESIAN_POINT('',(-4.107866436053E1,4.712801539379E0,
-1.975275536368E0));
#3451=LINE('',#3450,#3449);
#3452=DIRECTION('',(0.E0,0.E0,-1.E0));
#3453=VECTOR('',#3452,1.094827553637E1);
#3454=CARTESIAN_POINT('',(-4.107866436053E1,4.712801539379E0,8.972999999999E0));
#3455=LINE('',#3454,#3453);
#3456=DIRECTION('',(0.E0,0.E0,-1.E0));
#3457=VECTOR('',#3456,1.094827553637E1);
#3458=CARTESIAN_POINT('',(-3.971966340232E1,3.353800581170E0,8.972999999999E0));
#3459=LINE('',#3458,#3457);
#3460=DIRECTION('',(-5.790223992949E-1,5.790223992942E-1,-5.739913956065E-1));
#3461=VECTOR('',#3460,2.088946154485E-2);
#3462=CARTESIAN_POINT('',(-4.106656889439E1,4.700706073235E0,
-1.963285165183E0));
#3463=LINE('',#3462,#3461);
#3464=DIRECTION('',(7.071067811866E-1,-7.071067811865E-1,1.411519927055E-14));
#3465=VECTOR('',#3464,1.887706441849E0);
#3466=CARTESIAN_POINT('',(-4.106656889439E1,4.700706073235E0,
-1.963285165183E0));
#3467=LINE('',#3466,#3465);
#3468=DIRECTION('',(6.813179851691E-1,2.822111497458E-1,6.753981566782E-1));
#3469=VECTOR('',#3468,2.423975150045E-1);
#3470=CARTESIAN_POINT('',(-4.123171868092E1,4.632298791830E0,-2.127E0));
#3471=LINE('',#3470,#3469);
#3472=DIRECTION('',(-2.822111497457E-1,-6.813179851691E-1,-6.753981566782E-1));
#3473=VECTOR('',#3472,2.423975150046E-1);
#3474=CARTESIAN_POINT('',(-3.973175886847E1,3.365896047314E0,
-1.963285165183E0));
#3475=LINE('',#3474,#3473);
#3476=DIRECTION('',(5.790223992946E-1,-5.790223992947E-1,-5.739913956063E-1));
#3477=VECTOR('',#3476,2.643322962557E-1);
#3478=CARTESIAN_POINT('',(-3.589880363947E1,3.353800581170E0,
-1.975275536368E0));
#3479=LINE('',#3478,#3477);
#3480=DIRECTION('',(1.E0,0.E0,-1.040236667882E-14));
#3481=VECTOR('',#3480,3.820859762855E0);
#3482=CARTESIAN_POINT('',(-3.971966340232E1,3.353800581170E0,
-1.975275536368E0));
#3483=LINE('',#3482,#3481);
#3484=DIRECTION('',(5.790223992938E-1,-5.790223992952E-1,-5.739913956067E-1));
#3485=VECTOR('',#3484,2.088946154511E-2);
#3486=CARTESIAN_POINT('',(-3.973175886847E1,3.365896047314E0,
-1.963285165183E0));
#3487=LINE('',#3486,#3485);
#3488=DIRECTION('',(-1.E0,0.E0,0.E0));
#3489=VECTOR('',#3488,4.054416830792E0);
#3490=CARTESIAN_POINT('',(-3.574574931908E1,3.200746260781E0,-2.127E0));
#3491=LINE('',#3490,#3489);
#3492=DIRECTION('',(0.E0,0.E0,1.E0));
#3493=VECTOR('',#3492,1.094827553637E1);
#3494=CARTESIAN_POINT('',(-3.589880363947E1,3.353800581170E0,
-1.975275536368E0));
#3495=LINE('',#3494,#3493);
#3496=DIRECTION('',(0.E0,-1.E0,0.E0));
#3497=VECTOR('',#3496,5.110774837660E0);
#3498=CARTESIAN_POINT('',(-3.589880363947E1,8.464575418830E0,
-1.975275536368E0));
#3499=LINE('',#3498,#3497);
#3500=DIRECTION('',(0.E0,0.E0,-1.E0));
#3501=VECTOR('',#3500,1.094827553637E1);
#3502=CARTESIAN_POINT('',(-3.589880363947E1,8.464575418830E0,8.972999999999E0));
#3503=LINE('',#3502,#3501);
#3504=DIRECTION('',(-1.E0,0.E0,0.E0));
#3505=VECTOR('',#3504,3.820859762855E0);
#3506=CARTESIAN_POINT('',(-3.589880363947E1,3.353800581170E0,8.972999999999E0));
#3507=LINE('',#3506,#3505);
#3508=DIRECTION('',(0.E0,-1.E0,0.E0));
#3509=VECTOR('',#3508,5.110774837660E0);
#3510=CARTESIAN_POINT('',(-3.589880363947E1,8.464575418830E0,8.972999999999E0));
#3511=LINE('',#3510,#3509);
#3512=DIRECTION('',(1.E0,0.E0,0.E0));
#3513=VECTOR('',#3512,5.179860721063E0);
#3514=CARTESIAN_POINT('',(-4.107866436053E1,8.464575418830E0,8.972999999999E0));
#3515=LINE('',#3514,#3513);
#3516=DIRECTION('',(0.E0,1.E0,0.E0));
#3517=VECTOR('',#3516,3.751773879452E0);
#3518=CARTESIAN_POINT('',(-4.107866436053E1,4.712801539379E0,8.972999999999E0));
#3519=LINE('',#3518,#3517);
#3520=DIRECTION('',(-7.071067811865E-1,7.071067811865E-1,0.E0));
#3521=VECTOR('',#3520,1.921917586377E0);
#3522=CARTESIAN_POINT('',(-3.971966340232E1,3.353800581170E0,8.972999999999E0));
#3523=LINE('',#3522,#3521);
#3524=DIRECTION('',(1.E0,0.E0,0.E0));
#3525=VECTOR('',#3524,9.24E-1);
#3526=CARTESIAN_POINT('',(-3.8950734E1,5.536628E0,8.972999999999E0));
#3527=LINE('',#3526,#3525);
#3528=CARTESIAN_POINT('',(-3.8950734E1,5.636628E0,8.972999999999E0));
#3529=DIRECTION('',(0.E0,0.E0,1.E0));
#3530=DIRECTION('',(-1.E0,0.E0,0.E0));
#3531=AXIS2_PLACEMENT_3D('',#3528,#3529,#3530);
#3533=DIRECTION('',(0.E0,-1.E0,0.E0));
#3534=VECTOR('',#3533,9.24E-1);
#3535=CARTESIAN_POINT('',(-3.9050734E1,6.560628E0,8.972999999999E0));
#3536=LINE('',#3535,#3534);
#3537=CARTESIAN_POINT('',(-3.8950734E1,6.560628E0,8.972999999999E0));
#3538=DIRECTION('',(0.E0,0.E0,1.E0));
#3539=DIRECTION('',(0.E0,1.E0,0.E0));
#3540=AXIS2_PLACEMENT_3D('',#3537,#3538,#3539);
#3542=DIRECTION('',(-1.E0,0.E0,0.E0));
#3543=VECTOR('',#3542,9.239999999998E-1);
#3544=CARTESIAN_POINT('',(-3.8026734E1,6.660628E0,8.972999999999E0));
#3545=LINE('',#3544,#3543);
#3546=CARTESIAN_POINT('',(-3.8026734E1,6.560628E0,8.972999999999E0));
#3547=DIRECTION('',(0.E0,0.E0,1.E0));
#3548=DIRECTION('',(1.E0,0.E0,0.E0));
#3549=AXIS2_PLACEMENT_3D('',#3546,#3547,#3548);
#3551=DIRECTION('',(0.E0,1.E0,0.E0));
#3552=VECTOR('',#3551,9.24E-1);
#3553=CARTESIAN_POINT('',(-3.7926734E1,5.636628E0,8.972999999999E0));
#3554=LINE('',#3553,#3552);
#3555=CARTESIAN_POINT('',(-3.8026734E1,5.636628E0,8.972999999999E0));
#3556=DIRECTION('',(0.E0,0.E0,1.E0));
#3557=DIRECTION('',(0.E0,-1.E0,0.E0));
#3558=AXIS2_PLACEMENT_3D('',#3555,#3556,#3557);
#3560=DIRECTION('',(1.E0,0.E0,0.E0));
#3561=VECTOR('',#3560,9.24E-1);
#3562=CARTESIAN_POINT('',(-3.8950734E1,5.536628E0,2.499287745611E0));
#3563=LINE('',#3562,#3561);
#3564=DIRECTION('',(0.E0,0.E0,1.E0));
#3565=VECTOR('',#3564,6.473712254388E0);
#3566=CARTESIAN_POINT('',(-3.7926734E1,5.636628E0,2.499287745611E0));
#3567=LINE('',#3566,#3565);
#3568=CARTESIAN_POINT('',(-3.795602332188E1,5.565917321881E0,2.469998423730E0));
#3569=CARTESIAN_POINT('',(-3.793828867086E1,5.583651972900E0,2.487733074748E0));
#3570=CARTESIAN_POINT('',(-3.7926734E1,5.605910683382E0,2.499287745611E0));
#3571=CARTESIAN_POINT('',(-3.7926734E1,5.636628E0,2.499287745611E0));
#3573=CARTESIAN_POINT('',(-3.8026734E1,5.536628E0,2.499287745611E0));
#3574=CARTESIAN_POINT('',(-3.799601668338E1,5.536628E0,2.499287745611E0));
#3575=CARTESIAN_POINT('',(-3.797375797290E1,5.548182670863E0,2.487733074748E0));
#3576=CARTESIAN_POINT('',(-3.795602332188E1,5.565917321881E0,2.469998423730E0));
#3578=DIRECTION('',(0.E0,0.E0,-1.E0));
#3579=VECTOR('',#3578,6.473712254388E0);
#3580=CARTESIAN_POINT('',(-3.8026734E1,5.536628E0,8.972999999999E0));
#3581=LINE('',#3580,#3579);
#3582=DIRECTION('',(0.E0,1.E0,0.E0));
#3583=VECTOR('',#3582,9.240000000001E-1);
#3584=CARTESIAN_POINT('',(-3.7926734E1,5.636628E0,2.499287745611E0));
#3585=LINE('',#3584,#3583);
#3586=DIRECTION('',(0.E0,0.E0,1.E0));
#3587=VECTOR('',#3586,6.473712254388E0);
#3588=CARTESIAN_POINT('',(-3.8026734E1,6.660628E0,2.499287745611E0));
#3589=LINE('',#3588,#3587);
#3590=CARTESIAN_POINT('',(-3.795602332188E1,6.631338678119E0,2.469998423730E0));
#3591=CARTESIAN_POINT('',(-3.797375797290E1,6.649073329137E0,2.487733074748E0));
#3592=CARTESIAN_POINT('',(-3.799601668338E1,6.660628E0,2.499287745611E0));
#3593=CARTESIAN_POINT('',(-3.8026734E1,6.660628E0,2.499287745611E0));
#3595=CARTESIAN_POINT('',(-3.7926734E1,6.560628E0,2.499287745611E0));
#3596=CARTESIAN_POINT('',(-3.7926734E1,6.591345316618E0,2.499287745611E0));
#3597=CARTESIAN_POINT('',(-3.793828867086E1,6.613604027100E0,2.487733074748E0));
#3598=CARTESIAN_POINT('',(-3.795602332188E1,6.631338678119E0,2.469998423730E0));
#3600=DIRECTION('',(0.E0,0.E0,-1.E0));
#3601=VECTOR('',#3600,6.473712254388E0);
#3602=CARTESIAN_POINT('',(-3.7926734E1,6.560628E0,8.972999999999E0));
#3603=LINE('',#3602,#3601);
#3604=DIRECTION('',(-1.E0,1.206168224284E-13,1.535123194543E-13));
#3605=VECTOR('',#3604,3.24E-1);
#3606=CARTESIAN_POINT('',(-3.8326734E1,6.260628E0,2.099287745611E0));
#3607=LINE('',#3606,#3605);
#3608=DIRECTION('',(-5.773502691897E-1,-5.773502691896E-1,-5.773502691896E-1));
#3609=VECTOR('',#3608,6.420897294097E-1);
#3610=CARTESIAN_POINT('',(-3.795602332188E1,6.631338678119E0,2.469998423730E0));
#3611=LINE('',#3610,#3609);
#3612=DIRECTION('',(1.E0,0.E0,0.E0));
#3613=VECTOR('',#3612,9.239999999998E-1);
#3614=CARTESIAN_POINT('',(-3.8950734E1,6.660628E0,2.499287745611E0));
#3615=LINE('',#3614,#3613);
#3616=DIRECTION('',(5.773502691896E-1,-5.773502691896E-1,-5.773502691896E-1));
#3617=VECTOR('',#3616,6.420897294098E-1);
#3618=CARTESIAN_POINT('',(-3.902144467812E1,6.631338678119E0,2.469998423730E0));
#3619=LINE('',#3618,#3617);
#3620=DIRECTION('',(-5.773502691896E-1,-5.773502691897E-1,5.773502691897E-1));
#3621=VECTOR('',#3620,6.420897294098E-1);
#3622=CARTESIAN_POINT('',(-3.8650734E1,5.936628E0,2.099287745611E0));
#3623=LINE('',#3622,#3621);
#3624=DIRECTION('',(1.096516567531E-13,-1.E0,0.E0));
#3625=VECTOR('',#3624,3.240000000001E-1);
#3626=CARTESIAN_POINT('',(-3.8650734E1,6.260628E0,2.099287745611E0));
#3627=LINE('',#3626,#3625);
#3628=DIRECTION('',(0.E0,0.E0,1.E0));
#3629=VECTOR('',#3628,6.473712254388E0);
#3630=CARTESIAN_POINT('',(-3.9050734E1,6.560628E0,2.499287745611E0));
#3631=LINE('',#3630,#3629);
#3632=CARTESIAN_POINT('',(-3.902144467812E1,6.631338678119E0,2.469998423730E0));
#3633=CARTESIAN_POINT('',(-3.903917932914E1,6.613604027100E0,2.487733074748E0));
#3634=CARTESIAN_POINT('',(-3.9050734E1,6.591345316618E0,2.499287745611E0));
#3635=CARTESIAN_POINT('',(-3.9050734E1,6.560628E0,2.499287745611E0));
#3637=CARTESIAN_POINT('',(-3.8950734E1,6.660628E0,2.499287745611E0));
#3638=CARTESIAN_POINT('',(-3.898145131662E1,6.660628E0,2.499287745611E0));
#3639=CARTESIAN_POINT('',(-3.900371002710E1,6.649073329137E0,2.487733074748E0));
#3640=CARTESIAN_POINT('',(-3.902144467812E1,6.631338678119E0,2.469998423730E0));
#3642=DIRECTION('',(0.E0,0.E0,-1.E0));
#3643=VECTOR('',#3642,6.473712254388E0);
#3644=CARTESIAN_POINT('',(-3.8950734E1,6.660628E0,8.972999999999E0));
#3645=LINE('',#3644,#3643);
#3646=DIRECTION('',(0.E0,-1.E0,0.E0));
#3647=VECTOR('',#3646,9.24E-1);
#3648=CARTESIAN_POINT('',(-3.9050734E1,6.560628E0,2.499287745611E0));
#3649=LINE('',#3648,#3647);
#3650=DIRECTION('',(0.E0,0.E0,1.E0));
#3651=VECTOR('',#3650,6.473712254388E0);
#3652=CARTESIAN_POINT('',(-3.8950734E1,5.536628E0,2.499287745611E0));
#3653=LINE('',#3652,#3651);
#3654=CARTESIAN_POINT('',(-3.902144467812E1,5.565917321881E0,2.469998423730E0));
#3655=CARTESIAN_POINT('',(-3.900371002710E1,5.548182670863E0,2.487733074748E0));
#3656=CARTESIAN_POINT('',(-3.898145131662E1,5.536628E0,2.499287745611E0));
#3657=CARTESIAN_POINT('',(-3.8950734E1,5.536628E0,2.499287745611E0));
#3659=CARTESIAN_POINT('',(-3.9050734E1,5.636628E0,2.499287745611E0));
#3660=CARTESIAN_POINT('',(-3.9050734E1,5.605910683382E0,2.499287745611E0));
#3661=CARTESIAN_POINT('',(-3.903917932914E1,5.583651972900E0,2.487733074748E0));
#3662=CARTESIAN_POINT('',(-3.902144467812E1,5.565917321881E0,2.469998423730E0));
#3664=DIRECTION('',(0.E0,0.E0,-1.E0));
#3665=VECTOR('',#3664,6.473712254388E0);
#3666=CARTESIAN_POINT('',(-3.9050734E1,5.636628E0,8.972999999999E0));
#3667=LINE('',#3666,#3665);
#3668=DIRECTION('',(5.773502691897E-1,-5.773502691896E-1,5.773502691896E-1));
#3669=VECTOR('',#3668,6.420897294098E-1);
#3670=CARTESIAN_POINT('',(-3.8326734E1,5.936628E0,2.099287745611E0));
#3671=LINE('',#3670,#3669);
#3672=DIRECTION('',(1.E0,1.370645709414E-13,-1.535123194544E-13));
#3673=VECTOR('',#3672,3.239999999999E-1);
#3674=CARTESIAN_POINT('',(-3.8650734E1,5.936628E0,2.099287745611E0));
#3675=LINE('',#3674,#3673);
#3676=DIRECTION('',(8.772132540249E-14,1.E0,0.E0));
#3677=VECTOR('',#3676,3.24E-1);
#3678=CARTESIAN_POINT('',(-3.8326734E1,5.936628E0,2.099287745611E0));
#3679=LINE('',#3678,#3677);
#3680=DIRECTION('',(-6.159792489380E-5,9.999999905142E-1,1.231958497960E-4));
#3681=VECTOR('',#3680,3.752008014877E0);
#3682=CARTESIAN_POINT('',(-2.449880363947E1,4.712800581170E0,-1.9762E0));
#3683=LINE('',#3682,#3681);
#3684=DIRECTION('',(5.747783453745E-1,5.815907784256E-1,-5.756579020033E-1));
#3685=VECTOR('',#3684,2.627641022376E-1);
#3686=CARTESIAN_POINT('',(-2.449903475538E1,8.464808560457E0,
-1.975737768184E0));
#3687=LINE('',#3686,#3685);
#3688=DIRECTION('',(-2.110890887067E-5,2.129392732167E-5,-9.999999995505E-1));
#3689=VECTOR('',#3688,1.094873777310E1);
#3690=CARTESIAN_POINT('',(-2.449880363947E1,8.464575418830E0,8.972999999999E0));
#3691=LINE('',#3690,#3689);
#3692=DIRECTION('',(-1.E0,0.E0,0.E0));
#3693=VECTOR('',#3692,5.179860721063E0);
#3694=CARTESIAN_POINT('',(-2.449880363947E1,8.464575418830E0,8.972999999999E0));
#3695=LINE('',#3694,#3693);
#3696=DIRECTION('',(-9.999999950051E-1,-4.501125428942E-5,8.924032196330E-5));
#3697=VECTOR('',#3696,5.179629631027E0);
#3698=CARTESIAN_POINT('',(-2.449903475538E1,8.464808560457E0,
-1.975737768184E0));
#3699=LINE('',#3698,#3697);
#3700=DIRECTION('',(1.E0,0.E0,0.E0));
#3701=VECTOR('',#3700,5.483715041452E0);
#3702=CARTESIAN_POINT('',(-2.983171868092E1,8.617629739219E0,-2.127E0));
#3703=LINE('',#3702,#3701);
#3704=DIRECTION('',(-5.790223992947E-1,5.790223992945E-1,-5.739913956064E-1));
#3705=VECTOR('',#3704,2.643322962559E-1);
#3706=CARTESIAN_POINT('',(-2.967866436053E1,8.464575418830E0,
-1.975275536368E0));
#3707=LINE('',#3706,#3705);
#3708=DIRECTION('',(9.999999908541E-1,-6.048422628360E-5,-1.209684525699E-4));
#3709=VECTOR('',#3708,3.821093897637E0);
#3710=CARTESIAN_POINT('',(-2.967889750216E1,3.354031697078E0,
-1.975737768184E0));
#3711=LINE('',#3710,#3709);
#3712=DIRECTION('',(5.815907784257E-1,5.747783453744E-1,5.756579020033E-1));
#3713=VECTOR('',#3712,2.627641022377E-1);
#3714=CARTESIAN_POINT('',(-2.983171868092E1,3.203000581170E0,-2.127E0));
#3715=LINE('',#3714,#3713);
#3716=DIRECTION('',(2.810846377149E-1,-6.785983445458E-1,-6.785983445458E-1));
#3717=VECTOR('',#3716,2.222227643378E-1);
#3718=CARTESIAN_POINT('',(-2.585780363947E1,3.353800581170E0,-1.9762E0));
#3719=LINE('',#3718,#3717);
#3720=DIRECTION('',(0.E0,0.E0,-1.E0));
#3721=VECTOR('',#3720,1.09492E1);
#3722=CARTESIAN_POINT('',(-2.585780363947E1,3.353800581170E0,8.972999999999E0));
#3723=LINE('',#3722,#3721);
#3724=DIRECTION('',(1.E0,0.E0,0.E0));
#3725=VECTOR('',#3724,3.820860721063E0);
#3726=CARTESIAN_POINT('',(-2.967866436053E1,3.353800581170E0,8.972999999999E0));
#3727=LINE('',#3726,#3725);
#3728=DIRECTION('',(0.E0,0.E0,-1.E0));
#3729=VECTOR('',#3728,1.09492E1);
#3730=CARTESIAN_POINT('',(-2.449880363947E1,4.712800581170E0,8.972999999999E0));
#3731=LINE('',#3730,#3729);
#3732=DIRECTION('',(7.071067811865E-1,7.071067811865E-1,0.E0));
#3733=VECTOR('',#3732,1.921916231265E0);
#3734=CARTESIAN_POINT('',(-2.585780363947E1,3.353800581170E0,-1.9762E0));
#3735=LINE('',#3734,#3733);
#3736=DIRECTION('',(6.785983445458E-1,-2.810846377149E-1,-6.785983445458E-1));
#3737=VECTOR('',#3736,2.222227643378E-1);
#3738=CARTESIAN_POINT('',(-2.449880363947E1,4.712800581170E0,-1.9762E0));
#3739=LINE('',#3738,#3737);
#3740=DIRECTION('',(-7.071067811865E-1,-7.071067811865E-1,1.016689745137E-14));
#3741=VECTOR('',#3740,1.921916231265E0);
#3742=CARTESIAN_POINT('',(-2.449880363947E1,4.712800581170E0,8.972999999999E0));
#3743=LINE('',#3742,#3741);
#3744=DIRECTION('',(0.E0,-1.E0,0.E0));
#3745=VECTOR('',#3744,3.751774837660E0);
#3746=CARTESIAN_POINT('',(-2.449880363947E1,8.464575418830E0,8.972999999999E0));
#3747=LINE('',#3746,#3745);
#3748=DIRECTION('',(0.E0,1.E0,0.E0));
#3749=VECTOR('',#3748,9.24E-1);
#3750=CARTESIAN_POINT('',(-2.6526734E1,5.636628E0,8.972999999999E0));
#3751=LINE('',#3750,#3749);
#3752=CARTESIAN_POINT('',(-2.6626734E1,5.636628E0,8.972999999999E0));
#3753=DIRECTION('',(0.E0,0.E0,1.E0));
#3754=DIRECTION('',(0.E0,-1.E0,0.E0));
#3755=AXIS2_PLACEMENT_3D('',#3752,#3753,#3754);
#3757=DIRECTION('',(1.E0,0.E0,0.E0));
#3758=VECTOR('',#3757,9.239999999999E-1);
#3759=CARTESIAN_POINT('',(-2.7550734E1,5.536628E0,8.972999999999E0));
#3760=LINE('',#3759,#3758);
#3761=CARTESIAN_POINT('',(-2.7550734E1,5.636628E0,8.972999999999E0));
#3762=DIRECTION('',(0.E0,0.E0,1.E0));
#3763=DIRECTION('',(-1.E0,-1.687538997430E-13,0.E0));
#3764=AXIS2_PLACEMENT_3D('',#3761,#3762,#3763);
#3766=DIRECTION('',(0.E0,-1.E0,0.E0));
#3767=VECTOR('',#3766,9.24E-1);
#3768=CARTESIAN_POINT('',(-2.7650734E1,6.560628E0,8.972999999999E0));
#3769=LINE('',#3768,#3767);
#3770=CARTESIAN_POINT('',(-2.7550734E1,6.560628E0,8.972999999999E0));
#3771=DIRECTION('',(0.E0,0.E0,1.E0));
#3772=DIRECTION('',(0.E0,1.E0,0.E0));
#3773=AXIS2_PLACEMENT_3D('',#3770,#3771,#3772);
#3775=DIRECTION('',(-1.E0,0.E0,0.E0));
#3776=VECTOR('',#3775,9.239999999999E-1);
#3777=CARTESIAN_POINT('',(-2.6626734E1,6.660628E0,8.972999999999E0));
#3778=LINE('',#3777,#3776);
#3779=CARTESIAN_POINT('',(-2.6626734E1,6.560628E0,8.972999999999E0));
#3780=DIRECTION('',(0.E0,0.E0,1.E0));
#3781=DIRECTION('',(1.E0,0.E0,0.E0));
#3782=AXIS2_PLACEMENT_3D('',#3779,#3780,#3781);
#3784=DIRECTION('',(4.561973008860E-5,9.999999948691E-1,9.044669973187E-5));
#3785=VECTOR('',#3784,5.110543747974E0);
#3786=CARTESIAN_POINT('',(-2.967889750216E1,3.354031697078E0,
-1.975737768184E0));
#3787=LINE('',#3786,#3785);
#3788=DIRECTION('',(-2.129392732475E-5,2.110890887554E-5,-9.999999995505E-1));
#3789=VECTOR('',#3788,1.094873777310E1);
#3790=CARTESIAN_POINT('',(-2.967866436053E1,3.353800581170E0,8.972999999999E0));
#3791=LINE('',#3790,#3789);
#3792=DIRECTION('',(0.E0,-1.E0,0.E0));
#3793=VECTOR('',#3792,5.110774837660E0);
#3794=CARTESIAN_POINT('',(-2.967866436053E1,8.464575418830E0,8.972999999999E0));
#3795=LINE('',#3794,#3793);
#3796=DIRECTION('',(0.E0,0.E0,1.E0));
#3797=VECTOR('',#3796,1.094827553637E1);
#3798=CARTESIAN_POINT('',(-2.967866436053E1,8.464575418830E0,
-1.975275536368E0));
#3799=LINE('',#3798,#3797);
#3800=DIRECTION('',(0.E0,1.E0,0.E0));
#3801=VECTOR('',#3800,9.24E-1);
#3802=CARTESIAN_POINT('',(-2.6526734E1,5.636628E0,2.499287745611E0));
#3803=LINE('',#3802,#3801);
#3804=DIRECTION('',(0.E0,0.E0,1.E0));
#3805=VECTOR('',#3804,6.473712254388E0);
#3806=CARTESIAN_POINT('',(-2.6526734E1,5.636628E0,2.499287745611E0));
#3807=LINE('',#3806,#3805);
#3808=CARTESIAN_POINT('',(-2.655602332188E1,5.565917321881E0,2.469998423730E0));
#3809=CARTESIAN_POINT('',(-2.653828867086E1,5.583651972900E0,2.487733074748E0));
#3810=CARTESIAN_POINT('',(-2.6526734E1,5.605910683382E0,2.499287745611E0));
#3811=CARTESIAN_POINT('',(-2.6526734E1,5.636628E0,2.499287745611E0));
#3813=CARTESIAN_POINT('',(-2.6626734E1,5.536628E0,2.499287745611E0));
#3814=CARTESIAN_POINT('',(-2.659601668338E1,5.536628E0,2.499287745611E0));
#3815=CARTESIAN_POINT('',(-2.657375797290E1,5.548182670863E0,2.487733074748E0));
#3816=CARTESIAN_POINT('',(-2.655602332188E1,5.565917321881E0,2.469998423730E0));
#3818=DIRECTION('',(0.E0,0.E0,-1.E0));
#3819=VECTOR('',#3818,6.473712254388E0);
#3820=CARTESIAN_POINT('',(-2.6626734E1,5.536628E0,8.972999999999E0));
#3821=LINE('',#3820,#3819);
#3822=DIRECTION('',(-5.773502691896E-1,5.773502691896E-1,-5.773502691896E-1));
#3823=VECTOR('',#3822,6.420897294097E-1);
#3824=CARTESIAN_POINT('',(-2.655602332188E1,5.565917321881E0,2.469998423730E0));
#3825=LINE('',#3824,#3823);
#3826=DIRECTION('',(5.773502691896E-1,5.773502691896E-1,5.773502691896E-1));
#3827=VECTOR('',#3826,6.420897294097E-1);
#3828=CARTESIAN_POINT('',(-2.6926734E1,6.260628E0,2.099287745611E0));
#3829=LINE('',#3828,#3827);
#3830=DIRECTION('',(-5.773502691896E-1,-5.773502691896E-1,5.773502691896E-1));
#3831=VECTOR('',#3830,6.420897294098E-1);
#3832=CARTESIAN_POINT('',(-2.7250734E1,5.936628E0,2.099287745611E0));
#3833=LINE('',#3832,#3831);
#3834=DIRECTION('',(5.773502691896E-1,-5.773502691896E-1,-5.773502691896E-1));
#3835=VECTOR('',#3834,6.420897294098E-1);
#3836=CARTESIAN_POINT('',(-2.762144467812E1,6.631338678119E0,2.469998423730E0));
#3837=LINE('',#3836,#3835);
#3838=DIRECTION('',(0.E0,-1.E0,0.E0));
#3839=VECTOR('',#3838,9.24E-1);
#3840=CARTESIAN_POINT('',(-2.7650734E1,6.560628E0,2.499287745611E0));
#3841=LINE('',#3840,#3839);
#3842=DIRECTION('',(0.E0,0.E0,1.E0));
#3843=VECTOR('',#3842,6.473712254388E0);
#3844=CARTESIAN_POINT('',(-2.7550734E1,5.536628E0,2.499287745611E0));
#3845=LINE('',#3844,#3843);
#3846=CARTESIAN_POINT('',(-2.762144467812E1,5.565917321881E0,2.469998423730E0));
#3847=CARTESIAN_POINT('',(-2.760371002710E1,5.548182670863E0,2.487733074748E0));
#3848=CARTESIAN_POINT('',(-2.758145131662E1,5.536628E0,2.499287745611E0));
#3849=CARTESIAN_POINT('',(-2.7550734E1,5.536628E0,2.499287745611E0));
#3851=CARTESIAN_POINT('',(-2.7650734E1,5.636628E0,2.499287745611E0));
#3852=CARTESIAN_POINT('',(-2.7650734E1,5.605910683382E0,2.499287745611E0));
#3853=CARTESIAN_POINT('',(-2.763917932914E1,5.583651972900E0,2.487733074748E0));
#3854=CARTESIAN_POINT('',(-2.762144467812E1,5.565917321881E0,2.469998423730E0));
#3856=DIRECTION('',(0.E0,0.E0,-1.E0));
#3857=VECTOR('',#3856,6.473712254388E0);
#3858=CARTESIAN_POINT('',(-2.7650734E1,5.636628E0,8.972999999999E0));
#3859=LINE('',#3858,#3857);
#3860=DIRECTION('',(1.E0,0.E0,0.E0));
#3861=VECTOR('',#3860,9.239999999999E-1);
#3862=CARTESIAN_POINT('',(-2.7550734E1,5.536628E0,2.499287745611E0));
#3863=LINE('',#3862,#3861);
#3864=DIRECTION('',(0.E0,0.E0,1.E0));
#3865=VECTOR('',#3864,6.473712254388E0);
#3866=CARTESIAN_POINT('',(-2.7650734E1,6.560628E0,2.499287745611E0));
#3867=LINE('',#3866,#3865);
#3868=CARTESIAN_POINT('',(-2.762144467812E1,6.631338678119E0,2.469998423730E0));
#3869=CARTESIAN_POINT('',(-2.763917932914E1,6.613604027100E0,2.487733074748E0));
#3870=CARTESIAN_POINT('',(-2.7650734E1,6.591345316618E0,2.499287745611E0));
#3871=CARTESIAN_POINT('',(-2.7650734E1,6.560628E0,2.499287745611E0));
#3873=CARTESIAN_POINT('',(-2.7550734E1,6.660628E0,2.499287745611E0));
#3874=CARTESIAN_POINT('',(-2.758145131662E1,6.660628E0,2.499287745611E0));
#3875=CARTESIAN_POINT('',(-2.760371002710E1,6.649073329137E0,2.487733074748E0));
#3876=CARTESIAN_POINT('',(-2.762144467812E1,6.631338678119E0,2.469998423730E0));
#3878=DIRECTION('',(0.E0,0.E0,-1.E0));
#3879=VECTOR('',#3878,6.473712254388E0);
#3880=CARTESIAN_POINT('',(-2.7550734E1,6.660628E0,8.972999999999E0));
#3881=LINE('',#3880,#3879);
#3882=DIRECTION('',(-1.E0,0.E0,0.E0));
#3883=VECTOR('',#3882,9.239999999999E-1);
#3884=CARTESIAN_POINT('',(-2.6626734E1,6.660628E0,2.499287745611E0));
#3885=LINE('',#3884,#3883);
#3886=DIRECTION('',(0.E0,0.E0,1.E0));
#3887=VECTOR('',#3886,6.473712254388E0);
#3888=CARTESIAN_POINT('',(-2.6626734E1,6.660628E0,2.499287745611E0));
#3889=LINE('',#3888,#3887);
#3890=CARTESIAN_POINT('',(-2.655602332188E1,6.631338678119E0,2.469998423730E0));
#3891=CARTESIAN_POINT('',(-2.657375797290E1,6.649073329137E0,2.487733074748E0));
#3892=CARTESIAN_POINT('',(-2.659601668338E1,6.660628E0,2.499287745611E0));
#3893=CARTESIAN_POINT('',(-2.6626734E1,6.660628E0,2.499287745611E0));
#3895=CARTESIAN_POINT('',(-2.6526734E1,6.560628E0,2.499287745611E0));
#3896=CARTESIAN_POINT('',(-2.6526734E1,6.591345316618E0,2.499287745611E0));
#3897=CARTESIAN_POINT('',(-2.653828867086E1,6.613604027100E0,2.487733074748E0));
#3898=CARTESIAN_POINT('',(-2.655602332188E1,6.631338678119E0,2.469998423730E0));
#3900=DIRECTION('',(0.E0,0.E0,-1.E0));
#3901=VECTOR('',#3900,6.473712254388E0);
#3902=CARTESIAN_POINT('',(-2.6526734E1,6.560628E0,8.972999999999E0));
#3903=LINE('',#3902,#3901);
#3904=DIRECTION('',(-7.675615972716E-14,1.E0,0.E0));
#3905=VECTOR('',#3904,3.24E-1);
#3906=CARTESIAN_POINT('',(-2.7250734E1,5.936628E0,2.099287745611E0));
#3907=LINE('',#3906,#3905);
#3908=DIRECTION('',(-1.E0,-6.853228547069E-14,0.E0));
#3909=VECTOR('',#3908,3.24E-1);
#3910=CARTESIAN_POINT('',(-2.6926734E1,5.936628E0,2.099287745611E0));
#3911=LINE('',#3910,#3909);
#3912=DIRECTION('',(3.289549702593E-14,-1.E0,0.E0));
#3913=VECTOR('',#3912,3.24E-1);
#3914=CARTESIAN_POINT('',(-2.6926734E1,6.260628E0,2.099287745611E0));
#3915=LINE('',#3914,#3913);
#3916=DIRECTION('',(1.E0,-1.918903993179E-14,0.E0));
#3917=VECTOR('',#3916,3.24E-1);
#3918=CARTESIAN_POINT('',(-2.7250734E1,6.260628E0,2.099287745611E0));
#3919=LINE('',#3918,#3917);
#3920=CARTESIAN_POINT('',(-4.123171868092E1,4.632298791830E0,-2.127E0));
#3921=CARTESIAN_POINT('',(-4.106656889439E1,4.700706073235E0,
-1.963285165183E0));
#3922=VERTEX_POINT('',#3920);
#3923=VERTEX_POINT('',#3921);
#3924=CARTESIAN_POINT('',(-4.107866436053E1,4.712801539379E0,
-1.975275536368E0));
#3925=VERTEX_POINT('',#3924);
#3926=CARTESIAN_POINT('',(-4.107866436053E1,8.464575418830E0,
-1.975275536368E0));
#3927=VERTEX_POINT('',#3926);
#3928=CARTESIAN_POINT('',(-4.123171868092E1,8.617629739219E0,-2.127E0));
#3929=VERTEX_POINT('',#3928);
#3930=CARTESIAN_POINT('',(-3.019903475538E1,2.764808560457E0,
-1.975737768184E0));
#3931=CARTESIAN_POINT('',(-3.004800363947E1,2.917629739219E0,-2.127E0));
#3932=VERTEX_POINT('',#3930);
#3933=VERTEX_POINT('',#3931);
#3934=CARTESIAN_POINT('',(-3.019880363947E1,-9.871994188303E-1,-1.9762E0));
#3935=VERTEX_POINT('',#3934);
#3936=CARTESIAN_POINT('',(-3.004800363947E1,-1.049662824036E0,-2.127E0));
#3937=VERTEX_POINT('',#3936);
#3938=CARTESIAN_POINT('',(-3.8326734E1,5.936628E0,1.6453E1));
#3939=CARTESIAN_POINT('',(-3.8650734E1,5.936628E0,1.6453E1));
#3940=VERTEX_POINT('',#3938);
#3941=VERTEX_POINT('',#3939);
#3942=CARTESIAN_POINT('',(-3.8650734E1,6.260628E0,1.6453E1));
#3943=VERTEX_POINT('',#3942);
#3944=CARTESIAN_POINT('',(-3.8326734E1,6.260628E0,1.6453E1));
#3945=VERTEX_POINT('',#3944);
#3946=CARTESIAN_POINT('',(-2.759837831011E1,9.575049356208E0,
-1.973148945219E-1));
#3947=CARTESIAN_POINT('',(-2.756087831011E1,9.575049356208E0,
-5.348148945222E-1));
#3948=VERTEX_POINT('',#3946);
#3949=VERTEX_POINT('',#3947);
#3950=CARTESIAN_POINT('',(-2.756087831011E1,9.565049356208E0,
-5.348148945223E-1));
#3951=VERTEX_POINT('',#3950);
#3952=CARTESIAN_POINT('',(-2.759837831011E1,9.565049356208E0,
-1.973148945219E-1));
#3953=VERTEX_POINT('',#3952);
#3954=CARTESIAN_POINT('',(-2.576087831011E1,9.575049356208E0,1.002685105478E0));
#3955=CARTESIAN_POINT('',(-2.587337831011E1,9.575049356208E0,1.152685105478E0));
#3956=VERTEX_POINT('',#3954);
#3957=VERTEX_POINT('',#3955);
#3958=CARTESIAN_POINT('',(-2.587337831011E1,9.565049356208E0,1.152685105478E0));
#3959=VERTEX_POINT('',#3958);
#3960=CARTESIAN_POINT('',(-2.576087831011E1,9.565049356208E0,1.002685105478E0));
#3961=VERTEX_POINT('',#3960);
#3962=CARTESIAN_POINT('',(-2.609837831011E1,9.575049356208E0,1.340185105478E0));
#3963=CARTESIAN_POINT('',(-2.628587831011E1,9.575049356208E0,1.415185105478E0));
#3964=VERTEX_POINT('',#3962);
#3965=VERTEX_POINT('',#3963);
#3966=CARTESIAN_POINT('',(-2.628587831011E1,9.565049356208E0,1.415185105478E0));
#3967=VERTEX_POINT('',#3966);
#3968=CARTESIAN_POINT('',(-2.609837831011E1,9.565049356208E0,1.340185105478E0));
#3969=VERTEX_POINT('',#3968);
#3970=CARTESIAN_POINT('',(-3.8650734E1,5.936628E0,2.099287745611E0));
#3971=CARTESIAN_POINT('',(-3.8326734E1,5.936628E0,2.099287745611E0));
#3972=VERTEX_POINT('',#3970);
#3973=VERTEX_POINT('',#3971);
#3974=CARTESIAN_POINT('',(-3.8326734E1,6.260628E0,2.099287745611E0));
#3975=VERTEX_POINT('',#3974);
#3976=CARTESIAN_POINT('',(-3.8650734E1,6.260628E0,2.099287745611E0));
#3977=VERTEX_POINT('',#3976);
#3978=CARTESIAN_POINT('',(-2.666087831011E1,9.575049356208E0,1.452685105478E0));
#3979=CARTESIAN_POINT('',(-2.684837831011E1,9.575049356208E0,1.415185105478E0));
#3980=VERTEX_POINT('',#3978);
#3981=VERTEX_POINT('',#3979);
#3982=CARTESIAN_POINT('',(-2.684837831011E1,9.565049356208E0,1.415185105478E0));
#3983=VERTEX_POINT('',#3982);
#3984=CARTESIAN_POINT('',(-2.666087831011E1,9.565049356208E0,1.452685105478E0));
#3985=VERTEX_POINT('',#3984);
#3986=CARTESIAN_POINT('',(-3.019880363947E1,2.764575418830E0,8.972999999999E0));
#3987=VERTEX_POINT('',#3986);
#3988=CARTESIAN_POINT('',(-3.019880363947E1,-9.871994188303E-1,
8.972999999999E0));
#3989=VERTEX_POINT('',#3988);
#3990=CARTESIAN_POINT('',(-4.167373373444E1,9.181202875755E-2,
-7.960788326106E-1));
#3991=CARTESIAN_POINT('',(-4.166373373444E1,9.181202875755E-2,
-7.960788326106E-1));
#3992=VERTEX_POINT('',#3990);
#3993=VERTEX_POINT('',#3991);
#3994=CARTESIAN_POINT('',(-4.167373373444E1,3.918120287575E-1,
-7.960788326106E-1));
#3995=VERTEX_POINT('',#3994);
#3996=CARTESIAN_POINT('',(-4.166373373444E1,3.918120287575E-1,
-7.960788326106E-1));
#3997=VERTEX_POINT('',#3996);
#3998=CARTESIAN_POINT('',(-4.166373373444E1,-6.206879712424E-1,
-2.710788326106E-1));
#3999=CARTESIAN_POINT('',(-4.166373373444E1,-6.956879712424E-1,
-2.710788326106E-1));
#4000=VERTEX_POINT('',#3998);
#4001=VERTEX_POINT('',#3999);
#4002=CARTESIAN_POINT('',(-4.166373373444E1,-4.331879712425E-1,
-3.085788326106E-1));
#4003=VERTEX_POINT('',#4002);
#4004=CARTESIAN_POINT('',(-4.166373373444E1,-3.206879712425E-1,
-3.460788326106E-1));
#4005=VERTEX_POINT('',#4004);
#4006=CARTESIAN_POINT('',(-4.166373373444E1,-1.706879712424E-1,
-4.210788326106E-1));
#4007=VERTEX_POINT('',#4006);
#4008=CARTESIAN_POINT('',(-4.166373373444E1,-5.818797124245E-2,
-5.335788326106E-1));
#4009=VERTEX_POINT('',#4008);
#4010=CARTESIAN_POINT('',(-4.166373373444E1,5.431202875755E-2,
-6.835788326106E-1));
#4011=VERTEX_POINT('',#4010);
#4012=CARTESIAN_POINT('',(-4.166373373444E1,3.918120287576E-1,
2.203921167389E0));
#4013=VERTEX_POINT('',#4012);
#4014=CARTESIAN_POINT('',(-4.166373373444E1,1.681202875755E-2,
2.203921167389E0));
#4015=VERTEX_POINT('',#4014);
#4016=CARTESIAN_POINT('',(-4.166373373444E1,1.681202875755E-2,
2.892116738941E-2));
#4017=VERTEX_POINT('',#4016);
#4018=CARTESIAN_POINT('',(-4.166373373444E1,-6.956879712424E-1,
2.892116738941E-2));
#4019=VERTEX_POINT('',#4018);
#4020=CARTESIAN_POINT('',(-3.2226734E1,5.636628E0,1.2673E1));
#4021=CARTESIAN_POINT('',(-3.2226734E1,5.636628E0,1.6053E1));
#4022=VERTEX_POINT('',#4020);
#4023=VERTEX_POINT('',#4021);
#4024=CARTESIAN_POINT('',(-3.2226734E1,6.560628E0,1.6053E1));
#4025=VERTEX_POINT('',#4024);
#4026=CARTESIAN_POINT('',(-3.2226734E1,6.560628E0,1.2673E1));
#4027=VERTEX_POINT('',#4026);
#4028=VERTEX_POINT('',#2877);
#4029=VERTEX_POINT('',#2880);
#4030=CARTESIAN_POINT('',(-3.2629302E1,2.36628E-1,2.099287745611E0));
#4031=VERTEX_POINT('',#4030);
#4032=CARTESIAN_POINT('',(-3.2953302E1,2.36628E-1,2.099287745611E0));
#4033=VERTEX_POINT('',#4032);
#4034=CARTESIAN_POINT('',(-3.332401267812E1,-1.340826781186E-1,
2.469998423730E0));
#4035=VERTEX_POINT('',#4034);
#4036=VERTEX_POINT('',#2853);
#4037=CARTESIAN_POINT('',(-2.752337831011E1,9.575049356208E0,
-7.598148945220E-1));
#4038=VERTEX_POINT('',#4037);
#4039=CARTESIAN_POINT('',(-2.752337831011E1,9.565049356208E0,
-7.598148945219E-1));
#4040=VERTEX_POINT('',#4039);
#4041=CARTESIAN_POINT('',(-2.585780363947E1,3.353800581170E0,-1.9762E0));
#4042=CARTESIAN_POINT('',(-2.579534023426E1,3.203000581170E0,-2.127E0));
#4043=VERTEX_POINT('',#4041);
#4044=VERTEX_POINT('',#4042);
#4045=CARTESIAN_POINT('',(-2.434800363947E1,4.650337175964E0,-2.127E0));
#4046=VERTEX_POINT('',#4045);
#4047=CARTESIAN_POINT('',(-2.449880363947E1,4.712800581170E0,-1.9762E0));
#4048=VERTEX_POINT('',#4047);
#4049=CARTESIAN_POINT('',(-2.449903475538E1,2.764808560457E0,
-1.975737768184E0));
#4050=CARTESIAN_POINT('',(-2.434800363947E1,2.917629739219E0,-2.127E0));
#4051=VERTEX_POINT('',#4049);
#4052=VERTEX_POINT('',#4050);
#4053=CARTESIAN_POINT('',(-2.982946436053E1,2.917629739219E0,-2.127E0));
#4054=VERTEX_POINT('',#4053);
#4055=CARTESIAN_POINT('',(-2.967843324462E1,2.764808560457E0,
-1.975737768184E0));
#4056=VERTEX_POINT('',#4055);
#4057=CARTESIAN_POINT('',(-3.9053302E1,-6.337199999999E-2,8.972999999999E0));
#4058=CARTESIAN_POINT('',(-3.8953302E1,-1.63372E-1,8.972999999999E0));
#4059=VERTEX_POINT('',#4057);
#4060=VERTEX_POINT('',#4058);
#4061=CARTESIAN_POINT('',(-3.9053302E1,8.60628E-1,8.972999999999E0));
#4062=VERTEX_POINT('',#4061);
#4063=CARTESIAN_POINT('',(-3.8953302E1,9.60628E-1,8.972999999999E0));
#4064=VERTEX_POINT('',#4063);
#4065=CARTESIAN_POINT('',(-3.8029302E1,9.60628E-1,8.972999999999E0));
#4066=VERTEX_POINT('',#4065);
#4067=CARTESIAN_POINT('',(-3.7929302E1,8.60628E-1,8.972999999999E0));
#4068=VERTEX_POINT('',#4067);
#4069=CARTESIAN_POINT('',(-3.7929302E1,-6.337199999999E-2,8.972999999999E0));
#4070=VERTEX_POINT('',#4069);
#4071=CARTESIAN_POINT('',(-3.8029302E1,-1.63372E-1,8.972999999999E0));
#4072=VERTEX_POINT('',#4071);
#4073=CARTESIAN_POINT('',(-3.589880363947E1,-9.871994188301E-1,
8.972999999999E0));
#4074=CARTESIAN_POINT('',(-3.725780363947E1,-2.346199418830E0,
8.972999999999E0));
#4075=VERTEX_POINT('',#4073);
#4076=VERTEX_POINT('',#4074);
#4077=CARTESIAN_POINT('',(-3.589880363947E1,2.764575418830E0,8.972999999999E0));
#4078=VERTEX_POINT('',#4077);
#4079=CARTESIAN_POINT('',(-4.107866436053E1,2.764575418830E0,8.972999999999E0));
#4080=VERTEX_POINT('',#4079);
#4081=CARTESIAN_POINT('',(-4.107866436053E1,-2.346199418830E0,
8.972999999999E0));
#4082=VERTEX_POINT('',#4081);
#4083=CARTESIAN_POINT('',(-3.7926734E1,5.636628E0,8.972999999999E0));
#4084=CARTESIAN_POINT('',(-3.7926734E1,6.560628E0,8.972999999999E0));
#4085=VERTEX_POINT('',#4083);
#4086=VERTEX_POINT('',#4084);
#4087=CARTESIAN_POINT('',(-3.7926734E1,6.560628E0,2.499287745611E0));
#4088=VERTEX_POINT('',#4087);
#4089=CARTESIAN_POINT('',(-3.7926734E1,5.636628E0,2.499287745611E0));
#4090=VERTEX_POINT('',#4089);
#4091=VERTEX_POINT('',#2015);
#4092=VERTEX_POINT('',#2018);
#4093=VERTEX_POINT('',#1982);
#4094=CARTESIAN_POINT('',(-3.8026734E1,6.660628E0,1.2673E1));
#4095=VERTEX_POINT('',#4094);
#4096=CARTESIAN_POINT('',(-3.7926734E1,6.560628E0,1.2673E1));
#4097=VERTEX_POINT('',#4096);
#4098=CARTESIAN_POINT('',(-3.589880363947E1,3.353800581170E0,
-1.975275536368E0));
#4099=CARTESIAN_POINT('',(-3.574574931908E1,3.200746260781E0,-2.127E0));
#4100=VERTEX_POINT('',#4098);
#4101=VERTEX_POINT('',#4099);
#4102=CARTESIAN_POINT('',(-3.574574931908E1,8.617629739219E0,-2.127E0));
#4103=VERTEX_POINT('',#4102);
#4104=CARTESIAN_POINT('',(-3.589880363947E1,8.464575418830E0,
-1.975275536368E0));
#4105=VERTEX_POINT('',#4104);
#4106=VERTEX_POINT('',#2588);
#4107=VERTEX_POINT('',#2591);
#4108=CARTESIAN_POINT('',(-3.7929302E1,8.60628E-1,2.499287745611E0));
#4109=VERTEX_POINT('',#4108);
#4110=VERTEX_POINT('',#2614);
#4111=CARTESIAN_POINT('',(-3.8329302E1,5.606279999999E-1,2.099287745611E0));
#4112=VERTEX_POINT('',#4111);
#4113=CARTESIAN_POINT('',(-3.8329302E1,2.36628E-1,2.099287745611E0));
#4114=VERTEX_POINT('',#4113);
#4115=CARTESIAN_POINT('',(-2.715415956718E1,9.575049356208E0,
4.616624783716E-1));
#4116=CARTESIAN_POINT('',(-2.715415956718E1,9.565049356208E0,
4.616624783716E-1));
#4117=VERTEX_POINT('',#4115);
#4118=VERTEX_POINT('',#4116);
#4119=CARTESIAN_POINT('',(-2.596952917173E1,9.575049356208E0,
4.616624783716E-1));
#4120=VERTEX_POINT('',#4119);
#4121=CARTESIAN_POINT('',(-2.596952917173E1,9.565049356208E0,
4.616624783716E-1));
#4122=VERTEX_POINT('',#4121);
#4123=CARTESIAN_POINT('',(-3.004800363947E1,8.617629739219E0,-2.127E0));
#4124=CARTESIAN_POINT('',(-3.019903475538E1,8.464808560457E0,
-1.975737768184E0));
#4125=VERTEX_POINT('',#4123);
#4126=VERTEX_POINT('',#4124);
#4127=CARTESIAN_POINT('',(-3.019880363947E1,4.712800581170E0,-1.9762E0));
#4128=VERTEX_POINT('',#4127);
#4129=CARTESIAN_POINT('',(-3.004800363947E1,4.650337175964E0,-2.127E0));
#4130=VERTEX_POINT('',#4129);
#4131=CARTESIAN_POINT('',(-2.449880363947E1,2.764575418830E0,8.972999999999E0));
#4132=VERTEX_POINT('',#4131);
#4133=CARTESIAN_POINT('',(-2.449880363947E1,-9.871994188301E-1,
8.972999999999E0));
#4134=VERTEX_POINT('',#4133);
#4135=CARTESIAN_POINT('',(-2.449880363947E1,-9.871994188301E-1,-1.9762E0));
#4136=VERTEX_POINT('',#4135);
#4137=VERTEX_POINT('',#2224);
#4138=VERTEX_POINT('',#2227);
#4139=CARTESIAN_POINT('',(-2.6926734E1,5.936628E0,1.6453E1));
#4140=VERTEX_POINT('',#4139);
#4141=CARTESIAN_POINT('',(-2.6926734E1,6.260628E0,1.6453E1));
#4142=VERTEX_POINT('',#4141);
#4143=CARTESIAN_POINT('',(-2.655602332188E1,6.631338678119E0,1.608228932188E1));
#4144=VERTEX_POINT('',#4143);
#4145=VERTEX_POINT('',#2241);
#4146=VERTEX_POINT('',#3632);
#4147=VERTEX_POINT('',#3635);
#4148=VERTEX_POINT('',#3637);
#4149=CARTESIAN_POINT('',(-3.8950734E1,6.660628E0,8.972999999999E0));
#4150=VERTEX_POINT('',#4149);
#4151=CARTESIAN_POINT('',(-3.9050734E1,6.560628E0,8.972999999999E0));
#4152=VERTEX_POINT('',#4151);
#4153=CARTESIAN_POINT('',(-3.8029302E1,9.60628E-1,2.499287745611E0));
#4154=VERTEX_POINT('',#4153);
#4155=CARTESIAN_POINT('',(-3.8953302E1,9.60628E-1,2.499287745611E0));
#4156=VERTEX_POINT('',#4155);
#4157=CARTESIAN_POINT('',(-2.643587831011E1,9.575049356208E0,
-1.547314894522E0));
#4158=CARTESIAN_POINT('',(-2.628587831011E1,9.575049356208E0,
-1.509814894522E0));
#4159=VERTEX_POINT('',#4157);
#4160=VERTEX_POINT('',#4158);
#4161=CARTESIAN_POINT('',(-2.628587831011E1,9.565049356208E0,
-1.509814894522E0));
#4162=VERTEX_POINT('',#4161);
#4163=CARTESIAN_POINT('',(-2.643587831011E1,9.565049356208E0,
-1.547314894522E0));
#4164=VERTEX_POINT('',#4163);
#4165=CARTESIAN_POINT('',(-4.167373373444E1,1.681202875755E-2,
2.892116738941E-2));
#4166=VERTEX_POINT('',#4165);
#4167=CARTESIAN_POINT('',(-4.167373373444E1,-6.956879712424E-1,
2.892116738941E-2));
#4168=VERTEX_POINT('',#4167);
#4169=CARTESIAN_POINT('',(-2.585780363947E1,-2.346199418830E0,-1.9762E0));
#4170=CARTESIAN_POINT('',(-2.579534023426E1,-2.496999418830E0,-2.127E0));
#4171=VERTEX_POINT('',#4169);
#4172=VERTEX_POINT('',#4170);
#4173=CARTESIAN_POINT('',(-2.434800363947E1,-1.049662824036E0,-2.127E0));
#4174=VERTEX_POINT('',#4173);
#4175=CARTESIAN_POINT('',(-2.714837831011E1,9.575049356208E0,1.265185105478E0));
#4176=CARTESIAN_POINT('',(-2.726087831011E1,9.575049356208E0,1.152685105478E0));
#4177=VERTEX_POINT('',#4175);
#4178=VERTEX_POINT('',#4176);
#4179=CARTESIAN_POINT('',(-2.726087831011E1,9.565049356208E0,1.152685105478E0));
#4180=VERTEX_POINT('',#4179);
#4181=CARTESIAN_POINT('',(-2.714837831011E1,9.565049356208E0,1.265185105478E0));
#4182=VERTEX_POINT('',#4181);
#4183=CARTESIAN_POINT('',(-2.6929302E1,5.60628E-1,1.6453E1));
#4184=CARTESIAN_POINT('',(-2.6929302E1,2.36628E-1,1.6453E1));
#4185=VERTEX_POINT('',#4183);
#4186=VERTEX_POINT('',#4184);
#4187=CARTESIAN_POINT('',(-2.7253302E1,2.36628E-1,1.6453E1));
#4188=VERTEX_POINT('',#4187);
#4189=CARTESIAN_POINT('',(-2.7253302E1,5.60628E-1,1.6453E1));
#4190=VERTEX_POINT('',#4189);
#4191=VERTEX_POINT('',#1770);
#4192=VERTEX_POINT('',#1773);
#4193=CARTESIAN_POINT('',(-3.2950734E1,6.260628E0,1.6453E1));
#4194=VERTEX_POINT('',#4193);
#4195=CARTESIAN_POINT('',(-3.2950734E1,5.936628E0,1.6453E1));
#4196=VERTEX_POINT('',#4195);
#4197=CARTESIAN_POINT('',(-3.332144467812E1,5.565917321881E0,1.608228932188E1));
#4198=VERTEX_POINT('',#4197);
#4199=VERTEX_POINT('',#1787);
#4200=CARTESIAN_POINT('',(-2.482640468346E1,9.575049356208E0,1.722999967159E0));
#4201=CARTESIAN_POINT('',(-2.832640468346E1,9.575049356208E0,1.722999967159E0));
#4202=VERTEX_POINT('',#4200);
#4203=VERTEX_POINT('',#4201);
#4204=CARTESIAN_POINT('',(-2.832640468346E1,9.575049356208E0,
-1.777000032841E0));
#4205=VERTEX_POINT('',#4204);
#4206=CARTESIAN_POINT('',(-2.482640468346E1,9.575049356208E0,
-1.777000032841E0));
#4207=VERTEX_POINT('',#4206);
#4208=CARTESIAN_POINT('',(-2.598587831011E1,9.575049356208E0,1.265185105478E0));
#4209=VERTEX_POINT('',#4208);
#4210=CARTESIAN_POINT('',(-2.568587831011E1,9.575049356208E0,
8.526851054780E-1));
#4211=VERTEX_POINT('',#4210);
#4212=CARTESIAN_POINT('',(-2.561087831011E1,9.575049356208E0,
6.276851054780E-1));
#4213=VERTEX_POINT('',#4212);
#4214=CARTESIAN_POINT('',(-2.561087831011E1,9.575049356208E0,
3.276851054780E-1));
#4215=VERTEX_POINT('',#4214);
#4216=CARTESIAN_POINT('',(-2.568587831011E1,9.575049356208E0,
1.026851054780E-1));
#4217=VERTEX_POINT('',#4216);
#4218=CARTESIAN_POINT('',(-2.576087831011E1,9.575049356208E0,
-4.731489452187E-2));
#4219=VERTEX_POINT('',#4218);
#4220=CARTESIAN_POINT('',(-2.587337831011E1,9.575049356208E0,
-1.973148945220E-1));
#4221=VERTEX_POINT('',#4220);
#4222=CARTESIAN_POINT('',(-2.598587831011E1,9.575049356208E0,
-3.098148945219E-1));
#4223=VERTEX_POINT('',#4222);
#4224=CARTESIAN_POINT('',(-2.609837831011E1,9.575049356208E0,
-3.848148945220E-1));
#4225=VERTEX_POINT('',#4224);
#4226=CARTESIAN_POINT('',(-2.628587831011E1,9.575049356208E0,
-4.598148945220E-1));
#4227=VERTEX_POINT('',#4226);
#4228=CARTESIAN_POINT('',(-2.647337831011E1,9.575049356208E0,
-4.973148945220E-1));
#4229=VERTEX_POINT('',#4228);
#4230=CARTESIAN_POINT('',(-2.666087831011E1,9.575049356208E0,
-4.973148945220E-1));
#4231=VERTEX_POINT('',#4230);
#4232=CARTESIAN_POINT('',(-2.684837831011E1,9.575049356208E0,
-4.598148945220E-1));
#4233=VERTEX_POINT('',#4232);
#4234=CARTESIAN_POINT('',(-2.703587831011E1,9.575049356208E0,
-3.473148945220E-1));
#4235=VERTEX_POINT('',#4234);
#4236=CARTESIAN_POINT('',(-2.722337831011E1,9.575049356208E0,
-1.598148945220E-1));
#4237=VERTEX_POINT('',#4236);
#4238=CARTESIAN_POINT('',(-2.714837831011E1,9.575049356208E0,
-6.848148945221E-1));
#4239=VERTEX_POINT('',#4238);
#4240=CARTESIAN_POINT('',(-2.707337831011E1,9.575049356208E0,
-8.723148945219E-1));
#4241=VERTEX_POINT('',#4240);
#4242=CARTESIAN_POINT('',(-2.699837831011E1,9.575049356208E0,
-9.848148945220E-1));
#4243=VERTEX_POINT('',#4242);
#4244=CARTESIAN_POINT('',(-2.684837831011E1,9.575049356208E0,
-1.097314894522E0));
#4245=VERTEX_POINT('',#4244);
#4246=CARTESIAN_POINT('',(-2.669837831011E1,9.575049356208E0,
-1.172314894522E0));
#4247=VERTEX_POINT('',#4246);
#4248=CARTESIAN_POINT('',(-2.643587831011E1,9.575049356208E0,
-1.172314894522E0));
#4249=VERTEX_POINT('',#4248);
#4250=CARTESIAN_POINT('',(-2.628587831011E1,9.575049356208E0,
-1.097314894522E0));
#4251=VERTEX_POINT('',#4250);
#4252=CARTESIAN_POINT('',(-2.613587831011E1,9.575049356208E0,
-9.848148945220E-1));
#4253=VERTEX_POINT('',#4252);
#4254=CARTESIAN_POINT('',(-2.606087831011E1,9.575049356208E0,
-8.723148945219E-1));
#4255=VERTEX_POINT('',#4254);
#4256=CARTESIAN_POINT('',(-2.602337831011E1,9.575049356208E0,
-6.848148945220E-1));
#4257=VERTEX_POINT('',#4256);
#4258=CARTESIAN_POINT('',(-2.564837831011E1,9.575049356208E0,
-6.848148945220E-1));
#4259=VERTEX_POINT('',#4258);
#4260=CARTESIAN_POINT('',(-2.564837831011E1,9.575049356208E0,
-7.598148945220E-1));
#4261=VERTEX_POINT('',#4260);
#4262=CARTESIAN_POINT('',(-2.568587831011E1,9.575049356208E0,
-9.473148945220E-1));
#4263=VERTEX_POINT('',#4262);
#4264=CARTESIAN_POINT('',(-2.576087831011E1,9.575049356208E0,
-1.097314894522E0));
#4265=VERTEX_POINT('',#4264);
#4266=CARTESIAN_POINT('',(-2.587337831011E1,9.575049356208E0,
-1.247314894522E0));
#4267=VERTEX_POINT('',#4266);
#4268=CARTESIAN_POINT('',(-2.598587831011E1,9.575049356208E0,
-1.359814894522E0));
#4269=VERTEX_POINT('',#4268);
#4270=CARTESIAN_POINT('',(-2.609837831011E1,9.575049356208E0,
-1.434814894522E0));
#4271=VERTEX_POINT('',#4270);
#4272=CARTESIAN_POINT('',(-2.669837831011E1,9.575049356208E0,
-1.547314894522E0));
#4273=VERTEX_POINT('',#4272);
#4274=CARTESIAN_POINT('',(-2.684837831011E1,9.575049356208E0,
-1.509814894522E0));
#4275=VERTEX_POINT('',#4274);
#4276=CARTESIAN_POINT('',(-2.703587831011E1,9.575049356208E0,
-1.434814894522E0));
#4277=VERTEX_POINT('',#4276);
#4278=CARTESIAN_POINT('',(-2.714837831011E1,9.575049356208E0,
-1.359814894522E0));
#4279=VERTEX_POINT('',#4278);
#4280=CARTESIAN_POINT('',(-2.726087831011E1,9.575049356208E0,
-1.247314894522E0));
#4281=VERTEX_POINT('',#4280);
#4282=CARTESIAN_POINT('',(-2.737337831011E1,9.575049356208E0,
-1.097314894522E0));
#4283=VERTEX_POINT('',#4282);
#4284=CARTESIAN_POINT('',(-2.744837831011E1,9.575049356208E0,
-9.473148945220E-1));
#4285=VERTEX_POINT('',#4284);
#4286=CARTESIAN_POINT('',(-2.759837831011E1,9.575049356208E0,
1.026851054780E-1));
#4287=VERTEX_POINT('',#4286);
#4288=CARTESIAN_POINT('',(-2.756087831011E1,9.575049356208E0,
4.401851054780E-1));
#4289=VERTEX_POINT('',#4288);
#4290=CARTESIAN_POINT('',(-2.752337831011E1,9.575049356208E0,
6.651851054780E-1));
#4291=VERTEX_POINT('',#4290);
#4292=CARTESIAN_POINT('',(-2.744837831011E1,9.575049356208E0,
8.526851054780E-1));
#4293=VERTEX_POINT('',#4292);
#4294=CARTESIAN_POINT('',(-2.737337831011E1,9.575049356208E0,1.002685105478E0));
#4295=VERTEX_POINT('',#4294);
#4296=CARTESIAN_POINT('',(-2.703587831011E1,9.575049356208E0,1.340185105478E0));
#4297=VERTEX_POINT('',#4296);
#4298=CARTESIAN_POINT('',(-2.647337831011E1,9.575049356208E0,1.452685105478E0));
#4299=VERTEX_POINT('',#4298);
#4300=VERTEX_POINT('',#2593);
#4301=CARTESIAN_POINT('',(-4.123171868092E1,-2.496999418830E0,-2.127E0));
#4302=CARTESIAN_POINT('',(-4.107889750216E1,-2.345968302922E0,
-1.975737768184E0));
#4303=VERTEX_POINT('',#4301);
#4304=VERTEX_POINT('',#4302);
#4305=CARTESIAN_POINT('',(-3.719534023426E1,-2.496999418830E0,-2.127E0));
#4306=VERTEX_POINT('',#4305);
#4307=CARTESIAN_POINT('',(-3.725780363947E1,-2.346199418830E0,-1.9762E0));
#4308=VERTEX_POINT('',#4307);
#4309=CARTESIAN_POINT('',(-4.167373373444E1,-6.206879712424E-1,
-2.710788326106E-1));
#4310=VERTEX_POINT('',#4309);
#4311=CARTESIAN_POINT('',(-4.167373373444E1,-4.331879712424E-1,
-3.085788326106E-1));
#4312=VERTEX_POINT('',#4311);
#4313=CARTESIAN_POINT('',(-3.2229302E1,-6.337199999880E-2,2.499287745611E0));
#4314=CARTESIAN_POINT('',(-3.2229302E1,-6.337199999999E-2,8.972999999999E0));
#4315=VERTEX_POINT('',#4313);
#4316=VERTEX_POINT('',#4314);
#4317=CARTESIAN_POINT('',(-3.2329302E1,-1.63372E-1,8.972999999999E0));
#4318=VERTEX_POINT('',#4317);
#4319=CARTESIAN_POINT('',(-2.609837831011E1,9.565049356208E0,
-1.434814894522E0));
#4320=VERTEX_POINT('',#4319);
#4321=CARTESIAN_POINT('',(-2.585780363947E1,-2.346199418830E0,
8.972999999999E0));
#4322=VERTEX_POINT('',#4321);
#4323=CARTESIAN_POINT('',(-2.967866436053E1,-2.346199418830E0,
8.972999999999E0));
#4324=VERTEX_POINT('',#4323);
#4325=CARTESIAN_POINT('',(-2.967866436053E1,-2.346199418830E0,-1.9762E0));
#4326=VERTEX_POINT('',#4325);
#4327=CARTESIAN_POINT('',(-3.589903475538E1,2.764808560457E0,
-1.975737768184E0));
#4328=CARTESIAN_POINT('',(-3.589880363947E1,-9.871994188301E-1,-1.9762E0));
#4329=VERTEX_POINT('',#4327);
#4330=VERTEX_POINT('',#4328);
#4331=CARTESIAN_POINT('',(-4.107866436053E1,8.464575418830E0,8.972999999999E0));
#4332=VERTEX_POINT('',#4331);
#4333=CARTESIAN_POINT('',(-3.589880363947E1,8.464575418830E0,8.972999999999E0));
#4334=VERTEX_POINT('',#4333);
#4335=CARTESIAN_POINT('',(-3.8653302E1,5.60628E-1,2.099287745611E0));
#4336=VERTEX_POINT('',#4335);
#4337=VERTEX_POINT('',#2644);
#4338=VERTEX_POINT('',#1655);
#4339=VERTEX_POINT('',#1658);
#4340=VERTEX_POINT('',#1631);
#4341=CARTESIAN_POINT('',(-3.3353302E1,8.60628E-1,1.2673E1));
#4342=VERTEX_POINT('',#4341);
#4343=CARTESIAN_POINT('',(-3.3253302E1,9.60628E-1,1.2673E1));
#4344=VERTEX_POINT('',#4343);
#4345=CARTESIAN_POINT('',(-2.703587831011E1,9.565049356208E0,
-1.434814894522E0));
#4346=VERTEX_POINT('',#4345);
#4347=CARTESIAN_POINT('',(-2.714837831011E1,9.565049356208E0,
-1.359814894522E0));
#4348=VERTEX_POINT('',#4347);
#4349=CARTESIAN_POINT('',(-4.116373384354E1,-2.919327575333E0,-2.127E0));
#4350=CARTESIAN_POINT('',(-4.166373384354E1,-2.419327575333E0,-2.127E0));
#4351=VERTEX_POINT('',#4349);
#4352=VERTEX_POINT('',#4350);
#4353=CARTESIAN_POINT('',(-2.669837831011E1,9.565049356208E0,
-1.172314894522E0));
#4354=VERTEX_POINT('',#4353);
#4355=CARTESIAN_POINT('',(-2.643587831011E1,9.565049356208E0,
-1.172314894522E0));
#4356=VERTEX_POINT('',#4355);
#4357=VERTEX_POINT('',#2125);
#4358=VERTEX_POINT('',#2128);
#4359=VERTEX_POINT('',#2101);
#4360=CARTESIAN_POINT('',(-2.7653302E1,8.60628E-1,1.2673E1));
#4361=VERTEX_POINT('',#4360);
#4362=CARTESIAN_POINT('',(-2.7553302E1,9.60628E-1,1.2673E1));
#4363=VERTEX_POINT('',#4362);
#4364=CARTESIAN_POINT('',(-3.3350734E1,5.636628E0,8.972999999999E0));
#4365=CARTESIAN_POINT('',(-3.3250734E1,5.536628E0,8.972999999999E0));
#4366=VERTEX_POINT('',#4364);
#4367=VERTEX_POINT('',#4365);
#4368=CARTESIAN_POINT('',(-3.3350734E1,6.560628E0,8.972999999999E0));
#4369=VERTEX_POINT('',#4368);
#4370=CARTESIAN_POINT('',(-3.3250734E1,6.660628E0,8.972999999999E0));
#4371=VERTEX_POINT('',#4370);
#4372=CARTESIAN_POINT('',(-3.2326734E1,6.660628E0,8.972999999999E0));
#4373=VERTEX_POINT('',#4372);
#4374=CARTESIAN_POINT('',(-3.2226734E1,6.560628E0,8.972999999999E0));
#4375=VERTEX_POINT('',#4374);
#4376=CARTESIAN_POINT('',(-3.2226734E1,5.636628E0,8.972999999999E0));
#4377=VERTEX_POINT('',#4376);
#4378=CARTESIAN_POINT('',(-3.2326734E1,5.536628E0,8.972999999999E0));
#4379=VERTEX_POINT('',#4378);
#4380=CARTESIAN_POINT('',(-3.155780363947E1,3.353800581170E0,8.972999999999E0));
#4381=CARTESIAN_POINT('',(-3.537866436053E1,3.353800581170E0,8.972999999999E0));
#4382=VERTEX_POINT('',#4380);
#4383=VERTEX_POINT('',#4381);
#4384=CARTESIAN_POINT('',(-3.019880363947E1,4.712800581170E0,8.972999999999E0));
#4385=VERTEX_POINT('',#4384);
#4386=CARTESIAN_POINT('',(-3.019880363947E1,8.464575418830E0,8.972999999999E0));
#4387=VERTEX_POINT('',#4386);
#4388=CARTESIAN_POINT('',(-3.537866436053E1,8.464575418830E0,8.972999999999E0));
#4389=VERTEX_POINT('',#4388);
#4390=CARTESIAN_POINT('',(-4.166373384354E1,9.065049356208E0,-2.127E0));
#4391=CARTESIAN_POINT('',(-4.116373384354E1,9.565049356208E0,-2.127E0));
#4392=VERTEX_POINT('',#4390);
#4393=VERTEX_POINT('',#4391);
#4394=CARTESIAN_POINT('',(-2.449903475538E1,8.464808560457E0,
-1.975737768184E0));
#4395=CARTESIAN_POINT('',(-2.434800363947E1,8.617629739219E0,-2.127E0));
#4396=VERTEX_POINT('',#4394);
#4397=VERTEX_POINT('',#4395);
#4398=CARTESIAN_POINT('',(-2.983171868092E1,8.617629739219E0,-2.127E0));
#4399=VERTEX_POINT('',#4398);
#4400=CARTESIAN_POINT('',(-2.967866436053E1,8.464575418830E0,
-1.975275536368E0));
#4401=VERTEX_POINT('',#4400);
#4402=CARTESIAN_POINT('',(-3.8329302E1,5.60628E-1,1.6453E1));
#4403=CARTESIAN_POINT('',(-3.8653302E1,5.60628E-1,1.6453E1));
#4404=VERTEX_POINT('',#4402);
#4405=VERTEX_POINT('',#4403);
#4406=CARTESIAN_POINT('',(-3.8329302E1,2.36628E-1,1.6453E1));
#4407=VERTEX_POINT('',#4406);
#4408=CARTESIAN_POINT('',(-3.8653302E1,2.36628E-1,1.6453E1));
#4409=VERTEX_POINT('',#4408);
#4410=CARTESIAN_POINT('',(-3.9050734E1,5.636628E0,8.972999999999E0));
#4411=CARTESIAN_POINT('',(-3.9050734E1,5.636628E0,2.499287745611E0));
#4412=VERTEX_POINT('',#4410);
#4413=VERTEX_POINT('',#4411);
#4414=CARTESIAN_POINT('',(-2.6526734E1,6.560628E0,1.2673E1));
#4415=VERTEX_POINT('',#4414);
#4416=CARTESIAN_POINT('',(-2.6526734E1,5.636628E0,1.2673E1));
#4417=VERTEX_POINT('',#4416);
#4418=CARTESIAN_POINT('',(-3.155780363947E1,-2.346199418830E0,-1.9762E0));
#4419=CARTESIAN_POINT('',(-3.149534023426E1,-2.496999418830E0,-2.127E0));
#4420=VERTEX_POINT('',#4418);
#4421=VERTEX_POINT('',#4419);
#4422=CARTESIAN_POINT('',(-2.737337831011E1,9.565049356208E0,
-1.097314894522E0));
#4423=VERTEX_POINT('',#4422);
#4424=CARTESIAN_POINT('',(-2.744837831011E1,9.565049356208E0,
-9.473148945220E-1));
#4425=VERTEX_POINT('',#4424);
#4426=CARTESIAN_POINT('',(-3.589880363947E1,3.353800581170E0,8.972999999999E0));
#4427=VERTEX_POINT('',#4426);
#4428=CARTESIAN_POINT('',(-3.971966340232E1,3.353800581170E0,8.972999999999E0));
#4429=VERTEX_POINT('',#4428);
#4430=CARTESIAN_POINT('',(-3.971966340232E1,3.353800581170E0,
-1.975275536368E0));
#4431=VERTEX_POINT('',#4430);
#4432=VERTEX_POINT('',#1764);
#4433=VERTEX_POINT('',#1725);
#4434=CARTESIAN_POINT('',(-3.2326734E1,6.660628E0,1.2673E1));
#4435=VERTEX_POINT('',#4434);
#4436=CARTESIAN_POINT('',(-2.6629302E1,9.60628E-1,2.499287745611E0));
#4437=CARTESIAN_POINT('',(-2.6629302E1,9.60628E-1,8.972999999999E0));
#4438=VERTEX_POINT('',#4436);
#4439=VERTEX_POINT('',#4437);
#4440=VERTEX_POINT('',#3112);
#4441=VERTEX_POINT('',#3117);
#4442=CARTESIAN_POINT('',(-2.6529302E1,8.60628E-1,8.972999999999E0));
#4443=VERTEX_POINT('',#4442);
#4444=CARTESIAN_POINT('',(-3.8026734E1,6.660628E0,2.499287745611E0));
#4445=CARTESIAN_POINT('',(-3.8026734E1,6.660628E0,8.972999999999E0));
#4446=VERTEX_POINT('',#4444);
#4447=VERTEX_POINT('',#4445);
#4448=CARTESIAN_POINT('',(-2.568587831011E1,9.565049356208E0,
-9.473148945220E-1));
#4449=VERTEX_POINT('',#4448);
#4450=CARTESIAN_POINT('',(-2.576087831011E1,9.565049356208E0,
-1.097314894522E0));
#4451=VERTEX_POINT('',#4450);
#4452=CARTESIAN_POINT('',(-2.606087831011E1,9.565049356208E0,
-8.723148945220E-1));
#4453=VERTEX_POINT('',#4452);
#4454=CARTESIAN_POINT('',(-2.602337831011E1,9.565049356208E0,
-6.848148945220E-1));
#4455=VERTEX_POINT('',#4454);
#4456=CARTESIAN_POINT('',(-4.167373373444E1,-5.818797124245E-2,
-5.335788326106E-1));
#4457=VERTEX_POINT('',#4456);
#4458=CARTESIAN_POINT('',(-4.167373373444E1,5.431202875755E-2,
-6.835788326106E-1));
#4459=VERTEX_POINT('',#4458);
#4460=CARTESIAN_POINT('',(-2.564837831011E1,9.565049356208E0,
-7.598148945220E-1));
#4461=VERTEX_POINT('',#4460);
#4462=CARTESIAN_POINT('',(-2.703587831011E1,9.565049356208E0,1.340185105478E0));
#4463=VERTEX_POINT('',#4462);
#4464=VERTEX_POINT('',#1623);
#4465=VERTEX_POINT('',#1626);
#4466=VERTEX_POINT('',#1599);
#4467=CARTESIAN_POINT('',(-3.2229302E1,-6.337199999999E-2,1.2673E1));
#4468=VERTEX_POINT('',#4467);
#4469=CARTESIAN_POINT('',(-3.2329302E1,-1.63372E-1,1.2673E1));
#4470=VERTEX_POINT('',#4469);
#4471=CARTESIAN_POINT('',(-3.3353302E1,8.606280000012E-1,2.499287745611E0));
#4472=CARTESIAN_POINT('',(-3.3353302E1,8.60628E-1,8.972999999999E0));
#4473=VERTEX_POINT('',#4471);
#4474=VERTEX_POINT('',#4472);
#4475=VERTEX_POINT('',#2832);
#4476=VERTEX_POINT('',#2837);
#4477=CARTESIAN_POINT('',(-3.3253302E1,9.60628E-1,8.972999999999E0));
#4478=VERTEX_POINT('',#4477);
#4479=CARTESIAN_POINT('',(-2.6626734E1,5.536628E0,1.6053E1));
#4480=CARTESIAN_POINT('',(-2.6626734E1,5.536628E0,1.2673E1));
#4481=VERTEX_POINT('',#4479);
#4482=VERTEX_POINT('',#4480);
#4483=CARTESIAN_POINT('',(-3.2953302E1,5.60628E-1,1.6453E1));
#4484=CARTESIAN_POINT('',(-3.2629302E1,5.60628E-1,1.6453E1));
#4485=VERTEX_POINT('',#4483);
#4486=VERTEX_POINT('',#4484);
#4487=CARTESIAN_POINT('',(-3.2629302E1,2.36628E-1,1.6453E1));
#4488=VERTEX_POINT('',#4487);
#4489=CARTESIAN_POINT('',(-3.2953302E1,2.36628E-1,1.6453E1));
#4490=VERTEX_POINT('',#4489);
#4491=CARTESIAN_POINT('',(-3.8950734E1,5.536628E0,8.972999999999E0));
#4492=VERTEX_POINT('',#4491);
#4493=CARTESIAN_POINT('',(-3.8026734E1,5.536628E0,8.972999999999E0));
#4494=VERTEX_POINT('',#4493);
#4495=CARTESIAN_POINT('',(-4.107866436053E1,4.712801539379E0,8.972999999999E0));
#4496=VERTEX_POINT('',#4495);
#4497=VERTEX_POINT('',#2147);
#4498=VERTEX_POINT('',#2150);
#4499=VERTEX_POINT('',#2119);
#4500=CARTESIAN_POINT('',(-2.6629302E1,9.60628E-1,1.2673E1));
#4501=VERTEX_POINT('',#4500);
#4502=CARTESIAN_POINT('',(-2.6529302E1,8.60628E-1,1.2673E1));
#4503=VERTEX_POINT('',#4502);
#4504=CARTESIAN_POINT('',(-2.441373384354E1,-2.919327575333E0,-2.127E0));
#4505=VERTEX_POINT('',#4504);
#4506=CARTESIAN_POINT('',(-3.3353302E1,-6.337199999999E-2,1.2673E1));
#4507=VERTEX_POINT('',#4506);
#4508=CARTESIAN_POINT('',(-3.3353302E1,-6.3372E-2,1.6053E1));
#4509=VERTEX_POINT('',#4508);
#4510=CARTESIAN_POINT('',(-2.561087831011E1,9.565049356208E0,
6.276851054780E-1));
#4511=VERTEX_POINT('',#4510);
#4512=CARTESIAN_POINT('',(-2.561087831011E1,9.565049356208E0,
3.276851054780E-1));
#4513=VERTEX_POINT('',#4512);
#4514=CARTESIAN_POINT('',(-4.167373373444E1,-6.956879712424E-1,
-2.710788326106E-1));
#4515=VERTEX_POINT('',#4514);
#4516=CARTESIAN_POINT('',(-2.726087831011E1,9.565049356208E0,
-1.247314894522E0));
#4517=VERTEX_POINT('',#4516);
#4518=CARTESIAN_POINT('',(-2.7550734E1,5.536628E0,1.2673E1));
#4519=VERTEX_POINT('',#4518);
#4520=CARTESIAN_POINT('',(-2.7550734E1,5.536628E0,1.6053E1));
#4521=VERTEX_POINT('',#4520);
#4522=CARTESIAN_POINT('',(-3.574800363947E1,-1.049662824036E0,-2.127E0));
#4523=VERTEX_POINT('',#4522);
#4524=CARTESIAN_POINT('',(-4.123171868092E1,2.917629739219E0,-2.127E0));
#4525=VERTEX_POINT('',#4524);
#4526=CARTESIAN_POINT('',(-3.574800363947E1,2.917629739219E0,-2.127E0));
#4527=VERTEX_POINT('',#4526);
#4528=CARTESIAN_POINT('',(-3.537866436053E1,2.917629739219E0,-2.127E0));
#4529=VERTEX_POINT('',#4528);
#4530=CARTESIAN_POINT('',(-3.537866436053E1,-2.496999418830E0,-2.127E0));
#4531=VERTEX_POINT('',#4530);
#4532=CARTESIAN_POINT('',(-2.982946436053E1,-2.496999418830E0,-2.127E0));
#4533=VERTEX_POINT('',#4532);
#4534=CARTESIAN_POINT('',(-3.149534023426E1,3.203000581170E0,-2.127E0));
#4535=VERTEX_POINT('',#4534);
#4536=CARTESIAN_POINT('',(-3.553171868092E1,3.203000581170E0,-2.127E0));
#4537=VERTEX_POINT('',#4536);
#4538=CARTESIAN_POINT('',(-3.553171868092E1,8.617629739219E0,-2.127E0));
#4539=VERTEX_POINT('',#4538);
#4540=CARTESIAN_POINT('',(-3.980016614987E1,3.200746260781E0,-2.127E0));
#4541=VERTEX_POINT('',#4540);
#4542=CARTESIAN_POINT('',(-2.983171868092E1,3.203000581170E0,-2.127E0));
#4543=VERTEX_POINT('',#4542);
#4544=CARTESIAN_POINT('',(-3.1638734E1,9.565049344988E0,-2.126999967798E0));
#4545=CARTESIAN_POINT('',(-3.3938734E1,9.565049344988E0,-2.126999967798E0));
#4546=VERTEX_POINT('',#4544);
#4547=VERTEX_POINT('',#4545);
#4548=CARTESIAN_POINT('',(-2.391373384354E1,-2.419327575333E0,-2.127E0));
#4549=VERTEX_POINT('',#4548);
#4550=CARTESIAN_POINT('',(-2.391373384354E1,9.065049356208E0,-2.127E0));
#4551=VERTEX_POINT('',#4550);
#4552=CARTESIAN_POINT('',(-2.441373384354E1,9.565049356208E0,-2.127E0));
#4553=VERTEX_POINT('',#4552);
#4554=VERTEX_POINT('',#2197);
#4555=CARTESIAN_POINT('',(-2.6626734E1,6.660628E0,1.2673E1));
#4556=VERTEX_POINT('',#4555);
#4557=CARTESIAN_POINT('',(-3.537866436053E1,2.764575418830E0,8.972999999999E0));
#4558=CARTESIAN_POINT('',(-3.537866436053E1,2.764575418830E0,
-1.975275536368E0));
#4559=VERTEX_POINT('',#4557);
#4560=VERTEX_POINT('',#4558);
#4561=CARTESIAN_POINT('',(-2.7553302E1,9.60628E-1,8.972999999999E0));
#4562=CARTESIAN_POINT('',(-2.7553302E1,9.60628E-1,2.499287745611E0));
#4563=VERTEX_POINT('',#4561);
#4564=VERTEX_POINT('',#4562);
#4565=CARTESIAN_POINT('',(-4.167373373444E1,1.852860890439E0,2.532996E0));
#4566=CARTESIAN_POINT('',(-4.166373384354E1,1.852860890439E0,2.532996E0));
#4567=VERTEX_POINT('',#4565);
#4568=VERTEX_POINT('',#4566);
#4569=CARTESIAN_POINT('',(-4.167373373444E1,1.852860890439E0,
-9.670040000001E-1));
#4570=VERTEX_POINT('',#4569);
#4571=CARTESIAN_POINT('',(-4.166373384354E1,1.852860890439E0,
-9.670040000001E-1));
#4572=VERTEX_POINT('',#4571);
#4573=VERTEX_POINT('',#3568);
#4574=VERTEX_POINT('',#3573);
#4575=CARTESIAN_POINT('',(-2.598587831011E1,9.565049356208E0,1.265185105478E0));
#4576=VERTEX_POINT('',#4575);
#4577=CARTESIAN_POINT('',(-4.107866436053E1,2.764575418830E0,
-1.975275536368E0));
#4578=VERTEX_POINT('',#4577);
#4579=CARTESIAN_POINT('',(-3.537866436053E1,-2.346199418830E0,-1.9762E0));
#4580=VERTEX_POINT('',#4579);
#4581=CARTESIAN_POINT('',(-3.537866436053E1,-2.346199418830E0,
8.972999999999E0));
#4582=VERTEX_POINT('',#4581);
#4583=CARTESIAN_POINT('',(-2.967889750216E1,3.354031697078E0,
-1.975737768184E0));
#4584=VERTEX_POINT('',#4583);
#4585=CARTESIAN_POINT('',(-3.155780363947E1,3.353800581170E0,-1.9762E0));
#4586=VERTEX_POINT('',#4585);
#4587=CARTESIAN_POINT('',(-3.8950734E1,6.660628E0,1.6053E1));
#4588=CARTESIAN_POINT('',(-3.8950734E1,6.660628E0,1.2673E1));
#4589=VERTEX_POINT('',#4587);
#4590=VERTEX_POINT('',#4588);
#4591=CARTESIAN_POINT('',(-2.7653302E1,8.60628E-1,2.499287745611E0));
#4592=CARTESIAN_POINT('',(-2.7653302E1,8.60628E-1,8.972999999999E0));
#4593=VERTEX_POINT('',#4591);
#4594=VERTEX_POINT('',#4592);
#4595=VERTEX_POINT('',#3134);
#4596=CARTESIAN_POINT('',(-2.756087831011E1,9.565049356208E0,
4.401851054780E-1));
#4597=VERTEX_POINT('',#4596);
#4598=CARTESIAN_POINT('',(-2.752337831011E1,9.565049356208E0,
6.651851054781E-1));
#4599=VERTEX_POINT('',#4598);
#4600=CARTESIAN_POINT('',(-3.3350734E1,5.636628E0,1.2673E1));
#4601=CARTESIAN_POINT('',(-3.3350734E1,6.560628E0,1.2673E1));
#4602=VERTEX_POINT('',#4600);
#4603=VERTEX_POINT('',#4601);
#4604=CARTESIAN_POINT('',(-4.167373373444E1,-1.647139109561E0,2.532996E0));
#4605=CARTESIAN_POINT('',(-4.166373384354E1,-1.647139109561E0,2.532996E0));
#4606=VERTEX_POINT('',#4604);
#4607=VERTEX_POINT('',#4605);
#4608=CARTESIAN_POINT('',(-2.482640468346E1,9.565049356208E0,
-1.777000032841E0));
#4609=CARTESIAN_POINT('',(-2.832640468346E1,9.565049356208E0,
-1.777000032841E0));
#4610=VERTEX_POINT('',#4608);
#4611=VERTEX_POINT('',#4609);
#4612=CARTESIAN_POINT('',(-2.832640468346E1,9.565049356208E0,1.722999967159E0));
#4613=VERTEX_POINT('',#4612);
#4614=CARTESIAN_POINT('',(-2.482640468346E1,9.565049356208E0,1.722999967159E0));
#4615=VERTEX_POINT('',#4614);
#4616=CARTESIAN_POINT('',(-3.3938734E1,9.565049356208E0,1.075048878554E0));
#4617=VERTEX_POINT('',#4616);
#4618=CARTESIAN_POINT('',(-3.1638734E1,9.565049356208E0,1.075048878554E0));
#4619=VERTEX_POINT('',#4618);
#4620=CARTESIAN_POINT('',(-4.167373373444E1,-1.647139109561E0,
-9.670040000001E-1));
#4621=CARTESIAN_POINT('',(-4.166373384354E1,-1.647139109561E0,
-9.670040000001E-1));
#4622=VERTEX_POINT('',#4620);
#4623=VERTEX_POINT('',#4621);
#4624=CARTESIAN_POINT('',(-2.598587831011E1,9.565049356208E0,
-1.359814894522E0));
#4625=VERTEX_POINT('',#4624);
#4626=CARTESIAN_POINT('',(-3.3250734E1,6.660628E0,1.6053E1));
#4627=CARTESIAN_POINT('',(-3.3250734E1,6.660628E0,1.2673E1));
#4628=VERTEX_POINT('',#4626);
#4629=VERTEX_POINT('',#4627);
#4630=CARTESIAN_POINT('',(-2.666087831011E1,9.565049356208E0,
-4.973148945220E-1));
#4631=CARTESIAN_POINT('',(-2.647337831011E1,9.565049356208E0,
-4.973148945220E-1));
#4632=VERTEX_POINT('',#4630);
#4633=VERTEX_POINT('',#4631);
#4634=CARTESIAN_POINT('',(-2.628587831011E1,9.565049356208E0,
-4.598148945220E-1));
#4635=VERTEX_POINT('',#4634);
#4636=CARTESIAN_POINT('',(-2.609837831011E1,9.565049356208E0,
-3.848148945220E-1));
#4637=VERTEX_POINT('',#4636);
#4638=CARTESIAN_POINT('',(-2.598587831011E1,9.565049356208E0,
-3.098148945220E-1));
#4639=VERTEX_POINT('',#4638);
#4640=CARTESIAN_POINT('',(-2.587337831011E1,9.565049356208E0,
-1.973148945220E-1));
#4641=VERTEX_POINT('',#4640);
#4642=CARTESIAN_POINT('',(-2.576087831011E1,9.565049356208E0,
-4.731489452198E-2));
#4643=VERTEX_POINT('',#4642);
#4644=CARTESIAN_POINT('',(-2.568587831011E1,9.565049356208E0,
1.026851054780E-1));
#4645=VERTEX_POINT('',#4644);
#4646=CARTESIAN_POINT('',(-2.568587831011E1,9.565049356208E0,
8.526851054779E-1));
#4647=VERTEX_POINT('',#4646);
#4648=CARTESIAN_POINT('',(-2.647337831011E1,9.565049356208E0,1.452685105478E0));
#4649=VERTEX_POINT('',#4648);
#4650=CARTESIAN_POINT('',(-2.737337831011E1,9.565049356208E0,1.002685105478E0));
#4651=VERTEX_POINT('',#4650);
#4652=CARTESIAN_POINT('',(-2.744837831011E1,9.565049356208E0,
8.526851054780E-1));
#4653=VERTEX_POINT('',#4652);
#4654=CARTESIAN_POINT('',(-2.759837831011E1,9.565049356208E0,
1.026851054779E-1));
#4655=VERTEX_POINT('',#4654);
#4656=CARTESIAN_POINT('',(-2.684837831011E1,9.565049356208E0,
-1.509814894522E0));
#4657=VERTEX_POINT('',#4656);
#4658=CARTESIAN_POINT('',(-2.669837831011E1,9.565049356208E0,
-1.547314894522E0));
#4659=VERTEX_POINT('',#4658);
#4660=CARTESIAN_POINT('',(-2.587337831011E1,9.565049356208E0,
-1.247314894522E0));
#4661=VERTEX_POINT('',#4660);
#4662=CARTESIAN_POINT('',(-2.564837831011E1,9.565049356208E0,
-6.848148945220E-1));
#4663=VERTEX_POINT('',#4662);
#4664=CARTESIAN_POINT('',(-2.613587831011E1,9.565049356208E0,
-9.848148945220E-1));
#4665=VERTEX_POINT('',#4664);
#4666=CARTESIAN_POINT('',(-2.628587831011E1,9.565049356208E0,
-1.097314894522E0));
#4667=VERTEX_POINT('',#4666);
#4668=CARTESIAN_POINT('',(-2.684837831011E1,9.565049356208E0,
-1.097314894522E0));
#4669=VERTEX_POINT('',#4668);
#4670=CARTESIAN_POINT('',(-2.699837831011E1,9.565049356208E0,
-9.848148945219E-1));
#4671=VERTEX_POINT('',#4670);
#4672=CARTESIAN_POINT('',(-2.707337831011E1,9.565049356208E0,
-8.723148945220E-1));
#4673=VERTEX_POINT('',#4672);
#4674=CARTESIAN_POINT('',(-2.714837831011E1,9.565049356208E0,
-6.848148945220E-1));
#4675=VERTEX_POINT('',#4674);
#4676=CARTESIAN_POINT('',(-2.722337831011E1,9.565049356208E0,
-1.598148945220E-1));
#4677=VERTEX_POINT('',#4676);
#4678=CARTESIAN_POINT('',(-2.703587831011E1,9.565049356208E0,
-3.473148945220E-1));
#4679=VERTEX_POINT('',#4678);
#4680=CARTESIAN_POINT('',(-2.684837831011E1,9.565049356208E0,
-4.598148945220E-1));
#4681=VERTEX_POINT('',#4680);
#4682=VERTEX_POINT('',#2093);
#4683=VERTEX_POINT('',#2096);
#4684=VERTEX_POINT('',#2133);
#4685=CARTESIAN_POINT('',(-2.6529302E1,-6.337199999999E-2,1.2673E1));
#4686=VERTEX_POINT('',#4685);
#4687=CARTESIAN_POINT('',(-2.6629302E1,-1.63372E-1,1.2673E1));
#4688=VERTEX_POINT('',#4687);
#4689=CARTESIAN_POINT('',(-3.973175886847E1,3.365896047314E0,
-1.963285165183E0));
#4690=VERTEX_POINT('',#4689);
#4691=CARTESIAN_POINT('',(-3.8953302E1,-1.63372E-1,2.499287745611E0));
#4692=VERTEX_POINT('',#4691);
#4693=CARTESIAN_POINT('',(-3.902144467812E1,5.565917321881E0,2.469998423730E0));
#4694=VERTEX_POINT('',#4693);
#4695=VERTEX_POINT('',#3657);
#4696=CARTESIAN_POINT('',(-3.9053302E1,-6.337199999999E-2,1.2673E1));
#4697=CARTESIAN_POINT('',(-3.9053302E1,8.60628E-1,1.2673E1));
#4698=VERTEX_POINT('',#4696);
#4699=VERTEX_POINT('',#4697);
#4700=CARTESIAN_POINT('',(-3.9053302E1,8.60628E-1,1.6053E1));
#4701=VERTEX_POINT('',#4700);
#4702=CARTESIAN_POINT('',(-3.9053302E1,-6.337199999999E-2,1.6053E1));
#4703=VERTEX_POINT('',#4702);
#4704=VERTEX_POINT('',#2258);
#4705=CARTESIAN_POINT('',(-2.7250734E1,5.936628E0,1.6453E1));
#4706=VERTEX_POINT('',#4705);
#4707=CARTESIAN_POINT('',(-2.7253302E1,5.60628E-1,2.099287745611E0));
#4708=VERTEX_POINT('',#4707);
#4709=CARTESIAN_POINT('',(-2.6929302E1,5.60628E-1,2.099287745611E0));
#4710=VERTEX_POINT('',#4709);
#4711=CARTESIAN_POINT('',(-3.2950734E1,5.936628E0,2.099287745611E0));
#4712=CARTESIAN_POINT('',(-3.2626734E1,5.936628E0,2.099287745611E0));
#4713=VERTEX_POINT('',#4711);
#4714=VERTEX_POINT('',#4712);
#4715=CARTESIAN_POINT('',(-3.2626734E1,6.260628E0,2.099287745611E0));
#4716=VERTEX_POINT('',#4715);
#4717=CARTESIAN_POINT('',(-3.2950734E1,6.260628E0,2.099287745611E0));
#4718=VERTEX_POINT('',#4717);
#4719=CARTESIAN_POINT('',(-3.2626734E1,6.260628E0,1.6453E1));
#4720=VERTEX_POINT('',#4719);
#4721=VERTEX_POINT('',#1878);
#4722=VERTEX_POINT('',#1881);
#4723=CARTESIAN_POINT('',(-3.795859132188E1,9.313386781186E-1,
1.608228932188E1));
#4724=VERTEX_POINT('',#4723);
#4725=VERTEX_POINT('',#1891);
#4726=CARTESIAN_POINT('',(-3.8026734E1,5.536628E0,1.6053E1));
#4727=CARTESIAN_POINT('',(-3.8026734E1,5.536628E0,1.2673E1));
#4728=VERTEX_POINT('',#4726);
#4729=VERTEX_POINT('',#4727);
#4730=VERTEX_POINT('',#1944);
#4731=VERTEX_POINT('',#2013);
#4732=CARTESIAN_POINT('',(-3.7926734E1,5.636628E0,1.2673E1));
#4733=VERTEX_POINT('',#4732);
#4734=VERTEX_POINT('',#1853);
#4735=VERTEX_POINT('',#1839);
#4736=CARTESIAN_POINT('',(-3.8953302E1,-1.63372E-1,1.2673E1));
#4737=VERTEX_POINT('',#4736);
#4738=CARTESIAN_POINT('',(-3.2953302E1,5.60628E-1,2.099287745611E0));
#4739=CARTESIAN_POINT('',(-3.2629302E1,5.60628E-1,2.099287745611E0));
#4740=VERTEX_POINT('',#4738);
#4741=VERTEX_POINT('',#4739);
#4742=CARTESIAN_POINT('',(-3.8953302E1,9.60628E-1,1.2673E1));
#4743=CARTESIAN_POINT('',(-3.8029302E1,9.60628E-1,1.2673E1));
#4744=VERTEX_POINT('',#4742);
#4745=VERTEX_POINT('',#4743);
#4746=CARTESIAN_POINT('',(-3.8029302E1,9.60628E-1,1.6053E1));
#4747=VERTEX_POINT('',#4746);
#4748=CARTESIAN_POINT('',(-3.8953302E1,9.60628E-1,1.6053E1));
#4749=VERTEX_POINT('',#4748);
#4750=CARTESIAN_POINT('',(-4.167373373444E1,1.681202875755E-2,
2.203921167389E0));
#4751=VERTEX_POINT('',#4750);
#4752=CARTESIAN_POINT('',(-3.537866436053E1,8.464575418830E0,
-1.975275536368E0));
#4753=VERTEX_POINT('',#4752);
#4754=VERTEX_POINT('',#1841);
#4755=CARTESIAN_POINT('',(-3.7929302E1,-6.337199999999E-2,1.2673E1));
#4756=VERTEX_POINT('',#4755);
#4757=CARTESIAN_POINT('',(-3.8029302E1,-1.63372E-1,1.2673E1));
#4758=VERTEX_POINT('',#4757);
#4759=CARTESIAN_POINT('',(-3.537889750216E1,3.354031697078E0,
-1.975737768184E0));
#4760=VERTEX_POINT('',#4759);
#4761=CARTESIAN_POINT('',(-2.7653302E1,-6.337199999999E-2,2.499287745611E0));
#4762=VERTEX_POINT('',#4761);
#4763=VERTEX_POINT('',#3080);
#4764=CARTESIAN_POINT('',(-2.7253302E1,2.36628E-1,2.099287745611E0));
#4765=VERTEX_POINT('',#4764);
#4766=CARTESIAN_POINT('',(-3.2326734E1,5.536628E0,1.6053E1));
#4767=CARTESIAN_POINT('',(-3.2326734E1,5.536628E0,1.2673E1));
#4768=VERTEX_POINT('',#4766);
#4769=VERTEX_POINT('',#4767);
#4770=CARTESIAN_POINT('',(-3.3250734E1,5.536628E0,1.2673E1));
#4771=VERTEX_POINT('',#4770);
#4772=CARTESIAN_POINT('',(-3.3250734E1,5.536628E0,1.6053E1));
#4773=VERTEX_POINT('',#4772);
#4774=CARTESIAN_POINT('',(-3.155780363947E1,-2.346199418830E0,
8.972999999999E0));
#4775=VERTEX_POINT('',#4774);
#4776=CARTESIAN_POINT('',(-2.967866436053E1,2.764575418830E0,8.972999999999E0));
#4777=VERTEX_POINT('',#4776);
#4778=CARTESIAN_POINT('',(-4.167373373444E1,3.918120287576E-1,
2.203921167389E0));
#4779=VERTEX_POINT('',#4778);
#4780=CARTESIAN_POINT('',(-3.9050734E1,5.636628E0,1.2673E1));
#4781=CARTESIAN_POINT('',(-3.9050734E1,6.560628E0,1.2673E1));
#4782=VERTEX_POINT('',#4780);
#4783=VERTEX_POINT('',#4781);
#4784=CARTESIAN_POINT('',(-3.9050734E1,6.560628E0,1.6053E1));
#4785=VERTEX_POINT('',#4784);
#4786=CARTESIAN_POINT('',(-3.9050734E1,5.636628E0,1.6053E1));
#4787=VERTEX_POINT('',#4786);
#4788=VERTEX_POINT('',#1867);
#4789=CARTESIAN_POINT('',(-3.2626734E1,5.936628E0,1.6453E1));
#4790=VERTEX_POINT('',#4789);
#4791=CARTESIAN_POINT('',(-3.225602332188E1,5.565917321881E0,1.608228932188E1));
#4792=VERTEX_POINT('',#4791);
#4793=CARTESIAN_POINT('',(-3.3353302E1,-6.337199999999E-2,8.972999999999E0));
#4794=CARTESIAN_POINT('',(-3.3353302E1,-6.337199999999E-2,2.499287745611E0));
#4795=VERTEX_POINT('',#4793);
#4796=VERTEX_POINT('',#4794);
#4797=VERTEX_POINT('',#1991);
#4798=VERTEX_POINT('',#1927);
#4799=CARTESIAN_POINT('',(-3.8950734E1,5.536628E0,1.2673E1));
#4800=VERTEX_POINT('',#4799);
#4801=VERTEX_POINT('',#2658);
#4802=VERTEX_POINT('',#2663);
#4803=CARTESIAN_POINT('',(-3.2329302E1,9.60628E-1,1.2673E1));
#4804=VERTEX_POINT('',#4803);
#4805=CARTESIAN_POINT('',(-3.2329302E1,9.60628E-1,1.6053E1));
#4806=VERTEX_POINT('',#4805);
#4807=CARTESIAN_POINT('',(-2.7550734E1,6.660628E0,1.6053E1));
#4808=CARTESIAN_POINT('',(-2.7550734E1,6.660628E0,1.2673E1));
#4809=VERTEX_POINT('',#4807);
#4810=VERTEX_POINT('',#4808);
#4811=VERTEX_POINT('',#2210);
#4812=VERTEX_POINT('',#2167);
#4813=CARTESIAN_POINT('',(-2.7650734E1,6.560628E0,1.2673E1));
#4814=VERTEX_POINT('',#4813);
#4815=CARTESIAN_POINT('',(-2.449880363947E1,4.712800581170E0,8.972999999999E0));
#4816=VERTEX_POINT('',#4815);
#4817=CARTESIAN_POINT('',(-2.585780363947E1,3.353800581170E0,8.972999999999E0));
#4818=VERTEX_POINT('',#4817);
#4819=VERTEX_POINT('',#3598);
#4820=CARTESIAN_POINT('',(-3.7929302E1,8.60628E-1,1.2673E1));
#4821=VERTEX_POINT('',#4820);
#4822=CARTESIAN_POINT('',(-2.7653302E1,-6.337199999999E-2,1.2673E1));
#4823=VERTEX_POINT('',#4822);
#4824=CARTESIAN_POINT('',(-2.7653302E1,-6.337199999998E-2,1.6053E1));
#4825=VERTEX_POINT('',#4824);
#4826=CARTESIAN_POINT('',(-3.3253302E1,-1.63372E-1,1.2673E1));
#4827=VERTEX_POINT('',#4826);
#4828=CARTESIAN_POINT('',(-3.3253302E1,-1.63372E-1,1.6053E1));
#4829=VERTEX_POINT('',#4828);
#4830=CARTESIAN_POINT('',(-3.332401267812E1,-1.340826781186E-1,
1.608228932188E1));
#4831=VERTEX_POINT('',#4830);
#4832=CARTESIAN_POINT('',(-3.2229302E1,8.60628E-1,1.2673E1));
#4833=VERTEX_POINT('',#4832);
#4834=CARTESIAN_POINT('',(-3.2229302E1,8.606279999989E-1,1.6053E1));
#4835=VERTEX_POINT('',#4834);
#4836=CARTESIAN_POINT('',(-3.8653302E1,2.36628E-1,2.099287745611E0));
#4837=VERTEX_POINT('',#4836);
#4838=CARTESIAN_POINT('',(-4.167373373444E1,-3.206879712424E-1,
-3.460788326106E-1));
#4839=VERTEX_POINT('',#4838);
#4840=CARTESIAN_POINT('',(-2.967866436053E1,3.353800581170E0,8.972999999999E0));
#4841=VERTEX_POINT('',#4840);
#4842=CARTESIAN_POINT('',(-2.967866436053E1,8.464575418830E0,8.972999999999E0));
#4843=VERTEX_POINT('',#4842);
#4844=CARTESIAN_POINT('',(-3.3250734E1,5.536628E0,2.499287745611E0));
#4845=VERTEX_POINT('',#4844);
#4846=VERTEX_POINT('',#3378);
#4847=VERTEX_POINT('',#3383);
#4848=VERTEX_POINT('',#2639);
#4849=CARTESIAN_POINT('',(-3.3250734E1,6.660628E0,2.499287745611E0));
#4850=VERTEX_POINT('',#4849);
#4851=CARTESIAN_POINT('',(-3.2326734E1,6.660628E0,2.499287745611E0));
#4852=VERTEX_POINT('',#4851);
#4853=CARTESIAN_POINT('',(-2.7553302E1,-1.63372E-1,1.2673E1));
#4854=VERTEX_POINT('',#4853);
#4855=CARTESIAN_POINT('',(-2.7650734E1,5.636628E0,1.2673E1));
#4856=VERTEX_POINT('',#4855);
#4857=CARTESIAN_POINT('',(-3.225859132188E1,9.313386781186E-1,
1.608228932188E1));
#4858=VERTEX_POINT('',#4857);
#4859=CARTESIAN_POINT('',(-2.6529302E1,-6.337199999999E-2,2.499287745611E0));
#4860=CARTESIAN_POINT('',(-2.6529302E1,-6.337199999999E-2,8.972999999999E0));
#4861=VERTEX_POINT('',#4859);
#4862=VERTEX_POINT('',#4860);
#4863=VERTEX_POINT('',#3090);
#4864=VERTEX_POINT('',#3095);
#4865=CARTESIAN_POINT('',(-2.6629302E1,-1.63372E-1,8.972999999999E0));
#4866=VERTEX_POINT('',#4865);
#4867=CARTESIAN_POINT('',(-3.2226734E1,6.560628E0,2.499287745611E0));
#4868=VERTEX_POINT('',#4867);
#4869=CARTESIAN_POINT('',(-3.2226734E1,5.636628E0,2.499287745611E0));
#4870=VERTEX_POINT('',#4869);
#4871=CARTESIAN_POINT('',(-4.167373373444E1,-1.706879712424E-1,
-4.210788326106E-1));
#4872=VERTEX_POINT('',#4871);
#4873=VERTEX_POINT('',#3338);
#4874=VERTEX_POINT('',#3364);
#4875=VERTEX_POINT('',#3359);
#4876=CARTESIAN_POINT('',(-3.2326734E1,5.536628E0,2.499287745611E0));
#4877=VERTEX_POINT('',#4876);
#4878=CARTESIAN_POINT('',(-2.6929302E1,2.36628E-1,2.099287745611E0));
#4879=VERTEX_POINT('',#4878);
#4880=CARTESIAN_POINT('',(-3.225859132188E1,9.313386781187E-1,
2.469998423730E0));
#4881=VERTEX_POINT('',#4880);
#4882=VERTEX_POINT('',#2893);
#4883=CARTESIAN_POINT('',(-3.3253302E1,-1.63372E-1,8.972999999999E0));
#4884=VERTEX_POINT('',#4883);
#4885=CARTESIAN_POINT('',(-3.2329302E1,9.60628E-1,8.972999999999E0));
#4886=VERTEX_POINT('',#4885);
#4887=VERTEX_POINT('',#2895);
#4888=CARTESIAN_POINT('',(-3.2229302E1,8.60628E-1,8.972999999999E0));
#4889=VERTEX_POINT('',#4888);
#4890=CARTESIAN_POINT('',(-2.7250734E1,6.260628E0,1.6453E1));
#4891=VERTEX_POINT('',#4890);
#4892=VERTEX_POINT('',#1977);
#4893=VERTEX_POINT('',#3324);
#4894=CARTESIAN_POINT('',(-2.449880363947E1,8.464575418830E0,8.972999999999E0));
#4895=VERTEX_POINT('',#4894);
#4896=VERTEX_POINT('',#2177);
#4897=CARTESIAN_POINT('',(-3.1638734E1,1.111504929540E1,4.747857142864E-1));
#4898=CARTESIAN_POINT('',(-3.3938734E1,1.111504929540E1,4.747857142864E-1));
#4899=VERTEX_POINT('',#4897);
#4900=VERTEX_POINT('',#4898);
#4901=CARTESIAN_POINT('',(-3.3938734E1,1.111504929540E1,1.075048878554E0));
#4902=CARTESIAN_POINT('',(-3.1638734E1,1.111504929540E1,1.075048878554E0));
#4903=VERTEX_POINT('',#4901);
#4904=VERTEX_POINT('',#4902);
#4905=CARTESIAN_POINT('',(-2.762401267812E1,-1.340826781186E-1,
1.608228932188E1));
#4906=VERTEX_POINT('',#4905);
#4907=CARTESIAN_POINT('',(-2.7553302E1,-1.63372E-1,1.6053E1));
#4908=VERTEX_POINT('',#4907);
#4909=CARTESIAN_POINT('',(-2.6626734E1,5.536628E0,8.972999999999E0));
#4910=CARTESIAN_POINT('',(-2.6526734E1,5.636628E0,8.972999999999E0));
#4911=VERTEX_POINT('',#4909);
#4912=VERTEX_POINT('',#4910);
#4913=CARTESIAN_POINT('',(-2.7550734E1,5.536628E0,8.972999999999E0));
#4914=VERTEX_POINT('',#4913);
#4915=CARTESIAN_POINT('',(-2.7650734E1,5.636628E0,8.972999999999E0));
#4916=VERTEX_POINT('',#4915);
#4917=CARTESIAN_POINT('',(-2.7650734E1,6.560628E0,8.972999999999E0));
#4918=VERTEX_POINT('',#4917);
#4919=CARTESIAN_POINT('',(-2.7550734E1,6.660628E0,8.972999999999E0));
#4920=VERTEX_POINT('',#4919);
#4921=CARTESIAN_POINT('',(-2.6626734E1,6.660628E0,8.972999999999E0));
#4922=VERTEX_POINT('',#4921);
#4923=CARTESIAN_POINT('',(-2.6526734E1,6.560628E0,8.972999999999E0));
#4924=VERTEX_POINT('',#4923);
#4925=CARTESIAN_POINT('',(-2.6526734E1,6.560628E0,2.499287745611E0));
#4926=VERTEX_POINT('',#4925);
#4927=CARTESIAN_POINT('',(-2.6526734E1,5.636628E0,2.499287745611E0));
#4928=VERTEX_POINT('',#4927);
#4929=CARTESIAN_POINT('',(-2.6626734E1,6.660628E0,2.499287745611E0));
#4930=VERTEX_POINT('',#4929);
#4931=VERTEX_POINT('',#3890);
#4932=VERTEX_POINT('',#3873);
#4933=VERTEX_POINT('',#3876);
#4934=CARTESIAN_POINT('',(-2.7250734E1,6.260628E0,2.099287745611E0));
#4935=VERTEX_POINT('',#4934);
#4936=CARTESIAN_POINT('',(-2.6926734E1,6.260628E0,2.099287745611E0));
#4937=VERTEX_POINT('',#4936);
#4938=VERTEX_POINT('',#3871);
#4939=CARTESIAN_POINT('',(-2.7650734E1,5.636628E0,2.499287745611E0));
#4940=VERTEX_POINT('',#4939);
#4941=CARTESIAN_POINT('',(-2.7550734E1,5.536628E0,2.499287745611E0));
#4942=VERTEX_POINT('',#4941);
#4943=VERTEX_POINT('',#3846);
#4944=CARTESIAN_POINT('',(-2.7250734E1,5.936628E0,2.099287745611E0));
#4945=VERTEX_POINT('',#4944);
#4946=CARTESIAN_POINT('',(-2.6626734E1,5.536628E0,2.499287745611E0));
#4947=VERTEX_POINT('',#4946);
#4948=VERTEX_POINT('',#3816);
#4949=CARTESIAN_POINT('',(-2.6926734E1,5.936628E0,2.099287745611E0));
#4950=VERTEX_POINT('',#4949);
#4951=CARTESIAN_POINT('',(-2.7553302E1,-1.63372E-1,8.972999999999E0));
#4952=VERTEX_POINT('',#4951);
#4953=CARTESIAN_POINT('',(-2.7653302E1,-6.337199999999E-2,8.972999999999E0));
#4954=VERTEX_POINT('',#4953);
#4955=CARTESIAN_POINT('',(-2.7553302E1,-1.63372E-1,2.499287745611E0));
#4956=VERTEX_POINT('',#4955);
#4957=CARTESIAN_POINT('',(-4.116373384354E1,9.565049356208E0,1.3473E1));
#4958=CARTESIAN_POINT('',(-4.166373384354E1,9.065049356208E0,1.3473E1));
#4959=VERTEX_POINT('',#4957);
#4960=VERTEX_POINT('',#4958);
#4961=CARTESIAN_POINT('',(-4.166373384354E1,7.565049356208E0,1.3473E1));
#4962=VERTEX_POINT('',#4961);
#4963=CARTESIAN_POINT('',(-4.061373384354E1,7.565049356208E0,1.3473E1));
#4964=VERTEX_POINT('',#4963);
#4965=CARTESIAN_POINT('',(-4.061373384354E1,8.224049356208E0,1.3473E1));
#4966=VERTEX_POINT('',#4965);
#4967=CARTESIAN_POINT('',(-4.000563384354E1,8.224049356208E0,1.3473E1));
#4968=VERTEX_POINT('',#4967);
#4969=CARTESIAN_POINT('',(-4.000563384354E1,9.565049356208E0,1.3473E1));
#4970=VERTEX_POINT('',#4969);
#4971=CARTESIAN_POINT('',(-4.116373384354E1,-2.919327575333E0,1.3473E1));
#4972=CARTESIAN_POINT('',(-4.000563384354E1,-2.919327575333E0,1.3473E1));
#4973=VERTEX_POINT('',#4971);
#4974=VERTEX_POINT('',#4972);
#4975=CARTESIAN_POINT('',(-4.000563384354E1,-1.578327575333E0,1.3473E1));
#4976=VERTEX_POINT('',#4975);
#4977=CARTESIAN_POINT('',(-4.061373384354E1,-1.578327575333E0,1.3473E1));
#4978=VERTEX_POINT('',#4977);
#4979=CARTESIAN_POINT('',(-4.061373384354E1,-9.193275753330E-1,1.3473E1));
#4980=VERTEX_POINT('',#4979);
#4981=CARTESIAN_POINT('',(-4.166373384354E1,-9.193275753330E-1,1.3473E1));
#4982=VERTEX_POINT('',#4981);
#4983=CARTESIAN_POINT('',(-4.166373384354E1,-2.419327575333E0,1.3473E1));
#4984=VERTEX_POINT('',#4983);
#4985=CARTESIAN_POINT('',(-2.557183384354E1,9.565049356208E0,1.3473E1));
#4986=CARTESIAN_POINT('',(-2.557183384354E1,8.224049356208E0,1.3473E1));
#4987=VERTEX_POINT('',#4985);
#4988=VERTEX_POINT('',#4986);
#4989=CARTESIAN_POINT('',(-2.496373384354E1,8.224049356208E0,1.3473E1));
#4990=VERTEX_POINT('',#4989);
#4991=CARTESIAN_POINT('',(-2.496373384354E1,7.565049356208E0,1.3473E1));
#4992=VERTEX_POINT('',#4991);
#4993=CARTESIAN_POINT('',(-2.391373384354E1,7.565049356208E0,1.3473E1));
#4994=VERTEX_POINT('',#4993);
#4995=CARTESIAN_POINT('',(-2.391373384354E1,9.065049356208E0,1.3473E1));
#4996=CARTESIAN_POINT('',(-2.441373384354E1,9.565049356208E0,1.3473E1));
#4997=VERTEX_POINT('',#4995);
#4998=VERTEX_POINT('',#4996);
#4999=CARTESIAN_POINT('',(-2.441373384354E1,-2.919327575333E0,1.3473E1));
#5000=CARTESIAN_POINT('',(-2.391373384354E1,-2.419327575333E0,1.3473E1));
#5001=VERTEX_POINT('',#4999);
#5002=VERTEX_POINT('',#5000);
#5003=CARTESIAN_POINT('',(-2.391373384354E1,-9.193275753330E-1,1.3473E1));
#5004=VERTEX_POINT('',#5003);
#5005=CARTESIAN_POINT('',(-2.496373384354E1,-9.193275753330E-1,1.3473E1));
#5006=VERTEX_POINT('',#5005);
#5007=CARTESIAN_POINT('',(-2.496373384354E1,-1.578327575333E0,1.3473E1));
#5008=VERTEX_POINT('',#5007);
#5009=CARTESIAN_POINT('',(-2.557183384354E1,-1.578327575333E0,1.3473E1));
#5010=VERTEX_POINT('',#5009);
#5011=CARTESIAN_POINT('',(-2.557183384354E1,-2.919327575333E0,1.3473E1));
#5012=VERTEX_POINT('',#5011);
#5013=CARTESIAN_POINT('',(-4.166373384354E1,7.565049356208E0,1.2673E1));
#5014=VERTEX_POINT('',#5013);
#5015=CARTESIAN_POINT('',(-4.061373384354E1,7.565049356208E0,1.2673E1));
#5016=VERTEX_POINT('',#5015);
#5017=CARTESIAN_POINT('',(-4.061373384354E1,8.224049356208E0,1.2673E1));
#5018=VERTEX_POINT('',#5017);
#5019=CARTESIAN_POINT('',(-4.000563384354E1,8.224049356208E0,1.2673E1));
#5020=VERTEX_POINT('',#5019);
#5021=CARTESIAN_POINT('',(-4.000563384354E1,9.565049356208E0,1.2673E1));
#5022=VERTEX_POINT('',#5021);
#5023=CARTESIAN_POINT('',(-4.000563384354E1,-2.919327575333E0,1.2673E1));
#5024=VERTEX_POINT('',#5023);
#5025=CARTESIAN_POINT('',(-4.000563384354E1,-1.578327575333E0,1.2673E1));
#5026=VERTEX_POINT('',#5025);
#5027=CARTESIAN_POINT('',(-4.061373384354E1,-1.578327575333E0,1.2673E1));
#5028=VERTEX_POINT('',#5027);
#5029=CARTESIAN_POINT('',(-4.061373384354E1,-9.193275753330E-1,1.2673E1));
#5030=VERTEX_POINT('',#5029);
#5031=CARTESIAN_POINT('',(-4.166373384354E1,-9.193275753330E-1,1.2673E1));
#5032=VERTEX_POINT('',#5031);
#5033=CARTESIAN_POINT('',(-2.557183384354E1,9.565049356208E0,1.2673E1));
#5034=VERTEX_POINT('',#5033);
#5035=CARTESIAN_POINT('',(-2.557183384354E1,8.224049356208E0,1.2673E1));
#5036=VERTEX_POINT('',#5035);
#5037=CARTESIAN_POINT('',(-2.496373384354E1,8.224049356208E0,1.2673E1));
#5038=VERTEX_POINT('',#5037);
#5039=CARTESIAN_POINT('',(-2.496373384354E1,7.565049356208E0,1.2673E1));
#5040=VERTEX_POINT('',#5039);
#5041=CARTESIAN_POINT('',(-2.391373384354E1,7.565049356208E0,1.2673E1));
#5042=VERTEX_POINT('',#5041);
#5043=CARTESIAN_POINT('',(-2.391373384354E1,-9.193275753330E-1,1.2673E1));
#5044=VERTEX_POINT('',#5043);
#5045=CARTESIAN_POINT('',(-2.496373384354E1,-9.193275753330E-1,1.2673E1));
#5046=VERTEX_POINT('',#5045);
#5047=CARTESIAN_POINT('',(-2.496373384354E1,-1.578327575333E0,1.2673E1));
#5048=VERTEX_POINT('',#5047);
#5049=CARTESIAN_POINT('',(-2.557183384354E1,-1.578327575333E0,1.2673E1));
#5050=VERTEX_POINT('',#5049);
#5051=CARTESIAN_POINT('',(-2.557183384354E1,-2.919327575333E0,1.2673E1));
#5052=VERTEX_POINT('',#5051);
#5053=CARTESIAN_POINT('',(-2.391373384354E1,8.865049356208E0,1.3473E1));
#5054=CARTESIAN_POINT('',(-2.461373384354E1,9.565049356208E0,1.3473E1));
#5055=VERTEX_POINT('',#5053);
#5056=VERTEX_POINT('',#5054);
#5057=CARTESIAN_POINT('',(-2.531373384354E1,8.865049356208E0,1.3473E1));
#5058=VERTEX_POINT('',#5057);
#5059=CARTESIAN_POINT('',(-2.501373384354E1,8.865049356208E0,1.4873E1));
#5060=CARTESIAN_POINT('',(-2.421373384354E1,8.865049356208E0,1.4873E1));
#5061=VERTEX_POINT('',#5059);
#5062=VERTEX_POINT('',#5060);
#5063=CARTESIAN_POINT('',(-2.531373384354E1,8.865049356208E0,1.4573E1));
#5064=CARTESIAN_POINT('',(-2.391373384354E1,8.865049356208E0,1.4573E1));
#5065=VERTEX_POINT('',#5063);
#5066=VERTEX_POINT('',#5064);
#5067=CARTESIAN_POINT('',(-4.110562786398E1,6.551740960821E0,
-2.002004759617E0));
#5068=DIRECTION('',(7.040147244560E-1,0.E0,-7.101853756233E-1));
#5069=DIRECTION('',(7.101853756233E-1,0.E0,7.040147244560E-1));
#5070=AXIS2_PLACEMENT_3D('',#5067,#5068,#5069);
#5071=PLANE('',#5070);
#5073=ORIENTED_EDGE('',*,*,#5072,.F.);
#5075=ORIENTED_EDGE('',*,*,#5074,.T.);
#5077=ORIENTED_EDGE('',*,*,#5076,.T.);
#5079=ORIENTED_EDGE('',*,*,#5078,.T.);
#5081=ORIENTED_EDGE('',*,*,#5080,.F.);
#5082=EDGE_LOOP('',(#5073,#5075,#5077,#5079,#5081));
#5083=FACE_OUTER_BOUND('',#5082,.F.);
#5084=ADVANCED_FACE('',(#5083),#5071,.T.);
#5085=CARTESIAN_POINT('',(-2.709873384349E1,3.030672424667E0,-2.127E0));
#5086=DIRECTION('',(0.E0,0.E0,-1.E0));
#5087=DIRECTION('',(-1.E0,0.E0,0.E0));
#5088=AXIS2_PLACEMENT_3D('',#5085,#5086,#5087);
#5089=PLANE('',#5088);
#5091=ORIENTED_EDGE('',*,*,#5090,.T.);
#5093=ORIENTED_EDGE('',*,*,#5092,.T.);
#5095=ORIENTED_EDGE('',*,*,#5094,.T.);
#5097=ORIENTED_EDGE('',*,*,#5096,.F.);
#5099=ORIENTED_EDGE('',*,*,#5098,.F.);
#5101=ORIENTED_EDGE('',*,*,#5100,.F.);
#5103=ORIENTED_EDGE('',*,*,#5102,.T.);
#5105=ORIENTED_EDGE('',*,*,#5104,.F.);
#5107=ORIENTED_EDGE('',*,*,#5106,.F.);
#5109=ORIENTED_EDGE('',*,*,#5108,.F.);
#5110=EDGE_LOOP('',(#5091,#5093,#5095,#5097,#5099,#5101,#5103,#5105,#5107,
#5109));
#5111=FACE_OUTER_BOUND('',#5110,.F.);
#5113=ORIENTED_EDGE('',*,*,#5112,.T.);
#5115=ORIENTED_EDGE('',*,*,#5114,.F.);
#5117=ORIENTED_EDGE('',*,*,#5116,.F.);
#5119=ORIENTED_EDGE('',*,*,#5118,.T.);
#5121=ORIENTED_EDGE('',*,*,#5120,.T.);
#5122=EDGE_LOOP('',(#5113,#5115,#5117,#5119,#5121));
#5123=FACE_BOUND('',#5122,.F.);
#5125=ORIENTED_EDGE('',*,*,#5124,.F.);
#5127=ORIENTED_EDGE('',*,*,#5126,.T.);
#5129=ORIENTED_EDGE('',*,*,#5128,.T.);
#5131=ORIENTED_EDGE('',*,*,#5130,.F.);
#5133=ORIENTED_EDGE('',*,*,#5132,.F.);
#5134=EDGE_LOOP('',(#5125,#5127,#5129,#5131,#5133));
#5135=FACE_BOUND('',#5134,.F.);
#5137=ORIENTED_EDGE('',*,*,#5136,.T.);
#5139=ORIENTED_EDGE('',*,*,#5138,.F.);
#5141=ORIENTED_EDGE('',*,*,#5140,.F.);
#5143=ORIENTED_EDGE('',*,*,#5142,.F.);
#5145=ORIENTED_EDGE('',*,*,#5144,.F.);
#5146=EDGE_LOOP('',(#5137,#5139,#5141,#5143,#5145));
#5147=FACE_BOUND('',#5146,.F.);
#5149=ORIENTED_EDGE('',*,*,#5148,.F.);
#5151=ORIENTED_EDGE('',*,*,#5150,.F.);
#5153=ORIENTED_EDGE('',*,*,#5152,.T.);
#5155=ORIENTED_EDGE('',*,*,#5154,.T.);
#5157=ORIENTED_EDGE('',*,*,#5156,.T.);
#5158=EDGE_LOOP('',(#5149,#5151,#5153,#5155,#5157));
#5159=FACE_BOUND('',#5158,.F.);
#5161=ORIENTED_EDGE('',*,*,#5160,.T.);
#5163=ORIENTED_EDGE('',*,*,#5162,.F.);
#5165=ORIENTED_EDGE('',*,*,#5164,.T.);
#5167=ORIENTED_EDGE('',*,*,#5166,.F.);
#5168=ORIENTED_EDGE('',*,*,#5072,.T.);
#5169=EDGE_LOOP('',(#5161,#5163,#5165,#5167,#5168));
#5170=FACE_BOUND('',#5169,.F.);
#5172=ORIENTED_EDGE('',*,*,#5171,.F.);
#5174=ORIENTED_EDGE('',*,*,#5173,.F.);
#5176=ORIENTED_EDGE('',*,*,#5175,.F.);
#5178=ORIENTED_EDGE('',*,*,#5177,.F.);
#5180=ORIENTED_EDGE('',*,*,#5179,.T.);
#5181=EDGE_LOOP('',(#5172,#5174,#5176,#5178,#5180));
#5182=FACE_BOUND('',#5181,.F.);
#5183=ADVANCED_FACE('',(#5111,#5123,#5135,#5147,#5159,#5170,#5182),#5089,.T.);
#5184=CARTESIAN_POINT('',(-2.679583843177E1,9.565049356208E0,1.038878105478E0));
#5185=DIRECTION('',(0.E0,1.E0,0.E0));
#5186=DIRECTION('',(1.E0,0.E0,0.E0));
#5187=AXIS2_PLACEMENT_3D('',#5184,#5185,#5186);
#5188=PLANE('',#5187);
#5190=ORIENTED_EDGE('',*,*,#5189,.T.);
#5192=ORIENTED_EDGE('',*,*,#5191,.T.);
#5194=ORIENTED_EDGE('',*,*,#5193,.F.);
#5196=ORIENTED_EDGE('',*,*,#5195,.F.);
#5198=ORIENTED_EDGE('',*,*,#5197,.T.);
#5200=ORIENTED_EDGE('',*,*,#5199,.T.);
#5202=ORIENTED_EDGE('',*,*,#5201,.T.);
#5203=ORIENTED_EDGE('',*,*,#5094,.F.);
#5205=ORIENTED_EDGE('',*,*,#5204,.T.);
#5207=ORIENTED_EDGE('',*,*,#5206,.F.);
#5209=ORIENTED_EDGE('',*,*,#5208,.F.);
#5210=ORIENTED_EDGE('',*,*,#5090,.F.);
#5212=ORIENTED_EDGE('',*,*,#5211,.F.);
#5213=EDGE_LOOP('',(#5190,#5192,#5194,#5196,#5198,#5200,#5202,#5203,#5205,#5207,
#5209,#5210,#5212));
#5214=FACE_OUTER_BOUND('',#5213,.F.);
#5216=ORIENTED_EDGE('',*,*,#5215,.T.);
#5218=ORIENTED_EDGE('',*,*,#5217,.T.);
#5220=ORIENTED_EDGE('',*,*,#5219,.T.);
#5222=ORIENTED_EDGE('',*,*,#5221,.T.);
#5223=EDGE_LOOP('',(#5216,#5218,#5220,#5222));
#5224=FACE_BOUND('',#5223,.F.);
#5225=ADVANCED_FACE('',(#5214,#5224),#5188,.T.);
#5226=CARTESIAN_POINT('',(-2.482640468346E1,9.575049356208E0,
-1.777000032841E0));
#5227=DIRECTION('',(-1.E0,0.E0,0.E0));
#5228=DIRECTION('',(0.E0,0.E0,-1.E0));
#5229=AXIS2_PLACEMENT_3D('',#5226,#5227,#5228);
#5230=PLANE('',#5229);
#5232=ORIENTED_EDGE('',*,*,#5231,.T.);
#5234=ORIENTED_EDGE('',*,*,#5233,.F.);
#5236=ORIENTED_EDGE('',*,*,#5235,.F.);
#5237=ORIENTED_EDGE('',*,*,#5215,.F.);
#5238=EDGE_LOOP('',(#5232,#5234,#5236,#5237));
#5239=FACE_OUTER_BOUND('',#5238,.F.);
#5240=ADVANCED_FACE('',(#5239),#5230,.F.);
#5241=CARTESIAN_POINT('',(-2.482640468346E1,9.575049356208E0,1.722999967159E0));
#5242=DIRECTION('',(0.E0,0.E0,-1.E0));
#5243=DIRECTION('',(1.E0,0.E0,0.E0));
#5244=AXIS2_PLACEMENT_3D('',#5241,#5242,#5243);
#5245=PLANE('',#5244);
#5247=ORIENTED_EDGE('',*,*,#5246,.T.);
#5249=ORIENTED_EDGE('',*,*,#5248,.F.);
#5250=ORIENTED_EDGE('',*,*,#5231,.F.);
#5251=ORIENTED_EDGE('',*,*,#5221,.F.);
#5252=EDGE_LOOP('',(#5247,#5249,#5250,#5251));
#5253=FACE_OUTER_BOUND('',#5252,.F.);
#5254=ADVANCED_FACE('',(#5253),#5245,.F.);
#5255=CARTESIAN_POINT('',(-2.832640468346E1,9.575049356208E0,1.722999967159E0));
#5256=DIRECTION('',(1.E0,0.E0,0.E0));
#5257=DIRECTION('',(0.E0,0.E0,1.E0));
#5258=AXIS2_PLACEMENT_3D('',#5255,#5256,#5257);
#5259=PLANE('',#5258);
#5261=ORIENTED_EDGE('',*,*,#5260,.T.);
#5263=ORIENTED_EDGE('',*,*,#5262,.F.);
#5264=ORIENTED_EDGE('',*,*,#5246,.F.);
#5265=ORIENTED_EDGE('',*,*,#5219,.F.);
#5266=EDGE_LOOP('',(#5261,#5263,#5264,#5265));
#5267=FACE_OUTER_BOUND('',#5266,.F.);
#5268=ADVANCED_FACE('',(#5267),#5259,.F.);
#5269=CARTESIAN_POINT('',(-2.832640468346E1,9.575049356208E0,
-1.777000032841E0));
#5270=DIRECTION('',(0.E0,0.E0,1.E0));
#5271=DIRECTION('',(-1.E0,0.E0,0.E0));
#5272=AXIS2_PLACEMENT_3D('',#5269,#5270,#5271);
#5273=PLANE('',#5272);
#5274=ORIENTED_EDGE('',*,*,#5235,.T.);
#5276=ORIENTED_EDGE('',*,*,#5275,.F.);
#5277=ORIENTED_EDGE('',*,*,#5260,.F.);
#5278=ORIENTED_EDGE('',*,*,#5217,.F.);
#5279=EDGE_LOOP('',(#5274,#5276,#5277,#5278));
#5280=FACE_OUTER_BOUND('',#5279,.F.);
#5281=ADVANCED_FACE('',(#5280),#5273,.F.);
#5282=CARTESIAN_POINT('',(-1.652365871452E1,9.575049356208E0,
-2.699999999882E-2));
#5283=DIRECTION('',(0.E0,1.E0,0.E0));
#5284=DIRECTION('',(1.E0,0.E0,0.E0));
#5285=AXIS2_PLACEMENT_3D('',#5282,#5283,#5284);
#5286=PLANE('',#5285);
#5287=ORIENTED_EDGE('',*,*,#5233,.T.);
#5288=ORIENTED_EDGE('',*,*,#5248,.T.);
#5289=ORIENTED_EDGE('',*,*,#5262,.T.);
#5290=ORIENTED_EDGE('',*,*,#5275,.T.);
#5291=EDGE_LOOP('',(#5287,#5288,#5289,#5290));
#5292=FACE_OUTER_BOUND('',#5291,.F.);
#5294=ORIENTED_EDGE('',*,*,#5293,.F.);
#5296=ORIENTED_EDGE('',*,*,#5295,.F.);
#5298=ORIENTED_EDGE('',*,*,#5297,.F.);
#5300=ORIENTED_EDGE('',*,*,#5299,.F.);
#5302=ORIENTED_EDGE('',*,*,#5301,.F.);
#5304=ORIENTED_EDGE('',*,*,#5303,.F.);
#5306=ORIENTED_EDGE('',*,*,#5305,.T.);
#5308=ORIENTED_EDGE('',*,*,#5307,.F.);
#5310=ORIENTED_EDGE('',*,*,#5309,.F.);
#5312=ORIENTED_EDGE('',*,*,#5311,.F.);
#5314=ORIENTED_EDGE('',*,*,#5313,.F.);
#5316=ORIENTED_EDGE('',*,*,#5315,.F.);
#5318=ORIENTED_EDGE('',*,*,#5317,.F.);
#5320=ORIENTED_EDGE('',*,*,#5319,.F.);
#5322=ORIENTED_EDGE('',*,*,#5321,.T.);
#5324=ORIENTED_EDGE('',*,*,#5323,.F.);
#5326=ORIENTED_EDGE('',*,*,#5325,.F.);
#5328=ORIENTED_EDGE('',*,*,#5327,.F.);
#5330=ORIENTED_EDGE('',*,*,#5329,.F.);
#5332=ORIENTED_EDGE('',*,*,#5331,.F.);
#5334=ORIENTED_EDGE('',*,*,#5333,.F.);
#5336=ORIENTED_EDGE('',*,*,#5335,.F.);
#5338=ORIENTED_EDGE('',*,*,#5337,.F.);
#5340=ORIENTED_EDGE('',*,*,#5339,.T.);
#5342=ORIENTED_EDGE('',*,*,#5341,.F.);
#5344=ORIENTED_EDGE('',*,*,#5343,.F.);
#5346=ORIENTED_EDGE('',*,*,#5345,.F.);
#5348=ORIENTED_EDGE('',*,*,#5347,.F.);
#5350=ORIENTED_EDGE('',*,*,#5349,.T.);
#5352=ORIENTED_EDGE('',*,*,#5351,.T.);
#5354=ORIENTED_EDGE('',*,*,#5353,.F.);
#5356=ORIENTED_EDGE('',*,*,#5355,.F.);
#5358=ORIENTED_EDGE('',*,*,#5357,.F.);
#5360=ORIENTED_EDGE('',*,*,#5359,.F.);
#5362=ORIENTED_EDGE('',*,*,#5361,.F.);
#5364=ORIENTED_EDGE('',*,*,#5363,.F.);
#5366=ORIENTED_EDGE('',*,*,#5365,.F.);
#5368=ORIENTED_EDGE('',*,*,#5367,.T.);
#5370=ORIENTED_EDGE('',*,*,#5369,.F.);
#5372=ORIENTED_EDGE('',*,*,#5371,.F.);
#5374=ORIENTED_EDGE('',*,*,#5373,.F.);
#5376=ORIENTED_EDGE('',*,*,#5375,.F.);
#5378=ORIENTED_EDGE('',*,*,#5377,.F.);
#5380=ORIENTED_EDGE('',*,*,#5379,.F.);
#5382=ORIENTED_EDGE('',*,*,#5381,.F.);
#5384=ORIENTED_EDGE('',*,*,#5383,.F.);
#5386=ORIENTED_EDGE('',*,*,#5385,.F.);
#5388=ORIENTED_EDGE('',*,*,#5387,.T.);
#5390=ORIENTED_EDGE('',*,*,#5389,.F.);
#5392=ORIENTED_EDGE('',*,*,#5391,.F.);
#5394=ORIENTED_EDGE('',*,*,#5393,.F.);
#5396=ORIENTED_EDGE('',*,*,#5395,.F.);
#5398=ORIENTED_EDGE('',*,*,#5397,.F.);
#5400=ORIENTED_EDGE('',*,*,#5399,.F.);
#5402=ORIENTED_EDGE('',*,*,#5401,.F.);
#5404=ORIENTED_EDGE('',*,*,#5403,.F.);
#5406=ORIENTED_EDGE('',*,*,#5405,.F.);
#5408=ORIENTED_EDGE('',*,*,#5407,.T.);
#5410=ORIENTED_EDGE('',*,*,#5409,.F.);
#5411=EDGE_LOOP('',(#5294,#5296,#5298,#5300,#5302,#5304,#5306,#5308,#5310,#5312,
#5314,#5316,#5318,#5320,#5322,#5324,#5326,#5328,#5330,#5332,#5334,#5336,#5338,
#5340,#5342,#5344,#5346,#5348,#5350,#5352,#5354,#5356,#5358,#5360,#5362,#5364,
#5366,#5368,#5370,#5372,#5374,#5376,#5378,#5380,#5382,#5384,#5386,#5388,#5390,
#5392,#5394,#5396,#5398,#5400,#5402,#5404,#5406,#5408,#5410));
#5412=FACE_BOUND('',#5411,.F.);
#5413=ADVANCED_FACE('',(#5292,#5412),#5286,.T.);
#5414=CARTESIAN_POINT('',(-2.628587831011E1,9.575049356208E0,1.415185105478E0));
#5415=DIRECTION('',(3.713906763541E-1,0.E0,9.284766908853E-1));
#5416=DIRECTION('',(-9.284766908853E-1,0.E0,3.713906763541E-1));
#5417=AXIS2_PLACEMENT_3D('',#5414,#5415,#5416);
#5418=PLANE('',#5417);
#5420=ORIENTED_EDGE('',*,*,#5419,.T.);
#5421=ORIENTED_EDGE('',*,*,#5293,.T.);
#5423=ORIENTED_EDGE('',*,*,#5422,.F.);
#5425=ORIENTED_EDGE('',*,*,#5424,.T.);
#5426=EDGE_LOOP('',(#5420,#5421,#5423,#5425));
#5427=FACE_OUTER_BOUND('',#5426,.F.);
#5428=ADVANCED_FACE('',(#5427),#5418,.F.);
#5429=CARTESIAN_POINT('',(-2.609837831011E1,9.575049356208E0,1.340185105478E0));
#5430=DIRECTION('',(5.547001962252E-1,0.E0,8.320502943378E-1));
#5431=DIRECTION('',(-8.320502943378E-1,0.E0,5.547001962252E-1));
#5432=AXIS2_PLACEMENT_3D('',#5429,#5430,#5431);
#5433=PLANE('',#5432);
#5435=ORIENTED_EDGE('',*,*,#5434,.T.);
#5436=ORIENTED_EDGE('',*,*,#5295,.T.);
#5437=ORIENTED_EDGE('',*,*,#5419,.F.);
#5439=ORIENTED_EDGE('',*,*,#5438,.T.);
#5440=EDGE_LOOP('',(#5435,#5436,#5437,#5439));
#5441=FACE_OUTER_BOUND('',#5440,.F.);
#5442=ADVANCED_FACE('',(#5441),#5433,.F.);
#5443=CARTESIAN_POINT('',(-2.598587831011E1,9.575049356208E0,1.265185105478E0));
#5444=DIRECTION('',(7.071067811865E-1,0.E0,7.071067811865E-1));
#5445=DIRECTION('',(-7.071067811865E-1,0.E0,7.071067811865E-1));
#5446=AXIS2_PLACEMENT_3D('',#5443,#5444,#5445);
#5447=PLANE('',#5446);
#5449=ORIENTED_EDGE('',*,*,#5448,.T.);
#5450=ORIENTED_EDGE('',*,*,#5297,.T.);
#5451=ORIENTED_EDGE('',*,*,#5434,.F.);
#5453=ORIENTED_EDGE('',*,*,#5452,.T.);
#5454=EDGE_LOOP('',(#5449,#5450,#5451,#5453));
#5455=FACE_OUTER_BOUND('',#5454,.F.);
#5456=ADVANCED_FACE('',(#5455),#5447,.F.);
#5457=CARTESIAN_POINT('',(-2.587337831011E1,9.575049356208E0,1.152685105478E0));
#5458=DIRECTION('',(8.E-1,0.E0,6.E-1));
#5459=DIRECTION('',(-6.E-1,0.E0,8.E-1));
#5460=AXIS2_PLACEMENT_3D('',#5457,#5458,#5459);
#5461=PLANE('',#5460);
#5463=ORIENTED_EDGE('',*,*,#5462,.T.);
#5464=ORIENTED_EDGE('',*,*,#5299,.T.);
#5465=ORIENTED_EDGE('',*,*,#5448,.F.);
#5467=ORIENTED_EDGE('',*,*,#5466,.T.);
#5468=EDGE_LOOP('',(#5463,#5464,#5465,#5467));
#5469=FACE_OUTER_BOUND('',#5468,.F.);
#5470=ADVANCED_FACE('',(#5469),#5461,.F.);
#5471=CARTESIAN_POINT('',(-2.576087831011E1,9.575049356208E0,1.002685105478E0));
#5472=DIRECTION('',(8.944271909999E-1,0.E0,4.472135955E-1));
#5473=DIRECTION('',(-4.472135955E-1,0.E0,8.944271909999E-1));
#5474=AXIS2_PLACEMENT_3D('',#5471,#5472,#5473);
#5475=PLANE('',#5474);
#5477=ORIENTED_EDGE('',*,*,#5476,.T.);
#5478=ORIENTED_EDGE('',*,*,#5301,.T.);
#5479=ORIENTED_EDGE('',*,*,#5462,.F.);
#5481=ORIENTED_EDGE('',*,*,#5480,.T.);
#5482=EDGE_LOOP('',(#5477,#5478,#5479,#5481));
#5483=FACE_OUTER_BOUND('',#5482,.F.);
#5484=ADVANCED_FACE('',(#5483),#5475,.F.);
#5485=CARTESIAN_POINT('',(-2.568587831011E1,9.575049356208E0,
8.526851054780E-1));
#5486=DIRECTION('',(9.486832980505E-1,0.E0,3.162277660168E-1));
#5487=DIRECTION('',(-3.162277660168E-1,0.E0,9.486832980505E-1));
#5488=AXIS2_PLACEMENT_3D('',#5485,#5486,#5487);
#5489=PLANE('',#5488);
#5491=ORIENTED_EDGE('',*,*,#5490,.T.);
#5492=ORIENTED_EDGE('',*,*,#5303,.T.);
#5493=ORIENTED_EDGE('',*,*,#5476,.F.);
#5495=ORIENTED_EDGE('',*,*,#5494,.T.);
#5496=EDGE_LOOP('',(#5491,#5492,#5493,#5495));
#5497=FACE_OUTER_BOUND('',#5496,.F.);
#5498=ADVANCED_FACE('',(#5497),#5489,.F.);
#5499=CARTESIAN_POINT('',(-2.561087831011E1,9.575049356208E0,
6.276851054780E-1));
#5500=DIRECTION('',(1.E0,0.E0,0.E0));
#5501=DIRECTION('',(0.E0,0.E0,1.E0));
#5502=AXIS2_PLACEMENT_3D('',#5499,#5500,#5501);
#5503=PLANE('',#5502);
#5505=ORIENTED_EDGE('',*,*,#5504,.T.);
#5506=ORIENTED_EDGE('',*,*,#5305,.F.);
#5507=ORIENTED_EDGE('',*,*,#5490,.F.);
#5509=ORIENTED_EDGE('',*,*,#5508,.F.);
#5510=EDGE_LOOP('',(#5505,#5506,#5507,#5509));
#5511=FACE_OUTER_BOUND('',#5510,.F.);
#5512=ADVANCED_FACE('',(#5511),#5503,.F.);
#5513=CARTESIAN_POINT('',(-2.561087831011E1,9.575049356208E0,
3.276851054780E-1));
#5514=DIRECTION('',(9.486832980505E-1,0.E0,-3.162277660168E-1));
#5515=DIRECTION('',(3.162277660168E-1,0.E0,9.486832980505E-1));
#5516=AXIS2_PLACEMENT_3D('',#5513,#5514,#5515);
#5517=PLANE('',#5516);
#5519=ORIENTED_EDGE('',*,*,#5518,.T.);
#5520=ORIENTED_EDGE('',*,*,#5307,.T.);
#5521=ORIENTED_EDGE('',*,*,#5504,.F.);
#5523=ORIENTED_EDGE('',*,*,#5522,.T.);
#5524=EDGE_LOOP('',(#5519,#5520,#5521,#5523));
#5525=FACE_OUTER_BOUND('',#5524,.F.);
#5526=ADVANCED_FACE('',(#5525),#5517,.F.);
#5527=CARTESIAN_POINT('',(-2.568587831011E1,9.575049356208E0,
1.026851054780E-1));
#5528=DIRECTION('',(8.944271909999E-1,0.E0,-4.472135955E-1));
#5529=DIRECTION('',(4.472135955E-1,0.E0,8.944271909999E-1));
#5530=AXIS2_PLACEMENT_3D('',#5527,#5528,#5529);
#5531=PLANE('',#5530);
#5533=ORIENTED_EDGE('',*,*,#5532,.T.);
#5534=ORIENTED_EDGE('',*,*,#5309,.T.);
#5535=ORIENTED_EDGE('',*,*,#5518,.F.);
#5537=ORIENTED_EDGE('',*,*,#5536,.T.);
#5538=EDGE_LOOP('',(#5533,#5534,#5535,#5537));
#5539=FACE_OUTER_BOUND('',#5538,.F.);
#5540=ADVANCED_FACE('',(#5539),#5531,.F.);
#5541=CARTESIAN_POINT('',(-2.576087831011E1,9.575049356208E0,
-4.731489452198E-2));
#5542=DIRECTION('',(8.E-1,0.E0,-6.E-1));
#5543=DIRECTION('',(6.E-1,0.E0,8.E-1));
#5544=AXIS2_PLACEMENT_3D('',#5541,#5542,#5543);
#5545=PLANE('',#5544);
#5547=ORIENTED_EDGE('',*,*,#5546,.T.);
#5548=ORIENTED_EDGE('',*,*,#5311,.T.);
#5549=ORIENTED_EDGE('',*,*,#5532,.F.);
#5551=ORIENTED_EDGE('',*,*,#5550,.T.);
#5552=EDGE_LOOP('',(#5547,#5548,#5549,#5551));
#5553=FACE_OUTER_BOUND('',#5552,.F.);
#5554=ADVANCED_FACE('',(#5553),#5545,.F.);
#5555=CARTESIAN_POINT('',(-2.587337831011E1,9.575049356208E0,
-1.973148945220E-1));
#5556=DIRECTION('',(7.071067811865E-1,0.E0,-7.071067811865E-1));
#5557=DIRECTION('',(7.071067811865E-1,0.E0,7.071067811865E-1));
#5558=AXIS2_PLACEMENT_3D('',#5555,#5556,#5557);
#5559=PLANE('',#5558);
#5561=ORIENTED_EDGE('',*,*,#5560,.T.);
#5562=ORIENTED_EDGE('',*,*,#5313,.T.);
#5563=ORIENTED_EDGE('',*,*,#5546,.F.);
#5565=ORIENTED_EDGE('',*,*,#5564,.T.);
#5566=EDGE_LOOP('',(#5561,#5562,#5563,#5565));
#5567=FACE_OUTER_BOUND('',#5566,.F.);
#5568=ADVANCED_FACE('',(#5567),#5559,.F.);
#5569=CARTESIAN_POINT('',(-2.598587831011E1,9.575049356208E0,
-3.098148945220E-1));
#5570=DIRECTION('',(5.547001962252E-1,0.E0,-8.320502943378E-1));
#5571=DIRECTION('',(8.320502943378E-1,0.E0,5.547001962252E-1));
#5572=AXIS2_PLACEMENT_3D('',#5569,#5570,#5571);
#5573=PLANE('',#5572);
#5575=ORIENTED_EDGE('',*,*,#5574,.T.);
#5576=ORIENTED_EDGE('',*,*,#5315,.T.);
#5577=ORIENTED_EDGE('',*,*,#5560,.F.);
#5579=ORIENTED_EDGE('',*,*,#5578,.T.);
#5580=EDGE_LOOP('',(#5575,#5576,#5577,#5579));
#5581=FACE_OUTER_BOUND('',#5580,.F.);
#5582=ADVANCED_FACE('',(#5581),#5573,.F.);
#5583=CARTESIAN_POINT('',(-2.609837831011E1,9.575049356208E0,
-3.848148945220E-1));
#5584=DIRECTION('',(3.713906763541E-1,0.E0,-9.284766908853E-1));
#5585=DIRECTION('',(9.284766908853E-1,0.E0,3.713906763541E-1));
#5586=AXIS2_PLACEMENT_3D('',#5583,#5584,#5585);
#5587=PLANE('',#5586);
#5589=ORIENTED_EDGE('',*,*,#5588,.T.);
#5590=ORIENTED_EDGE('',*,*,#5317,.T.);
#5591=ORIENTED_EDGE('',*,*,#5574,.F.);
#5593=ORIENTED_EDGE('',*,*,#5592,.T.);
#5594=EDGE_LOOP('',(#5589,#5590,#5591,#5593));
#5595=FACE_OUTER_BOUND('',#5594,.F.);
#5596=ADVANCED_FACE('',(#5595),#5587,.F.);
#5597=CARTESIAN_POINT('',(-2.628587831011E1,9.575049356208E0,
-4.598148945220E-1));
#5598=DIRECTION('',(1.961161351382E-1,0.E0,-9.805806756909E-1));
#5599=DIRECTION('',(9.805806756909E-1,0.E0,1.961161351382E-1));
#5600=AXIS2_PLACEMENT_3D('',#5597,#5598,#5599);
#5601=PLANE('',#5600);
#5603=ORIENTED_EDGE('',*,*,#5602,.T.);
#5604=ORIENTED_EDGE('',*,*,#5319,.T.);
#5605=ORIENTED_EDGE('',*,*,#5588,.F.);
#5607=ORIENTED_EDGE('',*,*,#5606,.T.);
#5608=EDGE_LOOP('',(#5603,#5604,#5605,#5607));
#5609=FACE_OUTER_BOUND('',#5608,.F.);
#5610=ADVANCED_FACE('',(#5609),#5601,.F.);
#5611=CARTESIAN_POINT('',(-2.647337831011E1,9.575049356208E0,
-4.973148945220E-1));
#5612=DIRECTION('',(0.E0,0.E0,-1.E0));
#5613=DIRECTION('',(1.E0,0.E0,0.E0));
#5614=AXIS2_PLACEMENT_3D('',#5611,#5612,#5613);
#5615=PLANE('',#5614);
#5617=ORIENTED_EDGE('',*,*,#5616,.T.);
#5618=ORIENTED_EDGE('',*,*,#5321,.F.);
#5619=ORIENTED_EDGE('',*,*,#5602,.F.);
#5621=ORIENTED_EDGE('',*,*,#5620,.F.);
#5622=EDGE_LOOP('',(#5617,#5618,#5619,#5621));
#5623=FACE_OUTER_BOUND('',#5622,.F.);
#5624=ADVANCED_FACE('',(#5623),#5615,.F.);
#5625=CARTESIAN_POINT('',(-2.666087831011E1,9.575049356208E0,
-4.973148945220E-1));
#5626=DIRECTION('',(-1.961161351382E-1,0.E0,-9.805806756909E-1));
#5627=DIRECTION('',(9.805806756909E-1,0.E0,-1.961161351382E-1));
#5628=AXIS2_PLACEMENT_3D('',#5625,#5626,#5627);
#5629=PLANE('',#5628);
#5631=ORIENTED_EDGE('',*,*,#5630,.T.);
#5632=ORIENTED_EDGE('',*,*,#5323,.T.);
#5633=ORIENTED_EDGE('',*,*,#5616,.F.);
#5635=ORIENTED_EDGE('',*,*,#5634,.T.);
#5636=EDGE_LOOP('',(#5631,#5632,#5633,#5635));
#5637=FACE_OUTER_BOUND('',#5636,.F.);
#5638=ADVANCED_FACE('',(#5637),#5629,.F.);
#5639=CARTESIAN_POINT('',(-2.684837831011E1,9.575049356208E0,
-4.598148945220E-1));
#5640=DIRECTION('',(-5.144957554275E-1,0.E0,-8.574929257125E-1));
#5641=DIRECTION('',(8.574929257125E-1,0.E0,-5.144957554275E-1));
#5642=AXIS2_PLACEMENT_3D('',#5639,#5640,#5641);
#5643=PLANE('',#5642);
#5645=ORIENTED_EDGE('',*,*,#5644,.T.);
#5646=ORIENTED_EDGE('',*,*,#5325,.T.);
#5647=ORIENTED_EDGE('',*,*,#5630,.F.);
#5649=ORIENTED_EDGE('',*,*,#5648,.T.);
#5650=EDGE_LOOP('',(#5645,#5646,#5647,#5649));
#5651=FACE_OUTER_BOUND('',#5650,.F.);
#5652=ADVANCED_FACE('',(#5651),#5643,.F.);
#5653=CARTESIAN_POINT('',(-2.703587831011E1,9.575049356208E0,
-3.473148945220E-1));
#5654=DIRECTION('',(-7.071067811865E-1,0.E0,-7.071067811865E-1));
#5655=DIRECTION('',(7.071067811865E-1,0.E0,-7.071067811865E-1));
#5656=AXIS2_PLACEMENT_3D('',#5653,#5654,#5655);
#5657=PLANE('',#5656);
#5659=ORIENTED_EDGE('',*,*,#5658,.T.);
#5660=ORIENTED_EDGE('',*,*,#5327,.T.);
#5661=ORIENTED_EDGE('',*,*,#5644,.F.);
#5663=ORIENTED_EDGE('',*,*,#5662,.T.);
#5664=EDGE_LOOP('',(#5659,#5660,#5661,#5663));
#5665=FACE_OUTER_BOUND('',#5664,.F.);
#5666=ADVANCED_FACE('',(#5665),#5657,.F.);
#5667=CARTESIAN_POINT('',(-2.722337831011E1,9.575049356208E0,
-1.598148945220E-1));
#5668=DIRECTION('',(9.899494936612E-1,0.E0,1.414213562373E-1));
#5669=DIRECTION('',(-1.414213562373E-1,0.E0,9.899494936612E-1));
#5670=AXIS2_PLACEMENT_3D('',#5667,#5668,#5669);
#5671=PLANE('',#5670);
#5673=ORIENTED_EDGE('',*,*,#5672,.T.);
#5674=ORIENTED_EDGE('',*,*,#5329,.T.);
#5675=ORIENTED_EDGE('',*,*,#5658,.F.);
#5677=ORIENTED_EDGE('',*,*,#5676,.T.);
#5678=EDGE_LOOP('',(#5673,#5674,#5675,#5677));
#5679=FACE_OUTER_BOUND('',#5678,.F.);
#5680=ADVANCED_FACE('',(#5679),#5671,.F.);
#5681=CARTESIAN_POINT('',(-2.714837831011E1,9.575049356208E0,
-6.848148945220E-1));
#5682=DIRECTION('',(9.284766908853E-1,0.E0,3.713906763541E-1));
#5683=DIRECTION('',(-3.713906763541E-1,0.E0,9.284766908853E-1));
#5684=AXIS2_PLACEMENT_3D('',#5681,#5682,#5683);
#5685=PLANE('',#5684);
#5687=ORIENTED_EDGE('',*,*,#5686,.T.);
#5688=ORIENTED_EDGE('',*,*,#5331,.T.);
#5689=ORIENTED_EDGE('',*,*,#5672,.F.);
#5691=ORIENTED_EDGE('',*,*,#5690,.T.);
#5692=EDGE_LOOP('',(#5687,#5688,#5689,#5691));
#5693=FACE_OUTER_BOUND('',#5692,.F.);
#5694=ADVANCED_FACE('',(#5693),#5685,.F.);
#5695=CARTESIAN_POINT('',(-2.707337831011E1,9.575049356208E0,
-8.723148945220E-1));
#5696=DIRECTION('',(8.320502943378E-1,0.E0,5.547001962252E-1));
#5697=DIRECTION('',(-5.547001962252E-1,0.E0,8.320502943378E-1));
#5698=AXIS2_PLACEMENT_3D('',#5695,#5696,#5697);
#5699=PLANE('',#5698);
#5701=ORIENTED_EDGE('',*,*,#5700,.T.);
#5702=ORIENTED_EDGE('',*,*,#5333,.T.);
#5703=ORIENTED_EDGE('',*,*,#5686,.F.);
#5705=ORIENTED_EDGE('',*,*,#5704,.T.);
#5706=EDGE_LOOP('',(#5701,#5702,#5703,#5705));
#5707=FACE_OUTER_BOUND('',#5706,.F.);
#5708=ADVANCED_FACE('',(#5707),#5699,.F.);
#5709=CARTESIAN_POINT('',(-2.699837831011E1,9.575049356208E0,
-9.848148945220E-1));
#5710=DIRECTION('',(6.E-1,0.E0,8.E-1));
#5711=DIRECTION('',(-8.E-1,0.E0,6.E-1));
#5712=AXIS2_PLACEMENT_3D('',#5709,#5710,#5711);
#5713=PLANE('',#5712);
#5715=ORIENTED_EDGE('',*,*,#5714,.T.);
#5716=ORIENTED_EDGE('',*,*,#5335,.T.);
#5717=ORIENTED_EDGE('',*,*,#5700,.F.);
#5719=ORIENTED_EDGE('',*,*,#5718,.T.);
#5720=EDGE_LOOP('',(#5715,#5716,#5717,#5719));
#5721=FACE_OUTER_BOUND('',#5720,.F.);
#5722=ADVANCED_FACE('',(#5721),#5713,.F.);
#5723=CARTESIAN_POINT('',(-2.684837831011E1,9.575049356208E0,
-1.097314894522E0));
#5724=DIRECTION('',(4.472135955E-1,0.E0,8.944271909999E-1));
#5725=DIRECTION('',(-8.944271909999E-1,0.E0,4.472135955E-1));
#5726=AXIS2_PLACEMENT_3D('',#5723,#5724,#5725);
#5727=PLANE('',#5726);
#5729=ORIENTED_EDGE('',*,*,#5728,.T.);
#5730=ORIENTED_EDGE('',*,*,#5337,.T.);
#5731=ORIENTED_EDGE('',*,*,#5714,.F.);
#5733=ORIENTED_EDGE('',*,*,#5732,.T.);
#5734=EDGE_LOOP('',(#5729,#5730,#5731,#5733));
#5735=FACE_OUTER_BOUND('',#5734,.F.);
#5736=ADVANCED_FACE('',(#5735),#5727,.F.);
#5737=CARTESIAN_POINT('',(-2.669837831011E1,9.575049356208E0,
-1.172314894522E0));
#5738=DIRECTION('',(0.E0,0.E0,1.E0));
#5739=DIRECTION('',(-1.E0,0.E0,0.E0));
#5740=AXIS2_PLACEMENT_3D('',#5737,#5738,#5739);
#5741=PLANE('',#5740);
#5743=ORIENTED_EDGE('',*,*,#5742,.T.);
#5744=ORIENTED_EDGE('',*,*,#5339,.F.);
#5745=ORIENTED_EDGE('',*,*,#5728,.F.);
#5747=ORIENTED_EDGE('',*,*,#5746,.F.);
#5748=EDGE_LOOP('',(#5743,#5744,#5745,#5747));
#5749=FACE_OUTER_BOUND('',#5748,.F.);
#5750=ADVANCED_FACE('',(#5749),#5741,.F.);
#5751=CARTESIAN_POINT('',(-2.643587831011E1,9.575049356208E0,
-1.172314894522E0));
#5752=DIRECTION('',(-4.472135955E-1,0.E0,8.944271909999E-1));
#5753=DIRECTION('',(-8.944271909999E-1,0.E0,-4.472135955E-1));
#5754=AXIS2_PLACEMENT_3D('',#5751,#5752,#5753);
#5755=PLANE('',#5754);
#5757=ORIENTED_EDGE('',*,*,#5756,.T.);
#5758=ORIENTED_EDGE('',*,*,#5341,.T.);
#5759=ORIENTED_EDGE('',*,*,#5742,.F.);
#5761=ORIENTED_EDGE('',*,*,#5760,.T.);
#5762=EDGE_LOOP('',(#5757,#5758,#5759,#5761));
#5763=FACE_OUTER_BOUND('',#5762,.F.);
#5764=ADVANCED_FACE('',(#5763),#5755,.F.);
#5765=CARTESIAN_POINT('',(-2.628587831011E1,9.575049356208E0,
-1.097314894522E0));
#5766=DIRECTION('',(-6.E-1,0.E0,8.E-1));
#5767=DIRECTION('',(-8.E-1,0.E0,-6.E-1));
#5768=AXIS2_PLACEMENT_3D('',#5765,#5766,#5767);
#5769=PLANE('',#5768);
#5771=ORIENTED_EDGE('',*,*,#5770,.T.);
#5772=ORIENTED_EDGE('',*,*,#5343,.T.);
#5773=ORIENTED_EDGE('',*,*,#5756,.F.);
#5775=ORIENTED_EDGE('',*,*,#5774,.T.);
#5776=EDGE_LOOP('',(#5771,#5772,#5773,#5775));
#5777=FACE_OUTER_BOUND('',#5776,.F.);
#5778=ADVANCED_FACE('',(#5777),#5769,.F.);
#5779=CARTESIAN_POINT('',(-2.613587831011E1,9.575049356208E0,
-9.848148945220E-1));
#5780=DIRECTION('',(-8.320502943378E-1,0.E0,5.547001962252E-1));
#5781=DIRECTION('',(-5.547001962252E-1,0.E0,-8.320502943378E-1));
#5782=AXIS2_PLACEMENT_3D('',#5779,#5780,#5781);
#5783=PLANE('',#5782);
#5785=ORIENTED_EDGE('',*,*,#5784,.T.);
#5786=ORIENTED_EDGE('',*,*,#5345,.T.);
#5787=ORIENTED_EDGE('',*,*,#5770,.F.);
#5789=ORIENTED_EDGE('',*,*,#5788,.T.);
#5790=EDGE_LOOP('',(#5785,#5786,#5787,#5789));
#5791=FACE_OUTER_BOUND('',#5790,.F.);
#5792=ADVANCED_FACE('',(#5791),#5783,.F.);
#5793=CARTESIAN_POINT('',(-2.606087831011E1,9.575049356208E0,
-8.723148945220E-1));
#5794=DIRECTION('',(-9.805806756909E-1,0.E0,1.961161351382E-1));
#5795=DIRECTION('',(-1.961161351382E-1,0.E0,-9.805806756909E-1));
#5796=AXIS2_PLACEMENT_3D('',#5793,#5794,#5795);
#5797=PLANE('',#5796);
#5799=ORIENTED_EDGE('',*,*,#5798,.T.);
#5800=ORIENTED_EDGE('',*,*,#5347,.T.);
#5801=ORIENTED_EDGE('',*,*,#5784,.F.);
#5803=ORIENTED_EDGE('',*,*,#5802,.T.);
#5804=EDGE_LOOP('',(#5799,#5800,#5801,#5803));
#5805=FACE_OUTER_BOUND('',#5804,.F.);
#5806=ADVANCED_FACE('',(#5805),#5797,.F.);
#5807=CARTESIAN_POINT('',(-2.602337831011E1,9.575049356208E0,
-6.848148945220E-1));
#5808=DIRECTION('',(0.E0,0.E0,1.E0));
#5809=DIRECTION('',(-1.E0,0.E0,0.E0));
#5810=AXIS2_PLACEMENT_3D('',#5807,#5808,#5809);
#5811=PLANE('',#5810);
#5813=ORIENTED_EDGE('',*,*,#5812,.T.);
#5814=ORIENTED_EDGE('',*,*,#5349,.F.);
#5815=ORIENTED_EDGE('',*,*,#5798,.F.);
#5817=ORIENTED_EDGE('',*,*,#5816,.F.);
#5818=EDGE_LOOP('',(#5813,#5814,#5815,#5817));
#5819=FACE_OUTER_BOUND('',#5818,.F.);
#5820=ADVANCED_FACE('',(#5819),#5811,.F.);
#5821=CARTESIAN_POINT('',(-2.564837831011E1,9.575049356208E0,
-6.848148945220E-1));
#5822=DIRECTION('',(1.E0,0.E0,0.E0));
#5823=DIRECTION('',(0.E0,0.E0,1.E0));
#5824=AXIS2_PLACEMENT_3D('',#5821,#5822,#5823);
#5825=PLANE('',#5824);
#5827=ORIENTED_EDGE('',*,*,#5826,.T.);
#5828=ORIENTED_EDGE('',*,*,#5351,.F.);
#5829=ORIENTED_EDGE('',*,*,#5812,.F.);
#5831=ORIENTED_EDGE('',*,*,#5830,.F.);
#5832=EDGE_LOOP('',(#5827,#5828,#5829,#5831));
#5833=FACE_OUTER_BOUND('',#5832,.F.);
#5834=ADVANCED_FACE('',(#5833),#5825,.F.);
#5835=CARTESIAN_POINT('',(-2.564837831011E1,9.575049356208E0,
-7.598148945220E-1));
#5836=DIRECTION('',(9.805806756909E-1,0.E0,-1.961161351382E-1));
#5837=DIRECTION('',(1.961161351382E-1,0.E0,9.805806756909E-1));
#5838=AXIS2_PLACEMENT_3D('',#5835,#5836,#5837);
#5839=PLANE('',#5838);
#5841=ORIENTED_EDGE('',*,*,#5840,.T.);
#5842=ORIENTED_EDGE('',*,*,#5353,.T.);
#5843=ORIENTED_EDGE('',*,*,#5826,.F.);
#5845=ORIENTED_EDGE('',*,*,#5844,.T.);
#5846=EDGE_LOOP('',(#5841,#5842,#5843,#5845));
#5847=FACE_OUTER_BOUND('',#5846,.F.);
#5848=ADVANCED_FACE('',(#5847),#5839,.F.);
#5849=CARTESIAN_POINT('',(-2.568587831011E1,9.575049356208E0,
-9.473148945220E-1));
#5850=DIRECTION('',(8.944271909999E-1,0.E0,-4.472135955E-1));
#5851=DIRECTION('',(4.472135955E-1,0.E0,8.944271909999E-1));
#5852=AXIS2_PLACEMENT_3D('',#5849,#5850,#5851);
#5853=PLANE('',#5852);
#5855=ORIENTED_EDGE('',*,*,#5854,.T.);
#5856=ORIENTED_EDGE('',*,*,#5355,.T.);
#5857=ORIENTED_EDGE('',*,*,#5840,.F.);
#5859=ORIENTED_EDGE('',*,*,#5858,.T.);
#5860=EDGE_LOOP('',(#5855,#5856,#5857,#5859));
#5861=FACE_OUTER_BOUND('',#5860,.F.);
#5862=ADVANCED_FACE('',(#5861),#5853,.F.);
#5863=CARTESIAN_POINT('',(-2.576087831011E1,9.575049356208E0,
-1.097314894522E0));
#5864=DIRECTION('',(8.E-1,0.E0,-6.E-1));
#5865=DIRECTION('',(6.E-1,0.E0,8.E-1));
#5866=AXIS2_PLACEMENT_3D('',#5863,#5864,#5865);
#5867=PLANE('',#5866);
#5869=ORIENTED_EDGE('',*,*,#5868,.T.);
#5870=ORIENTED_EDGE('',*,*,#5357,.T.);
#5871=ORIENTED_EDGE('',*,*,#5854,.F.);
#5873=ORIENTED_EDGE('',*,*,#5872,.T.);
#5874=EDGE_LOOP('',(#5869,#5870,#5871,#5873));
#5875=FACE_OUTER_BOUND('',#5874,.F.);
#5876=ADVANCED_FACE('',(#5875),#5867,.F.);
#5877=CARTESIAN_POINT('',(-2.587337831011E1,9.575049356208E0,
-1.247314894522E0));
#5878=DIRECTION('',(7.071067811865E-1,0.E0,-7.071067811865E-1));
#5879=DIRECTION('',(7.071067811865E-1,0.E0,7.071067811865E-1));
#5880=AXIS2_PLACEMENT_3D('',#5877,#5878,#5879);
#5881=PLANE('',#5880);
#5883=ORIENTED_EDGE('',*,*,#5882,.T.);
#5884=ORIENTED_EDGE('',*,*,#5359,.T.);
#5885=ORIENTED_EDGE('',*,*,#5868,.F.);
#5887=ORIENTED_EDGE('',*,*,#5886,.T.);
#5888=EDGE_LOOP('',(#5883,#5884,#5885,#5887));
#5889=FACE_OUTER_BOUND('',#5888,.F.);
#5890=ADVANCED_FACE('',(#5889),#5881,.F.);
#5891=CARTESIAN_POINT('',(-2.598587831011E1,9.575049356208E0,
-1.359814894522E0));
#5892=DIRECTION('',(5.547001962252E-1,0.E0,-8.320502943378E-1));
#5893=DIRECTION('',(8.320502943378E-1,0.E0,5.547001962252E-1));
#5894=AXIS2_PLACEMENT_3D('',#5891,#5892,#5893);
#5895=PLANE('',#5894);
#5897=ORIENTED_EDGE('',*,*,#5896,.T.);
#5898=ORIENTED_EDGE('',*,*,#5361,.T.);
#5899=ORIENTED_EDGE('',*,*,#5882,.F.);
#5901=ORIENTED_EDGE('',*,*,#5900,.T.);
#5902=EDGE_LOOP('',(#5897,#5898,#5899,#5901));
#5903=FACE_OUTER_BOUND('',#5902,.F.);
#5904=ADVANCED_FACE('',(#5903),#5895,.F.);
#5905=CARTESIAN_POINT('',(-2.609837831011E1,9.575049356208E0,
-1.434814894522E0));
#5906=DIRECTION('',(3.713906763541E-1,0.E0,-9.284766908853E-1));
#5907=DIRECTION('',(9.284766908853E-1,0.E0,3.713906763541E-1));
#5908=AXIS2_PLACEMENT_3D('',#5905,#5906,#5907);
#5909=PLANE('',#5908);
#5911=ORIENTED_EDGE('',*,*,#5910,.T.);
#5912=ORIENTED_EDGE('',*,*,#5363,.T.);
#5913=ORIENTED_EDGE('',*,*,#5896,.F.);
#5915=ORIENTED_EDGE('',*,*,#5914,.T.);
#5916=EDGE_LOOP('',(#5911,#5912,#5913,#5915));
#5917=FACE_OUTER_BOUND('',#5916,.F.);
#5918=ADVANCED_FACE('',(#5917),#5909,.F.);
#5919=CARTESIAN_POINT('',(-2.628587831011E1,9.575049356208E0,
-1.509814894522E0));
#5920=DIRECTION('',(2.425356250363E-1,0.E0,-9.701425001453E-1));
#5921=DIRECTION('',(9.701425001453E-1,0.E0,2.425356250363E-1));
#5922=AXIS2_PLACEMENT_3D('',#5919,#5920,#5921);
#5923=PLANE('',#5922);
#5925=ORIENTED_EDGE('',*,*,#5924,.T.);
#5926=ORIENTED_EDGE('',*,*,#5365,.T.);
#5927=ORIENTED_EDGE('',*,*,#5910,.F.);
#5929=ORIENTED_EDGE('',*,*,#5928,.T.);
#5930=EDGE_LOOP('',(#5925,#5926,#5927,#5929));
#5931=FACE_OUTER_BOUND('',#5930,.F.);
#5932=ADVANCED_FACE('',(#5931),#5923,.F.);
#5933=CARTESIAN_POINT('',(-2.643587831011E1,9.575049356208E0,
-1.547314894522E0));
#5934=DIRECTION('',(0.E0,0.E0,-1.E0));
#5935=DIRECTION('',(1.E0,0.E0,0.E0));
#5936=AXIS2_PLACEMENT_3D('',#5933,#5934,#5935);
#5937=PLANE('',#5936);
#5939=ORIENTED_EDGE('',*,*,#5938,.T.);
#5940=ORIENTED_EDGE('',*,*,#5367,.F.);
#5941=ORIENTED_EDGE('',*,*,#5924,.F.);
#5943=ORIENTED_EDGE('',*,*,#5942,.F.);
#5944=EDGE_LOOP('',(#5939,#5940,#5941,#5943));
#5945=FACE_OUTER_BOUND('',#5944,.F.);
#5946=ADVANCED_FACE('',(#5945),#5937,.F.);
#5947=CARTESIAN_POINT('',(-2.669837831011E1,9.575049356208E0,
-1.547314894522E0));
#5948=DIRECTION('',(-2.425356250363E-1,0.E0,-9.701425001453E-1));
#5949=DIRECTION('',(9.701425001453E-1,0.E0,-2.425356250363E-1));
#5950=AXIS2_PLACEMENT_3D('',#5947,#5948,#5949);
#5951=PLANE('',#5950);
#5953=ORIENTED_EDGE('',*,*,#5952,.T.);
#5954=ORIENTED_EDGE('',*,*,#5369,.T.);
#5955=ORIENTED_EDGE('',*,*,#5938,.F.);
#5957=ORIENTED_EDGE('',*,*,#5956,.T.);
#5958=EDGE_LOOP('',(#5953,#5954,#5955,#5957));
#5959=FACE_OUTER_BOUND('',#5958,.F.);
#5960=ADVANCED_FACE('',(#5959),#5951,.F.);
#5961=CARTESIAN_POINT('',(-2.684837831011E1,9.575049356208E0,
-1.509814894522E0));
#5962=DIRECTION('',(-3.713906763541E-1,0.E0,-9.284766908853E-1));
#5963=DIRECTION('',(9.284766908853E-1,0.E0,-3.713906763541E-1));
#5964=AXIS2_PLACEMENT_3D('',#5961,#5962,#5963);
#5965=PLANE('',#5964);
#5967=ORIENTED_EDGE('',*,*,#5966,.T.);
#5968=ORIENTED_EDGE('',*,*,#5371,.T.);
#5969=ORIENTED_EDGE('',*,*,#5952,.F.);
#5971=ORIENTED_EDGE('',*,*,#5970,.T.);
#5972=EDGE_LOOP('',(#5967,#5968,#5969,#5971));
#5973=FACE_OUTER_BOUND('',#5972,.F.);
#5974=ADVANCED_FACE('',(#5973),#5965,.F.);
#5975=CARTESIAN_POINT('',(-2.703587831011E1,9.575049356208E0,
-1.434814894522E0));
#5976=DIRECTION('',(-5.547001962252E-1,0.E0,-8.320502943378E-1));
#5977=DIRECTION('',(8.320502943378E-1,0.E0,-5.547001962252E-1));
#5978=AXIS2_PLACEMENT_3D('',#5975,#5976,#5977);
#5979=PLANE('',#5978);
#5981=ORIENTED_EDGE('',*,*,#5980,.T.);
#5982=ORIENTED_EDGE('',*,*,#5373,.T.);
#5983=ORIENTED_EDGE('',*,*,#5966,.F.);
#5985=ORIENTED_EDGE('',*,*,#5984,.T.);
#5986=EDGE_LOOP('',(#5981,#5982,#5983,#5985));
#5987=FACE_OUTER_BOUND('',#5986,.F.);
#5988=ADVANCED_FACE('',(#5987),#5979,.F.);
#5989=CARTESIAN_POINT('',(-2.714837831011E1,9.575049356208E0,
-1.359814894522E0));
#5990=DIRECTION('',(-7.071067811865E-1,0.E0,-7.071067811865E-1));
#5991=DIRECTION('',(7.071067811865E-1,0.E0,-7.071067811865E-1));
#5992=AXIS2_PLACEMENT_3D('',#5989,#5990,#5991);
#5993=PLANE('',#5992);
#5995=ORIENTED_EDGE('',*,*,#5994,.T.);
#5996=ORIENTED_EDGE('',*,*,#5375,.T.);
#5997=ORIENTED_EDGE('',*,*,#5980,.F.);
#5999=ORIENTED_EDGE('',*,*,#5998,.T.);
#6000=EDGE_LOOP('',(#5995,#5996,#5997,#5999));
#6001=FACE_OUTER_BOUND('',#6000,.F.);
#6002=ADVANCED_FACE('',(#6001),#5993,.F.);
#6003=CARTESIAN_POINT('',(-2.726087831011E1,9.575049356208E0,
-1.247314894522E0));
#6004=DIRECTION('',(-8.E-1,0.E0,-6.E-1));
#6005=DIRECTION('',(6.E-1,0.E0,-8.E-1));
#6006=AXIS2_PLACEMENT_3D('',#6003,#6004,#6005);
#6007=PLANE('',#6006);
#6009=ORIENTED_EDGE('',*,*,#6008,.T.);
#6010=ORIENTED_EDGE('',*,*,#5377,.T.);
#6011=ORIENTED_EDGE('',*,*,#5994,.F.);
#6013=ORIENTED_EDGE('',*,*,#6012,.T.);
#6014=EDGE_LOOP('',(#6009,#6010,#6011,#6013));
#6015=FACE_OUTER_BOUND('',#6014,.F.);
#6016=ADVANCED_FACE('',(#6015),#6007,.F.);
#6017=CARTESIAN_POINT('',(-2.737337831011E1,9.575049356208E0,
-1.097314894522E0));
#6018=DIRECTION('',(-8.944271909999E-1,0.E0,-4.472135955E-1));
#6019=DIRECTION('',(4.472135955E-1,0.E0,-8.944271909999E-1));
#6020=AXIS2_PLACEMENT_3D('',#6017,#6018,#6019);
#6021=PLANE('',#6020);
#6023=ORIENTED_EDGE('',*,*,#6022,.T.);
#6024=ORIENTED_EDGE('',*,*,#5379,.T.);
#6025=ORIENTED_EDGE('',*,*,#6008,.F.);
#6027=ORIENTED_EDGE('',*,*,#6026,.T.);
#6028=EDGE_LOOP('',(#6023,#6024,#6025,#6027));
#6029=FACE_OUTER_BOUND('',#6028,.F.);
#6030=ADVANCED_FACE('',(#6029),#6021,.F.);
#6031=CARTESIAN_POINT('',(-2.744837831011E1,9.575049356208E0,
-9.473148945220E-1));
#6032=DIRECTION('',(-9.284766908853E-1,0.E0,-3.713906763541E-1));
#6033=DIRECTION('',(3.713906763541E-1,0.E0,-9.284766908853E-1));
#6034=AXIS2_PLACEMENT_3D('',#6031,#6032,#6033);
#6035=PLANE('',#6034);
#6037=ORIENTED_EDGE('',*,*,#6036,.T.);
#6038=ORIENTED_EDGE('',*,*,#5381,.T.);
#6039=ORIENTED_EDGE('',*,*,#6022,.F.);
#6041=ORIENTED_EDGE('',*,*,#6040,.T.);
#6042=EDGE_LOOP('',(#6037,#6038,#6039,#6041));
#6043=FACE_OUTER_BOUND('',#6042,.F.);
#6044=ADVANCED_FACE('',(#6043),#6035,.F.);
#6045=CARTESIAN_POINT('',(-2.752337831011E1,9.575049356208E0,
-7.598148945220E-1));
#6046=DIRECTION('',(-9.863939238321E-1,0.E0,-1.643989873054E-1));
#6047=DIRECTION('',(1.643989873054E-1,0.E0,-9.863939238321E-1));
#6048=AXIS2_PLACEMENT_3D('',#6045,#6046,#6047);
#6049=PLANE('',#6048);
#6051=ORIENTED_EDGE('',*,*,#6050,.T.);
#6052=ORIENTED_EDGE('',*,*,#5383,.T.);
#6053=ORIENTED_EDGE('',*,*,#6036,.F.);
#6055=ORIENTED_EDGE('',*,*,#6054,.T.);
#6056=EDGE_LOOP('',(#6051,#6052,#6053,#6055));
#6057=FACE_OUTER_BOUND('',#6056,.F.);
#6058=ADVANCED_FACE('',(#6057),#6049,.F.);
#6059=CARTESIAN_POINT('',(-2.756087831011E1,9.575049356208E0,
-5.348148945220E-1));
#6060=DIRECTION('',(-9.938837346736E-1,0.E0,-1.104315260748E-1));
#6061=DIRECTION('',(1.104315260748E-1,0.E0,-9.938837346736E-1));
#6062=AXIS2_PLACEMENT_3D('',#6059,#6060,#6061);
#6063=PLANE('',#6062);
#6065=ORIENTED_EDGE('',*,*,#6064,.T.);
#6066=ORIENTED_EDGE('',*,*,#5385,.T.);
#6067=ORIENTED_EDGE('',*,*,#6050,.F.);
#6069=ORIENTED_EDGE('',*,*,#6068,.T.);
#6070=EDGE_LOOP('',(#6065,#6066,#6067,#6069));
#6071=FACE_OUTER_BOUND('',#6070,.F.);
#6072=ADVANCED_FACE('',(#6071),#6063,.F.);
#6073=CARTESIAN_POINT('',(-2.759837831011E1,9.575049356208E0,
-1.973148945220E-1));
#6074=DIRECTION('',(-1.E0,0.E0,0.E0));
#6075=DIRECTION('',(0.E0,0.E0,-1.E0));
#6076=AXIS2_PLACEMENT_3D('',#6073,#6074,#6075);
#6077=PLANE('',#6076);
#6079=ORIENTED_EDGE('',*,*,#6078,.T.);
#6080=ORIENTED_EDGE('',*,*,#5387,.F.);
#6081=ORIENTED_EDGE('',*,*,#6064,.F.);
#6083=ORIENTED_EDGE('',*,*,#6082,.F.);
#6084=EDGE_LOOP('',(#6079,#6080,#6081,#6083));
#6085=FACE_OUTER_BOUND('',#6084,.F.);
#6086=ADVANCED_FACE('',(#6085),#6077,.F.);
#6087=CARTESIAN_POINT('',(-2.759837831011E1,9.575049356208E0,
1.026851054780E-1));
#6088=DIRECTION('',(-9.938837346736E-1,0.E0,1.104315260748E-1));
#6089=DIRECTION('',(-1.104315260748E-1,0.E0,-9.938837346736E-1));
#6090=AXIS2_PLACEMENT_3D('',#6087,#6088,#6089);
#6091=PLANE('',#6090);
#6093=ORIENTED_EDGE('',*,*,#6092,.T.);
#6094=ORIENTED_EDGE('',*,*,#5389,.T.);
#6095=ORIENTED_EDGE('',*,*,#6078,.F.);
#6097=ORIENTED_EDGE('',*,*,#6096,.T.);
#6098=EDGE_LOOP('',(#6093,#6094,#6095,#6097));
#6099=FACE_OUTER_BOUND('',#6098,.F.);
#6100=ADVANCED_FACE('',(#6099),#6091,.F.);
#6101=CARTESIAN_POINT('',(-2.756087831011E1,9.575049356208E0,
4.401851054780E-1));
#6102=DIRECTION('',(-9.863939238321E-1,0.E0,1.643989873054E-1));
#6103=DIRECTION('',(-1.643989873054E-1,0.E0,-9.863939238321E-1));
#6104=AXIS2_PLACEMENT_3D('',#6101,#6102,#6103);
#6105=PLANE('',#6104);
#6107=ORIENTED_EDGE('',*,*,#6106,.T.);
#6108=ORIENTED_EDGE('',*,*,#5391,.T.);
#6109=ORIENTED_EDGE('',*,*,#6092,.F.);
#6111=ORIENTED_EDGE('',*,*,#6110,.T.);
#6112=EDGE_LOOP('',(#6107,#6108,#6109,#6111));
#6113=FACE_OUTER_BOUND('',#6112,.F.);
#6114=ADVANCED_FACE('',(#6113),#6105,.F.);
#6115=CARTESIAN_POINT('',(-2.752337831011E1,9.575049356208E0,
6.651851054780E-1));
#6116=DIRECTION('',(-9.284766908853E-1,0.E0,3.713906763541E-1));
#6117=DIRECTION('',(-3.713906763541E-1,0.E0,-9.284766908853E-1));
#6118=AXIS2_PLACEMENT_3D('',#6115,#6116,#6117);
#6119=PLANE('',#6118);
#6121=ORIENTED_EDGE('',*,*,#6120,.T.);
#6122=ORIENTED_EDGE('',*,*,#5393,.T.);
#6123=ORIENTED_EDGE('',*,*,#6106,.F.);
#6125=ORIENTED_EDGE('',*,*,#6124,.T.);
#6126=EDGE_LOOP('',(#6121,#6122,#6123,#6125));
#6127=FACE_OUTER_BOUND('',#6126,.F.);
#6128=ADVANCED_FACE('',(#6127),#6119,.F.);
#6129=CARTESIAN_POINT('',(-2.744837831011E1,9.575049356208E0,
8.526851054780E-1));
#6130=DIRECTION('',(-8.944271909999E-1,0.E0,4.472135955E-1));
#6131=DIRECTION('',(-4.472135955E-1,0.E0,-8.944271909999E-1));
#6132=AXIS2_PLACEMENT_3D('',#6129,#6130,#6131);
#6133=PLANE('',#6132);
#6135=ORIENTED_EDGE('',*,*,#6134,.T.);
#6136=ORIENTED_EDGE('',*,*,#5395,.T.);
#6137=ORIENTED_EDGE('',*,*,#6120,.F.);
#6139=ORIENTED_EDGE('',*,*,#6138,.T.);
#6140=EDGE_LOOP('',(#6135,#6136,#6137,#6139));
#6141=FACE_OUTER_BOUND('',#6140,.F.);
#6142=ADVANCED_FACE('',(#6141),#6133,.F.);
#6143=CARTESIAN_POINT('',(-2.737337831011E1,9.575049356208E0,1.002685105478E0));
#6144=DIRECTION('',(-8.E-1,0.E0,6.E-1));
#6145=DIRECTION('',(-6.E-1,0.E0,-8.E-1));
#6146=AXIS2_PLACEMENT_3D('',#6143,#6144,#6145);
#6147=PLANE('',#6146);
#6149=ORIENTED_EDGE('',*,*,#6148,.T.);
#6150=ORIENTED_EDGE('',*,*,#5397,.T.);
#6151=ORIENTED_EDGE('',*,*,#6134,.F.);
#6153=ORIENTED_EDGE('',*,*,#6152,.T.);
#6154=EDGE_LOOP('',(#6149,#6150,#6151,#6153));
#6155=FACE_OUTER_BOUND('',#6154,.F.);
#6156=ADVANCED_FACE('',(#6155),#6147,.F.);
#6157=CARTESIAN_POINT('',(-2.726087831011E1,9.575049356208E0,1.152685105478E0));
#6158=DIRECTION('',(-7.071067811865E-1,0.E0,7.071067811865E-1));
#6159=DIRECTION('',(-7.071067811865E-1,0.E0,-7.071067811865E-1));
#6160=AXIS2_PLACEMENT_3D('',#6157,#6158,#6159);
#6161=PLANE('',#6160);
#6163=ORIENTED_EDGE('',*,*,#6162,.T.);
#6164=ORIENTED_EDGE('',*,*,#5399,.T.);
#6165=ORIENTED_EDGE('',*,*,#6148,.F.);
#6167=ORIENTED_EDGE('',*,*,#6166,.T.);
#6168=EDGE_LOOP('',(#6163,#6164,#6165,#6167));
#6169=FACE_OUTER_BOUND('',#6168,.F.);
#6170=ADVANCED_FACE('',(#6169),#6161,.F.);
#6171=CARTESIAN_POINT('',(-2.714837831011E1,9.575049356208E0,1.265185105478E0));
#6172=DIRECTION('',(-5.547001962252E-1,0.E0,8.320502943378E-1));
#6173=DIRECTION('',(-8.320502943378E-1,0.E0,-5.547001962252E-1));
#6174=AXIS2_PLACEMENT_3D('',#6171,#6172,#6173);
#6175=PLANE('',#6174);
#6177=ORIENTED_EDGE('',*,*,#6176,.T.);
#6178=ORIENTED_EDGE('',*,*,#5401,.T.);
#6179=ORIENTED_EDGE('',*,*,#6162,.F.);
#6181=ORIENTED_EDGE('',*,*,#6180,.T.);
#6182=EDGE_LOOP('',(#6177,#6178,#6179,#6181));
#6183=FACE_OUTER_BOUND('',#6182,.F.);
#6184=ADVANCED_FACE('',(#6183),#6175,.F.);
#6185=CARTESIAN_POINT('',(-2.703587831011E1,9.575049356208E0,1.340185105478E0));
#6186=DIRECTION('',(-3.713906763541E-1,0.E0,9.284766908853E-1));
#6187=DIRECTION('',(-9.284766908853E-1,0.E0,-3.713906763541E-1));
#6188=AXIS2_PLACEMENT_3D('',#6185,#6186,#6187);
#6189=PLANE('',#6188);
#6191=ORIENTED_EDGE('',*,*,#6190,.T.);
#6192=ORIENTED_EDGE('',*,*,#5403,.T.);
#6193=ORIENTED_EDGE('',*,*,#6176,.F.);
#6195=ORIENTED_EDGE('',*,*,#6194,.T.);
#6196=EDGE_LOOP('',(#6191,#6192,#6193,#6195));
#6197=FACE_OUTER_BOUND('',#6196,.F.);
#6198=ADVANCED_FACE('',(#6197),#6189,.F.);
#6199=CARTESIAN_POINT('',(-2.684837831011E1,9.575049356208E0,1.415185105478E0));
#6200=DIRECTION('',(-1.961161351382E-1,0.E0,9.805806756909E-1));
#6201=DIRECTION('',(-9.805806756909E-1,0.E0,-1.961161351382E-1));
#6202=AXIS2_PLACEMENT_3D('',#6199,#6200,#6201);
#6203=PLANE('',#6202);
#6205=ORIENTED_EDGE('',*,*,#6204,.T.);
#6206=ORIENTED_EDGE('',*,*,#5405,.T.);
#6207=ORIENTED_EDGE('',*,*,#6190,.F.);
#6209=ORIENTED_EDGE('',*,*,#6208,.T.);
#6210=EDGE_LOOP('',(#6205,#6206,#6207,#6209));
#6211=FACE_OUTER_BOUND('',#6210,.F.);
#6212=ADVANCED_FACE('',(#6211),#6203,.F.);
#6213=CARTESIAN_POINT('',(-2.666087831011E1,9.575049356208E0,1.452685105478E0));
#6214=DIRECTION('',(0.E0,0.E0,1.E0));
#6215=DIRECTION('',(-1.E0,0.E0,0.E0));
#6216=AXIS2_PLACEMENT_3D('',#6213,#6214,#6215);
#6217=PLANE('',#6216);
#6219=ORIENTED_EDGE('',*,*,#6218,.T.);
#6220=ORIENTED_EDGE('',*,*,#5407,.F.);
#6221=ORIENTED_EDGE('',*,*,#6204,.F.);
#6223=ORIENTED_EDGE('',*,*,#6222,.F.);
#6224=EDGE_LOOP('',(#6219,#6220,#6221,#6223));
#6225=FACE_OUTER_BOUND('',#6224,.F.);
#6226=ADVANCED_FACE('',(#6225),#6217,.F.);
#6227=CARTESIAN_POINT('',(-2.647337831011E1,9.575049356208E0,1.452685105478E0));
#6228=DIRECTION('',(1.961161351382E-1,0.E0,9.805806756909E-1));
#6229=DIRECTION('',(-9.805806756909E-1,0.E0,1.961161351382E-1));
#6230=AXIS2_PLACEMENT_3D('',#6227,#6228,#6229);
#6231=PLANE('',#6230);
#6232=ORIENTED_EDGE('',*,*,#5422,.T.);
#6233=ORIENTED_EDGE('',*,*,#5409,.T.);
#6234=ORIENTED_EDGE('',*,*,#6218,.F.);
#6236=ORIENTED_EDGE('',*,*,#6235,.T.);
#6237=EDGE_LOOP('',(#6232,#6233,#6234,#6236));
#6238=FACE_OUTER_BOUND('',#6237,.F.);
#6239=ADVANCED_FACE('',(#6238),#6231,.F.);
#6240=CARTESIAN_POINT('',(-2.679583843177E1,9.565049356208E0,1.038878105478E0));
#6241=DIRECTION('',(0.E0,1.E0,0.E0));
#6242=DIRECTION('',(1.E0,0.E0,0.E0));
#6243=AXIS2_PLACEMENT_3D('',#6240,#6241,#6242);
#6244=PLANE('',#6243);
#6245=ORIENTED_EDGE('',*,*,#5634,.F.);
#6246=ORIENTED_EDGE('',*,*,#5620,.T.);
#6247=ORIENTED_EDGE('',*,*,#5606,.F.);
#6248=ORIENTED_EDGE('',*,*,#5592,.F.);
#6249=ORIENTED_EDGE('',*,*,#5578,.F.);
#6250=ORIENTED_EDGE('',*,*,#5564,.F.);
#6251=ORIENTED_EDGE('',*,*,#5550,.F.);
#6252=ORIENTED_EDGE('',*,*,#5536,.F.);
#6253=ORIENTED_EDGE('',*,*,#5522,.F.);
#6254=ORIENTED_EDGE('',*,*,#5508,.T.);
#6255=ORIENTED_EDGE('',*,*,#5494,.F.);
#6256=ORIENTED_EDGE('',*,*,#5480,.F.);
#6257=ORIENTED_EDGE('',*,*,#5466,.F.);
#6258=ORIENTED_EDGE('',*,*,#5452,.F.);
#6259=ORIENTED_EDGE('',*,*,#5438,.F.);
#6260=ORIENTED_EDGE('',*,*,#5424,.F.);
#6261=ORIENTED_EDGE('',*,*,#6235,.F.);
#6262=ORIENTED_EDGE('',*,*,#6222,.T.);
#6263=ORIENTED_EDGE('',*,*,#6208,.F.);
#6264=ORIENTED_EDGE('',*,*,#6194,.F.);
#6265=ORIENTED_EDGE('',*,*,#6180,.F.);
#6266=ORIENTED_EDGE('',*,*,#6166,.F.);
#6267=ORIENTED_EDGE('',*,*,#6152,.F.);
#6268=ORIENTED_EDGE('',*,*,#6138,.F.);
#6269=ORIENTED_EDGE('',*,*,#6124,.F.);
#6270=ORIENTED_EDGE('',*,*,#6110,.F.);
#6271=ORIENTED_EDGE('',*,*,#6096,.F.);
#6272=ORIENTED_EDGE('',*,*,#6082,.T.);
#6273=ORIENTED_EDGE('',*,*,#6068,.F.);
#6274=ORIENTED_EDGE('',*,*,#6054,.F.);
#6275=ORIENTED_EDGE('',*,*,#6040,.F.);
#6276=ORIENTED_EDGE('',*,*,#6026,.F.);
#6277=ORIENTED_EDGE('',*,*,#6012,.F.);
#6278=ORIENTED_EDGE('',*,*,#5998,.F.);
#6279=ORIENTED_EDGE('',*,*,#5984,.F.);
#6280=ORIENTED_EDGE('',*,*,#5970,.F.);
#6281=ORIENTED_EDGE('',*,*,#5956,.F.);
#6282=ORIENTED_EDGE('',*,*,#5942,.T.);
#6283=ORIENTED_EDGE('',*,*,#5928,.F.);
#6284=ORIENTED_EDGE('',*,*,#5914,.F.);
#6285=ORIENTED_EDGE('',*,*,#5900,.F.);
#6286=ORIENTED_EDGE('',*,*,#5886,.F.);
#6287=ORIENTED_EDGE('',*,*,#5872,.F.);
#6288=ORIENTED_EDGE('',*,*,#5858,.F.);
#6289=ORIENTED_EDGE('',*,*,#5844,.F.);
#6290=ORIENTED_EDGE('',*,*,#5830,.T.);
#6291=ORIENTED_EDGE('',*,*,#5816,.T.);
#6292=ORIENTED_EDGE('',*,*,#5802,.F.);
#6293=ORIENTED_EDGE('',*,*,#5788,.F.);
#6294=ORIENTED_EDGE('',*,*,#5774,.F.);
#6295=ORIENTED_EDGE('',*,*,#5760,.F.);
#6296=ORIENTED_EDGE('',*,*,#5746,.T.);
#6297=ORIENTED_EDGE('',*,*,#5732,.F.);
#6298=ORIENTED_EDGE('',*,*,#5718,.F.);
#6299=ORIENTED_EDGE('',*,*,#5704,.F.);
#6300=ORIENTED_EDGE('',*,*,#5690,.F.);
#6301=ORIENTED_EDGE('',*,*,#5676,.F.);
#6302=ORIENTED_EDGE('',*,*,#5662,.F.);
#6303=ORIENTED_EDGE('',*,*,#5648,.F.);
#6304=EDGE_LOOP('',(#6245,#6246,#6247,#6248,#6249,#6250,#6251,#6252,#6253,#6254,
#6255,#6256,#6257,#6258,#6259,#6260,#6261,#6262,#6263,#6264,#6265,#6266,#6267,
#6268,#6269,#6270,#6271,#6272,#6273,#6274,#6275,#6276,#6277,#6278,#6279,#6280,
#6281,#6282,#6283,#6284,#6285,#6286,#6287,#6288,#6289,#6290,#6291,#6292,#6293,
#6294,#6295,#6296,#6297,#6298,#6299,#6300,#6301,#6302,#6303));
#6305=FACE_OUTER_BOUND('',#6304,.F.);
#6307=ORIENTED_EDGE('',*,*,#6306,.F.);
#6309=ORIENTED_EDGE('',*,*,#6308,.F.);
#6310=EDGE_LOOP('',(#6307,#6309));
#6311=FACE_BOUND('',#6310,.F.);
#6312=ADVANCED_FACE('',(#6305,#6311),#6244,.T.);
#6313=CARTESIAN_POINT('',(-2.656184436945E1,9.575049356208E0,
4.616624783716E-1));
#6314=DIRECTION('',(0.E0,1.E0,0.E0));
#6315=DIRECTION('',(-1.E0,0.E0,0.E0));
#6316=AXIS2_PLACEMENT_3D('',#6313,#6314,#6315);
#6317=CYLINDRICAL_SURFACE('',#6316,5.923151977235E-1);
#6318=ORIENTED_EDGE('',*,*,#6306,.T.);
#6320=ORIENTED_EDGE('',*,*,#6319,.F.);
#6322=ORIENTED_EDGE('',*,*,#6321,.T.);
#6324=ORIENTED_EDGE('',*,*,#6323,.T.);
#6325=EDGE_LOOP('',(#6318,#6320,#6322,#6324));
#6326=FACE_OUTER_BOUND('',#6325,.F.);
#6327=ADVANCED_FACE('',(#6326),#6317,.T.);
#6328=CARTESIAN_POINT('',(-2.656184436945E1,9.575049356208E0,
4.616624783716E-1));
#6329=DIRECTION('',(0.E0,1.E0,0.E0));
#6330=DIRECTION('',(-1.E0,0.E0,0.E0));
#6331=AXIS2_PLACEMENT_3D('',#6328,#6329,#6330);
#6332=CYLINDRICAL_SURFACE('',#6331,5.923151977235E-1);
#6333=ORIENTED_EDGE('',*,*,#6319,.T.);
#6334=ORIENTED_EDGE('',*,*,#6308,.T.);
#6335=ORIENTED_EDGE('',*,*,#6323,.F.);
#6337=ORIENTED_EDGE('',*,*,#6336,.T.);
#6338=EDGE_LOOP('',(#6333,#6334,#6335,#6337));
#6339=FACE_OUTER_BOUND('',#6338,.F.);
#6340=ADVANCED_FACE('',(#6339),#6332,.T.);
#6341=CARTESIAN_POINT('',(-1.652365871452E1,9.575049356208E0,
-2.699999999882E-2));
#6342=DIRECTION('',(0.E0,1.E0,0.E0));
#6343=DIRECTION('',(1.E0,0.E0,0.E0));
#6344=AXIS2_PLACEMENT_3D('',#6341,#6342,#6343);
#6345=PLANE('',#6344);
#6346=ORIENTED_EDGE('',*,*,#6321,.F.);
#6347=ORIENTED_EDGE('',*,*,#6336,.F.);
#6348=EDGE_LOOP('',(#6346,#6347));
#6349=FACE_OUTER_BOUND('',#6348,.F.);
#6350=ADVANCED_FACE('',(#6349),#6345,.T.);
#6351=CARTESIAN_POINT('',(0.E0,0.E0,1.3473E1));
#6352=DIRECTION('',(0.E0,0.E0,1.E0));
#6353=DIRECTION('',(1.E0,0.E0,0.E0));
#6354=AXIS2_PLACEMENT_3D('',#6351,#6352,#6353);
#6355=PLANE('',#6354);
#6357=ORIENTED_EDGE('',*,*,#6356,.F.);
#6358=ORIENTED_EDGE('',*,*,#5199,.F.);
#6360=ORIENTED_EDGE('',*,*,#6359,.F.);
#6362=ORIENTED_EDGE('',*,*,#6361,.F.);
#6364=ORIENTED_EDGE('',*,*,#6363,.F.);
#6366=ORIENTED_EDGE('',*,*,#6365,.F.);
#6368=ORIENTED_EDGE('',*,*,#6367,.F.);
#6369=EDGE_LOOP('',(#6357,#6358,#6360,#6362,#6364,#6366,#6368));
#6370=FACE_OUTER_BOUND('',#6369,.F.);
#6371=ADVANCED_FACE('',(#6370),#6355,.T.);
#6372=CARTESIAN_POINT('',(0.E0,0.E0,1.3473E1));
#6373=DIRECTION('',(0.E0,0.E0,1.E0));
#6374=DIRECTION('',(1.E0,0.E0,0.E0));
#6375=AXIS2_PLACEMENT_3D('',#6372,#6373,#6374);
#6376=PLANE('',#6375);
#6378=ORIENTED_EDGE('',*,*,#6377,.F.);
#6380=ORIENTED_EDGE('',*,*,#6379,.F.);
#6382=ORIENTED_EDGE('',*,*,#6381,.F.);
#6384=ORIENTED_EDGE('',*,*,#6383,.F.);
#6386=ORIENTED_EDGE('',*,*,#6385,.F.);
#6388=ORIENTED_EDGE('',*,*,#6387,.F.);
#6390=ORIENTED_EDGE('',*,*,#6389,.F.);
#6391=EDGE_LOOP('',(#6378,#6380,#6382,#6384,#6386,#6388,#6390));
#6392=FACE_OUTER_BOUND('',#6391,.F.);
#6393=ADVANCED_FACE('',(#6392),#6376,.T.);
#6394=CARTESIAN_POINT('',(0.E0,0.E0,1.3473E1));
#6395=DIRECTION('',(0.E0,0.E0,1.E0));
#6396=DIRECTION('',(1.E0,0.E0,0.E0));
#6397=AXIS2_PLACEMENT_3D('',#6394,#6395,#6396);
#6398=PLANE('',#6397);
#6400=ORIENTED_EDGE('',*,*,#6399,.F.);
#6402=ORIENTED_EDGE('',*,*,#6401,.F.);
#6404=ORIENTED_EDGE('',*,*,#6403,.F.);
#6406=ORIENTED_EDGE('',*,*,#6405,.F.);
#6408=ORIENTED_EDGE('',*,*,#6407,.F.);
#6410=ORIENTED_EDGE('',*,*,#6409,.F.);
#6412=ORIENTED_EDGE('',*,*,#6411,.F.);
#6413=EDGE_LOOP('',(#6400,#6402,#6404,#6406,#6408,#6410,#6412));
#6414=FACE_OUTER_BOUND('',#6413,.F.);
#6415=ADVANCED_FACE('',(#6414),#6398,.T.);
#6416=CARTESIAN_POINT('',(0.E0,0.E0,1.3473E1));
#6417=DIRECTION('',(0.E0,0.E0,1.E0));
#6418=DIRECTION('',(1.E0,0.E0,0.E0));
#6419=AXIS2_PLACEMENT_3D('',#6416,#6417,#6418);
#6420=PLANE('',#6419);
#6422=ORIENTED_EDGE('',*,*,#6421,.T.);
#6423=ORIENTED_EDGE('',*,*,#5189,.F.);
#6425=ORIENTED_EDGE('',*,*,#6424,.F.);
#6427=ORIENTED_EDGE('',*,*,#6426,.F.);
#6428=EDGE_LOOP('',(#6422,#6423,#6425,#6427));
#6429=FACE_OUTER_BOUND('',#6428,.F.);
#6430=ADVANCED_FACE('',(#6429),#6420,.T.);
#6431=CARTESIAN_POINT('',(0.E0,0.E0,1.3473E1));
#6432=DIRECTION('',(0.E0,0.E0,1.E0));
#6433=DIRECTION('',(1.E0,0.E0,0.E0));
#6434=AXIS2_PLACEMENT_3D('',#6431,#6432,#6433);
#6435=PLANE('',#6434);
#6437=ORIENTED_EDGE('',*,*,#6436,.T.);
#6439=ORIENTED_EDGE('',*,*,#6438,.T.);
#6441=ORIENTED_EDGE('',*,*,#6440,.F.);
#6443=ORIENTED_EDGE('',*,*,#6442,.F.);
#6445=ORIENTED_EDGE('',*,*,#6444,.F.);
#6447=ORIENTED_EDGE('',*,*,#6446,.F.);
#6449=ORIENTED_EDGE('',*,*,#6448,.F.);
#6450=ORIENTED_EDGE('',*,*,#5191,.F.);
#6451=EDGE_LOOP('',(#6437,#6439,#6441,#6443,#6445,#6447,#6449,#6450));
#6452=FACE_OUTER_BOUND('',#6451,.F.);
#6453=ADVANCED_FACE('',(#6452),#6435,.T.);
#6454=CARTESIAN_POINT('',(-4.116373384354E1,9.065049356208E0,0.E0));
#6455=DIRECTION('',(0.E0,0.E0,1.E0));
#6456=DIRECTION('',(1.E0,0.E0,0.E0));
#6457=AXIS2_PLACEMENT_3D('',#6454,#6455,#6456);
#6458=CYLINDRICAL_SURFACE('',#6457,5.E-1);
#6459=ORIENTED_EDGE('',*,*,#5201,.F.);
#6460=ORIENTED_EDGE('',*,*,#6356,.T.);
#6462=ORIENTED_EDGE('',*,*,#6461,.F.);
#6463=ORIENTED_EDGE('',*,*,#5096,.T.);
#6464=EDGE_LOOP('',(#6459,#6460,#6462,#6463));
#6465=FACE_OUTER_BOUND('',#6464,.F.);
#6466=ADVANCED_FACE('',(#6465),#6458,.T.);
#6467=CARTESIAN_POINT('',(-4.166373384354E1,2.438643387756E0,
-1.270000328421E-1));
#6468=DIRECTION('',(1.E0,0.E0,0.E0));
#6469=DIRECTION('',(0.E0,-1.E0,0.E0));
#6470=AXIS2_PLACEMENT_3D('',#6467,#6468,#6469);
#6471=PLANE('',#6470);
#6473=ORIENTED_EDGE('',*,*,#6472,.T.);
#6475=ORIENTED_EDGE('',*,*,#6474,.T.);
#6476=ORIENTED_EDGE('',*,*,#6381,.T.);
#6478=ORIENTED_EDGE('',*,*,#6477,.F.);
#6479=ORIENTED_EDGE('',*,*,#5098,.T.);
#6480=ORIENTED_EDGE('',*,*,#6461,.T.);
#6481=ORIENTED_EDGE('',*,*,#6367,.T.);
#6483=ORIENTED_EDGE('',*,*,#6482,.F.);
#6484=EDGE_LOOP('',(#6473,#6475,#6476,#6478,#6479,#6480,#6481,#6483));
#6485=FACE_OUTER_BOUND('',#6484,.F.);
#6487=ORIENTED_EDGE('',*,*,#6486,.F.);
#6489=ORIENTED_EDGE('',*,*,#6488,.F.);
#6491=ORIENTED_EDGE('',*,*,#6490,.F.);
#6493=ORIENTED_EDGE('',*,*,#6492,.F.);
#6494=EDGE_LOOP('',(#6487,#6489,#6491,#6493));
#6495=FACE_BOUND('',#6494,.F.);
#6496=ADVANCED_FACE('',(#6485,#6495),#6471,.F.);
#6497=CARTESIAN_POINT('',(-4.165039194554E1,-1.647139109561E0,2.532996E0));
#6498=DIRECTION('',(0.E0,-1.E0,0.E0));
#6499=DIRECTION('',(0.E0,0.E0,-1.E0));
#6500=AXIS2_PLACEMENT_3D('',#6497,#6498,#6499);
#6501=PLANE('',#6500);
#6502=ORIENTED_EDGE('',*,*,#6486,.T.);
#6504=ORIENTED_EDGE('',*,*,#6503,.F.);
#6506=ORIENTED_EDGE('',*,*,#6505,.T.);
#6508=ORIENTED_EDGE('',*,*,#6507,.T.);
#6509=EDGE_LOOP('',(#6502,#6504,#6506,#6508));
#6510=FACE_OUTER_BOUND('',#6509,.F.);
#6511=ADVANCED_FACE('',(#6510),#6501,.T.);
#6512=CARTESIAN_POINT('',(-4.165039194554E1,-1.647139109561E0,
-9.670040000001E-1));
#6513=DIRECTION('',(0.E0,0.E0,-1.E0));
#6514=DIRECTION('',(0.E0,1.E0,0.E0));
#6515=AXIS2_PLACEMENT_3D('',#6512,#6513,#6514);
#6516=PLANE('',#6515);
#6517=ORIENTED_EDGE('',*,*,#6492,.T.);
#6519=ORIENTED_EDGE('',*,*,#6518,.F.);
#6521=ORIENTED_EDGE('',*,*,#6520,.T.);
#6522=ORIENTED_EDGE('',*,*,#6503,.T.);
#6523=EDGE_LOOP('',(#6517,#6519,#6521,#6522));
#6524=FACE_OUTER_BOUND('',#6523,.F.);
#6525=ADVANCED_FACE('',(#6524),#6516,.T.);
#6526=CARTESIAN_POINT('',(-4.165039194554E1,1.852860890439E0,
-9.670040000001E-1));
#6527=DIRECTION('',(0.E0,1.E0,0.E0));
#6528=DIRECTION('',(0.E0,0.E0,1.E0));
#6529=AXIS2_PLACEMENT_3D('',#6526,#6527,#6528);
#6530=PLANE('',#6529);
#6531=ORIENTED_EDGE('',*,*,#6490,.T.);
#6533=ORIENTED_EDGE('',*,*,#6532,.F.);
#6535=ORIENTED_EDGE('',*,*,#6534,.T.);
#6536=ORIENTED_EDGE('',*,*,#6518,.T.);
#6537=EDGE_LOOP('',(#6531,#6533,#6535,#6536));
#6538=FACE_OUTER_BOUND('',#6537,.F.);
#6539=ADVANCED_FACE('',(#6538),#6530,.T.);
#6540=CARTESIAN_POINT('',(-4.165039194554E1,1.852860890439E0,2.532996E0));
#6541=DIRECTION('',(0.E0,0.E0,1.E0));
#6542=DIRECTION('',(0.E0,-1.E0,0.E0));
#6543=AXIS2_PLACEMENT_3D('',#6540,#6541,#6542);
#6544=PLANE('',#6543);
#6545=ORIENTED_EDGE('',*,*,#6488,.T.);
#6546=ORIENTED_EDGE('',*,*,#6507,.F.);
#6548=ORIENTED_EDGE('',*,*,#6547,.T.);
#6549=ORIENTED_EDGE('',*,*,#6532,.T.);
#6550=EDGE_LOOP('',(#6545,#6546,#6548,#6549));
#6551=FACE_OUTER_BOUND('',#6550,.F.);
#6552=ADVANCED_FACE('',(#6551),#6544,.T.);
#6553=CARTESIAN_POINT('',(-4.167373373444E1,3.322860890437E0,5.272999982316E0));
#6554=DIRECTION('',(-1.E0,0.E0,0.E0));
#6555=DIRECTION('',(0.E0,0.E0,1.E0));
#6556=AXIS2_PLACEMENT_3D('',#6553,#6554,#6555);
#6557=PLANE('',#6556);
#6558=ORIENTED_EDGE('',*,*,#6534,.F.);
#6559=ORIENTED_EDGE('',*,*,#6547,.F.);
#6560=ORIENTED_EDGE('',*,*,#6505,.F.);
#6561=ORIENTED_EDGE('',*,*,#6520,.F.);
#6562=EDGE_LOOP('',(#6558,#6559,#6560,#6561));
#6563=FACE_OUTER_BOUND('',#6562,.F.);
#6565=ORIENTED_EDGE('',*,*,#6564,.F.);
#6567=ORIENTED_EDGE('',*,*,#6566,.F.);
#6569=ORIENTED_EDGE('',*,*,#6568,.F.);
#6571=ORIENTED_EDGE('',*,*,#6570,.F.);
#6573=ORIENTED_EDGE('',*,*,#6572,.F.);
#6575=ORIENTED_EDGE('',*,*,#6574,.F.);
#6577=ORIENTED_EDGE('',*,*,#6576,.F.);
#6579=ORIENTED_EDGE('',*,*,#6578,.F.);
#6581=ORIENTED_EDGE('',*,*,#6580,.F.);
#6583=ORIENTED_EDGE('',*,*,#6582,.F.);
#6585=ORIENTED_EDGE('',*,*,#6584,.F.);
#6587=ORIENTED_EDGE('',*,*,#6586,.F.);
#6589=ORIENTED_EDGE('',*,*,#6588,.F.);
#6590=EDGE_LOOP('',(#6565,#6567,#6569,#6571,#6573,#6575,#6577,#6579,#6581,#6583,
#6585,#6587,#6589));
#6591=FACE_BOUND('',#6590,.F.);
#6592=ADVANCED_FACE('',(#6563,#6591),#6557,.T.);
#6593=CARTESIAN_POINT('',(-4.165039194554E1,-1.706879712424E-1,
-4.210788326106E-1));
#6594=DIRECTION('',(0.E0,4.472135955E-1,8.944271909999E-1));
#6595=DIRECTION('',(0.E0,-8.944271909999E-1,4.472135955E-1));
#6596=AXIS2_PLACEMENT_3D('',#6593,#6594,#6595);
#6597=PLANE('',#6596);
#6599=ORIENTED_EDGE('',*,*,#6598,.T.);
#6601=ORIENTED_EDGE('',*,*,#6600,.F.);
#6602=ORIENTED_EDGE('',*,*,#6564,.T.);
#6604=ORIENTED_EDGE('',*,*,#6603,.T.);
#6605=EDGE_LOOP('',(#6599,#6601,#6602,#6604));
#6606=FACE_OUTER_BOUND('',#6605,.F.);
#6607=ADVANCED_FACE('',(#6606),#6597,.T.);
#6608=CARTESIAN_POINT('',(-4.166373373444E1,2.805054424667E0,1.504400236717E1));
#6609=DIRECTION('',(1.E0,0.E0,0.E0));
#6610=DIRECTION('',(0.E0,1.E0,0.E0));
#6611=AXIS2_PLACEMENT_3D('',#6608,#6609,#6610);
#6612=PLANE('',#6611);
#6614=ORIENTED_EDGE('',*,*,#6613,.F.);
#6616=ORIENTED_EDGE('',*,*,#6615,.F.);
#6618=ORIENTED_EDGE('',*,*,#6617,.F.);
#6620=ORIENTED_EDGE('',*,*,#6619,.F.);
#6621=ORIENTED_EDGE('',*,*,#6598,.F.);
#6623=ORIENTED_EDGE('',*,*,#6622,.F.);
#6625=ORIENTED_EDGE('',*,*,#6624,.F.);
#6627=ORIENTED_EDGE('',*,*,#6626,.F.);
#6629=ORIENTED_EDGE('',*,*,#6628,.F.);
#6631=ORIENTED_EDGE('',*,*,#6630,.F.);
#6633=ORIENTED_EDGE('',*,*,#6632,.F.);
#6635=ORIENTED_EDGE('',*,*,#6634,.F.);
#6637=ORIENTED_EDGE('',*,*,#6636,.F.);
#6638=EDGE_LOOP('',(#6614,#6616,#6618,#6620,#6621,#6623,#6625,#6627,#6629,#6631,
#6633,#6635,#6637));
#6639=FACE_OUTER_BOUND('',#6638,.F.);
#6640=ADVANCED_FACE('',(#6639),#6612,.F.);
#6641=CARTESIAN_POINT('',(-4.165039194554E1,-6.956879712424E-1,
-2.710788326106E-1));
#6642=DIRECTION('',(0.E0,1.E0,0.E0));
#6643=DIRECTION('',(0.E0,0.E0,1.E0));
#6644=AXIS2_PLACEMENT_3D('',#6641,#6642,#6643);
#6645=PLANE('',#6644);
#6646=ORIENTED_EDGE('',*,*,#6613,.T.);
#6648=ORIENTED_EDGE('',*,*,#6647,.F.);
#6649=ORIENTED_EDGE('',*,*,#6572,.T.);
#6651=ORIENTED_EDGE('',*,*,#6650,.T.);
#6652=EDGE_LOOP('',(#6646,#6648,#6649,#6651));
#6653=FACE_OUTER_BOUND('',#6652,.F.);
#6654=ADVANCED_FACE('',(#6653),#6645,.T.);
#6655=CARTESIAN_POINT('',(-4.165039194554E1,-6.956879712424E-1,
2.892116738941E-2));
#6656=DIRECTION('',(0.E0,0.E0,-1.E0));
#6657=DIRECTION('',(0.E0,1.E0,0.E0));
#6658=AXIS2_PLACEMENT_3D('',#6655,#6656,#6657);
#6659=PLANE('',#6658);
#6660=ORIENTED_EDGE('',*,*,#6636,.T.);
#6662=ORIENTED_EDGE('',*,*,#6661,.F.);
#6663=ORIENTED_EDGE('',*,*,#6574,.T.);
#6664=ORIENTED_EDGE('',*,*,#6647,.T.);
#6665=EDGE_LOOP('',(#6660,#6662,#6663,#6664));
#6666=FACE_OUTER_BOUND('',#6665,.F.);
#6667=ADVANCED_FACE('',(#6666),#6659,.T.);
#6668=CARTESIAN_POINT('',(-4.165039194554E1,1.681202875755E-2,
2.892116738941E-2));
#6669=DIRECTION('',(0.E0,1.E0,0.E0));
#6670=DIRECTION('',(0.E0,0.E0,1.E0));
#6671=AXIS2_PLACEMENT_3D('',#6668,#6669,#6670);
#6672=PLANE('',#6671);
#6673=ORIENTED_EDGE('',*,*,#6634,.T.);
#6675=ORIENTED_EDGE('',*,*,#6674,.F.);
#6676=ORIENTED_EDGE('',*,*,#6576,.T.);
#6677=ORIENTED_EDGE('',*,*,#6661,.T.);
#6678=EDGE_LOOP('',(#6673,#6675,#6676,#6677));
#6679=FACE_OUTER_BOUND('',#6678,.F.);
#6680=ADVANCED_FACE('',(#6679),#6672,.T.);
#6681=CARTESIAN_POINT('',(-4.165039194554E1,1.681202875755E-2,
2.203921167389E0));
#6682=DIRECTION('',(0.E0,0.E0,-1.E0));
#6683=DIRECTION('',(0.E0,1.E0,0.E0));
#6684=AXIS2_PLACEMENT_3D('',#6681,#6682,#6683);
#6685=PLANE('',#6684);
#6686=ORIENTED_EDGE('',*,*,#6632,.T.);
#6688=ORIENTED_EDGE('',*,*,#6687,.F.);
#6689=ORIENTED_EDGE('',*,*,#6578,.T.);
#6690=ORIENTED_EDGE('',*,*,#6674,.T.);
#6691=EDGE_LOOP('',(#6686,#6688,#6689,#6690));
#6692=FACE_OUTER_BOUND('',#6691,.F.);
#6693=ADVANCED_FACE('',(#6692),#6685,.T.);
#6694=CARTESIAN_POINT('',(-4.165039194554E1,3.918120287576E-1,
2.203921167389E0));
#6695=DIRECTION('',(0.E0,-1.E0,0.E0));
#6696=DIRECTION('',(0.E0,0.E0,-1.E0));
#6697=AXIS2_PLACEMENT_3D('',#6694,#6695,#6696);
#6698=PLANE('',#6697);
#6699=ORIENTED_EDGE('',*,*,#6630,.T.);
#6701=ORIENTED_EDGE('',*,*,#6700,.F.);
#6702=ORIENTED_EDGE('',*,*,#6580,.T.);
#6703=ORIENTED_EDGE('',*,*,#6687,.T.);
#6704=EDGE_LOOP('',(#6699,#6701,#6702,#6703));
#6705=FACE_OUTER_BOUND('',#6704,.F.);
#6706=ADVANCED_FACE('',(#6705),#6698,.T.);
#6707=CARTESIAN_POINT('',(-4.165039194554E1,3.918120287576E-1,
-7.960788326106E-1));
#6708=DIRECTION('',(0.E0,0.E0,1.E0));
#6709=DIRECTION('',(0.E0,-1.E0,0.E0));
#6710=AXIS2_PLACEMENT_3D('',#6707,#6708,#6709);
#6711=PLANE('',#6710);
#6712=ORIENTED_EDGE('',*,*,#6628,.T.);
#6714=ORIENTED_EDGE('',*,*,#6713,.F.);
#6715=ORIENTED_EDGE('',*,*,#6582,.T.);
#6716=ORIENTED_EDGE('',*,*,#6700,.T.);
#6717=EDGE_LOOP('',(#6712,#6714,#6715,#6716));
#6718=FACE_OUTER_BOUND('',#6717,.F.);
#6719=ADVANCED_FACE('',(#6718),#6711,.T.);
#6720=CARTESIAN_POINT('',(-4.165039194554E1,9.181202875755E-2,
-7.960788326106E-1));
#6721=DIRECTION('',(0.E0,9.486832980505E-1,3.162277660168E-1));
#6722=DIRECTION('',(0.E0,-3.162277660168E-1,9.486832980505E-1));
#6723=AXIS2_PLACEMENT_3D('',#6720,#6721,#6722);
#6724=PLANE('',#6723);
#6725=ORIENTED_EDGE('',*,*,#6626,.T.);
#6727=ORIENTED_EDGE('',*,*,#6726,.F.);
#6728=ORIENTED_EDGE('',*,*,#6584,.T.);
#6729=ORIENTED_EDGE('',*,*,#6713,.T.);
#6730=EDGE_LOOP('',(#6725,#6727,#6728,#6729));
#6731=FACE_OUTER_BOUND('',#6730,.F.);
#6732=ADVANCED_FACE('',(#6731),#6724,.T.);
#6733=CARTESIAN_POINT('',(-4.165039194554E1,5.431202875755E-2,
-6.835788326106E-1));
#6734=DIRECTION('',(0.E0,8.E-1,6.E-1));
#6735=DIRECTION('',(0.E0,-6.E-1,8.E-1));
#6736=AXIS2_PLACEMENT_3D('',#6733,#6734,#6735);
#6737=PLANE('',#6736);
#6738=ORIENTED_EDGE('',*,*,#6624,.T.);
#6740=ORIENTED_EDGE('',*,*,#6739,.F.);
#6741=ORIENTED_EDGE('',*,*,#6586,.T.);
#6742=ORIENTED_EDGE('',*,*,#6726,.T.);
#6743=EDGE_LOOP('',(#6738,#6740,#6741,#6742));
#6744=FACE_OUTER_BOUND('',#6743,.F.);
#6745=ADVANCED_FACE('',(#6744),#6737,.T.);
#6746=CARTESIAN_POINT('',(-4.165039194554E1,-5.818797124245E-2,
-5.335788326106E-1));
#6747=DIRECTION('',(0.E0,7.071067811865E-1,7.071067811865E-1));
#6748=DIRECTION('',(0.E0,-7.071067811865E-1,7.071067811865E-1));
#6749=AXIS2_PLACEMENT_3D('',#6746,#6747,#6748);
#6750=PLANE('',#6749);
#6751=ORIENTED_EDGE('',*,*,#6622,.T.);
#6752=ORIENTED_EDGE('',*,*,#6603,.F.);
#6753=ORIENTED_EDGE('',*,*,#6588,.T.);
#6754=ORIENTED_EDGE('',*,*,#6739,.T.);
#6755=EDGE_LOOP('',(#6751,#6752,#6753,#6754));
#6756=FACE_OUTER_BOUND('',#6755,.F.);
#6757=ADVANCED_FACE('',(#6756),#6750,.T.);
#6758=CARTESIAN_POINT('',(-4.165039194554E1,-6.206879712425E-1,
-2.710788326106E-1));
#6759=DIRECTION('',(0.E0,0.E0,1.E0));
#6760=DIRECTION('',(0.E0,-1.E0,0.E0));
#6761=AXIS2_PLACEMENT_3D('',#6758,#6759,#6760);
#6762=PLANE('',#6761);
#6763=ORIENTED_EDGE('',*,*,#6615,.T.);
#6764=ORIENTED_EDGE('',*,*,#6650,.F.);
#6765=ORIENTED_EDGE('',*,*,#6570,.T.);
#6767=ORIENTED_EDGE('',*,*,#6766,.T.);
#6768=EDGE_LOOP('',(#6763,#6764,#6765,#6767));
#6769=FACE_OUTER_BOUND('',#6768,.F.);
#6770=ADVANCED_FACE('',(#6769),#6762,.T.);
#6771=CARTESIAN_POINT('',(-4.165039194554E1,-4.331879712425E-1,
-3.085788326106E-1));
#6772=DIRECTION('',(0.E0,1.961161351382E-1,9.805806756909E-1));
#6773=DIRECTION('',(0.E0,-9.805806756909E-1,1.961161351382E-1));
#6774=AXIS2_PLACEMENT_3D('',#6771,#6772,#6773);
#6775=PLANE('',#6774);
#6776=ORIENTED_EDGE('',*,*,#6617,.T.);
#6777=ORIENTED_EDGE('',*,*,#6766,.F.);
#6778=ORIENTED_EDGE('',*,*,#6568,.T.);
#6780=ORIENTED_EDGE('',*,*,#6779,.T.);
#6781=EDGE_LOOP('',(#6776,#6777,#6778,#6780));
#6782=FACE_OUTER_BOUND('',#6781,.F.);
#6783=ADVANCED_FACE('',(#6782),#6775,.T.);
#6784=CARTESIAN_POINT('',(-4.165039194554E1,-3.206879712424E-1,
-3.460788326106E-1));
#6785=DIRECTION('',(0.E0,3.162277660168E-1,9.486832980505E-1));
#6786=DIRECTION('',(0.E0,-9.486832980505E-1,3.162277660168E-1));
#6787=AXIS2_PLACEMENT_3D('',#6784,#6785,#6786);
#6788=PLANE('',#6787);
#6789=ORIENTED_EDGE('',*,*,#6619,.T.);
#6790=ORIENTED_EDGE('',*,*,#6779,.F.);
#6791=ORIENTED_EDGE('',*,*,#6566,.T.);
#6792=ORIENTED_EDGE('',*,*,#6600,.T.);
#6793=EDGE_LOOP('',(#6789,#6790,#6791,#6792));
#6794=FACE_OUTER_BOUND('',#6793,.F.);
#6795=ADVANCED_FACE('',(#6794),#6788,.T.);
#6796=CARTESIAN_POINT('',(-4.180273353048E1,1.235348938247E1,1.2673E1));
#6797=DIRECTION('',(0.E0,0.E0,-1.E0));
#6798=DIRECTION('',(-1.E0,0.E0,0.E0));
#6799=AXIS2_PLACEMENT_3D('',#6796,#6797,#6798);
#6800=PLANE('',#6799);
#6802=ORIENTED_EDGE('',*,*,#6801,.T.);
#6804=ORIENTED_EDGE('',*,*,#6803,.T.);
#6806=ORIENTED_EDGE('',*,*,#6805,.T.);
#6808=ORIENTED_EDGE('',*,*,#6807,.F.);
#6809=ORIENTED_EDGE('',*,*,#5195,.T.);
#6811=ORIENTED_EDGE('',*,*,#6810,.T.);
#6813=ORIENTED_EDGE('',*,*,#6812,.T.);
#6815=ORIENTED_EDGE('',*,*,#6814,.T.);
#6817=ORIENTED_EDGE('',*,*,#6816,.F.);
#6819=ORIENTED_EDGE('',*,*,#6818,.F.);
#6821=ORIENTED_EDGE('',*,*,#6820,.T.);
#6823=ORIENTED_EDGE('',*,*,#6822,.T.);
#6825=ORIENTED_EDGE('',*,*,#6824,.T.);
#6827=ORIENTED_EDGE('',*,*,#6826,.F.);
#6829=ORIENTED_EDGE('',*,*,#6828,.T.);
#6831=ORIENTED_EDGE('',*,*,#6830,.T.);
#6833=ORIENTED_EDGE('',*,*,#6832,.T.);
#6835=ORIENTED_EDGE('',*,*,#6834,.T.);
#6837=ORIENTED_EDGE('',*,*,#6836,.F.);
#6838=ORIENTED_EDGE('',*,*,#6472,.F.);
#6839=EDGE_LOOP('',(#6802,#6804,#6806,#6808,#6809,#6811,#6813,#6815,#6817,#6819,
#6821,#6823,#6825,#6827,#6829,#6831,#6833,#6835,#6837,#6838));
#6840=FACE_OUTER_BOUND('',#6839,.F.);
#6842=ORIENTED_EDGE('',*,*,#6841,.F.);
#6844=ORIENTED_EDGE('',*,*,#6843,.F.);
#6846=ORIENTED_EDGE('',*,*,#6845,.F.);
#6848=ORIENTED_EDGE('',*,*,#6847,.F.);
#6850=ORIENTED_EDGE('',*,*,#6849,.F.);
#6852=ORIENTED_EDGE('',*,*,#6851,.F.);
#6854=ORIENTED_EDGE('',*,*,#6853,.F.);
#6856=ORIENTED_EDGE('',*,*,#6855,.F.);
#6857=EDGE_LOOP('',(#6842,#6844,#6846,#6848,#6850,#6852,#6854,#6856));
#6858=FACE_BOUND('',#6857,.F.);
#6860=ORIENTED_EDGE('',*,*,#6859,.F.);
#6862=ORIENTED_EDGE('',*,*,#6861,.F.);
#6864=ORIENTED_EDGE('',*,*,#6863,.F.);
#6866=ORIENTED_EDGE('',*,*,#6865,.F.);
#6868=ORIENTED_EDGE('',*,*,#6867,.F.);
#6870=ORIENTED_EDGE('',*,*,#6869,.F.);
#6872=ORIENTED_EDGE('',*,*,#6871,.F.);
#6874=ORIENTED_EDGE('',*,*,#6873,.F.);
#6875=EDGE_LOOP('',(#6860,#6862,#6864,#6866,#6868,#6870,#6872,#6874));
#6876=FACE_BOUND('',#6875,.F.);
#6878=ORIENTED_EDGE('',*,*,#6877,.F.);
#6880=ORIENTED_EDGE('',*,*,#6879,.F.);
#6882=ORIENTED_EDGE('',*,*,#6881,.F.);
#6884=ORIENTED_EDGE('',*,*,#6883,.F.);
#6886=ORIENTED_EDGE('',*,*,#6885,.F.);
#6888=ORIENTED_EDGE('',*,*,#6887,.F.);
#6890=ORIENTED_EDGE('',*,*,#6889,.F.);
#6892=ORIENTED_EDGE('',*,*,#6891,.F.);
#6893=EDGE_LOOP('',(#6878,#6880,#6882,#6884,#6886,#6888,#6890,#6892));
#6894=FACE_BOUND('',#6893,.F.);
#6896=ORIENTED_EDGE('',*,*,#6895,.F.);
#6898=ORIENTED_EDGE('',*,*,#6897,.F.);
#6900=ORIENTED_EDGE('',*,*,#6899,.F.);
#6902=ORIENTED_EDGE('',*,*,#6901,.F.);
#6904=ORIENTED_EDGE('',*,*,#6903,.F.);
#6906=ORIENTED_EDGE('',*,*,#6905,.F.);
#6908=ORIENTED_EDGE('',*,*,#6907,.F.);
#6910=ORIENTED_EDGE('',*,*,#6909,.F.);
#6911=EDGE_LOOP('',(#6896,#6898,#6900,#6902,#6904,#6906,#6908,#6910));
#6912=FACE_BOUND('',#6911,.F.);
#6914=ORIENTED_EDGE('',*,*,#6913,.F.);
#6916=ORIENTED_EDGE('',*,*,#6915,.F.);
#6918=ORIENTED_EDGE('',*,*,#6917,.F.);
#6920=ORIENTED_EDGE('',*,*,#6919,.F.);
#6922=ORIENTED_EDGE('',*,*,#6921,.F.);
#6924=ORIENTED_EDGE('',*,*,#6923,.F.);
#6926=ORIENTED_EDGE('',*,*,#6925,.F.);
#6928=ORIENTED_EDGE('',*,*,#6927,.F.);
#6929=EDGE_LOOP('',(#6914,#6916,#6918,#6920,#6922,#6924,#6926,#6928));
#6930=FACE_BOUND('',#6929,.F.);
#6932=ORIENTED_EDGE('',*,*,#6931,.F.);
#6934=ORIENTED_EDGE('',*,*,#6933,.F.);
#6936=ORIENTED_EDGE('',*,*,#6935,.F.);
#6938=ORIENTED_EDGE('',*,*,#6937,.F.);
#6940=ORIENTED_EDGE('',*,*,#6939,.F.);
#6942=ORIENTED_EDGE('',*,*,#6941,.F.);
#6944=ORIENTED_EDGE('',*,*,#6943,.F.);
#6946=ORIENTED_EDGE('',*,*,#6945,.F.);
#6947=EDGE_LOOP('',(#6932,#6934,#6936,#6938,#6940,#6942,#6944,#6946));
#6948=FACE_BOUND('',#6947,.F.);
#6949=ADVANCED_FACE('',(#6840,#6858,#6876,#6894,#6912,#6930,#6948),#6800,.F.);
#6950=CARTESIAN_POINT('',(-3.2329302E1,-6.337199999999E-2,-1.500000025257E-1));
#6951=DIRECTION('',(0.E0,0.E0,1.E0));
#6952=DIRECTION('',(1.E0,0.E0,0.E0));
#6953=AXIS2_PLACEMENT_3D('',#6950,#6951,#6952);
#6954=CYLINDRICAL_SURFACE('',#6953,1.E-1);
#6956=ORIENTED_EDGE('',*,*,#6955,.F.);
#6958=ORIENTED_EDGE('',*,*,#6957,.T.);
#6960=ORIENTED_EDGE('',*,*,#6959,.T.);
#6962=ORIENTED_EDGE('',*,*,#6961,.F.);
#6963=ORIENTED_EDGE('',*,*,#6931,.T.);
#6964=EDGE_LOOP('',(#6956,#6958,#6960,#6962,#6963));
#6965=FACE_OUTER_BOUND('',#6964,.F.);
#6966=ADVANCED_FACE('',(#6965),#6954,.T.);
#6967=CARTESIAN_POINT('',(-3.2309302E1,-1.63372E-1,8.972999997474E0));
#6968=DIRECTION('',(0.E0,-1.E0,0.E0));
#6969=DIRECTION('',(1.E0,0.E0,0.E0));
#6970=AXIS2_PLACEMENT_3D('',#6967,#6968,#6969);
#6971=PLANE('',#6970);
#6972=ORIENTED_EDGE('',*,*,#6955,.T.);
#6973=ORIENTED_EDGE('',*,*,#6945,.T.);
#6975=ORIENTED_EDGE('',*,*,#6974,.T.);
#6977=ORIENTED_EDGE('',*,*,#6976,.T.);
#6978=EDGE_LOOP('',(#6972,#6973,#6975,#6977));
#6979=FACE_OUTER_BOUND('',#6978,.F.);
#6980=ADVANCED_FACE('',(#6979),#6971,.T.);
#6981=CARTESIAN_POINT('',(-3.3253302E1,-6.337199999999E-2,-1.500000025257E-1));
#6982=DIRECTION('',(0.E0,0.E0,1.E0));
#6983=DIRECTION('',(1.E0,0.E0,0.E0));
#6984=AXIS2_PLACEMENT_3D('',#6981,#6982,#6983);
#6985=CYLINDRICAL_SURFACE('',#6984,1.E-1);
#6987=ORIENTED_EDGE('',*,*,#6986,.F.);
#6989=ORIENTED_EDGE('',*,*,#6988,.T.);
#6991=ORIENTED_EDGE('',*,*,#6990,.T.);
#6992=ORIENTED_EDGE('',*,*,#6974,.F.);
#6993=ORIENTED_EDGE('',*,*,#6943,.T.);
#6994=EDGE_LOOP('',(#6987,#6989,#6991,#6992,#6993));
#6995=FACE_OUTER_BOUND('',#6994,.F.);
#6996=ADVANCED_FACE('',(#6995),#6985,.T.);
#6997=CARTESIAN_POINT('',(-3.3353302E1,8.186993923556E-1,1.267299999747E1));
#6998=DIRECTION('',(-1.E0,0.E0,0.E0));
#6999=DIRECTION('',(0.E0,1.E0,0.E0));
#7000=AXIS2_PLACEMENT_3D('',#6997,#6998,#6999);
#7001=PLANE('',#7000);
#7002=ORIENTED_EDGE('',*,*,#6986,.T.);
#7003=ORIENTED_EDGE('',*,*,#6941,.T.);
#7005=ORIENTED_EDGE('',*,*,#7004,.T.);
#7007=ORIENTED_EDGE('',*,*,#7006,.F.);
#7008=EDGE_LOOP('',(#7002,#7003,#7005,#7007));
#7009=FACE_OUTER_BOUND('',#7008,.F.);
#7010=ADVANCED_FACE('',(#7009),#7001,.T.);
#7011=CARTESIAN_POINT('',(-3.3253302E1,8.60628E-1,-1.500000025257E-1));
#7012=DIRECTION('',(0.E0,0.E0,1.E0));
#7013=DIRECTION('',(1.E0,0.E0,0.E0));
#7014=AXIS2_PLACEMENT_3D('',#7011,#7012,#7013);
#7015=CYLINDRICAL_SURFACE('',#7014,1.E-1);
#7017=ORIENTED_EDGE('',*,*,#7016,.F.);
#7019=ORIENTED_EDGE('',*,*,#7018,.T.);
#7021=ORIENTED_EDGE('',*,*,#7020,.T.);
#7022=ORIENTED_EDGE('',*,*,#7004,.F.);
#7023=ORIENTED_EDGE('',*,*,#6939,.T.);
#7024=EDGE_LOOP('',(#7017,#7019,#7021,#7022,#7023));
#7025=FACE_OUTER_BOUND('',#7024,.F.);
#7026=ADVANCED_FACE('',(#7025),#7015,.T.);
#7027=CARTESIAN_POINT('',(-3.2309302E1,9.60628E-1,1.267299999747E1));
#7028=DIRECTION('',(0.E0,1.E0,0.E0));
#7029=DIRECTION('',(1.E0,0.E0,0.E0));
#7030=AXIS2_PLACEMENT_3D('',#7027,#7028,#7029);
#7031=PLANE('',#7030);
#7032=ORIENTED_EDGE('',*,*,#7016,.T.);
#7033=ORIENTED_EDGE('',*,*,#6937,.T.);
#7035=ORIENTED_EDGE('',*,*,#7034,.T.);
#7037=ORIENTED_EDGE('',*,*,#7036,.F.);
#7038=EDGE_LOOP('',(#7032,#7033,#7035,#7037));
#7039=FACE_OUTER_BOUND('',#7038,.F.);
#7040=ADVANCED_FACE('',(#7039),#7031,.T.);
#7041=CARTESIAN_POINT('',(-3.2329302E1,8.60628E-1,-1.500000025257E-1));
#7042=DIRECTION('',(0.E0,0.E0,1.E0));
#7043=DIRECTION('',(1.E0,0.E0,0.E0));
#7044=AXIS2_PLACEMENT_3D('',#7041,#7042,#7043);
#7045=CYLINDRICAL_SURFACE('',#7044,1.E-1);
#7047=ORIENTED_EDGE('',*,*,#7046,.F.);
#7049=ORIENTED_EDGE('',*,*,#7048,.T.);
#7051=ORIENTED_EDGE('',*,*,#7050,.T.);
#7052=ORIENTED_EDGE('',*,*,#7034,.F.);
#7053=ORIENTED_EDGE('',*,*,#6935,.T.);
#7054=EDGE_LOOP('',(#7047,#7049,#7051,#7052,#7053));
#7055=FACE_OUTER_BOUND('',#7054,.F.);
#7056=ADVANCED_FACE('',(#7055),#7045,.T.);
#7057=CARTESIAN_POINT('',(-3.2229302E1,-4.89999E0,2.256500003033E1));
#7058=DIRECTION('',(1.E0,0.E0,0.E0));
#7059=DIRECTION('',(0.E0,0.E0,1.E0));
#7060=AXIS2_PLACEMENT_3D('',#7057,#7058,#7059);
#7061=PLANE('',#7060);
#7062=ORIENTED_EDGE('',*,*,#7046,.T.);
#7063=ORIENTED_EDGE('',*,*,#6933,.T.);
#7064=ORIENTED_EDGE('',*,*,#6961,.T.);
#7066=ORIENTED_EDGE('',*,*,#7065,.F.);
#7067=EDGE_LOOP('',(#7062,#7063,#7064,#7066));
#7068=FACE_OUTER_BOUND('',#7067,.F.);
#7069=ADVANCED_FACE('',(#7068),#7061,.T.);
#7070=CARTESIAN_POINT('',(-3.2429302E1,3.98628E-1,1.6253E1));
#7071=DIRECTION('',(-7.071067811865E-1,0.E0,-7.071067811865E-1));
#7072=DIRECTION('',(-7.071067811865E-1,0.E0,7.071067811865E-1));
#7073=AXIS2_PLACEMENT_3D('',#7070,#7071,#7072);
#7074=PLANE('',#7073);
#7075=ORIENTED_EDGE('',*,*,#7065,.T.);
#7076=ORIENTED_EDGE('',*,*,#6959,.F.);
#7078=ORIENTED_EDGE('',*,*,#7077,.T.);
#7080=ORIENTED_EDGE('',*,*,#7079,.T.);
#7082=ORIENTED_EDGE('',*,*,#7081,.T.);
#7083=ORIENTED_EDGE('',*,*,#7048,.F.);
#7084=EDGE_LOOP('',(#7075,#7076,#7078,#7080,#7082,#7083));
#7085=FACE_OUTER_BOUND('',#7084,.F.);
#7086=ADVANCED_FACE('',(#7085),#7074,.F.);
#7087=CARTESIAN_POINT('',(-3.2791302E1,3.662800000001E-2,1.6253E1));
#7088=DIRECTION('',(0.E0,7.071067811865E-1,-7.071067811865E-1));
#7089=DIRECTION('',(0.E0,7.071067811865E-1,7.071067811865E-1));
#7090=AXIS2_PLACEMENT_3D('',#7087,#7088,#7089);
#7091=PLANE('',#7090);
#7092=ORIENTED_EDGE('',*,*,#6976,.F.);
#7093=ORIENTED_EDGE('',*,*,#6990,.F.);
#7095=ORIENTED_EDGE('',*,*,#7094,.F.);
#7097=ORIENTED_EDGE('',*,*,#7096,.T.);
#7098=ORIENTED_EDGE('',*,*,#7077,.F.);
#7099=ORIENTED_EDGE('',*,*,#6957,.F.);
#7100=EDGE_LOOP('',(#7092,#7093,#7095,#7097,#7098,#7099));
#7101=FACE_OUTER_BOUND('',#7100,.F.);
#7102=ADVANCED_FACE('',(#7101),#7091,.F.);
#7103=CARTESIAN_POINT('',(-3.3153302E1,3.98628E-1,1.6253E1));
#7104=DIRECTION('',(7.071067811865E-1,0.E0,-7.071067811865E-1));
#7105=DIRECTION('',(7.071067811865E-1,0.E0,7.071067811865E-1));
#7106=AXIS2_PLACEMENT_3D('',#7103,#7104,#7105);
#7107=PLANE('',#7106);
#7108=ORIENTED_EDGE('',*,*,#7006,.T.);
#7109=ORIENTED_EDGE('',*,*,#7020,.F.);
#7111=ORIENTED_EDGE('',*,*,#7110,.T.);
#7113=ORIENTED_EDGE('',*,*,#7112,.T.);
#7114=ORIENTED_EDGE('',*,*,#7094,.T.);
#7115=ORIENTED_EDGE('',*,*,#6988,.F.);
#7116=EDGE_LOOP('',(#7108,#7109,#7111,#7113,#7114,#7115));
#7117=FACE_OUTER_BOUND('',#7116,.F.);
#7118=ADVANCED_FACE('',(#7117),#7107,.F.);
#7119=CARTESIAN_POINT('',(-3.2791302E1,7.60628E-1,1.6253E1));
#7120=DIRECTION('',(0.E0,-7.071067811865E-1,-7.071067811865E-1));
#7121=DIRECTION('',(0.E0,-7.071067811865E-1,7.071067811865E-1));
#7122=AXIS2_PLACEMENT_3D('',#7119,#7120,#7121);
#7123=PLANE('',#7122);
#7124=ORIENTED_EDGE('',*,*,#7036,.T.);
#7125=ORIENTED_EDGE('',*,*,#7050,.F.);
#7126=ORIENTED_EDGE('',*,*,#7081,.F.);
#7128=ORIENTED_EDGE('',*,*,#7127,.F.);
#7129=ORIENTED_EDGE('',*,*,#7110,.F.);
#7130=ORIENTED_EDGE('',*,*,#7018,.F.);
#7131=EDGE_LOOP('',(#7124,#7125,#7126,#7128,#7129,#7130));
#7132=FACE_OUTER_BOUND('',#7131,.F.);
#7133=ADVANCED_FACE('',(#7132),#7123,.F.);
#7134=CARTESIAN_POINT('',(-3.298468168034E1,-4.546300000001E-1,1.6453E1));
#7135=DIRECTION('',(0.E0,0.E0,-1.E0));
#7136=DIRECTION('',(-1.E0,0.E0,0.E0));
#7137=AXIS2_PLACEMENT_3D('',#7134,#7135,#7136);
#7138=PLANE('',#7137);
#7139=ORIENTED_EDGE('',*,*,#7112,.F.);
#7140=ORIENTED_EDGE('',*,*,#7127,.T.);
#7141=ORIENTED_EDGE('',*,*,#7079,.F.);
#7142=ORIENTED_EDGE('',*,*,#7096,.F.);
#7143=EDGE_LOOP('',(#7139,#7140,#7141,#7142));
#7144=FACE_OUTER_BOUND('',#7143,.F.);
#7145=ADVANCED_FACE('',(#7144),#7138,.F.);
#7146=CARTESIAN_POINT('',(-3.2326734E1,5.636628E0,-1.500000025257E-1));
#7147=DIRECTION('',(0.E0,0.E0,-1.E0));
#7148=DIRECTION('',(-1.E0,0.E0,0.E0));
#7149=AXIS2_PLACEMENT_3D('',#7146,#7147,#7148);
#7150=CYLINDRICAL_SURFACE('',#7149,1.E-1);
#7151=ORIENTED_EDGE('',*,*,#6841,.T.);
#7153=ORIENTED_EDGE('',*,*,#7152,.F.);
#7155=ORIENTED_EDGE('',*,*,#7154,.T.);
#7157=ORIENTED_EDGE('',*,*,#7156,.T.);
#7159=ORIENTED_EDGE('',*,*,#7158,.F.);
#7160=EDGE_LOOP('',(#7151,#7153,#7155,#7157,#7159));
#7161=FACE_OUTER_BOUND('',#7160,.F.);
#7162=ADVANCED_FACE('',(#7161),#7150,.T.);
#7163=CARTESIAN_POINT('',(-3.2203734E1,5.536628E0,2.068100003033E1));
#7164=DIRECTION('',(0.E0,-1.E0,0.E0));
#7165=DIRECTION('',(0.E0,0.E0,-1.E0));
#7166=AXIS2_PLACEMENT_3D('',#7163,#7164,#7165);
#7167=PLANE('',#7166);
#7169=ORIENTED_EDGE('',*,*,#7168,.F.);
#7170=ORIENTED_EDGE('',*,*,#7152,.T.);
#7171=ORIENTED_EDGE('',*,*,#6855,.T.);
#7173=ORIENTED_EDGE('',*,*,#7172,.T.);
#7174=EDGE_LOOP('',(#7169,#7170,#7171,#7173));
#7175=FACE_OUTER_BOUND('',#7174,.F.);
#7176=ADVANCED_FACE('',(#7175),#7167,.T.);
#7177=CARTESIAN_POINT('',(-3.2788734E1,5.736628E0,1.6253E1));
#7178=DIRECTION('',(0.E0,7.071067811865E-1,-7.071067811865E-1));
#7179=DIRECTION('',(0.E0,7.071067811865E-1,7.071067811865E-1));
#7180=AXIS2_PLACEMENT_3D('',#7177,#7178,#7179);
#7181=PLANE('',#7180);
#7182=ORIENTED_EDGE('',*,*,#7168,.T.);
#7184=ORIENTED_EDGE('',*,*,#7183,.F.);
#7186=ORIENTED_EDGE('',*,*,#7185,.T.);
#7188=ORIENTED_EDGE('',*,*,#7187,.F.);
#7190=ORIENTED_EDGE('',*,*,#7189,.F.);
#7191=ORIENTED_EDGE('',*,*,#7154,.F.);
#7192=EDGE_LOOP('',(#7182,#7184,#7186,#7188,#7190,#7191));
#7193=FACE_OUTER_BOUND('',#7192,.F.);
#7194=ADVANCED_FACE('',(#7193),#7181,.F.);
#7195=CARTESIAN_POINT('',(-3.3250734E1,5.636628E0,-1.500000025257E-1));
#7196=DIRECTION('',(0.E0,0.E0,1.E0));
#7197=DIRECTION('',(1.E0,0.E0,0.E0));
#7198=AXIS2_PLACEMENT_3D('',#7195,#7196,#7197);
#7199=CYLINDRICAL_SURFACE('',#7198,1.E-1);
#7201=ORIENTED_EDGE('',*,*,#7200,.F.);
#7203=ORIENTED_EDGE('',*,*,#7202,.T.);
#7204=ORIENTED_EDGE('',*,*,#7183,.T.);
#7205=ORIENTED_EDGE('',*,*,#7172,.F.);
#7206=ORIENTED_EDGE('',*,*,#6853,.T.);
#7207=EDGE_LOOP('',(#7201,#7203,#7204,#7205,#7206));
#7208=FACE_OUTER_BOUND('',#7207,.F.);
#7209=ADVANCED_FACE('',(#7208),#7199,.T.);
#7210=CARTESIAN_POINT('',(-3.3350734E1,6.580628E0,1.267299999747E1));
#7211=DIRECTION('',(-1.E0,0.E0,0.E0));
#7212=DIRECTION('',(0.E0,1.E0,0.E0));
#7213=AXIS2_PLACEMENT_3D('',#7210,#7211,#7212);
#7214=PLANE('',#7213);
#7215=ORIENTED_EDGE('',*,*,#7200,.T.);
#7216=ORIENTED_EDGE('',*,*,#6851,.T.);
#7218=ORIENTED_EDGE('',*,*,#7217,.T.);
#7220=ORIENTED_EDGE('',*,*,#7219,.T.);
#7221=EDGE_LOOP('',(#7215,#7216,#7218,#7220));
#7222=FACE_OUTER_BOUND('',#7221,.F.);
#7223=ADVANCED_FACE('',(#7222),#7214,.T.);
#7224=CARTESIAN_POINT('',(-3.3250734E1,6.560628E0,-1.500000025257E-1));
#7225=DIRECTION('',(0.E0,0.E0,-1.E0));
#7226=DIRECTION('',(-1.E0,0.E0,0.E0));
#7227=AXIS2_PLACEMENT_3D('',#7224,#7225,#7226);
#7228=CYLINDRICAL_SURFACE('',#7227,1.E-1);
#7229=ORIENTED_EDGE('',*,*,#6849,.T.);
#7231=ORIENTED_EDGE('',*,*,#7230,.F.);
#7233=ORIENTED_EDGE('',*,*,#7232,.T.);
#7235=ORIENTED_EDGE('',*,*,#7234,.T.);
#7236=ORIENTED_EDGE('',*,*,#7217,.F.);
#7237=EDGE_LOOP('',(#7229,#7231,#7233,#7235,#7236));
#7238=FACE_OUTER_BOUND('',#7237,.F.);
#7239=ADVANCED_FACE('',(#7238),#7228,.T.);
#7240=CARTESIAN_POINT('',(-3.266599750103E1,6.660628E0,2.162134859331E1));
#7241=DIRECTION('',(0.E0,1.E0,0.E0));
#7242=DIRECTION('',(-1.E0,0.E0,0.E0));
#7243=AXIS2_PLACEMENT_3D('',#7240,#7241,#7242);
#7244=PLANE('',#7243);
#7246=ORIENTED_EDGE('',*,*,#7245,.F.);
#7247=ORIENTED_EDGE('',*,*,#7230,.T.);
#7248=ORIENTED_EDGE('',*,*,#6847,.T.);
#7250=ORIENTED_EDGE('',*,*,#7249,.T.);
#7251=EDGE_LOOP('',(#7246,#7247,#7248,#7250));
#7252=FACE_OUTER_BOUND('',#7251,.F.);
#7253=ADVANCED_FACE('',(#7252),#7244,.T.);
#7254=CARTESIAN_POINT('',(-3.2788734E1,6.460628E0,1.6253E1));
#7255=DIRECTION('',(0.E0,-7.071067811865E-1,-7.071067811865E-1));
#7256=DIRECTION('',(0.E0,-7.071067811865E-1,7.071067811865E-1));
#7257=AXIS2_PLACEMENT_3D('',#7254,#7255,#7256);
#7258=PLANE('',#7257);
#7259=ORIENTED_EDGE('',*,*,#7245,.T.);
#7261=ORIENTED_EDGE('',*,*,#7260,.F.);
#7263=ORIENTED_EDGE('',*,*,#7262,.T.);
#7265=ORIENTED_EDGE('',*,*,#7264,.F.);
#7267=ORIENTED_EDGE('',*,*,#7266,.T.);
#7268=ORIENTED_EDGE('',*,*,#7232,.F.);
#7269=EDGE_LOOP('',(#7259,#7261,#7263,#7265,#7267,#7268));
#7270=FACE_OUTER_BOUND('',#7269,.F.);
#7271=ADVANCED_FACE('',(#7270),#7258,.F.);
#7272=CARTESIAN_POINT('',(-3.2326734E1,6.560628E0,-1.500000025257E-1));
#7273=DIRECTION('',(0.E0,0.E0,1.E0));
#7274=DIRECTION('',(1.E0,0.E0,0.E0));
#7275=AXIS2_PLACEMENT_3D('',#7272,#7273,#7274);
#7276=CYLINDRICAL_SURFACE('',#7275,1.E-1);
#7277=ORIENTED_EDGE('',*,*,#6845,.T.);
#7279=ORIENTED_EDGE('',*,*,#7278,.F.);
#7281=ORIENTED_EDGE('',*,*,#7280,.T.);
#7282=ORIENTED_EDGE('',*,*,#7260,.T.);
#7283=ORIENTED_EDGE('',*,*,#7249,.F.);
#7284=EDGE_LOOP('',(#7277,#7279,#7281,#7282,#7283));
#7285=FACE_OUTER_BOUND('',#7284,.F.);
#7286=ADVANCED_FACE('',(#7285),#7276,.T.);
#7287=CARTESIAN_POINT('',(-3.2226734E1,5.616628E0,1.267299999747E1));
#7288=DIRECTION('',(1.E0,0.E0,0.E0));
#7289=DIRECTION('',(0.E0,-1.E0,0.E0));
#7290=AXIS2_PLACEMENT_3D('',#7287,#7288,#7289);
#7291=PLANE('',#7290);
#7292=ORIENTED_EDGE('',*,*,#6843,.T.);
#7293=ORIENTED_EDGE('',*,*,#7158,.T.);
#7295=ORIENTED_EDGE('',*,*,#7294,.T.);
#7296=ORIENTED_EDGE('',*,*,#7278,.T.);
#7297=EDGE_LOOP('',(#7292,#7293,#7295,#7296));
#7298=FACE_OUTER_BOUND('',#7297,.F.);
#7299=ADVANCED_FACE('',(#7298),#7291,.T.);
#7300=CARTESIAN_POINT('',(-3.2426734E1,6.098628E0,1.6253E1));
#7301=DIRECTION('',(-7.071067811865E-1,0.E0,-7.071067811865E-1));
#7302=DIRECTION('',(-7.071067811865E-1,0.E0,7.071067811865E-1));
#7303=AXIS2_PLACEMENT_3D('',#7300,#7301,#7302);
#7304=PLANE('',#7303);
#7305=ORIENTED_EDGE('',*,*,#7294,.F.);
#7306=ORIENTED_EDGE('',*,*,#7156,.F.);
#7307=ORIENTED_EDGE('',*,*,#7189,.T.);
#7309=ORIENTED_EDGE('',*,*,#7308,.F.);
#7310=ORIENTED_EDGE('',*,*,#7262,.F.);
#7311=ORIENTED_EDGE('',*,*,#7280,.F.);
#7312=EDGE_LOOP('',(#7305,#7306,#7307,#7309,#7310,#7311));
#7313=FACE_OUTER_BOUND('',#7312,.F.);
#7314=ADVANCED_FACE('',(#7313),#7304,.F.);
#7315=CARTESIAN_POINT('',(-3.298468168034E1,5.16287E0,1.6453E1));
#7316=DIRECTION('',(0.E0,0.E0,-1.E0));
#7317=DIRECTION('',(-1.E0,0.E0,0.E0));
#7318=AXIS2_PLACEMENT_3D('',#7315,#7316,#7317);
#7319=PLANE('',#7318);
#7320=ORIENTED_EDGE('',*,*,#7308,.T.);
#7321=ORIENTED_EDGE('',*,*,#7187,.T.);
#7323=ORIENTED_EDGE('',*,*,#7322,.T.);
#7324=ORIENTED_EDGE('',*,*,#7264,.T.);
#7325=EDGE_LOOP('',(#7320,#7321,#7323,#7324));
#7326=FACE_OUTER_BOUND('',#7325,.F.);
#7327=ADVANCED_FACE('',(#7326),#7319,.F.);
#7328=CARTESIAN_POINT('',(-3.3150734E1,6.098628E0,1.6253E1));
#7329=DIRECTION('',(7.071067811865E-1,0.E0,-7.071067811865E-1));
#7330=DIRECTION('',(7.071067811865E-1,0.E0,7.071067811865E-1));
#7331=AXIS2_PLACEMENT_3D('',#7328,#7329,#7330);
#7332=PLANE('',#7331);
#7333=ORIENTED_EDGE('',*,*,#7219,.F.);
#7334=ORIENTED_EDGE('',*,*,#7234,.F.);
#7335=ORIENTED_EDGE('',*,*,#7266,.F.);
#7336=ORIENTED_EDGE('',*,*,#7322,.F.);
#7337=ORIENTED_EDGE('',*,*,#7185,.F.);
#7338=ORIENTED_EDGE('',*,*,#7202,.F.);
#7339=EDGE_LOOP('',(#7333,#7334,#7335,#7336,#7337,#7338));
#7340=FACE_OUTER_BOUND('',#7339,.F.);
#7341=ADVANCED_FACE('',(#7340),#7332,.F.);
#7342=CARTESIAN_POINT('',(-3.8953302E1,-6.337199999999E-2,-1.500000025257E-1));
#7343=DIRECTION('',(0.E0,0.E0,1.E0));
#7344=DIRECTION('',(1.E0,0.E0,0.E0));
#7345=AXIS2_PLACEMENT_3D('',#7342,#7343,#7344);
#7346=CYLINDRICAL_SURFACE('',#7345,1.E-1);
#7348=ORIENTED_EDGE('',*,*,#7347,.F.);
#7350=ORIENTED_EDGE('',*,*,#7349,.T.);
#7352=ORIENTED_EDGE('',*,*,#7351,.T.);
#7354=ORIENTED_EDGE('',*,*,#7353,.F.);
#7355=ORIENTED_EDGE('',*,*,#6859,.T.);
#7356=EDGE_LOOP('',(#7348,#7350,#7352,#7354,#7355));
#7357=FACE_OUTER_BOUND('',#7356,.F.);
#7358=ADVANCED_FACE('',(#7357),#7346,.T.);
#7359=CARTESIAN_POINT('',(-3.9053302E1,8.186993923556E-1,1.267299999747E1));
#7360=DIRECTION('',(-1.E0,0.E0,0.E0));
#7361=DIRECTION('',(0.E0,1.E0,0.E0));
#7362=AXIS2_PLACEMENT_3D('',#7359,#7360,#7361);
#7363=PLANE('',#7362);
#7364=ORIENTED_EDGE('',*,*,#7347,.T.);
#7365=ORIENTED_EDGE('',*,*,#6873,.T.);
#7367=ORIENTED_EDGE('',*,*,#7366,.T.);
#7369=ORIENTED_EDGE('',*,*,#7368,.F.);
#7370=EDGE_LOOP('',(#7364,#7365,#7367,#7369));
#7371=FACE_OUTER_BOUND('',#7370,.F.);
#7372=ADVANCED_FACE('',(#7371),#7363,.T.);
#7373=CARTESIAN_POINT('',(-3.8953302E1,8.60628E-1,-1.500000025257E-1));
#7374=DIRECTION('',(0.E0,0.E0,1.E0));
#7375=DIRECTION('',(1.E0,0.E0,0.E0));
#7376=AXIS2_PLACEMENT_3D('',#7373,#7374,#7375);
#7377=CYLINDRICAL_SURFACE('',#7376,1.E-1);
#7379=ORIENTED_EDGE('',*,*,#7378,.F.);
#7381=ORIENTED_EDGE('',*,*,#7380,.T.);
#7383=ORIENTED_EDGE('',*,*,#7382,.T.);
#7384=ORIENTED_EDGE('',*,*,#7366,.F.);
#7385=ORIENTED_EDGE('',*,*,#6871,.T.);
#7386=EDGE_LOOP('',(#7379,#7381,#7383,#7384,#7385));
#7387=FACE_OUTER_BOUND('',#7386,.F.);
#7388=ADVANCED_FACE('',(#7387),#7377,.T.);
#7389=CARTESIAN_POINT('',(-3.8009302E1,9.60628E-1,1.267299999747E1));
#7390=DIRECTION('',(0.E0,1.E0,0.E0));
#7391=DIRECTION('',(1.E0,0.E0,0.E0));
#7392=AXIS2_PLACEMENT_3D('',#7389,#7390,#7391);
#7393=PLANE('',#7392);
#7394=ORIENTED_EDGE('',*,*,#7378,.T.);
#7395=ORIENTED_EDGE('',*,*,#6869,.T.);
#7397=ORIENTED_EDGE('',*,*,#7396,.T.);
#7399=ORIENTED_EDGE('',*,*,#7398,.F.);
#7400=EDGE_LOOP('',(#7394,#7395,#7397,#7399));
#7401=FACE_OUTER_BOUND('',#7400,.F.);
#7402=ADVANCED_FACE('',(#7401),#7393,.T.);
#7403=CARTESIAN_POINT('',(-3.8029302E1,8.60628E-1,-1.500000025257E-1));
#7404=DIRECTION('',(0.E0,0.E0,1.E0));
#7405=DIRECTION('',(1.E0,0.E0,0.E0));
#7406=AXIS2_PLACEMENT_3D('',#7403,#7404,#7405);
#7407=CYLINDRICAL_SURFACE('',#7406,1.E-1);
#7409=ORIENTED_EDGE('',*,*,#7408,.F.);
#7411=ORIENTED_EDGE('',*,*,#7410,.T.);
#7413=ORIENTED_EDGE('',*,*,#7412,.T.);
#7414=ORIENTED_EDGE('',*,*,#7396,.F.);
#7415=ORIENTED_EDGE('',*,*,#6867,.T.);
#7416=EDGE_LOOP('',(#7409,#7411,#7413,#7414,#7415));
#7417=FACE_OUTER_BOUND('',#7416,.F.);
#7418=ADVANCED_FACE('',(#7417),#7407,.T.);
#7419=CARTESIAN_POINT('',(-3.7929302E1,-4.89999E0,2.256500003033E1));
#7420=DIRECTION('',(1.E0,0.E0,0.E0));
#7421=DIRECTION('',(0.E0,0.E0,1.E0));
#7422=AXIS2_PLACEMENT_3D('',#7419,#7420,#7421);
#7423=PLANE('',#7422);
#7424=ORIENTED_EDGE('',*,*,#7408,.T.);
#7425=ORIENTED_EDGE('',*,*,#6865,.T.);
#7427=ORIENTED_EDGE('',*,*,#7426,.T.);
#7429=ORIENTED_EDGE('',*,*,#7428,.T.);
#7430=EDGE_LOOP('',(#7424,#7425,#7427,#7429));
#7431=FACE_OUTER_BOUND('',#7430,.F.);
#7432=ADVANCED_FACE('',(#7431),#7423,.T.);
#7433=CARTESIAN_POINT('',(-3.8029302E1,-6.337199999999E-2,-1.500000025257E-1));
#7434=DIRECTION('',(0.E0,0.E0,1.E0));
#7435=DIRECTION('',(1.E0,0.E0,0.E0));
#7436=AXIS2_PLACEMENT_3D('',#7433,#7434,#7435);
#7437=CYLINDRICAL_SURFACE('',#7436,1.E-1);
#7439=ORIENTED_EDGE('',*,*,#7438,.F.);
#7441=ORIENTED_EDGE('',*,*,#7440,.T.);
#7443=ORIENTED_EDGE('',*,*,#7442,.T.);
#7444=ORIENTED_EDGE('',*,*,#7426,.F.);
#7445=ORIENTED_EDGE('',*,*,#6863,.T.);
#7446=EDGE_LOOP('',(#7439,#7441,#7443,#7444,#7445));
#7447=FACE_OUTER_BOUND('',#7446,.F.);
#7448=ADVANCED_FACE('',(#7447),#7437,.T.);
#7449=CARTESIAN_POINT('',(-3.8009302E1,-1.63372E-1,8.972999997474E0));
#7450=DIRECTION('',(0.E0,-1.E0,0.E0));
#7451=DIRECTION('',(1.E0,0.E0,0.E0));
#7452=AXIS2_PLACEMENT_3D('',#7449,#7450,#7451);
#7453=PLANE('',#7452);
#7455=ORIENTED_EDGE('',*,*,#7454,.F.);
#7456=ORIENTED_EDGE('',*,*,#7438,.T.);
#7457=ORIENTED_EDGE('',*,*,#6861,.T.);
#7458=ORIENTED_EDGE('',*,*,#7353,.T.);
#7459=EDGE_LOOP('',(#7455,#7456,#7457,#7458));
#7460=FACE_OUTER_BOUND('',#7459,.F.);
#7461=ADVANCED_FACE('',(#7460),#7453,.T.);
#7462=CARTESIAN_POINT('',(-3.8491302E1,3.662800000001E-2,1.6253E1));
#7463=DIRECTION('',(0.E0,7.071067811865E-1,-7.071067811865E-1));
#7464=DIRECTION('',(0.E0,7.071067811865E-1,7.071067811865E-1));
#7465=AXIS2_PLACEMENT_3D('',#7462,#7463,#7464);
#7466=PLANE('',#7465);
#7467=ORIENTED_EDGE('',*,*,#7454,.T.);
#7468=ORIENTED_EDGE('',*,*,#7351,.F.);
#7470=ORIENTED_EDGE('',*,*,#7469,.T.);
#7472=ORIENTED_EDGE('',*,*,#7471,.T.);
#7474=ORIENTED_EDGE('',*,*,#7473,.T.);
#7475=ORIENTED_EDGE('',*,*,#7440,.F.);
#7476=EDGE_LOOP('',(#7467,#7468,#7470,#7472,#7474,#7475));
#7477=FACE_OUTER_BOUND('',#7476,.F.);
#7478=ADVANCED_FACE('',(#7477),#7466,.F.);
#7479=CARTESIAN_POINT('',(-3.8853302E1,3.98628E-1,1.6253E1));
#7480=DIRECTION('',(7.071067811865E-1,0.E0,-7.071067811865E-1));
#7481=DIRECTION('',(7.071067811865E-1,0.E0,7.071067811865E-1));
#7482=AXIS2_PLACEMENT_3D('',#7479,#7480,#7481);
#7483=PLANE('',#7482);
#7484=ORIENTED_EDGE('',*,*,#7469,.F.);
#7485=ORIENTED_EDGE('',*,*,#7349,.F.);
#7486=ORIENTED_EDGE('',*,*,#7368,.T.);
#7487=ORIENTED_EDGE('',*,*,#7382,.F.);
#7489=ORIENTED_EDGE('',*,*,#7488,.T.);
#7491=ORIENTED_EDGE('',*,*,#7490,.T.);
#7492=EDGE_LOOP('',(#7484,#7485,#7486,#7487,#7489,#7491));
#7493=FACE_OUTER_BOUND('',#7492,.F.);
#7494=ADVANCED_FACE('',(#7493),#7483,.F.);
#7495=CARTESIAN_POINT('',(-3.8491302E1,7.60628E-1,1.6253E1));
#7496=DIRECTION('',(0.E0,-7.071067811865E-1,-7.071067811865E-1));
#7497=DIRECTION('',(0.E0,-7.071067811865E-1,7.071067811865E-1));
#7498=AXIS2_PLACEMENT_3D('',#7495,#7496,#7497);
#7499=PLANE('',#7498);
#7500=ORIENTED_EDGE('',*,*,#7488,.F.);
#7501=ORIENTED_EDGE('',*,*,#7380,.F.);
#7502=ORIENTED_EDGE('',*,*,#7398,.T.);
#7503=ORIENTED_EDGE('',*,*,#7412,.F.);
#7505=ORIENTED_EDGE('',*,*,#7504,.T.);
#7507=ORIENTED_EDGE('',*,*,#7506,.T.);
#7508=EDGE_LOOP('',(#7500,#7501,#7502,#7503,#7505,#7507));
#7509=FACE_OUTER_BOUND('',#7508,.F.);
#7510=ADVANCED_FACE('',(#7509),#7499,.F.);
#7511=CARTESIAN_POINT('',(-3.8129302E1,3.98628E-1,1.6253E1));
#7512=DIRECTION('',(-7.071067811865E-1,0.E0,-7.071067811865E-1));
#7513=DIRECTION('',(-7.071067811865E-1,0.E0,7.071067811865E-1));
#7514=AXIS2_PLACEMENT_3D('',#7511,#7512,#7513);
#7515=PLANE('',#7514);
#7516=ORIENTED_EDGE('',*,*,#7428,.F.);
#7517=ORIENTED_EDGE('',*,*,#7442,.F.);
#7518=ORIENTED_EDGE('',*,*,#7473,.F.);
#7520=ORIENTED_EDGE('',*,*,#7519,.T.);
#7521=ORIENTED_EDGE('',*,*,#7504,.F.);
#7522=ORIENTED_EDGE('',*,*,#7410,.F.);
#7523=EDGE_LOOP('',(#7516,#7517,#7518,#7520,#7521,#7522));
#7524=FACE_OUTER_BOUND('',#7523,.F.);
#7525=ADVANCED_FACE('',(#7524),#7515,.F.);
#7526=CARTESIAN_POINT('',(-3.868468168034E1,-4.546300000001E-1,1.6453E1));
#7527=DIRECTION('',(0.E0,0.E0,-1.E0));
#7528=DIRECTION('',(-1.E0,0.E0,0.E0));
#7529=AXIS2_PLACEMENT_3D('',#7526,#7527,#7528);
#7530=PLANE('',#7529);
#7531=ORIENTED_EDGE('',*,*,#7490,.F.);
#7532=ORIENTED_EDGE('',*,*,#7506,.F.);
#7533=ORIENTED_EDGE('',*,*,#7519,.F.);
#7534=ORIENTED_EDGE('',*,*,#7471,.F.);
#7535=EDGE_LOOP('',(#7531,#7532,#7533,#7534));
#7536=FACE_OUTER_BOUND('',#7535,.F.);
#7537=ADVANCED_FACE('',(#7536),#7530,.F.);
#7538=CARTESIAN_POINT('',(-3.8026734E1,5.636628E0,-1.500000025257E-1));
#7539=DIRECTION('',(0.E0,0.E0,-1.E0));
#7540=DIRECTION('',(-1.E0,0.E0,0.E0));
#7541=AXIS2_PLACEMENT_3D('',#7538,#7539,#7540);
#7542=CYLINDRICAL_SURFACE('',#7541,1.E-1);
#7543=ORIENTED_EDGE('',*,*,#6877,.T.);
#7545=ORIENTED_EDGE('',*,*,#7544,.F.);
#7547=ORIENTED_EDGE('',*,*,#7546,.T.);
#7549=ORIENTED_EDGE('',*,*,#7548,.T.);
#7551=ORIENTED_EDGE('',*,*,#7550,.F.);
#7552=EDGE_LOOP('',(#7543,#7545,#7547,#7549,#7551));
#7553=FACE_OUTER_BOUND('',#7552,.F.);
#7554=ADVANCED_FACE('',(#7553),#7542,.T.);
#7555=CARTESIAN_POINT('',(-3.7903734E1,5.536628E0,2.068100003033E1));
#7556=DIRECTION('',(0.E0,-1.E0,0.E0));
#7557=DIRECTION('',(0.E0,0.E0,-1.E0));
#7558=AXIS2_PLACEMENT_3D('',#7555,#7556,#7557);
#7559=PLANE('',#7558);
#7561=ORIENTED_EDGE('',*,*,#7560,.F.);
#7562=ORIENTED_EDGE('',*,*,#7544,.T.);
#7563=ORIENTED_EDGE('',*,*,#6891,.T.);
#7565=ORIENTED_EDGE('',*,*,#7564,.T.);
#7566=EDGE_LOOP('',(#7561,#7562,#7563,#7565));
#7567=FACE_OUTER_BOUND('',#7566,.F.);
#7568=ADVANCED_FACE('',(#7567),#7559,.T.);
#7569=CARTESIAN_POINT('',(-3.8488734E1,5.736628E0,1.6253E1));
#7570=DIRECTION('',(0.E0,7.071067811865E-1,-7.071067811865E-1));
#7571=DIRECTION('',(0.E0,7.071067811865E-1,7.071067811865E-1));
#7572=AXIS2_PLACEMENT_3D('',#7569,#7570,#7571);
#7573=PLANE('',#7572);
#7574=ORIENTED_EDGE('',*,*,#7560,.T.);
#7576=ORIENTED_EDGE('',*,*,#7575,.F.);
#7578=ORIENTED_EDGE('',*,*,#7577,.F.);
#7580=ORIENTED_EDGE('',*,*,#7579,.F.);
#7582=ORIENTED_EDGE('',*,*,#7581,.F.);
#7583=ORIENTED_EDGE('',*,*,#7546,.F.);
#7584=EDGE_LOOP('',(#7574,#7576,#7578,#7580,#7582,#7583));
#7585=FACE_OUTER_BOUND('',#7584,.F.);
#7586=ADVANCED_FACE('',(#7585),#7573,.F.);
#7587=CARTESIAN_POINT('',(-3.8950734E1,5.636628E0,-1.500000025257E-1));
#7588=DIRECTION('',(0.E0,0.E0,1.E0));
#7589=DIRECTION('',(1.E0,0.E0,0.E0));
#7590=AXIS2_PLACEMENT_3D('',#7587,#7588,#7589);
#7591=CYLINDRICAL_SURFACE('',#7590,1.E-1);
#7593=ORIENTED_EDGE('',*,*,#7592,.F.);
#7595=ORIENTED_EDGE('',*,*,#7594,.T.);
#7596=ORIENTED_EDGE('',*,*,#7575,.T.);
#7597=ORIENTED_EDGE('',*,*,#7564,.F.);
#7598=ORIENTED_EDGE('',*,*,#6889,.T.);
#7599=EDGE_LOOP('',(#7593,#7595,#7596,#7597,#7598));
#7600=FACE_OUTER_BOUND('',#7599,.F.);
#7601=ADVANCED_FACE('',(#7600),#7591,.T.);
#7602=CARTESIAN_POINT('',(-3.9050734E1,6.580628E0,1.267299999747E1));
#7603=DIRECTION('',(-1.E0,0.E0,0.E0));
#7604=DIRECTION('',(0.E0,1.E0,0.E0));
#7605=AXIS2_PLACEMENT_3D('',#7602,#7603,#7604);
#7606=PLANE('',#7605);
#7607=ORIENTED_EDGE('',*,*,#7592,.T.);
#7608=ORIENTED_EDGE('',*,*,#6887,.T.);
#7610=ORIENTED_EDGE('',*,*,#7609,.T.);
#7612=ORIENTED_EDGE('',*,*,#7611,.F.);
#7613=EDGE_LOOP('',(#7607,#7608,#7610,#7612));
#7614=FACE_OUTER_BOUND('',#7613,.F.);
#7615=ADVANCED_FACE('',(#7614),#7606,.T.);
#7616=CARTESIAN_POINT('',(-3.8950734E1,6.560628E0,-1.500000025257E-1));
#7617=DIRECTION('',(0.E0,0.E0,-1.E0));
#7618=DIRECTION('',(-1.E0,0.E0,0.E0));
#7619=AXIS2_PLACEMENT_3D('',#7616,#7617,#7618);
#7620=CYLINDRICAL_SURFACE('',#7619,1.E-1);
#7621=ORIENTED_EDGE('',*,*,#6885,.T.);
#7623=ORIENTED_EDGE('',*,*,#7622,.F.);
#7625=ORIENTED_EDGE('',*,*,#7624,.T.);
#7627=ORIENTED_EDGE('',*,*,#7626,.T.);
#7628=ORIENTED_EDGE('',*,*,#7609,.F.);
#7629=EDGE_LOOP('',(#7621,#7623,#7625,#7627,#7628));
#7630=FACE_OUTER_BOUND('',#7629,.F.);
#7631=ADVANCED_FACE('',(#7630),#7620,.T.);
#7632=CARTESIAN_POINT('',(-3.836599750103E1,6.660628E0,2.162134859331E1));
#7633=DIRECTION('',(0.E0,1.E0,0.E0));
#7634=DIRECTION('',(-1.E0,0.E0,0.E0));
#7635=AXIS2_PLACEMENT_3D('',#7632,#7633,#7634);
#7636=PLANE('',#7635);
#7638=ORIENTED_EDGE('',*,*,#7637,.F.);
#7639=ORIENTED_EDGE('',*,*,#7622,.T.);
#7640=ORIENTED_EDGE('',*,*,#6883,.T.);
#7642=ORIENTED_EDGE('',*,*,#7641,.T.);
#7643=EDGE_LOOP('',(#7638,#7639,#7640,#7642));
#7644=FACE_OUTER_BOUND('',#7643,.F.);
#7645=ADVANCED_FACE('',(#7644),#7636,.T.);
#7646=CARTESIAN_POINT('',(-3.8488734E1,6.460628E0,1.6253E1));
#7647=DIRECTION('',(0.E0,-7.071067811865E-1,-7.071067811865E-1));
#7648=DIRECTION('',(0.E0,-7.071067811865E-1,7.071067811865E-1));
#7649=AXIS2_PLACEMENT_3D('',#7646,#7647,#7648);
#7650=PLANE('',#7649);
#7652=ORIENTED_EDGE('',*,*,#7651,.F.);
#7653=ORIENTED_EDGE('',*,*,#7624,.F.);
#7654=ORIENTED_EDGE('',*,*,#7637,.T.);
#7656=ORIENTED_EDGE('',*,*,#7655,.F.);
#7658=ORIENTED_EDGE('',*,*,#7657,.F.);
#7660=ORIENTED_EDGE('',*,*,#7659,.T.);
#7661=EDGE_LOOP('',(#7652,#7653,#7654,#7656,#7658,#7660));
#7662=FACE_OUTER_BOUND('',#7661,.F.);
#7663=ADVANCED_FACE('',(#7662),#7650,.F.);
#7664=CARTESIAN_POINT('',(-3.8850734E1,6.098628E0,1.6253E1));
#7665=DIRECTION('',(7.071067811865E-1,0.E0,-7.071067811865E-1));
#7666=DIRECTION('',(7.071067811865E-1,0.E0,7.071067811865E-1));
#7667=AXIS2_PLACEMENT_3D('',#7664,#7665,#7666);
#7668=PLANE('',#7667);
#7669=ORIENTED_EDGE('',*,*,#7577,.T.);
#7670=ORIENTED_EDGE('',*,*,#7594,.F.);
#7671=ORIENTED_EDGE('',*,*,#7611,.T.);
#7672=ORIENTED_EDGE('',*,*,#7626,.F.);
#7673=ORIENTED_EDGE('',*,*,#7651,.T.);
#7675=ORIENTED_EDGE('',*,*,#7674,.F.);
#7676=EDGE_LOOP('',(#7669,#7670,#7671,#7672,#7673,#7675));
#7677=FACE_OUTER_BOUND('',#7676,.F.);
#7678=ADVANCED_FACE('',(#7677),#7668,.F.);
#7679=CARTESIAN_POINT('',(-3.868468168034E1,5.16287E0,1.6453E1));
#7680=DIRECTION('',(0.E0,0.E0,-1.E0));
#7681=DIRECTION('',(-1.E0,0.E0,0.E0));
#7682=AXIS2_PLACEMENT_3D('',#7679,#7680,#7681);
#7683=PLANE('',#7682);
#7685=ORIENTED_EDGE('',*,*,#7684,.F.);
#7686=ORIENTED_EDGE('',*,*,#7579,.T.);
#7687=ORIENTED_EDGE('',*,*,#7674,.T.);
#7688=ORIENTED_EDGE('',*,*,#7659,.F.);
#7689=EDGE_LOOP('',(#7685,#7686,#7687,#7688));
#7690=FACE_OUTER_BOUND('',#7689,.F.);
#7691=ADVANCED_FACE('',(#7690),#7683,.F.);
#7692=CARTESIAN_POINT('',(-3.8126734E1,6.098628E0,1.6253E1));
#7693=DIRECTION('',(-7.071067811865E-1,0.E0,-7.071067811865E-1));
#7694=DIRECTION('',(-7.071067811865E-1,0.E0,7.071067811865E-1));
#7695=AXIS2_PLACEMENT_3D('',#7692,#7693,#7694);
#7696=PLANE('',#7695);
#7698=ORIENTED_EDGE('',*,*,#7697,.T.);
#7699=ORIENTED_EDGE('',*,*,#7548,.F.);
#7700=ORIENTED_EDGE('',*,*,#7581,.T.);
#7701=ORIENTED_EDGE('',*,*,#7684,.T.);
#7702=ORIENTED_EDGE('',*,*,#7657,.T.);
#7704=ORIENTED_EDGE('',*,*,#7703,.F.);
#7705=EDGE_LOOP('',(#7698,#7699,#7700,#7701,#7702,#7704));
#7706=FACE_OUTER_BOUND('',#7705,.F.);
#7707=ADVANCED_FACE('',(#7706),#7696,.F.);
#7708=CARTESIAN_POINT('',(-3.7926734E1,5.616628E0,1.267299999747E1));
#7709=DIRECTION('',(1.E0,0.E0,0.E0));
#7710=DIRECTION('',(0.E0,-1.E0,0.E0));
#7711=AXIS2_PLACEMENT_3D('',#7708,#7709,#7710);
#7712=PLANE('',#7711);
#7713=ORIENTED_EDGE('',*,*,#6879,.T.);
#7714=ORIENTED_EDGE('',*,*,#7550,.T.);
#7715=ORIENTED_EDGE('',*,*,#7697,.F.);
#7717=ORIENTED_EDGE('',*,*,#7716,.T.);
#7718=EDGE_LOOP('',(#7713,#7714,#7715,#7717));
#7719=FACE_OUTER_BOUND('',#7718,.F.);
#7720=ADVANCED_FACE('',(#7719),#7712,.T.);
#7721=CARTESIAN_POINT('',(-3.8026734E1,6.560628E0,-1.500000025257E-1));
#7722=DIRECTION('',(0.E0,0.E0,1.E0));
#7723=DIRECTION('',(1.E0,0.E0,0.E0));
#7724=AXIS2_PLACEMENT_3D('',#7721,#7722,#7723);
#7725=CYLINDRICAL_SURFACE('',#7724,1.E-1);
#7726=ORIENTED_EDGE('',*,*,#7716,.F.);
#7727=ORIENTED_EDGE('',*,*,#7703,.T.);
#7728=ORIENTED_EDGE('',*,*,#7655,.T.);
#7729=ORIENTED_EDGE('',*,*,#7641,.F.);
#7730=ORIENTED_EDGE('',*,*,#6881,.T.);
#7731=EDGE_LOOP('',(#7726,#7727,#7728,#7729,#7730));
#7732=FACE_OUTER_BOUND('',#7731,.F.);
#7733=ADVANCED_FACE('',(#7732),#7725,.T.);
#7734=CARTESIAN_POINT('',(-2.7553302E1,-6.337199999999E-2,-1.500000025257E-1));
#7735=DIRECTION('',(0.E0,0.E0,1.E0));
#7736=DIRECTION('',(1.E0,0.E0,0.E0));
#7737=AXIS2_PLACEMENT_3D('',#7734,#7735,#7736);
#7738=CYLINDRICAL_SURFACE('',#7737,1.E-1);
#7740=ORIENTED_EDGE('',*,*,#7739,.F.);
#7742=ORIENTED_EDGE('',*,*,#7741,.T.);
#7744=ORIENTED_EDGE('',*,*,#7743,.T.);
#7746=ORIENTED_EDGE('',*,*,#7745,.F.);
#7747=ORIENTED_EDGE('',*,*,#6895,.T.);
#7748=EDGE_LOOP('',(#7740,#7742,#7744,#7746,#7747));
#7749=FACE_OUTER_BOUND('',#7748,.F.);
#7750=ADVANCED_FACE('',(#7749),#7738,.T.);
#7751=CARTESIAN_POINT('',(-2.7653302E1,8.186993923556E-1,1.267299999747E1));
#7752=DIRECTION('',(-1.E0,0.E0,0.E0));
#7753=DIRECTION('',(0.E0,1.E0,0.E0));
#7754=AXIS2_PLACEMENT_3D('',#7751,#7752,#7753);
#7755=PLANE('',#7754);
#7756=ORIENTED_EDGE('',*,*,#7739,.T.);
#7757=ORIENTED_EDGE('',*,*,#6909,.T.);
#7759=ORIENTED_EDGE('',*,*,#7758,.T.);
#7761=ORIENTED_EDGE('',*,*,#7760,.F.);
#7762=EDGE_LOOP('',(#7756,#7757,#7759,#7761));
#7763=FACE_OUTER_BOUND('',#7762,.F.);
#7764=ADVANCED_FACE('',(#7763),#7755,.T.);
#7765=CARTESIAN_POINT('',(-2.7553302E1,8.60628E-1,-1.500000025257E-1));
#7766=DIRECTION('',(0.E0,0.E0,1.E0));
#7767=DIRECTION('',(1.E0,0.E0,0.E0));
#7768=AXIS2_PLACEMENT_3D('',#7765,#7766,#7767);
#7769=CYLINDRICAL_SURFACE('',#7768,1.E-1);
#7771=ORIENTED_EDGE('',*,*,#7770,.F.);
#7773=ORIENTED_EDGE('',*,*,#7772,.T.);
#7775=ORIENTED_EDGE('',*,*,#7774,.T.);
#7776=ORIENTED_EDGE('',*,*,#7758,.F.);
#7777=ORIENTED_EDGE('',*,*,#6907,.T.);
#7778=EDGE_LOOP('',(#7771,#7773,#7775,#7776,#7777));
#7779=FACE_OUTER_BOUND('',#7778,.F.);
#7780=ADVANCED_FACE('',(#7779),#7769,.T.);
#7781=CARTESIAN_POINT('',(-2.6609302E1,9.60628E-1,1.267299999747E1));
#7782=DIRECTION('',(0.E0,1.E0,0.E0));
#7783=DIRECTION('',(1.E0,0.E0,0.E0));
#7784=AXIS2_PLACEMENT_3D('',#7781,#7782,#7783);
#7785=PLANE('',#7784);
#7786=ORIENTED_EDGE('',*,*,#7770,.T.);
#7787=ORIENTED_EDGE('',*,*,#6905,.T.);
#7789=ORIENTED_EDGE('',*,*,#7788,.T.);
#7791=ORIENTED_EDGE('',*,*,#7790,.F.);
#7792=EDGE_LOOP('',(#7786,#7787,#7789,#7791));
#7793=FACE_OUTER_BOUND('',#7792,.F.);
#7794=ADVANCED_FACE('',(#7793),#7785,.T.);
#7795=CARTESIAN_POINT('',(-2.6629302E1,8.60628E-1,-1.500000025257E-1));
#7796=DIRECTION('',(0.E0,0.E0,1.E0));
#7797=DIRECTION('',(1.E0,0.E0,0.E0));
#7798=AXIS2_PLACEMENT_3D('',#7795,#7796,#7797);
#7799=CYLINDRICAL_SURFACE('',#7798,1.E-1);
#7801=ORIENTED_EDGE('',*,*,#7800,.F.);
#7803=ORIENTED_EDGE('',*,*,#7802,.T.);
#7805=ORIENTED_EDGE('',*,*,#7804,.T.);
#7806=ORIENTED_EDGE('',*,*,#7788,.F.);
#7807=ORIENTED_EDGE('',*,*,#6903,.T.);
#7808=EDGE_LOOP('',(#7801,#7803,#7805,#7806,#7807));
#7809=FACE_OUTER_BOUND('',#7808,.F.);
#7810=ADVANCED_FACE('',(#7809),#7799,.T.);
#7811=CARTESIAN_POINT('',(-2.6529302E1,-4.89999E0,2.256500003033E1));
#7812=DIRECTION('',(1.E0,0.E0,0.E0));
#7813=DIRECTION('',(0.E0,0.E0,1.E0));
#7814=AXIS2_PLACEMENT_3D('',#7811,#7812,#7813);
#7815=PLANE('',#7814);
#7816=ORIENTED_EDGE('',*,*,#7800,.T.);
#7817=ORIENTED_EDGE('',*,*,#6901,.T.);
#7819=ORIENTED_EDGE('',*,*,#7818,.T.);
#7821=ORIENTED_EDGE('',*,*,#7820,.F.);
#7822=EDGE_LOOP('',(#7816,#7817,#7819,#7821));
#7823=FACE_OUTER_BOUND('',#7822,.F.);
#7824=ADVANCED_FACE('',(#7823),#7815,.T.);
#7825=CARTESIAN_POINT('',(-2.6629302E1,-6.337199999999E-2,-1.500000025257E-1));
#7826=DIRECTION('',(0.E0,0.E0,1.E0));
#7827=DIRECTION('',(1.E0,0.E0,0.E0));
#7828=AXIS2_PLACEMENT_3D('',#7825,#7826,#7827);
#7829=CYLINDRICAL_SURFACE('',#7828,1.E-1);
#7831=ORIENTED_EDGE('',*,*,#7830,.F.);
#7833=ORIENTED_EDGE('',*,*,#7832,.T.);
#7835=ORIENTED_EDGE('',*,*,#7834,.T.);
#7836=ORIENTED_EDGE('',*,*,#7818,.F.);
#7837=ORIENTED_EDGE('',*,*,#6899,.T.);
#7838=EDGE_LOOP('',(#7831,#7833,#7835,#7836,#7837));
#7839=FACE_OUTER_BOUND('',#7838,.F.);
#7840=ADVANCED_FACE('',(#7839),#7829,.T.);
#7841=CARTESIAN_POINT('',(-2.6609302E1,-1.63372E-1,8.972999997474E0));
#7842=DIRECTION('',(0.E0,-1.E0,0.E0));
#7843=DIRECTION('',(1.E0,0.E0,0.E0));
#7844=AXIS2_PLACEMENT_3D('',#7841,#7842,#7843);
#7845=PLANE('',#7844);
#7846=ORIENTED_EDGE('',*,*,#7830,.T.);
#7847=ORIENTED_EDGE('',*,*,#6897,.T.);
#7848=ORIENTED_EDGE('',*,*,#7745,.T.);
#7850=ORIENTED_EDGE('',*,*,#7849,.F.);
#7851=EDGE_LOOP('',(#7846,#7847,#7848,#7850));
#7852=FACE_OUTER_BOUND('',#7851,.F.);
#7853=ADVANCED_FACE('',(#7852),#7845,.T.);
#7854=CARTESIAN_POINT('',(-2.7091302E1,3.662800000001E-2,1.6253E1));
#7855=DIRECTION('',(0.E0,7.071067811865E-1,-7.071067811865E-1));
#7856=DIRECTION('',(0.E0,7.071067811865E-1,7.071067811865E-1));
#7857=AXIS2_PLACEMENT_3D('',#7854,#7855,#7856);
#7858=PLANE('',#7857);
#7859=ORIENTED_EDGE('',*,*,#7849,.T.);
#7860=ORIENTED_EDGE('',*,*,#7743,.F.);
#7862=ORIENTED_EDGE('',*,*,#7861,.F.);
#7864=ORIENTED_EDGE('',*,*,#7863,.F.);
#7866=ORIENTED_EDGE('',*,*,#7865,.T.);
#7867=ORIENTED_EDGE('',*,*,#7832,.F.);
#7868=EDGE_LOOP('',(#7859,#7860,#7862,#7864,#7866,#7867));
#7869=FACE_OUTER_BOUND('',#7868,.F.);
#7870=ADVANCED_FACE('',(#7869),#7858,.F.);
#7871=CARTESIAN_POINT('',(-2.7453302E1,3.98628E-1,1.6253E1));
#7872=DIRECTION('',(7.071067811865E-1,0.E0,-7.071067811865E-1));
#7873=DIRECTION('',(7.071067811865E-1,0.E0,7.071067811865E-1));
#7874=AXIS2_PLACEMENT_3D('',#7871,#7872,#7873);
#7875=PLANE('',#7874);
#7876=ORIENTED_EDGE('',*,*,#7760,.T.);
#7877=ORIENTED_EDGE('',*,*,#7774,.F.);
#7879=ORIENTED_EDGE('',*,*,#7878,.F.);
#7881=ORIENTED_EDGE('',*,*,#7880,.F.);
#7882=ORIENTED_EDGE('',*,*,#7861,.T.);
#7883=ORIENTED_EDGE('',*,*,#7741,.F.);
#7884=EDGE_LOOP('',(#7876,#7877,#7879,#7881,#7882,#7883));
#7885=FACE_OUTER_BOUND('',#7884,.F.);
#7886=ADVANCED_FACE('',(#7885),#7875,.F.);
#7887=CARTESIAN_POINT('',(-2.7091302E1,7.60628E-1,1.6253E1));
#7888=DIRECTION('',(0.E0,-7.071067811865E-1,-7.071067811865E-1));
#7889=DIRECTION('',(0.E0,-7.071067811865E-1,7.071067811865E-1));
#7890=AXIS2_PLACEMENT_3D('',#7887,#7888,#7889);
#7891=PLANE('',#7890);
#7892=ORIENTED_EDGE('',*,*,#7790,.T.);
#7893=ORIENTED_EDGE('',*,*,#7804,.F.);
#7895=ORIENTED_EDGE('',*,*,#7894,.T.);
#7897=ORIENTED_EDGE('',*,*,#7896,.F.);
#7898=ORIENTED_EDGE('',*,*,#7878,.T.);
#7899=ORIENTED_EDGE('',*,*,#7772,.F.);
#7900=EDGE_LOOP('',(#7892,#7893,#7895,#7897,#7898,#7899));
#7901=FACE_OUTER_BOUND('',#7900,.F.);
#7902=ADVANCED_FACE('',(#7901),#7891,.F.);
#7903=CARTESIAN_POINT('',(-2.6729302E1,3.98628E-1,1.6253E1));
#7904=DIRECTION('',(-7.071067811865E-1,0.E0,-7.071067811865E-1));
#7905=DIRECTION('',(-7.071067811865E-1,0.E0,7.071067811865E-1));
#7906=AXIS2_PLACEMENT_3D('',#7903,#7904,#7905);
#7907=PLANE('',#7906);
#7908=ORIENTED_EDGE('',*,*,#7820,.T.);
#7909=ORIENTED_EDGE('',*,*,#7834,.F.);
#7910=ORIENTED_EDGE('',*,*,#7865,.F.);
#7912=ORIENTED_EDGE('',*,*,#7911,.F.);
#7913=ORIENTED_EDGE('',*,*,#7894,.F.);
#7914=ORIENTED_EDGE('',*,*,#7802,.F.);
#7915=EDGE_LOOP('',(#7908,#7909,#7910,#7912,#7913,#7914));
#7916=FACE_OUTER_BOUND('',#7915,.F.);
#7917=ADVANCED_FACE('',(#7916),#7907,.F.);
#7918=CARTESIAN_POINT('',(-2.728468168034E1,-4.5463E-1,1.6453E1));
#7919=DIRECTION('',(0.E0,0.E0,-1.E0));
#7920=DIRECTION('',(-1.E0,0.E0,0.E0));
#7921=AXIS2_PLACEMENT_3D('',#7918,#7919,#7920);
#7922=PLANE('',#7921);
#7923=ORIENTED_EDGE('',*,*,#7896,.T.);
#7924=ORIENTED_EDGE('',*,*,#7911,.T.);
#7925=ORIENTED_EDGE('',*,*,#7863,.T.);
#7926=ORIENTED_EDGE('',*,*,#7880,.T.);
#7927=EDGE_LOOP('',(#7923,#7924,#7925,#7926));
#7928=FACE_OUTER_BOUND('',#7927,.F.);
#7929=ADVANCED_FACE('',(#7928),#7922,.F.);
#7930=CARTESIAN_POINT('',(-2.7550734E1,5.636628E0,-1.500000025257E-1));
#7931=DIRECTION('',(0.E0,0.E0,1.E0));
#7932=DIRECTION('',(1.E0,0.E0,0.E0));
#7933=AXIS2_PLACEMENT_3D('',#7930,#7931,#7932);
#7934=CYLINDRICAL_SURFACE('',#7933,1.E-1);
#7935=ORIENTED_EDGE('',*,*,#6913,.T.);
#7937=ORIENTED_EDGE('',*,*,#7936,.F.);
#7939=ORIENTED_EDGE('',*,*,#7938,.T.);
#7941=ORIENTED_EDGE('',*,*,#7940,.T.);
#7943=ORIENTED_EDGE('',*,*,#7942,.F.);
#7944=EDGE_LOOP('',(#7935,#7937,#7939,#7941,#7943));
#7945=FACE_OUTER_BOUND('',#7944,.F.);
#7946=ADVANCED_FACE('',(#7945),#7934,.T.);
#7947=CARTESIAN_POINT('',(-2.7650734E1,6.580628E0,1.267299999747E1));
#7948=DIRECTION('',(-1.E0,0.E0,0.E0));
#7949=DIRECTION('',(0.E0,1.E0,0.E0));
#7950=AXIS2_PLACEMENT_3D('',#7947,#7948,#7949);
#7951=PLANE('',#7950);
#7953=ORIENTED_EDGE('',*,*,#7952,.F.);
#7954=ORIENTED_EDGE('',*,*,#7936,.T.);
#7955=ORIENTED_EDGE('',*,*,#6927,.T.);
#7957=ORIENTED_EDGE('',*,*,#7956,.T.);
#7958=EDGE_LOOP('',(#7953,#7954,#7955,#7957));
#7959=FACE_OUTER_BOUND('',#7958,.F.);
#7960=ADVANCED_FACE('',(#7959),#7951,.T.);
#7961=CARTESIAN_POINT('',(-2.7450734E1,6.098628E0,1.6253E1));
#7962=DIRECTION('',(7.071067811865E-1,0.E0,-7.071067811865E-1));
#7963=DIRECTION('',(7.071067811865E-1,0.E0,7.071067811865E-1));
#7964=AXIS2_PLACEMENT_3D('',#7961,#7962,#7963);
#7965=PLANE('',#7964);
#7966=ORIENTED_EDGE('',*,*,#7952,.T.);
#7968=ORIENTED_EDGE('',*,*,#7967,.F.);
#7970=ORIENTED_EDGE('',*,*,#7969,.T.);
#7972=ORIENTED_EDGE('',*,*,#7971,.F.);
#7974=ORIENTED_EDGE('',*,*,#7973,.F.);
#7975=ORIENTED_EDGE('',*,*,#7938,.F.);
#7976=EDGE_LOOP('',(#7966,#7968,#7970,#7972,#7974,#7975));
#7977=FACE_OUTER_BOUND('',#7976,.F.);
#7978=ADVANCED_FACE('',(#7977),#7965,.F.);
#7979=CARTESIAN_POINT('',(-2.7550734E1,6.560628E0,-1.500000025257E-1));
#7980=DIRECTION('',(0.E0,0.E0,-1.E0));
#7981=DIRECTION('',(-1.E0,0.E0,0.E0));
#7982=AXIS2_PLACEMENT_3D('',#7979,#7980,#7981);
#7983=CYLINDRICAL_SURFACE('',#7982,1.E-1);
#7984=ORIENTED_EDGE('',*,*,#6925,.T.);
#7986=ORIENTED_EDGE('',*,*,#7985,.F.);
#7988=ORIENTED_EDGE('',*,*,#7987,.T.);
#7989=ORIENTED_EDGE('',*,*,#7967,.T.);
#7990=ORIENTED_EDGE('',*,*,#7956,.F.);
#7991=EDGE_LOOP('',(#7984,#7986,#7988,#7989,#7990));
#7992=FACE_OUTER_BOUND('',#7991,.F.);
#7993=ADVANCED_FACE('',(#7992),#7983,.T.);
#7994=CARTESIAN_POINT('',(-2.696599750103E1,6.660628E0,2.162134859331E1));
#7995=DIRECTION('',(0.E0,1.E0,0.E0));
#7996=DIRECTION('',(-1.E0,0.E0,0.E0));
#7997=AXIS2_PLACEMENT_3D('',#7994,#7995,#7996);
#7998=PLANE('',#7997);
#8000=ORIENTED_EDGE('',*,*,#7999,.F.);
#8001=ORIENTED_EDGE('',*,*,#7985,.T.);
#8002=ORIENTED_EDGE('',*,*,#6923,.T.);
#8004=ORIENTED_EDGE('',*,*,#8003,.T.);
#8005=EDGE_LOOP('',(#8000,#8001,#8002,#8004));
#8006=FACE_OUTER_BOUND('',#8005,.F.);
#8007=ADVANCED_FACE('',(#8006),#7998,.T.);
#8008=CARTESIAN_POINT('',(-2.7088734E1,6.460628E0,1.6253E1));
#8009=DIRECTION('',(0.E0,-7.071067811865E-1,-7.071067811865E-1));
#8010=DIRECTION('',(0.E0,-7.071067811865E-1,7.071067811865E-1));
#8011=AXIS2_PLACEMENT_3D('',#8008,#8009,#8010);
#8012=PLANE('',#8011);
#8013=ORIENTED_EDGE('',*,*,#7999,.T.);
#8015=ORIENTED_EDGE('',*,*,#8014,.F.);
#8017=ORIENTED_EDGE('',*,*,#8016,.T.);
#8019=ORIENTED_EDGE('',*,*,#8018,.F.);
#8020=ORIENTED_EDGE('',*,*,#7969,.F.);
#8021=ORIENTED_EDGE('',*,*,#7987,.F.);
#8022=EDGE_LOOP('',(#8013,#8015,#8017,#8019,#8020,#8021));
#8023=FACE_OUTER_BOUND('',#8022,.F.);
#8024=ADVANCED_FACE('',(#8023),#8012,.F.);
#8025=CARTESIAN_POINT('',(-2.6626734E1,6.560628E0,-1.500000025257E-1));
#8026=DIRECTION('',(0.E0,0.E0,1.E0));
#8027=DIRECTION('',(1.E0,0.E0,0.E0));
#8028=AXIS2_PLACEMENT_3D('',#8025,#8026,#8027);
#8029=CYLINDRICAL_SURFACE('',#8028,1.E-1);
#8031=ORIENTED_EDGE('',*,*,#8030,.F.);
#8033=ORIENTED_EDGE('',*,*,#8032,.T.);
#8034=ORIENTED_EDGE('',*,*,#8014,.T.);
#8035=ORIENTED_EDGE('',*,*,#8003,.F.);
#8036=ORIENTED_EDGE('',*,*,#6921,.T.);
#8037=EDGE_LOOP('',(#8031,#8033,#8034,#8035,#8036));
#8038=FACE_OUTER_BOUND('',#8037,.F.);
#8039=ADVANCED_FACE('',(#8038),#8029,.T.);
#8040=CARTESIAN_POINT('',(-2.6526734E1,5.616628E0,1.267299999747E1));
#8041=DIRECTION('',(1.E0,0.E0,0.E0));
#8042=DIRECTION('',(0.E0,-1.E0,0.E0));
#8043=AXIS2_PLACEMENT_3D('',#8040,#8041,#8042);
#8044=PLANE('',#8043);
#8046=ORIENTED_EDGE('',*,*,#8045,.F.);
#8047=ORIENTED_EDGE('',*,*,#8030,.T.);
#8048=ORIENTED_EDGE('',*,*,#6919,.T.);
#8050=ORIENTED_EDGE('',*,*,#8049,.T.);
#8051=EDGE_LOOP('',(#8046,#8047,#8048,#8050));
#8052=FACE_OUTER_BOUND('',#8051,.F.);
#8053=ADVANCED_FACE('',(#8052),#8044,.T.);
#8054=CARTESIAN_POINT('',(-2.6726734E1,6.098628E0,1.6253E1));
#8055=DIRECTION('',(-7.071067811865E-1,0.E0,-7.071067811865E-1));
#8056=DIRECTION('',(-7.071067811865E-1,0.E0,7.071067811865E-1));
#8057=AXIS2_PLACEMENT_3D('',#8054,#8055,#8056);
#8058=PLANE('',#8057);
#8059=ORIENTED_EDGE('',*,*,#8045,.T.);
#8061=ORIENTED_EDGE('',*,*,#8060,.F.);
#8063=ORIENTED_EDGE('',*,*,#8062,.F.);
#8065=ORIENTED_EDGE('',*,*,#8064,.F.);
#8066=ORIENTED_EDGE('',*,*,#8016,.F.);
#8067=ORIENTED_EDGE('',*,*,#8032,.F.);
#8068=EDGE_LOOP('',(#8059,#8061,#8063,#8065,#8066,#8067));
#8069=FACE_OUTER_BOUND('',#8068,.F.);
#8070=ADVANCED_FACE('',(#8069),#8058,.F.);
#8071=CARTESIAN_POINT('',(-2.6626734E1,5.636628E0,-1.500000025257E-1));
#8072=DIRECTION('',(0.E0,0.E0,-1.E0));
#8073=DIRECTION('',(-1.E0,0.E0,0.E0));
#8074=AXIS2_PLACEMENT_3D('',#8071,#8072,#8073);
#8075=CYLINDRICAL_SURFACE('',#8074,1.E-1);
#8076=ORIENTED_EDGE('',*,*,#6917,.T.);
#8078=ORIENTED_EDGE('',*,*,#8077,.F.);
#8080=ORIENTED_EDGE('',*,*,#8079,.T.);
#8081=ORIENTED_EDGE('',*,*,#8060,.T.);
#8082=ORIENTED_EDGE('',*,*,#8049,.F.);
#8083=EDGE_LOOP('',(#8076,#8078,#8080,#8081,#8082));
#8084=FACE_OUTER_BOUND('',#8083,.F.);
#8085=ADVANCED_FACE('',(#8084),#8075,.T.);
#8086=CARTESIAN_POINT('',(-2.6503734E1,5.536628E0,2.068100003033E1));
#8087=DIRECTION('',(0.E0,-1.E0,0.E0));
#8088=DIRECTION('',(0.E0,0.E0,-1.E0));
#8089=AXIS2_PLACEMENT_3D('',#8086,#8087,#8088);
#8090=PLANE('',#8089);
#8092=ORIENTED_EDGE('',*,*,#8091,.F.);
#8093=ORIENTED_EDGE('',*,*,#8077,.T.);
#8094=ORIENTED_EDGE('',*,*,#6915,.T.);
#8095=ORIENTED_EDGE('',*,*,#7942,.T.);
#8096=EDGE_LOOP('',(#8092,#8093,#8094,#8095));
#8097=FACE_OUTER_BOUND('',#8096,.F.);
#8098=ADVANCED_FACE('',(#8097),#8090,.T.);
#8099=CARTESIAN_POINT('',(-2.7088734E1,5.736628E0,1.6253E1));
#8100=DIRECTION('',(0.E0,7.071067811865E-1,-7.071067811865E-1));
#8101=DIRECTION('',(0.E0,7.071067811865E-1,7.071067811865E-1));
#8102=AXIS2_PLACEMENT_3D('',#8099,#8100,#8101);
#8103=PLANE('',#8102);
#8104=ORIENTED_EDGE('',*,*,#8091,.T.);
#8105=ORIENTED_EDGE('',*,*,#7940,.F.);
#8106=ORIENTED_EDGE('',*,*,#7973,.T.);
#8108=ORIENTED_EDGE('',*,*,#8107,.F.);
#8109=ORIENTED_EDGE('',*,*,#8062,.T.);
#8110=ORIENTED_EDGE('',*,*,#8079,.F.);
#8111=EDGE_LOOP('',(#8104,#8105,#8106,#8108,#8109,#8110));
#8112=FACE_OUTER_BOUND('',#8111,.F.);
#8113=ADVANCED_FACE('',(#8112),#8103,.F.);
#8114=CARTESIAN_POINT('',(-2.728468168034E1,5.16287E0,1.6453E1));
#8115=DIRECTION('',(0.E0,0.E0,-1.E0));
#8116=DIRECTION('',(-1.E0,0.E0,0.E0));
#8117=AXIS2_PLACEMENT_3D('',#8114,#8115,#8116);
#8118=PLANE('',#8117);
#8119=ORIENTED_EDGE('',*,*,#8107,.T.);
#8120=ORIENTED_EDGE('',*,*,#7971,.T.);
#8121=ORIENTED_EDGE('',*,*,#8018,.T.);
#8122=ORIENTED_EDGE('',*,*,#8064,.T.);
#8123=EDGE_LOOP('',(#8119,#8120,#8121,#8122));
#8124=FACE_OUTER_BOUND('',#8123,.F.);
#8125=ADVANCED_FACE('',(#8124),#8118,.F.);
#8126=CARTESIAN_POINT('',(-4.166373384354E1,7.565049356208E0,1.2673E1));
#8127=DIRECTION('',(0.E0,-1.E0,0.E0));
#8128=DIRECTION('',(1.E0,0.E0,0.E0));
#8129=AXIS2_PLACEMENT_3D('',#8126,#8127,#8128);
#8130=PLANE('',#8129);
#8131=ORIENTED_EDGE('',*,*,#6482,.T.);
#8132=ORIENTED_EDGE('',*,*,#6365,.T.);
#8134=ORIENTED_EDGE('',*,*,#8133,.F.);
#8135=ORIENTED_EDGE('',*,*,#6801,.F.);
#8136=EDGE_LOOP('',(#8131,#8132,#8134,#8135));
#8137=FACE_OUTER_BOUND('',#8136,.F.);
#8138=ADVANCED_FACE('',(#8137),#8130,.T.);
#8139=CARTESIAN_POINT('',(-4.061373384354E1,7.565049356208E0,1.2673E1));
#8140=DIRECTION('',(1.E0,0.E0,0.E0));
#8141=DIRECTION('',(0.E0,1.E0,0.E0));
#8142=AXIS2_PLACEMENT_3D('',#8139,#8140,#8141);
#8143=PLANE('',#8142);
#8144=ORIENTED_EDGE('',*,*,#8133,.T.);
#8145=ORIENTED_EDGE('',*,*,#6363,.T.);
#8147=ORIENTED_EDGE('',*,*,#8146,.F.);
#8148=ORIENTED_EDGE('',*,*,#6803,.F.);
#8149=EDGE_LOOP('',(#8144,#8145,#8147,#8148));
#8150=FACE_OUTER_BOUND('',#8149,.F.);
#8151=ADVANCED_FACE('',(#8150),#8143,.T.);
#8152=CARTESIAN_POINT('',(-4.061373384354E1,8.224049356208E0,1.2673E1));
#8153=DIRECTION('',(0.E0,-1.E0,0.E0));
#8154=DIRECTION('',(1.E0,0.E0,0.E0));
#8155=AXIS2_PLACEMENT_3D('',#8152,#8153,#8154);
#8156=PLANE('',#8155);
#8157=ORIENTED_EDGE('',*,*,#8146,.T.);
#8158=ORIENTED_EDGE('',*,*,#6361,.T.);
#8160=ORIENTED_EDGE('',*,*,#8159,.F.);
#8161=ORIENTED_EDGE('',*,*,#6805,.F.);
#8162=EDGE_LOOP('',(#8157,#8158,#8160,#8161));
#8163=FACE_OUTER_BOUND('',#8162,.F.);
#8164=ADVANCED_FACE('',(#8163),#8156,.T.);
#8165=CARTESIAN_POINT('',(-4.000563384354E1,8.224049356208E0,1.2673E1));
#8166=DIRECTION('',(1.E0,0.E0,0.E0));
#8167=DIRECTION('',(0.E0,1.E0,0.E0));
#8168=AXIS2_PLACEMENT_3D('',#8165,#8166,#8167);
#8169=PLANE('',#8168);
#8170=ORIENTED_EDGE('',*,*,#8159,.T.);
#8171=ORIENTED_EDGE('',*,*,#6359,.T.);
#8172=ORIENTED_EDGE('',*,*,#5197,.F.);
#8173=ORIENTED_EDGE('',*,*,#6807,.T.);
#8174=EDGE_LOOP('',(#8170,#8171,#8172,#8173));
#8175=FACE_OUTER_BOUND('',#8174,.F.);
#8176=ADVANCED_FACE('',(#8175),#8169,.T.);
#8177=CARTESIAN_POINT('',(-2.557183384354E1,9.565049356208E0,1.2673E1));
#8178=DIRECTION('',(-1.E0,0.E0,0.E0));
#8179=DIRECTION('',(0.E0,-1.E0,0.E0));
#8180=AXIS2_PLACEMENT_3D('',#8177,#8178,#8179);
#8181=PLANE('',#8180);
#8182=ORIENTED_EDGE('',*,*,#5193,.T.);
#8183=ORIENTED_EDGE('',*,*,#6448,.T.);
#8185=ORIENTED_EDGE('',*,*,#8184,.F.);
#8186=ORIENTED_EDGE('',*,*,#6810,.F.);
#8187=EDGE_LOOP('',(#8182,#8183,#8185,#8186));
#8188=FACE_OUTER_BOUND('',#8187,.F.);
#8189=ADVANCED_FACE('',(#8188),#8181,.T.);
#8190=CARTESIAN_POINT('',(-2.557183384354E1,8.224049356208E0,1.2673E1));
#8191=DIRECTION('',(0.E0,-1.E0,0.E0));
#8192=DIRECTION('',(1.E0,0.E0,0.E0));
#8193=AXIS2_PLACEMENT_3D('',#8190,#8191,#8192);
#8194=PLANE('',#8193);
#8195=ORIENTED_EDGE('',*,*,#8184,.T.);
#8196=ORIENTED_EDGE('',*,*,#6446,.T.);
#8198=ORIENTED_EDGE('',*,*,#8197,.F.);
#8199=ORIENTED_EDGE('',*,*,#6812,.F.);
#8200=EDGE_LOOP('',(#8195,#8196,#8198,#8199));
#8201=FACE_OUTER_BOUND('',#8200,.F.);
#8202=ADVANCED_FACE('',(#8201),#8194,.T.);
#8203=CARTESIAN_POINT('',(-2.496373384354E1,8.224049356208E0,1.2673E1));
#8204=DIRECTION('',(-1.E0,0.E0,0.E0));
#8205=DIRECTION('',(0.E0,-1.E0,0.E0));
#8206=AXIS2_PLACEMENT_3D('',#8203,#8204,#8205);
#8207=PLANE('',#8206);
#8208=ORIENTED_EDGE('',*,*,#8197,.T.);
#8209=ORIENTED_EDGE('',*,*,#6444,.T.);
#8211=ORIENTED_EDGE('',*,*,#8210,.F.);
#8212=ORIENTED_EDGE('',*,*,#6814,.F.);
#8213=EDGE_LOOP('',(#8208,#8209,#8211,#8212));
#8214=FACE_OUTER_BOUND('',#8213,.F.);
#8215=ADVANCED_FACE('',(#8214),#8207,.T.);
#8216=CARTESIAN_POINT('',(-2.496373384354E1,7.565049356208E0,1.2673E1));
#8217=DIRECTION('',(0.E0,-1.E0,0.E0));
#8218=DIRECTION('',(1.E0,0.E0,0.E0));
#8219=AXIS2_PLACEMENT_3D('',#8216,#8217,#8218);
#8220=PLANE('',#8219);
#8221=ORIENTED_EDGE('',*,*,#8210,.T.);
#8222=ORIENTED_EDGE('',*,*,#6442,.T.);
#8224=ORIENTED_EDGE('',*,*,#8223,.F.);
#8225=ORIENTED_EDGE('',*,*,#6816,.T.);
#8226=EDGE_LOOP('',(#8221,#8222,#8224,#8225));
#8227=FACE_OUTER_BOUND('',#8226,.F.);
#8228=ADVANCED_FACE('',(#8227),#8220,.T.);
#8229=CARTESIAN_POINT('',(-2.391373384354E1,9.565049356208E0,
-1.612700003284E1));
#8230=DIRECTION('',(-1.E0,0.E0,0.E0));
#8231=DIRECTION('',(0.E0,-1.E0,0.E0));
#8232=AXIS2_PLACEMENT_3D('',#8229,#8230,#8231);
#8233=PLANE('',#8232);
#8234=ORIENTED_EDGE('',*,*,#6440,.T.);
#8235=ORIENTED_EDGE('',*,*,#6426,.T.);
#8237=ORIENTED_EDGE('',*,*,#8236,.F.);
#8238=ORIENTED_EDGE('',*,*,#5106,.T.);
#8240=ORIENTED_EDGE('',*,*,#8239,.F.);
#8241=ORIENTED_EDGE('',*,*,#6411,.T.);
#8243=ORIENTED_EDGE('',*,*,#8242,.F.);
#8244=ORIENTED_EDGE('',*,*,#6818,.T.);
#8245=ORIENTED_EDGE('',*,*,#8223,.T.);
#8246=EDGE_LOOP('',(#8234,#8235,#8237,#8238,#8240,#8241,#8243,#8244,#8245));
#8247=FACE_OUTER_BOUND('',#8246,.F.);
#8248=ADVANCED_FACE('',(#8247),#8233,.F.);
#8249=CARTESIAN_POINT('',(-2.441373384354E1,9.065049356208E0,0.E0));
#8250=DIRECTION('',(0.E0,0.E0,1.E0));
#8251=DIRECTION('',(1.E0,0.E0,0.E0));
#8252=AXIS2_PLACEMENT_3D('',#8249,#8250,#8251);
#8253=CYLINDRICAL_SURFACE('',#8252,5.E-1);
#8254=ORIENTED_EDGE('',*,*,#8236,.T.);
#8255=ORIENTED_EDGE('',*,*,#6424,.T.);
#8256=ORIENTED_EDGE('',*,*,#5211,.T.);
#8257=ORIENTED_EDGE('',*,*,#5108,.T.);
#8258=EDGE_LOOP('',(#8254,#8255,#8256,#8257));
#8259=FACE_OUTER_BOUND('',#8258,.F.);
#8260=ADVANCED_FACE('',(#8259),#8253,.T.);
#8261=CARTESIAN_POINT('',(-2.441373384354E1,-2.419327575333E0,0.E0));
#8262=DIRECTION('',(0.E0,0.E0,1.E0));
#8263=DIRECTION('',(1.E0,0.E0,0.E0));
#8264=AXIS2_PLACEMENT_3D('',#8261,#8262,#8263);
#8265=CYLINDRICAL_SURFACE('',#8264,5.E-1);
#8267=ORIENTED_EDGE('',*,*,#8266,.T.);
#8268=ORIENTED_EDGE('',*,*,#6399,.T.);
#8269=ORIENTED_EDGE('',*,*,#8239,.T.);
#8270=ORIENTED_EDGE('',*,*,#5104,.T.);
#8271=EDGE_LOOP('',(#8267,#8268,#8269,#8270));
#8272=FACE_OUTER_BOUND('',#8271,.F.);
#8273=ADVANCED_FACE('',(#8272),#8265,.T.);
#8274=CARTESIAN_POINT('',(-3.011407574144E1,-2.919327575333E0,1.2343E1));
#8275=DIRECTION('',(0.E0,-1.E0,0.E0));
#8276=DIRECTION('',(-1.E0,0.E0,0.E0));
#8277=AXIS2_PLACEMENT_3D('',#8274,#8275,#8276);
#8278=PLANE('',#8277);
#8279=ORIENTED_EDGE('',*,*,#6828,.F.);
#8281=ORIENTED_EDGE('',*,*,#8280,.T.);
#8282=ORIENTED_EDGE('',*,*,#6401,.T.);
#8283=ORIENTED_EDGE('',*,*,#8266,.F.);
#8284=ORIENTED_EDGE('',*,*,#5102,.F.);
#8286=ORIENTED_EDGE('',*,*,#8285,.F.);
#8287=ORIENTED_EDGE('',*,*,#6377,.T.);
#8289=ORIENTED_EDGE('',*,*,#8288,.F.);
#8290=EDGE_LOOP('',(#8279,#8281,#8282,#8283,#8284,#8286,#8287,#8289));
#8291=FACE_OUTER_BOUND('',#8290,.F.);
#8292=ADVANCED_FACE('',(#8291),#8278,.T.);
#8293=CARTESIAN_POINT('',(-2.557183384354E1,-1.578327575333E0,1.2673E1));
#8294=DIRECTION('',(-1.E0,0.E0,0.E0));
#8295=DIRECTION('',(0.E0,-1.E0,0.E0));
#8296=AXIS2_PLACEMENT_3D('',#8293,#8294,#8295);
#8297=PLANE('',#8296);
#8299=ORIENTED_EDGE('',*,*,#8298,.T.);
#8300=ORIENTED_EDGE('',*,*,#6403,.T.);
#8301=ORIENTED_EDGE('',*,*,#8280,.F.);
#8302=ORIENTED_EDGE('',*,*,#6826,.T.);
#8303=EDGE_LOOP('',(#8299,#8300,#8301,#8302));
#8304=FACE_OUTER_BOUND('',#8303,.F.);
#8305=ADVANCED_FACE('',(#8304),#8297,.T.);
#8306=CARTESIAN_POINT('',(-2.496373384354E1,-1.578327575333E0,1.2673E1));
#8307=DIRECTION('',(0.E0,1.E0,0.E0));
#8308=DIRECTION('',(-1.E0,0.E0,0.E0));
#8309=AXIS2_PLACEMENT_3D('',#8306,#8307,#8308);
#8310=PLANE('',#8309);
#8312=ORIENTED_EDGE('',*,*,#8311,.T.);
#8313=ORIENTED_EDGE('',*,*,#6405,.T.);
#8314=ORIENTED_EDGE('',*,*,#8298,.F.);
#8315=ORIENTED_EDGE('',*,*,#6824,.F.);
#8316=EDGE_LOOP('',(#8312,#8313,#8314,#8315));
#8317=FACE_OUTER_BOUND('',#8316,.F.);
#8318=ADVANCED_FACE('',(#8317),#8310,.T.);
#8319=CARTESIAN_POINT('',(-2.496373384354E1,-9.193275753330E-1,1.2673E1));
#8320=DIRECTION('',(-1.E0,0.E0,0.E0));
#8321=DIRECTION('',(0.E0,-1.E0,0.E0));
#8322=AXIS2_PLACEMENT_3D('',#8319,#8320,#8321);
#8323=PLANE('',#8322);
#8325=ORIENTED_EDGE('',*,*,#8324,.T.);
#8326=ORIENTED_EDGE('',*,*,#6407,.T.);
#8327=ORIENTED_EDGE('',*,*,#8311,.F.);
#8328=ORIENTED_EDGE('',*,*,#6822,.F.);
#8329=EDGE_LOOP('',(#8325,#8326,#8327,#8328));
#8330=FACE_OUTER_BOUND('',#8329,.F.);
#8331=ADVANCED_FACE('',(#8330),#8323,.T.);
#8332=CARTESIAN_POINT('',(-2.391373384354E1,-9.193275753330E-1,1.2673E1));
#8333=DIRECTION('',(0.E0,1.E0,0.E0));
#8334=DIRECTION('',(-1.E0,0.E0,0.E0));
#8335=AXIS2_PLACEMENT_3D('',#8332,#8333,#8334);
#8336=PLANE('',#8335);
#8337=ORIENTED_EDGE('',*,*,#8242,.T.);
#8338=ORIENTED_EDGE('',*,*,#6409,.T.);
#8339=ORIENTED_EDGE('',*,*,#8324,.F.);
#8340=ORIENTED_EDGE('',*,*,#6820,.F.);
#8341=EDGE_LOOP('',(#8337,#8338,#8339,#8340));
#8342=FACE_OUTER_BOUND('',#8341,.F.);
#8343=ADVANCED_FACE('',(#8342),#8336,.T.);
#8344=CARTESIAN_POINT('',(-4.116373384354E1,-2.419327575333E0,0.E0));
#8345=DIRECTION('',(0.E0,0.E0,-1.E0));
#8346=DIRECTION('',(-1.E0,0.E0,0.E0));
#8347=AXIS2_PLACEMENT_3D('',#8344,#8345,#8346);
#8348=CYLINDRICAL_SURFACE('',#8347,5.E-1);
#8349=ORIENTED_EDGE('',*,*,#6477,.T.);
#8350=ORIENTED_EDGE('',*,*,#6379,.T.);
#8351=ORIENTED_EDGE('',*,*,#8285,.T.);
#8352=ORIENTED_EDGE('',*,*,#5100,.T.);
#8353=EDGE_LOOP('',(#8349,#8350,#8351,#8352));
#8354=FACE_OUTER_BOUND('',#8353,.F.);
#8355=ADVANCED_FACE('',(#8354),#8348,.T.);
#8356=CARTESIAN_POINT('',(-4.000563384354E1,-2.919327575333E0,1.2673E1));
#8357=DIRECTION('',(1.E0,0.E0,0.E0));
#8358=DIRECTION('',(0.E0,1.E0,0.E0));
#8359=AXIS2_PLACEMENT_3D('',#8356,#8357,#8358);
#8360=PLANE('',#8359);
#8361=ORIENTED_EDGE('',*,*,#8288,.T.);
#8362=ORIENTED_EDGE('',*,*,#6389,.T.);
#8364=ORIENTED_EDGE('',*,*,#8363,.F.);
#8365=ORIENTED_EDGE('',*,*,#6830,.F.);
#8366=EDGE_LOOP('',(#8361,#8362,#8364,#8365));
#8367=FACE_OUTER_BOUND('',#8366,.F.);
#8368=ADVANCED_FACE('',(#8367),#8360,.T.);
#8369=CARTESIAN_POINT('',(-4.000563384354E1,-1.578327575333E0,1.2673E1));
#8370=DIRECTION('',(0.E0,1.E0,0.E0));
#8371=DIRECTION('',(-1.E0,0.E0,0.E0));
#8372=AXIS2_PLACEMENT_3D('',#8369,#8370,#8371);
#8373=PLANE('',#8372);
#8374=ORIENTED_EDGE('',*,*,#8363,.T.);
#8375=ORIENTED_EDGE('',*,*,#6387,.T.);
#8377=ORIENTED_EDGE('',*,*,#8376,.F.);
#8378=ORIENTED_EDGE('',*,*,#6832,.F.);
#8379=EDGE_LOOP('',(#8374,#8375,#8377,#8378));
#8380=FACE_OUTER_BOUND('',#8379,.F.);
#8381=ADVANCED_FACE('',(#8380),#8373,.T.);
#8382=CARTESIAN_POINT('',(-4.061373384354E1,-1.578327575333E0,1.2673E1));
#8383=DIRECTION('',(1.E0,0.E0,0.E0));
#8384=DIRECTION('',(0.E0,1.E0,0.E0));
#8385=AXIS2_PLACEMENT_3D('',#8382,#8383,#8384);
#8386=PLANE('',#8385);
#8387=ORIENTED_EDGE('',*,*,#8376,.T.);
#8388=ORIENTED_EDGE('',*,*,#6385,.T.);
#8390=ORIENTED_EDGE('',*,*,#8389,.F.);
#8391=ORIENTED_EDGE('',*,*,#6834,.F.);
#8392=EDGE_LOOP('',(#8387,#8388,#8390,#8391));
#8393=FACE_OUTER_BOUND('',#8392,.F.);
#8394=ADVANCED_FACE('',(#8393),#8386,.T.);
#8395=CARTESIAN_POINT('',(-4.061373384354E1,-9.193275753330E-1,1.2673E1));
#8396=DIRECTION('',(0.E0,1.E0,0.E0));
#8397=DIRECTION('',(-1.E0,0.E0,0.E0));
#8398=AXIS2_PLACEMENT_3D('',#8395,#8396,#8397);
#8399=PLANE('',#8398);
#8400=ORIENTED_EDGE('',*,*,#8389,.T.);
#8401=ORIENTED_EDGE('',*,*,#6383,.T.);
#8402=ORIENTED_EDGE('',*,*,#6474,.F.);
#8403=ORIENTED_EDGE('',*,*,#6836,.T.);
#8404=EDGE_LOOP('',(#8400,#8401,#8402,#8403));
#8405=FACE_OUTER_BOUND('',#8404,.F.);
#8406=ADVANCED_FACE('',(#8405),#8399,.T.);
#8407=CARTESIAN_POINT('',(-2.461373384354E1,8.865049356208E0,1.3473E1));
#8408=DIRECTION('',(0.E0,0.E0,1.E0));
#8409=DIRECTION('',(1.E0,0.E0,0.E0));
#8410=AXIS2_PLACEMENT_3D('',#8407,#8408,#8409);
#8411=CYLINDRICAL_SURFACE('',#8410,7.E-1);
#8413=ORIENTED_EDGE('',*,*,#8412,.T.);
#8415=ORIENTED_EDGE('',*,*,#8414,.F.);
#8416=ORIENTED_EDGE('',*,*,#6436,.F.);
#8417=ORIENTED_EDGE('',*,*,#6421,.F.);
#8419=ORIENTED_EDGE('',*,*,#8418,.T.);
#8420=EDGE_LOOP('',(#8413,#8415,#8416,#8417,#8419));
#8421=FACE_OUTER_BOUND('',#8420,.F.);
#8422=ADVANCED_FACE('',(#8421),#8411,.T.);
#8423=CARTESIAN_POINT('',(-2.461373384354E1,8.865049356208E0,1.472300000071E1));
#8424=DIRECTION('',(0.E0,0.E0,-1.E0));
#8425=DIRECTION('',(0.E0,-1.E0,0.E0));
#8426=AXIS2_PLACEMENT_3D('',#8423,#8424,#8425);
#8427=CONICAL_SURFACE('',#8426,5.499999992859E-1,4.5E1);
#8429=ORIENTED_EDGE('',*,*,#8428,.T.);
#8431=ORIENTED_EDGE('',*,*,#8430,.T.);
#8432=ORIENTED_EDGE('',*,*,#8412,.F.);
#8434=ORIENTED_EDGE('',*,*,#8433,.F.);
#8435=EDGE_LOOP('',(#8429,#8431,#8432,#8434));
#8436=FACE_OUTER_BOUND('',#8435,.F.);
#8437=ADVANCED_FACE('',(#8436),#8427,.T.);
#8438=CARTESIAN_POINT('',(0.E0,0.E0,1.4873E1));
#8439=DIRECTION('',(0.E0,0.E0,1.E0));
#8440=DIRECTION('',(1.E0,0.E0,0.E0));
#8441=AXIS2_PLACEMENT_3D('',#8438,#8439,#8440);
#8442=PLANE('',#8441);
#8444=ORIENTED_EDGE('',*,*,#8443,.F.);
#8445=ORIENTED_EDGE('',*,*,#8428,.F.);
#8446=EDGE_LOOP('',(#8444,#8445));
#8447=FACE_OUTER_BOUND('',#8446,.F.);
#8448=ADVANCED_FACE('',(#8447),#8442,.T.);
#8449=CARTESIAN_POINT('',(-2.461373384354E1,8.865049356208E0,1.472300000071E1));
#8450=DIRECTION('',(0.E0,0.E0,-1.E0));
#8451=DIRECTION('',(0.E0,-1.E0,0.E0));
#8452=AXIS2_PLACEMENT_3D('',#8449,#8450,#8451);
#8453=CONICAL_SURFACE('',#8452,5.499999992859E-1,4.5E1);
#8454=ORIENTED_EDGE('',*,*,#8443,.T.);
#8455=ORIENTED_EDGE('',*,*,#8433,.T.);
#8457=ORIENTED_EDGE('',*,*,#8456,.F.);
#8458=ORIENTED_EDGE('',*,*,#8430,.F.);
#8459=EDGE_LOOP('',(#8454,#8455,#8457,#8458));
#8460=FACE_OUTER_BOUND('',#8459,.F.);
#8461=ADVANCED_FACE('',(#8460),#8453,.T.);
#8462=CARTESIAN_POINT('',(-2.461373384354E1,8.865049356208E0,1.3473E1));
#8463=DIRECTION('',(0.E0,0.E0,1.E0));
#8464=DIRECTION('',(1.E0,0.E0,0.E0));
#8465=AXIS2_PLACEMENT_3D('',#8462,#8463,#8464);
#8466=CYLINDRICAL_SURFACE('',#8465,7.E-1);
#8467=ORIENTED_EDGE('',*,*,#8456,.T.);
#8468=ORIENTED_EDGE('',*,*,#8418,.F.);
#8469=ORIENTED_EDGE('',*,*,#6438,.F.);
#8470=ORIENTED_EDGE('',*,*,#8414,.T.);
#8471=EDGE_LOOP('',(#8467,#8468,#8469,#8470));
#8472=FACE_OUTER_BOUND('',#8471,.F.);
#8473=ADVANCED_FACE('',(#8472),#8466,.T.);
#8474=CARTESIAN_POINT('',(-3.3938734E1,4.130552188660E0,3.213230644446E0));
#8475=DIRECTION('',(-1.E0,0.E0,0.E0));
#8476=DIRECTION('',(0.E0,-1.E0,0.E0));
#8477=AXIS2_PLACEMENT_3D('',#8474,#8475,#8476);
#8478=PLANE('',#8477);
#8480=ORIENTED_EDGE('',*,*,#8479,.F.);
#8482=ORIENTED_EDGE('',*,*,#8481,.F.);
#8484=ORIENTED_EDGE('',*,*,#8483,.F.);
#8485=ORIENTED_EDGE('',*,*,#5204,.F.);
#8486=EDGE_LOOP('',(#8480,#8482,#8484,#8485));
#8487=FACE_OUTER_BOUND('',#8486,.F.);
#8488=ADVANCED_FACE('',(#8487),#8478,.T.);
#8489=CARTESIAN_POINT('',(-4.5888734E1,1.096504929540E1,2.230000000007E-1));
#8490=DIRECTION('',(0.E0,8.591015439088E-1,-5.118051750946E-1));
#8491=DIRECTION('',(0.E0,5.118051750946E-1,8.591015439088E-1));
#8492=AXIS2_PLACEMENT_3D('',#8489,#8490,#8491);
#8493=PLANE('',#8492);
#8495=ORIENTED_EDGE('',*,*,#8494,.T.);
#8497=ORIENTED_EDGE('',*,*,#8496,.T.);
#8498=ORIENTED_EDGE('',*,*,#8479,.T.);
#8499=ORIENTED_EDGE('',*,*,#5092,.F.);
#8500=EDGE_LOOP('',(#8495,#8497,#8498,#8499));
#8501=FACE_OUTER_BOUND('',#8500,.F.);
#8502=ADVANCED_FACE('',(#8501),#8493,.T.);
#8503=CARTESIAN_POINT('',(-3.1638734E1,4.578954122902E0,3.213230644446E0));
#8504=DIRECTION('',(-1.E0,0.E0,0.E0));
#8505=DIRECTION('',(0.E0,-1.E0,0.E0));
#8506=AXIS2_PLACEMENT_3D('',#8503,#8504,#8505);
#8507=PLANE('',#8506);
#8508=ORIENTED_EDGE('',*,*,#8494,.F.);
#8509=ORIENTED_EDGE('',*,*,#5208,.T.);
#8511=ORIENTED_EDGE('',*,*,#8510,.T.);
#8513=ORIENTED_EDGE('',*,*,#8512,.T.);
#8514=EDGE_LOOP('',(#8508,#8509,#8511,#8513));
#8515=FACE_OUTER_BOUND('',#8514,.F.);
#8516=ADVANCED_FACE('',(#8515),#8507,.F.);
#8517=CARTESIAN_POINT('',(-4.5888734E1,1.111504929540E1,1.075048878554E0));
#8518=DIRECTION('',(0.E0,0.E0,-1.E0));
#8519=DIRECTION('',(1.E0,0.E0,0.E0));
#8520=AXIS2_PLACEMENT_3D('',#8517,#8518,#8519);
#8521=PLANE('',#8520);
#8522=ORIENTED_EDGE('',*,*,#8483,.T.);
#8524=ORIENTED_EDGE('',*,*,#8523,.T.);
#8525=ORIENTED_EDGE('',*,*,#8510,.F.);
#8526=ORIENTED_EDGE('',*,*,#5206,.T.);
#8527=EDGE_LOOP('',(#8522,#8524,#8525,#8526));
#8528=FACE_OUTER_BOUND('',#8527,.F.);
#8529=ADVANCED_FACE('',(#8528),#8521,.F.);
#8530=CARTESIAN_POINT('',(-4.5888734E1,1.111504929540E1,1.045484128937E0));
#8531=DIRECTION('',(0.E0,1.E0,0.E0));
#8532=DIRECTION('',(0.E0,0.E0,1.E0));
#8533=AXIS2_PLACEMENT_3D('',#8530,#8531,#8532);
#8534=PLANE('',#8533);
#8535=ORIENTED_EDGE('',*,*,#8481,.T.);
#8536=ORIENTED_EDGE('',*,*,#8496,.F.);
#8537=ORIENTED_EDGE('',*,*,#8512,.F.);
#8538=ORIENTED_EDGE('',*,*,#8523,.F.);
#8539=EDGE_LOOP('',(#8535,#8536,#8537,#8538));
#8540=FACE_OUTER_BOUND('',#8539,.F.);
#8541=ADVANCED_FACE('',(#8540),#8534,.T.);
#8542=CARTESIAN_POINT('',(-3.582340363947E1,9.652151601946E-1,-2.0516E0));
#8543=DIRECTION('',(-7.071067811865E-1,0.E0,-7.071067811865E-1));
#8544=DIRECTION('',(-7.071067811865E-1,0.E0,7.071067811865E-1));
#8545=AXIS2_PLACEMENT_3D('',#8542,#8543,#8544);
#8546=PLANE('',#8545);
#8547=ORIENTED_EDGE('',*,*,#5112,.F.);
#8549=ORIENTED_EDGE('',*,*,#8548,.F.);
#8551=ORIENTED_EDGE('',*,*,#8550,.T.);
#8553=ORIENTED_EDGE('',*,*,#8552,.F.);
#8554=EDGE_LOOP('',(#8547,#8549,#8551,#8553));
#8555=FACE_OUTER_BOUND('',#8554,.F.);
#8556=ADVANCED_FACE('',(#8555),#8546,.T.);
#8557=CARTESIAN_POINT('',(-3.8488734E1,2.791538922282E0,-2.002004759617E0));
#8558=DIRECTION('',(0.E0,-7.040147244560E-1,-7.101853756233E-1));
#8559=DIRECTION('',(0.E0,-7.101853756233E-1,7.040147244560E-1));
#8560=AXIS2_PLACEMENT_3D('',#8557,#8558,#8559);
#8561=PLANE('',#8560);
#8562=ORIENTED_EDGE('',*,*,#5120,.F.);
#8564=ORIENTED_EDGE('',*,*,#8563,.T.);
#8566=ORIENTED_EDGE('',*,*,#8565,.T.);
#8567=ORIENTED_EDGE('',*,*,#8548,.T.);
#8568=EDGE_LOOP('',(#8562,#8564,#8566,#8567));
#8569=FACE_OUTER_BOUND('',#8568,.F.);
#8570=ADVANCED_FACE('',(#8569),#8561,.T.);
#8571=CARTESIAN_POINT('',(-4.110562786398E1,8.520830688344E-1,
-2.002004759617E0));
#8572=DIRECTION('',(7.040147244560E-1,0.E0,-7.101853756233E-1));
#8573=DIRECTION('',(7.101853756233E-1,0.E0,7.040147244560E-1));
#8574=AXIS2_PLACEMENT_3D('',#8571,#8572,#8573);
#8575=PLANE('',#8574);
#8577=ORIENTED_EDGE('',*,*,#8576,.T.);
#8579=ORIENTED_EDGE('',*,*,#8578,.T.);
#8580=ORIENTED_EDGE('',*,*,#8563,.F.);
#8581=ORIENTED_EDGE('',*,*,#5118,.F.);
#8582=EDGE_LOOP('',(#8577,#8579,#8580,#8581));
#8583=FACE_OUTER_BOUND('',#8582,.F.);
#8584=ADVANCED_FACE('',(#8583),#8575,.T.);
#8585=CARTESIAN_POINT('',(-3.924476116020E1,-2.421599418830E0,-2.0516E0));
#8586=DIRECTION('',(0.E0,7.071067811865E-1,-7.071067811865E-1));
#8587=DIRECTION('',(0.E0,-7.071067811865E-1,-7.071067811865E-1));
#8588=AXIS2_PLACEMENT_3D('',#8585,#8586,#8587);
#8589=PLANE('',#8588);
#8591=ORIENTED_EDGE('',*,*,#8590,.F.);
#8592=ORIENTED_EDGE('',*,*,#8576,.F.);
#8593=ORIENTED_EDGE('',*,*,#5116,.T.);
#8595=ORIENTED_EDGE('',*,*,#8594,.T.);
#8596=EDGE_LOOP('',(#8591,#8592,#8593,#8595));
#8597=FACE_OUTER_BOUND('',#8596,.F.);
#8598=ADVANCED_FACE('',(#8597),#8589,.T.);
#8599=CARTESIAN_POINT('',(-3.971966340232E1,-2.346199418830E0,
-2.127000032842E0));
#8600=DIRECTION('',(0.E0,1.E0,0.E0));
#8601=DIRECTION('',(-1.E0,0.E0,0.E0));
#8602=AXIS2_PLACEMENT_3D('',#8599,#8600,#8601);
#8603=PLANE('',#8602);
#8604=ORIENTED_EDGE('',*,*,#8590,.T.);
#8606=ORIENTED_EDGE('',*,*,#8605,.F.);
#8608=ORIENTED_EDGE('',*,*,#8607,.F.);
#8610=ORIENTED_EDGE('',*,*,#8609,.T.);
#8611=EDGE_LOOP('',(#8604,#8606,#8608,#8610));
#8612=FACE_OUTER_BOUND('',#8611,.F.);
#8613=ADVANCED_FACE('',(#8612),#8603,.T.);
#8614=CARTESIAN_POINT('',(-3.657830363947E1,-1.666699418830E0,
3.422999999999E0));
#8615=DIRECTION('',(7.071067811865E-1,-7.071067811865E-1,0.E0));
#8616=DIRECTION('',(7.071067811865E-1,7.071067811865E-1,0.E0));
#8617=AXIS2_PLACEMENT_3D('',#8614,#8615,#8616);
#8618=PLANE('',#8617);
#8620=ORIENTED_EDGE('',*,*,#8619,.F.);
#8622=ORIENTED_EDGE('',*,*,#8621,.F.);
#8624=ORIENTED_EDGE('',*,*,#8623,.T.);
#8625=ORIENTED_EDGE('',*,*,#8605,.T.);
#8626=EDGE_LOOP('',(#8620,#8622,#8624,#8625));
#8627=FACE_OUTER_BOUND('',#8626,.F.);
#8628=ADVANCED_FACE('',(#8627),#8618,.F.);
#8629=CARTESIAN_POINT('',(-3.652498778817E1,-1.720015270132E0,-2.0516E0));
#8630=DIRECTION('',(5.E-1,-5.E-1,7.071067811865E-1));
#8631=DIRECTION('',(5.E-1,-5.E-1,-7.071067811865E-1));
#8632=AXIS2_PLACEMENT_3D('',#8629,#8630,#8631);
#8633=PLANE('',#8632);
#8634=ORIENTED_EDGE('',*,*,#8619,.T.);
#8635=ORIENTED_EDGE('',*,*,#8594,.F.);
#8636=ORIENTED_EDGE('',*,*,#5114,.T.);
#8637=ORIENTED_EDGE('',*,*,#8552,.T.);
#8638=EDGE_LOOP('',(#8634,#8635,#8636,#8637));
#8639=FACE_OUTER_BOUND('',#8638,.F.);
#8640=ADVANCED_FACE('',(#8639),#8633,.F.);
#8641=CARTESIAN_POINT('',(-3.589880363947E1,-2.346199418830E0,
-2.127000032842E0));
#8642=DIRECTION('',(-1.E0,0.E0,0.E0));
#8643=DIRECTION('',(0.E0,-1.E0,0.E0));
#8644=AXIS2_PLACEMENT_3D('',#8641,#8642,#8643);
#8645=PLANE('',#8644);
#8646=ORIENTED_EDGE('',*,*,#8621,.T.);
#8647=ORIENTED_EDGE('',*,*,#8550,.F.);
#8649=ORIENTED_EDGE('',*,*,#8648,.F.);
#8651=ORIENTED_EDGE('',*,*,#8650,.F.);
#8652=EDGE_LOOP('',(#8646,#8647,#8649,#8651));
#8653=FACE_OUTER_BOUND('',#8652,.F.);
#8654=ADVANCED_FACE('',(#8653),#8645,.T.);
#8655=CARTESIAN_POINT('',(-3.589880363947E1,2.764575418830E0,
-2.127000032842E0));
#8656=DIRECTION('',(0.E0,-1.E0,0.E0));
#8657=DIRECTION('',(1.E0,0.E0,0.E0));
#8658=AXIS2_PLACEMENT_3D('',#8655,#8656,#8657);
#8659=PLANE('',#8658);
#8660=ORIENTED_EDGE('',*,*,#8565,.F.);
#8662=ORIENTED_EDGE('',*,*,#8661,.F.);
#8664=ORIENTED_EDGE('',*,*,#8663,.T.);
#8665=ORIENTED_EDGE('',*,*,#8648,.T.);
#8666=EDGE_LOOP('',(#8660,#8662,#8664,#8665));
#8667=FACE_OUTER_BOUND('',#8666,.F.);
#8668=ADVANCED_FACE('',(#8667),#8659,.T.);
#8669=CARTESIAN_POINT('',(-4.107866436053E1,2.764575418830E0,
-2.127000032842E0));
#8670=DIRECTION('',(1.E0,0.E0,0.E0));
#8671=DIRECTION('',(0.E0,1.E0,0.E0));
#8672=AXIS2_PLACEMENT_3D('',#8669,#8670,#8671);
#8673=PLANE('',#8672);
#8674=ORIENTED_EDGE('',*,*,#8578,.F.);
#8675=ORIENTED_EDGE('',*,*,#8609,.F.);
#8677=ORIENTED_EDGE('',*,*,#8676,.T.);
#8678=ORIENTED_EDGE('',*,*,#8661,.T.);
#8679=EDGE_LOOP('',(#8674,#8675,#8677,#8678));
#8680=FACE_OUTER_BOUND('',#8679,.F.);
#8681=ADVANCED_FACE('',(#8680),#8673,.T.);
#8682=CARTESIAN_POINT('',(-2.917181485501E1,-6.0319924E0,8.972999999999E0));
#8683=DIRECTION('',(0.E0,0.E0,1.E0));
#8684=DIRECTION('',(-1.E0,0.E0,0.E0));
#8685=AXIS2_PLACEMENT_3D('',#8682,#8683,#8684);
#8686=PLANE('',#8685);
#8687=ORIENTED_EDGE('',*,*,#8607,.T.);
#8688=ORIENTED_EDGE('',*,*,#8623,.F.);
#8689=ORIENTED_EDGE('',*,*,#8650,.T.);
#8690=ORIENTED_EDGE('',*,*,#8663,.F.);
#8691=ORIENTED_EDGE('',*,*,#8676,.F.);
#8692=EDGE_LOOP('',(#8687,#8688,#8689,#8690,#8691));
#8693=FACE_OUTER_BOUND('',#8692,.F.);
#8695=ORIENTED_EDGE('',*,*,#8694,.F.);
#8697=ORIENTED_EDGE('',*,*,#8696,.F.);
#8699=ORIENTED_EDGE('',*,*,#8698,.F.);
#8701=ORIENTED_EDGE('',*,*,#8700,.F.);
#8703=ORIENTED_EDGE('',*,*,#8702,.F.);
#8705=ORIENTED_EDGE('',*,*,#8704,.F.);
#8707=ORIENTED_EDGE('',*,*,#8706,.F.);
#8709=ORIENTED_EDGE('',*,*,#8708,.F.);
#8710=EDGE_LOOP('',(#8695,#8697,#8699,#8701,#8703,#8705,#8707,#8709));
#8711=FACE_BOUND('',#8710,.F.);
#8712=ADVANCED_FACE('',(#8693,#8711),#8686,.F.);
#8713=CARTESIAN_POINT('',(-3.8009302E1,-1.63372E-1,8.972999997474E0));
#8714=DIRECTION('',(0.E0,-1.E0,0.E0));
#8715=DIRECTION('',(1.E0,0.E0,0.E0));
#8716=AXIS2_PLACEMENT_3D('',#8713,#8714,#8715);
#8717=PLANE('',#8716);
#8718=ORIENTED_EDGE('',*,*,#8694,.T.);
#8720=ORIENTED_EDGE('',*,*,#8719,.T.);
#8722=ORIENTED_EDGE('',*,*,#8721,.T.);
#8724=ORIENTED_EDGE('',*,*,#8723,.T.);
#8725=EDGE_LOOP('',(#8718,#8720,#8722,#8724));
#8726=FACE_OUTER_BOUND('',#8725,.F.);
#8727=ADVANCED_FACE('',(#8726),#8717,.T.);
#8728=CARTESIAN_POINT('',(-3.8029302E1,-6.337199999999E-2,-1.500000025257E-1));
#8729=DIRECTION('',(0.E0,0.E0,1.E0));
#8730=DIRECTION('',(1.E0,0.E0,0.E0));
#8731=AXIS2_PLACEMENT_3D('',#8728,#8729,#8730);
#8732=CYLINDRICAL_SURFACE('',#8731,1.E-1);
#8733=ORIENTED_EDGE('',*,*,#8708,.T.);
#8735=ORIENTED_EDGE('',*,*,#8734,.F.);
#8737=ORIENTED_EDGE('',*,*,#8736,.F.);
#8739=ORIENTED_EDGE('',*,*,#8738,.F.);
#8740=ORIENTED_EDGE('',*,*,#8719,.F.);
#8741=EDGE_LOOP('',(#8733,#8735,#8737,#8739,#8740));
#8742=FACE_OUTER_BOUND('',#8741,.F.);
#8743=ADVANCED_FACE('',(#8742),#8732,.T.);
#8744=CARTESIAN_POINT('',(-3.7929302E1,-4.89999E0,2.256500003033E1));
#8745=DIRECTION('',(1.E0,0.E0,0.E0));
#8746=DIRECTION('',(0.E0,0.E0,1.E0));
#8747=AXIS2_PLACEMENT_3D('',#8744,#8745,#8746);
#8748=PLANE('',#8747);
#8749=ORIENTED_EDGE('',*,*,#8706,.T.);
#8751=ORIENTED_EDGE('',*,*,#8750,.T.);
#8753=ORIENTED_EDGE('',*,*,#8752,.T.);
#8754=ORIENTED_EDGE('',*,*,#8734,.T.);
#8755=EDGE_LOOP('',(#8749,#8751,#8753,#8754));
#8756=FACE_OUTER_BOUND('',#8755,.F.);
#8757=ADVANCED_FACE('',(#8756),#8748,.T.);
#8758=CARTESIAN_POINT('',(-3.8029302E1,8.60628E-1,-1.500000025257E-1));
#8759=DIRECTION('',(0.E0,0.E0,1.E0));
#8760=DIRECTION('',(1.E0,0.E0,0.E0));
#8761=AXIS2_PLACEMENT_3D('',#8758,#8759,#8760);
#8762=CYLINDRICAL_SURFACE('',#8761,1.E-1);
#8763=ORIENTED_EDGE('',*,*,#8704,.T.);
#8765=ORIENTED_EDGE('',*,*,#8764,.F.);
#8767=ORIENTED_EDGE('',*,*,#8766,.F.);
#8769=ORIENTED_EDGE('',*,*,#8768,.F.);
#8770=ORIENTED_EDGE('',*,*,#8750,.F.);
#8771=EDGE_LOOP('',(#8763,#8765,#8767,#8769,#8770));
#8772=FACE_OUTER_BOUND('',#8771,.F.);
#8773=ADVANCED_FACE('',(#8772),#8762,.T.);
#8774=CARTESIAN_POINT('',(-3.8009302E1,9.60628E-1,1.267299999747E1));
#8775=DIRECTION('',(0.E0,1.E0,0.E0));
#8776=DIRECTION('',(1.E0,0.E0,0.E0));
#8777=AXIS2_PLACEMENT_3D('',#8774,#8775,#8776);
#8778=PLANE('',#8777);
#8780=ORIENTED_EDGE('',*,*,#8779,.F.);
#8781=ORIENTED_EDGE('',*,*,#8764,.T.);
#8782=ORIENTED_EDGE('',*,*,#8702,.T.);
#8784=ORIENTED_EDGE('',*,*,#8783,.T.);
#8785=EDGE_LOOP('',(#8780,#8781,#8782,#8784));
#8786=FACE_OUTER_BOUND('',#8785,.F.);
#8787=ADVANCED_FACE('',(#8786),#8778,.T.);
#8788=CARTESIAN_POINT('',(-3.8491302E1,7.60628E-1,2.299287745611E0));
#8789=DIRECTION('',(0.E0,7.071067811865E-1,-7.071067811865E-1));
#8790=DIRECTION('',(0.E0,-7.071067811865E-1,-7.071067811865E-1));
#8791=AXIS2_PLACEMENT_3D('',#8788,#8789,#8790);
#8792=PLANE('',#8791);
#8794=ORIENTED_EDGE('',*,*,#8793,.T.);
#8796=ORIENTED_EDGE('',*,*,#8795,.T.);
#8798=ORIENTED_EDGE('',*,*,#8797,.T.);
#8799=ORIENTED_EDGE('',*,*,#8766,.T.);
#8800=ORIENTED_EDGE('',*,*,#8779,.T.);
#8802=ORIENTED_EDGE('',*,*,#8801,.T.);
#8803=EDGE_LOOP('',(#8794,#8796,#8798,#8799,#8800,#8802));
#8804=FACE_OUTER_BOUND('',#8803,.F.);
#8805=ADVANCED_FACE('',(#8804),#8792,.T.);
#8806=CARTESIAN_POINT('',(-3.8853302E1,4.23628E-1,2.299287745611E0));
#8807=DIRECTION('',(-7.071067811865E-1,0.E0,-7.071067811865E-1));
#8808=DIRECTION('',(-7.071067811865E-1,0.E0,7.071067811865E-1));
#8809=AXIS2_PLACEMENT_3D('',#8806,#8807,#8808);
#8810=PLANE('',#8809);
#8811=ORIENTED_EDGE('',*,*,#8793,.F.);
#8813=ORIENTED_EDGE('',*,*,#8812,.T.);
#8815=ORIENTED_EDGE('',*,*,#8814,.T.);
#8817=ORIENTED_EDGE('',*,*,#8816,.T.);
#8819=ORIENTED_EDGE('',*,*,#8818,.F.);
#8821=ORIENTED_EDGE('',*,*,#8820,.T.);
#8822=EDGE_LOOP('',(#8811,#8813,#8815,#8817,#8819,#8821));
#8823=FACE_OUTER_BOUND('',#8822,.F.);
#8824=ADVANCED_FACE('',(#8823),#8810,.T.);
#8825=CARTESIAN_POINT('',(-3.8953302E1,8.60628E-1,-1.500000025257E-1));
#8826=DIRECTION('',(0.E0,0.E0,1.E0));
#8827=DIRECTION('',(1.E0,0.E0,0.E0));
#8828=AXIS2_PLACEMENT_3D('',#8825,#8826,#8827);
#8829=CYLINDRICAL_SURFACE('',#8828,1.E-1);
#8830=ORIENTED_EDGE('',*,*,#8700,.T.);
#8832=ORIENTED_EDGE('',*,*,#8831,.F.);
#8833=ORIENTED_EDGE('',*,*,#8812,.F.);
#8834=ORIENTED_EDGE('',*,*,#8801,.F.);
#8835=ORIENTED_EDGE('',*,*,#8783,.F.);
#8836=EDGE_LOOP('',(#8830,#8832,#8833,#8834,#8835));
#8837=FACE_OUTER_BOUND('',#8836,.F.);
#8838=ADVANCED_FACE('',(#8837),#8829,.T.);
#8839=CARTESIAN_POINT('',(-3.9053302E1,8.186993923556E-1,1.267299999747E1));
#8840=DIRECTION('',(-1.E0,0.E0,0.E0));
#8841=DIRECTION('',(0.E0,1.E0,0.E0));
#8842=AXIS2_PLACEMENT_3D('',#8839,#8840,#8841);
#8843=PLANE('',#8842);
#8844=ORIENTED_EDGE('',*,*,#8698,.T.);
#8846=ORIENTED_EDGE('',*,*,#8845,.T.);
#8847=ORIENTED_EDGE('',*,*,#8814,.F.);
#8848=ORIENTED_EDGE('',*,*,#8831,.T.);
#8849=EDGE_LOOP('',(#8844,#8846,#8847,#8848));
#8850=FACE_OUTER_BOUND('',#8849,.F.);
#8851=ADVANCED_FACE('',(#8850),#8843,.T.);
#8852=CARTESIAN_POINT('',(-3.8953302E1,-6.337199999999E-2,-1.500000025257E-1));
#8853=DIRECTION('',(0.E0,0.E0,1.E0));
#8854=DIRECTION('',(1.E0,0.E0,0.E0));
#8855=AXIS2_PLACEMENT_3D('',#8852,#8853,#8854);
#8856=CYLINDRICAL_SURFACE('',#8855,1.E-1);
#8857=ORIENTED_EDGE('',*,*,#8696,.T.);
#8858=ORIENTED_EDGE('',*,*,#8723,.F.);
#8860=ORIENTED_EDGE('',*,*,#8859,.F.);
#8861=ORIENTED_EDGE('',*,*,#8816,.F.);
#8862=ORIENTED_EDGE('',*,*,#8845,.F.);
#8863=EDGE_LOOP('',(#8857,#8858,#8860,#8861,#8862));
#8864=FACE_OUTER_BOUND('',#8863,.F.);
#8865=ADVANCED_FACE('',(#8864),#8856,.T.);
#8866=CARTESIAN_POINT('',(-3.8491302E1,3.662800000001E-2,2.299287745611E0));
#8867=DIRECTION('',(0.E0,-7.071067811865E-1,-7.071067811865E-1));
#8868=DIRECTION('',(0.E0,7.071067811865E-1,-7.071067811865E-1));
#8869=AXIS2_PLACEMENT_3D('',#8866,#8867,#8868);
#8870=PLANE('',#8869);
#8871=ORIENTED_EDGE('',*,*,#8721,.F.);
#8872=ORIENTED_EDGE('',*,*,#8738,.T.);
#8874=ORIENTED_EDGE('',*,*,#8873,.F.);
#8876=ORIENTED_EDGE('',*,*,#8875,.T.);
#8877=ORIENTED_EDGE('',*,*,#8818,.T.);
#8878=ORIENTED_EDGE('',*,*,#8859,.T.);
#8879=EDGE_LOOP('',(#8871,#8872,#8874,#8876,#8877,#8878));
#8880=FACE_OUTER_BOUND('',#8879,.F.);
#8881=ADVANCED_FACE('',(#8880),#8870,.T.);
#8882=CARTESIAN_POINT('',(-3.8129302E1,4.23628E-1,2.299287745611E0));
#8883=DIRECTION('',(7.071067811865E-1,0.E0,-7.071067811865E-1));
#8884=DIRECTION('',(7.071067811865E-1,0.E0,7.071067811865E-1));
#8885=AXIS2_PLACEMENT_3D('',#8882,#8883,#8884);
#8886=PLANE('',#8885);
#8887=ORIENTED_EDGE('',*,*,#8873,.T.);
#8888=ORIENTED_EDGE('',*,*,#8736,.T.);
#8889=ORIENTED_EDGE('',*,*,#8752,.F.);
#8890=ORIENTED_EDGE('',*,*,#8768,.T.);
#8891=ORIENTED_EDGE('',*,*,#8797,.F.);
#8893=ORIENTED_EDGE('',*,*,#8892,.T.);
#8894=EDGE_LOOP('',(#8887,#8888,#8889,#8890,#8891,#8893));
#8895=FACE_OUTER_BOUND('',#8894,.F.);
#8896=ADVANCED_FACE('',(#8895),#8886,.T.);
#8897=CARTESIAN_POINT('',(-3.815861274478E1,-7.712105539455E-1,
2.099287745611E0));
#8898=DIRECTION('',(0.E0,0.E0,-1.E0));
#8899=DIRECTION('',(-1.E0,0.E0,0.E0));
#8900=AXIS2_PLACEMENT_3D('',#8897,#8898,#8899);
#8901=PLANE('',#8900);
#8902=ORIENTED_EDGE('',*,*,#8892,.F.);
#8903=ORIENTED_EDGE('',*,*,#8795,.F.);
#8904=ORIENTED_EDGE('',*,*,#8820,.F.);
#8905=ORIENTED_EDGE('',*,*,#8875,.F.);
#8906=EDGE_LOOP('',(#8902,#8903,#8904,#8905));
#8907=FACE_OUTER_BOUND('',#8906,.F.);
#8908=ADVANCED_FACE('',(#8907),#8901,.T.);
#8909=CARTESIAN_POINT('',(-3.537866436053E1,2.764575418830E0,
-2.127000032842E0));
#8910=DIRECTION('',(1.E0,0.E0,0.E0));
#8911=DIRECTION('',(0.E0,1.E0,0.E0));
#8912=AXIS2_PLACEMENT_3D('',#8909,#8910,#8911);
#8913=PLANE('',#8912);
#8915=ORIENTED_EDGE('',*,*,#8914,.T.);
#8917=ORIENTED_EDGE('',*,*,#8916,.F.);
#8918=ORIENTED_EDGE('',*,*,#5124,.T.);
#8920=ORIENTED_EDGE('',*,*,#8919,.F.);
#8922=ORIENTED_EDGE('',*,*,#8921,.T.);
#8924=ORIENTED_EDGE('',*,*,#8923,.F.);
#8925=EDGE_LOOP('',(#8915,#8917,#8918,#8920,#8922,#8924));
#8926=FACE_OUTER_BOUND('',#8925,.F.);
#8927=ADVANCED_FACE('',(#8926),#8913,.T.);
#8928=CARTESIAN_POINT('',(-3.019880363947E1,2.764575418830E0,
-2.127000032842E0));
#8929=DIRECTION('',(0.E0,-1.E0,0.E0));
#8930=DIRECTION('',(1.E0,0.E0,0.E0));
#8931=AXIS2_PLACEMENT_3D('',#8928,#8929,#8930);
#8932=PLANE('',#8931);
#8934=ORIENTED_EDGE('',*,*,#8933,.T.);
#8935=ORIENTED_EDGE('',*,*,#8914,.F.);
#8937=ORIENTED_EDGE('',*,*,#8936,.T.);
#8939=ORIENTED_EDGE('',*,*,#8938,.F.);
#8940=EDGE_LOOP('',(#8934,#8935,#8937,#8939));
#8941=FACE_OUTER_BOUND('',#8940,.F.);
#8942=ADVANCED_FACE('',(#8941),#8932,.T.);
#8943=CARTESIAN_POINT('',(-3.2788734E1,2.791538922282E0,-2.002004759617E0));
#8944=DIRECTION('',(0.E0,-7.040147244560E-1,-7.101853756233E-1));
#8945=DIRECTION('',(0.E0,-7.101853756233E-1,7.040147244560E-1));
#8946=AXIS2_PLACEMENT_3D('',#8943,#8944,#8945);
#8947=PLANE('',#8946);
#8948=ORIENTED_EDGE('',*,*,#8916,.T.);
#8949=ORIENTED_EDGE('',*,*,#8933,.F.);
#8951=ORIENTED_EDGE('',*,*,#8950,.T.);
#8952=ORIENTED_EDGE('',*,*,#5126,.F.);
#8953=EDGE_LOOP('',(#8948,#8949,#8951,#8952));
#8954=FACE_OUTER_BOUND('',#8953,.F.);
#8955=ADVANCED_FACE('',(#8954),#8947,.T.);
#8956=CARTESIAN_POINT('',(-3.012340363947E1,9.652151601946E-1,-2.0516E0));
#8957=DIRECTION('',(-7.071067811865E-1,0.E0,-7.071067811865E-1));
#8958=DIRECTION('',(-7.071067811865E-1,0.E0,7.071067811865E-1));
#8959=AXIS2_PLACEMENT_3D('',#8956,#8957,#8958);
#8960=PLANE('',#8959);
#8961=ORIENTED_EDGE('',*,*,#5128,.F.);
#8962=ORIENTED_EDGE('',*,*,#8950,.F.);
#8964=ORIENTED_EDGE('',*,*,#8963,.T.);
#8966=ORIENTED_EDGE('',*,*,#8965,.T.);
#8967=EDGE_LOOP('',(#8961,#8962,#8964,#8966));
#8968=FACE_OUTER_BOUND('',#8967,.F.);
#8969=ADVANCED_FACE('',(#8968),#8960,.T.);
#8970=CARTESIAN_POINT('',(-3.019880363947E1,-2.346199418830E0,
-2.127000032842E0));
#8971=DIRECTION('',(-1.E0,0.E0,0.E0));
#8972=DIRECTION('',(0.E0,-1.E0,0.E0));
#8973=AXIS2_PLACEMENT_3D('',#8970,#8971,#8972);
#8974=PLANE('',#8973);
#8976=ORIENTED_EDGE('',*,*,#8975,.T.);
#8977=ORIENTED_EDGE('',*,*,#8963,.F.);
#8978=ORIENTED_EDGE('',*,*,#8938,.T.);
#8980=ORIENTED_EDGE('',*,*,#8979,.F.);
#8981=EDGE_LOOP('',(#8976,#8977,#8978,#8980));
#8982=FACE_OUTER_BOUND('',#8981,.F.);
#8983=ADVANCED_FACE('',(#8982),#8974,.T.);
#8984=CARTESIAN_POINT('',(-3.087830363947E1,-1.666699418830E0,
3.422999999999E0));
#8985=DIRECTION('',(-7.071067811865E-1,7.071067811865E-1,0.E0));
#8986=DIRECTION('',(-7.071067811865E-1,-7.071067811865E-1,0.E0));
#8987=AXIS2_PLACEMENT_3D('',#8984,#8985,#8986);
#8988=PLANE('',#8987);
#8990=ORIENTED_EDGE('',*,*,#8989,.T.);
#8991=ORIENTED_EDGE('',*,*,#8975,.F.);
#8993=ORIENTED_EDGE('',*,*,#8992,.T.);
#8995=ORIENTED_EDGE('',*,*,#8994,.F.);
#8996=EDGE_LOOP('',(#8990,#8991,#8993,#8995));
#8997=FACE_OUTER_BOUND('',#8996,.F.);
#8998=ADVANCED_FACE('',(#8997),#8988,.T.);
#8999=CARTESIAN_POINT('',(-3.082498778817E1,-1.720015270132E0,-2.0516E0));
#9000=DIRECTION('',(-5.E-1,5.E-1,-7.071067811865E-1));
#9001=DIRECTION('',(5.E-1,-5.E-1,-7.071067811865E-1));
#9002=AXIS2_PLACEMENT_3D('',#8999,#9000,#9001);
#9003=PLANE('',#9002);
#9004=ORIENTED_EDGE('',*,*,#8989,.F.);
#9006=ORIENTED_EDGE('',*,*,#9005,.T.);
#9007=ORIENTED_EDGE('',*,*,#5130,.T.);
#9008=ORIENTED_EDGE('',*,*,#8965,.F.);
#9009=EDGE_LOOP('',(#9004,#9006,#9007,#9008));
#9010=FACE_OUTER_BOUND('',#9009,.F.);
#9011=ADVANCED_FACE('',(#9010),#9003,.T.);
#9012=CARTESIAN_POINT('',(-3.290516994685E1,-2.421599418830E0,-2.0516E0));
#9013=DIRECTION('',(0.E0,-7.071067811865E-1,7.071067811865E-1));
#9014=DIRECTION('',(0.E0,-7.071067811865E-1,-7.071067811865E-1));
#9015=AXIS2_PLACEMENT_3D('',#9012,#9013,#9014);
#9016=PLANE('',#9015);
#9018=ORIENTED_EDGE('',*,*,#9017,.F.);
#9019=ORIENTED_EDGE('',*,*,#8919,.T.);
#9020=ORIENTED_EDGE('',*,*,#5132,.T.);
#9021=ORIENTED_EDGE('',*,*,#9005,.F.);
#9022=EDGE_LOOP('',(#9018,#9019,#9020,#9021));
#9023=FACE_OUTER_BOUND('',#9022,.F.);
#9024=ADVANCED_FACE('',(#9023),#9016,.F.);
#9025=CARTESIAN_POINT('',(-3.401966340232E1,-2.346199418830E0,
-2.127000032842E0));
#9026=DIRECTION('',(0.E0,1.E0,0.E0));
#9027=DIRECTION('',(-1.E0,0.E0,0.E0));
#9028=AXIS2_PLACEMENT_3D('',#9025,#9026,#9027);
#9029=PLANE('',#9028);
#9030=ORIENTED_EDGE('',*,*,#8921,.F.);
#9031=ORIENTED_EDGE('',*,*,#9017,.T.);
#9032=ORIENTED_EDGE('',*,*,#8994,.T.);
#9034=ORIENTED_EDGE('',*,*,#9033,.F.);
#9035=EDGE_LOOP('',(#9030,#9031,#9032,#9034));
#9036=FACE_OUTER_BOUND('',#9035,.F.);
#9037=ADVANCED_FACE('',(#9036),#9029,.T.);
#9038=CARTESIAN_POINT('',(-2.347181485501E1,-6.0319924E0,8.972999999999E0));
#9039=DIRECTION('',(0.E0,0.E0,1.E0));
#9040=DIRECTION('',(-1.E0,0.E0,0.E0));
#9041=AXIS2_PLACEMENT_3D('',#9038,#9039,#9040);
#9042=PLANE('',#9041);
#9043=ORIENTED_EDGE('',*,*,#8923,.T.);
#9044=ORIENTED_EDGE('',*,*,#9033,.T.);
#9045=ORIENTED_EDGE('',*,*,#8992,.F.);
#9046=ORIENTED_EDGE('',*,*,#8979,.T.);
#9047=ORIENTED_EDGE('',*,*,#8936,.F.);
#9048=EDGE_LOOP('',(#9043,#9044,#9045,#9046,#9047));
#9049=FACE_OUTER_BOUND('',#9048,.F.);
#9051=ORIENTED_EDGE('',*,*,#9050,.F.);
#9053=ORIENTED_EDGE('',*,*,#9052,.F.);
#9055=ORIENTED_EDGE('',*,*,#9054,.F.);
#9057=ORIENTED_EDGE('',*,*,#9056,.F.);
#9059=ORIENTED_EDGE('',*,*,#9058,.F.);
#9061=ORIENTED_EDGE('',*,*,#9060,.F.);
#9063=ORIENTED_EDGE('',*,*,#9062,.F.);
#9065=ORIENTED_EDGE('',*,*,#9064,.F.);
#9066=EDGE_LOOP('',(#9051,#9053,#9055,#9057,#9059,#9061,#9063,#9065));
#9067=FACE_BOUND('',#9066,.F.);
#9068=ADVANCED_FACE('',(#9049,#9067),#9042,.F.);
#9069=CARTESIAN_POINT('',(-3.2309302E1,9.60628E-1,1.267299999747E1));
#9070=DIRECTION('',(0.E0,1.E0,0.E0));
#9071=DIRECTION('',(1.E0,0.E0,0.E0));
#9072=AXIS2_PLACEMENT_3D('',#9069,#9070,#9071);
#9073=PLANE('',#9072);
#9074=ORIENTED_EDGE('',*,*,#9050,.T.);
#9076=ORIENTED_EDGE('',*,*,#9075,.T.);
#9078=ORIENTED_EDGE('',*,*,#9077,.F.);
#9080=ORIENTED_EDGE('',*,*,#9079,.T.);
#9081=EDGE_LOOP('',(#9074,#9076,#9078,#9080));
#9082=FACE_OUTER_BOUND('',#9081,.F.);
#9083=ADVANCED_FACE('',(#9082),#9073,.T.);
#9084=CARTESIAN_POINT('',(-3.3253302E1,8.60628E-1,-1.500000025257E-1));
#9085=DIRECTION('',(0.E0,0.E0,1.E0));
#9086=DIRECTION('',(1.E0,0.E0,0.E0));
#9087=AXIS2_PLACEMENT_3D('',#9084,#9085,#9086);
#9088=CYLINDRICAL_SURFACE('',#9087,1.E-1);
#9089=ORIENTED_EDGE('',*,*,#9064,.T.);
#9091=ORIENTED_EDGE('',*,*,#9090,.F.);
#9093=ORIENTED_EDGE('',*,*,#9092,.F.);
#9095=ORIENTED_EDGE('',*,*,#9094,.F.);
#9096=ORIENTED_EDGE('',*,*,#9075,.F.);
#9097=EDGE_LOOP('',(#9089,#9091,#9093,#9095,#9096));
#9098=FACE_OUTER_BOUND('',#9097,.F.);
#9099=ADVANCED_FACE('',(#9098),#9088,.T.);
#9100=CARTESIAN_POINT('',(-3.3353302E1,8.186993923556E-1,1.267299999747E1));
#9101=DIRECTION('',(-1.E0,0.E0,0.E0));
#9102=DIRECTION('',(0.E0,1.E0,0.E0));
#9103=AXIS2_PLACEMENT_3D('',#9100,#9101,#9102);
#9104=PLANE('',#9103);
#9105=ORIENTED_EDGE('',*,*,#9062,.T.);
#9107=ORIENTED_EDGE('',*,*,#9106,.T.);
#9109=ORIENTED_EDGE('',*,*,#9108,.T.);
#9110=ORIENTED_EDGE('',*,*,#9090,.T.);
#9111=EDGE_LOOP('',(#9105,#9107,#9109,#9110));
#9112=FACE_OUTER_BOUND('',#9111,.F.);
#9113=ADVANCED_FACE('',(#9112),#9104,.T.);
#9114=CARTESIAN_POINT('',(-3.3253302E1,-6.337199999999E-2,-1.500000025257E-1));
#9115=DIRECTION('',(0.E0,0.E0,1.E0));
#9116=DIRECTION('',(1.E0,0.E0,0.E0));
#9117=AXIS2_PLACEMENT_3D('',#9114,#9115,#9116);
#9118=CYLINDRICAL_SURFACE('',#9117,1.E-1);
#9119=ORIENTED_EDGE('',*,*,#9060,.T.);
#9121=ORIENTED_EDGE('',*,*,#9120,.F.);
#9123=ORIENTED_EDGE('',*,*,#9122,.F.);
#9125=ORIENTED_EDGE('',*,*,#9124,.F.);
#9126=ORIENTED_EDGE('',*,*,#9106,.F.);
#9127=EDGE_LOOP('',(#9119,#9121,#9123,#9125,#9126));
#9128=FACE_OUTER_BOUND('',#9127,.F.);
#9129=ADVANCED_FACE('',(#9128),#9118,.T.);
#9130=CARTESIAN_POINT('',(-3.2309302E1,-1.63372E-1,8.972999997474E0));
#9131=DIRECTION('',(0.E0,-1.E0,0.E0));
#9132=DIRECTION('',(1.E0,0.E0,0.E0));
#9133=AXIS2_PLACEMENT_3D('',#9130,#9131,#9132);
#9134=PLANE('',#9133);
#9135=ORIENTED_EDGE('',*,*,#9058,.T.);
#9137=ORIENTED_EDGE('',*,*,#9136,.T.);
#9139=ORIENTED_EDGE('',*,*,#9138,.F.);
#9140=ORIENTED_EDGE('',*,*,#9120,.T.);
#9141=EDGE_LOOP('',(#9135,#9137,#9139,#9140));
#9142=FACE_OUTER_BOUND('',#9141,.F.);
#9143=ADVANCED_FACE('',(#9142),#9134,.T.);
#9144=CARTESIAN_POINT('',(-3.2329302E1,-6.337199999999E-2,-1.500000025257E-1));
#9145=DIRECTION('',(0.E0,0.E0,1.E0));
#9146=DIRECTION('',(1.E0,0.E0,0.E0));
#9147=AXIS2_PLACEMENT_3D('',#9144,#9145,#9146);
#9148=CYLINDRICAL_SURFACE('',#9147,1.E-1);
#9149=ORIENTED_EDGE('',*,*,#9056,.T.);
#9151=ORIENTED_EDGE('',*,*,#9150,.F.);
#9153=ORIENTED_EDGE('',*,*,#9152,.F.);
#9155=ORIENTED_EDGE('',*,*,#9154,.F.);
#9156=ORIENTED_EDGE('',*,*,#9136,.F.);
#9157=EDGE_LOOP('',(#9149,#9151,#9153,#9155,#9156));
#9158=FACE_OUTER_BOUND('',#9157,.F.);
#9159=ADVANCED_FACE('',(#9158),#9148,.T.);
#9160=CARTESIAN_POINT('',(-3.2229302E1,-4.89999E0,2.256500003033E1));
#9161=DIRECTION('',(1.E0,0.E0,0.E0));
#9162=DIRECTION('',(0.E0,0.E0,1.E0));
#9163=AXIS2_PLACEMENT_3D('',#9160,#9161,#9162);
#9164=PLANE('',#9163);
#9165=ORIENTED_EDGE('',*,*,#9054,.T.);
#9167=ORIENTED_EDGE('',*,*,#9166,.T.);
#9169=ORIENTED_EDGE('',*,*,#9168,.T.);
#9170=ORIENTED_EDGE('',*,*,#9150,.T.);
#9171=EDGE_LOOP('',(#9165,#9167,#9169,#9170));
#9172=FACE_OUTER_BOUND('',#9171,.F.);
#9173=ADVANCED_FACE('',(#9172),#9164,.T.);
#9174=CARTESIAN_POINT('',(-3.2329302E1,8.60628E-1,-1.500000025257E-1));
#9175=DIRECTION('',(0.E0,0.E0,1.E0));
#9176=DIRECTION('',(1.E0,0.E0,0.E0));
#9177=AXIS2_PLACEMENT_3D('',#9174,#9175,#9176);
#9178=CYLINDRICAL_SURFACE('',#9177,1.E-1);
#9179=ORIENTED_EDGE('',*,*,#9052,.T.);
#9180=ORIENTED_EDGE('',*,*,#9079,.F.);
#9182=ORIENTED_EDGE('',*,*,#9181,.F.);
#9184=ORIENTED_EDGE('',*,*,#9183,.F.);
#9185=ORIENTED_EDGE('',*,*,#9166,.F.);
#9186=EDGE_LOOP('',(#9179,#9180,#9182,#9184,#9185));
#9187=FACE_OUTER_BOUND('',#9186,.F.);
#9188=ADVANCED_FACE('',(#9187),#9178,.T.);
#9189=CARTESIAN_POINT('',(-3.2791302E1,7.60628E-1,2.299287745611E0));
#9190=DIRECTION('',(0.E0,7.071067811865E-1,-7.071067811865E-1));
#9191=DIRECTION('',(0.E0,-7.071067811865E-1,-7.071067811865E-1));
#9192=AXIS2_PLACEMENT_3D('',#9189,#9190,#9191);
#9193=PLANE('',#9192);
#9194=ORIENTED_EDGE('',*,*,#9077,.T.);
#9195=ORIENTED_EDGE('',*,*,#9094,.T.);
#9197=ORIENTED_EDGE('',*,*,#9196,.T.);
#9199=ORIENTED_EDGE('',*,*,#9198,.T.);
#9201=ORIENTED_EDGE('',*,*,#9200,.T.);
#9202=ORIENTED_EDGE('',*,*,#9181,.T.);
#9203=EDGE_LOOP('',(#9194,#9195,#9197,#9199,#9201,#9202));
#9204=FACE_OUTER_BOUND('',#9203,.F.);
#9205=ADVANCED_FACE('',(#9204),#9193,.T.);
#9206=CARTESIAN_POINT('',(-3.3153302E1,4.23628E-1,2.299287745611E0));
#9207=DIRECTION('',(-7.071067811865E-1,0.E0,-7.071067811865E-1));
#9208=DIRECTION('',(-7.071067811865E-1,0.E0,7.071067811865E-1));
#9209=AXIS2_PLACEMENT_3D('',#9206,#9207,#9208);
#9210=PLANE('',#9209);
#9211=ORIENTED_EDGE('',*,*,#9196,.F.);
#9212=ORIENTED_EDGE('',*,*,#9092,.T.);
#9213=ORIENTED_EDGE('',*,*,#9108,.F.);
#9214=ORIENTED_EDGE('',*,*,#9124,.T.);
#9216=ORIENTED_EDGE('',*,*,#9215,.F.);
#9218=ORIENTED_EDGE('',*,*,#9217,.T.);
#9219=EDGE_LOOP('',(#9211,#9212,#9213,#9214,#9216,#9218));
#9220=FACE_OUTER_BOUND('',#9219,.F.);
#9221=ADVANCED_FACE('',(#9220),#9210,.T.);
#9222=CARTESIAN_POINT('',(-3.2791302E1,3.662800000001E-2,2.299287745611E0));
#9223=DIRECTION('',(0.E0,-7.071067811865E-1,-7.071067811865E-1));
#9224=DIRECTION('',(0.E0,7.071067811865E-1,-7.071067811865E-1));
#9225=AXIS2_PLACEMENT_3D('',#9222,#9223,#9224);
#9226=PLANE('',#9225);
#9227=ORIENTED_EDGE('',*,*,#9138,.T.);
#9228=ORIENTED_EDGE('',*,*,#9154,.T.);
#9230=ORIENTED_EDGE('',*,*,#9229,.F.);
#9232=ORIENTED_EDGE('',*,*,#9231,.T.);
#9233=ORIENTED_EDGE('',*,*,#9215,.T.);
#9234=ORIENTED_EDGE('',*,*,#9122,.T.);
#9235=EDGE_LOOP('',(#9227,#9228,#9230,#9232,#9233,#9234));
#9236=FACE_OUTER_BOUND('',#9235,.F.);
#9237=ADVANCED_FACE('',(#9236),#9226,.T.);
#9238=CARTESIAN_POINT('',(-3.2429302E1,4.23628E-1,2.299287745611E0));
#9239=DIRECTION('',(7.071067811865E-1,0.E0,-7.071067811865E-1));
#9240=DIRECTION('',(7.071067811865E-1,0.E0,7.071067811865E-1));
#9241=AXIS2_PLACEMENT_3D('',#9238,#9239,#9240);
#9242=PLANE('',#9241);
#9243=ORIENTED_EDGE('',*,*,#9229,.T.);
#9244=ORIENTED_EDGE('',*,*,#9152,.T.);
#9245=ORIENTED_EDGE('',*,*,#9168,.F.);
#9246=ORIENTED_EDGE('',*,*,#9183,.T.);
#9247=ORIENTED_EDGE('',*,*,#9200,.F.);
#9249=ORIENTED_EDGE('',*,*,#9248,.T.);
#9250=EDGE_LOOP('',(#9243,#9244,#9245,#9246,#9247,#9249));
#9251=FACE_OUTER_BOUND('',#9250,.F.);
#9252=ADVANCED_FACE('',(#9251),#9242,.T.);
#9253=CARTESIAN_POINT('',(-3.245861274478E1,-7.712105539455E-1,
2.099287745611E0));
#9254=DIRECTION('',(0.E0,0.E0,-1.E0));
#9255=DIRECTION('',(-1.E0,0.E0,0.E0));
#9256=AXIS2_PLACEMENT_3D('',#9253,#9254,#9255);
#9257=PLANE('',#9256);
#9258=ORIENTED_EDGE('',*,*,#9248,.F.);
#9259=ORIENTED_EDGE('',*,*,#9198,.F.);
#9260=ORIENTED_EDGE('',*,*,#9217,.F.);
#9261=ORIENTED_EDGE('',*,*,#9231,.F.);
#9262=EDGE_LOOP('',(#9258,#9259,#9260,#9261));
#9263=FACE_OUTER_BOUND('',#9262,.F.);
#9264=ADVANCED_FACE('',(#9263),#9257,.T.);
#9265=CARTESIAN_POINT('',(-2.7088734E1,2.791538922282E0,-2.002004759617E0));
#9266=DIRECTION('',(0.E0,-7.040147244560E-1,-7.101853756233E-1));
#9267=DIRECTION('',(0.E0,-7.101853756233E-1,7.040147244560E-1));
#9268=AXIS2_PLACEMENT_3D('',#9265,#9266,#9267);
#9269=PLANE('',#9268);
#9271=ORIENTED_EDGE('',*,*,#9270,.F.);
#9273=ORIENTED_EDGE('',*,*,#9272,.T.);
#9274=ORIENTED_EDGE('',*,*,#5136,.F.);
#9276=ORIENTED_EDGE('',*,*,#9275,.F.);
#9277=EDGE_LOOP('',(#9271,#9273,#9274,#9276));
#9278=FACE_OUTER_BOUND('',#9277,.F.);
#9279=ADVANCED_FACE('',(#9278),#9269,.T.);
#9280=CARTESIAN_POINT('',(-2.449880363947E1,2.764575418830E0,
-2.127000032842E0));
#9281=DIRECTION('',(0.E0,-1.E0,0.E0));
#9282=DIRECTION('',(1.E0,0.E0,0.E0));
#9283=AXIS2_PLACEMENT_3D('',#9280,#9281,#9282);
#9284=PLANE('',#9283);
#9286=ORIENTED_EDGE('',*,*,#9285,.T.);
#9287=ORIENTED_EDGE('',*,*,#9270,.T.);
#9289=ORIENTED_EDGE('',*,*,#9288,.T.);
#9291=ORIENTED_EDGE('',*,*,#9290,.T.);
#9292=EDGE_LOOP('',(#9286,#9287,#9289,#9291));
#9293=FACE_OUTER_BOUND('',#9292,.F.);
#9294=ADVANCED_FACE('',(#9293),#9284,.T.);
#9295=CARTESIAN_POINT('',(-2.449880363947E1,-9.230569510301E-1,
-2.127000032842E0));
#9296=DIRECTION('',(-1.E0,0.E0,0.E0));
#9297=DIRECTION('',(0.E0,-1.E0,0.E0));
#9298=AXIS2_PLACEMENT_3D('',#9295,#9296,#9297);
#9299=PLANE('',#9298);
#9301=ORIENTED_EDGE('',*,*,#9300,.T.);
#9302=ORIENTED_EDGE('',*,*,#9285,.F.);
#9304=ORIENTED_EDGE('',*,*,#9303,.T.);
#9306=ORIENTED_EDGE('',*,*,#9305,.F.);
#9307=EDGE_LOOP('',(#9301,#9302,#9304,#9306));
#9308=FACE_OUTER_BOUND('',#9307,.F.);
#9309=ADVANCED_FACE('',(#9308),#9299,.T.);
#9310=CARTESIAN_POINT('',(-2.442340363947E1,9.652151601946E-1,-2.0516E0));
#9311=DIRECTION('',(-7.071067811865E-1,0.E0,-7.071067811865E-1));
#9312=DIRECTION('',(7.071067811865E-1,0.E0,-7.071067811865E-1));
#9313=AXIS2_PLACEMENT_3D('',#9310,#9311,#9312);
#9314=PLANE('',#9313);
#9315=ORIENTED_EDGE('',*,*,#9300,.F.);
#9317=ORIENTED_EDGE('',*,*,#9316,.T.);
#9318=ORIENTED_EDGE('',*,*,#5138,.T.);
#9319=ORIENTED_EDGE('',*,*,#9272,.F.);
#9320=EDGE_LOOP('',(#9315,#9317,#9318,#9319));
#9321=FACE_OUTER_BOUND('',#9320,.F.);
#9322=ADVANCED_FACE('',(#9321),#9314,.T.);
#9323=CARTESIAN_POINT('',(-2.512498778817E1,-1.720015270132E0,-2.0516E0));
#9324=DIRECTION('',(-5.E-1,5.E-1,-7.071067811865E-1));
#9325=DIRECTION('',(5.E-1,-5.E-1,-7.071067811866E-1));
#9326=AXIS2_PLACEMENT_3D('',#9323,#9324,#9325);
#9327=PLANE('',#9326);
#9329=ORIENTED_EDGE('',*,*,#9328,.F.);
#9331=ORIENTED_EDGE('',*,*,#9330,.T.);
#9332=ORIENTED_EDGE('',*,*,#5140,.T.);
#9333=ORIENTED_EDGE('',*,*,#9316,.F.);
#9334=EDGE_LOOP('',(#9329,#9331,#9332,#9333));
#9335=FACE_OUTER_BOUND('',#9334,.F.);
#9336=ADVANCED_FACE('',(#9335),#9327,.T.);
#9337=CARTESIAN_POINT('',(-2.517830363947E1,-1.666699418830E0,
3.422999999999E0));
#9338=DIRECTION('',(-7.071067811865E-1,7.071067811865E-1,0.E0));
#9339=DIRECTION('',(7.071067811865E-1,7.071067811865E-1,0.E0));
#9340=AXIS2_PLACEMENT_3D('',#9337,#9338,#9339);
#9341=PLANE('',#9340);
#9342=ORIENTED_EDGE('',*,*,#9328,.T.);
#9343=ORIENTED_EDGE('',*,*,#9305,.T.);
#9345=ORIENTED_EDGE('',*,*,#9344,.T.);
#9347=ORIENTED_EDGE('',*,*,#9346,.F.);
#9348=EDGE_LOOP('',(#9342,#9343,#9345,#9347));
#9349=FACE_OUTER_BOUND('',#9348,.F.);
#9350=ADVANCED_FACE('',(#9349),#9341,.T.);
#9351=CARTESIAN_POINT('',(-2.347181485501E1,-6.0319924E0,8.972999999999E0));
#9352=DIRECTION('',(0.E0,0.E0,1.E0));
#9353=DIRECTION('',(-1.E0,0.E0,0.E0));
#9354=AXIS2_PLACEMENT_3D('',#9351,#9352,#9353);
#9355=PLANE('',#9354);
#9357=ORIENTED_EDGE('',*,*,#9356,.F.);
#9358=ORIENTED_EDGE('',*,*,#9344,.F.);
#9359=ORIENTED_EDGE('',*,*,#9303,.F.);
#9360=ORIENTED_EDGE('',*,*,#9290,.F.);
#9362=ORIENTED_EDGE('',*,*,#9361,.F.);
#9363=EDGE_LOOP('',(#9357,#9358,#9359,#9360,#9362));
#9364=FACE_OUTER_BOUND('',#9363,.F.);
#9366=ORIENTED_EDGE('',*,*,#9365,.F.);
#9368=ORIENTED_EDGE('',*,*,#9367,.F.);
#9370=ORIENTED_EDGE('',*,*,#9369,.F.);
#9372=ORIENTED_EDGE('',*,*,#9371,.F.);
#9374=ORIENTED_EDGE('',*,*,#9373,.F.);
#9376=ORIENTED_EDGE('',*,*,#9375,.F.);
#9378=ORIENTED_EDGE('',*,*,#9377,.F.);
#9380=ORIENTED_EDGE('',*,*,#9379,.F.);
#9381=EDGE_LOOP('',(#9366,#9368,#9370,#9372,#9374,#9376,#9378,#9380));
#9382=FACE_BOUND('',#9381,.F.);
#9383=ADVANCED_FACE('',(#9364,#9382),#9355,.F.);
#9384=CARTESIAN_POINT('',(-2.967866436053E1,-2.346199418830E0,
-2.127000032842E0));
#9385=DIRECTION('',(0.E0,1.E0,0.E0));
#9386=DIRECTION('',(-1.E0,0.E0,0.E0));
#9387=AXIS2_PLACEMENT_3D('',#9384,#9385,#9386);
#9388=PLANE('',#9387);
#9390=ORIENTED_EDGE('',*,*,#9389,.T.);
#9391=ORIENTED_EDGE('',*,*,#9346,.T.);
#9392=ORIENTED_EDGE('',*,*,#9356,.T.);
#9394=ORIENTED_EDGE('',*,*,#9393,.F.);
#9395=EDGE_LOOP('',(#9390,#9391,#9392,#9394));
#9396=FACE_OUTER_BOUND('',#9395,.F.);
#9397=ADVANCED_FACE('',(#9396),#9388,.T.);
#9398=CARTESIAN_POINT('',(-2.7843634E1,-2.421599418830E0,-2.0516E0));
#9399=DIRECTION('',(0.E0,7.071067811865E-1,-7.071067811865E-1));
#9400=DIRECTION('',(0.E0,-7.071067811865E-1,-7.071067811865E-1));
#9401=AXIS2_PLACEMENT_3D('',#9398,#9399,#9400);
#9402=PLANE('',#9401);
#9403=ORIENTED_EDGE('',*,*,#9389,.F.);
#9405=ORIENTED_EDGE('',*,*,#9404,.F.);
#9406=ORIENTED_EDGE('',*,*,#5142,.T.);
#9407=ORIENTED_EDGE('',*,*,#9330,.F.);
#9408=EDGE_LOOP('',(#9403,#9405,#9406,#9407));
#9409=FACE_OUTER_BOUND('',#9408,.F.);
#9410=ADVANCED_FACE('',(#9409),#9402,.T.);
#9411=CARTESIAN_POINT('',(-2.975406436053E1,9.652151601946E-1,-2.0516E0));
#9412=DIRECTION('',(7.071067811865E-1,0.E0,-7.071067811865E-1));
#9413=DIRECTION('',(-7.071067811865E-1,0.E0,-7.071067811865E-1));
#9414=AXIS2_PLACEMENT_3D('',#9411,#9412,#9413);
#9415=PLANE('',#9414);
#9417=ORIENTED_EDGE('',*,*,#9416,.F.);
#9418=ORIENTED_EDGE('',*,*,#9275,.T.);
#9419=ORIENTED_EDGE('',*,*,#5144,.T.);
#9420=ORIENTED_EDGE('',*,*,#9404,.T.);
#9421=EDGE_LOOP('',(#9417,#9418,#9419,#9420));
#9422=FACE_OUTER_BOUND('',#9421,.F.);
#9423=ADVANCED_FACE('',(#9422),#9415,.T.);
#9424=CARTESIAN_POINT('',(-2.967866436053E1,2.764575418830E0,
-2.127000032842E0));
#9425=DIRECTION('',(1.E0,0.E0,0.E0));
#9426=DIRECTION('',(0.E0,1.E0,0.E0));
#9427=AXIS2_PLACEMENT_3D('',#9424,#9425,#9426);
#9428=PLANE('',#9427);
#9429=ORIENTED_EDGE('',*,*,#9416,.T.);
#9430=ORIENTED_EDGE('',*,*,#9393,.T.);
#9431=ORIENTED_EDGE('',*,*,#9361,.T.);
#9432=ORIENTED_EDGE('',*,*,#9288,.F.);
#9433=EDGE_LOOP('',(#9429,#9430,#9431,#9432));
#9434=FACE_OUTER_BOUND('',#9433,.F.);
#9435=ADVANCED_FACE('',(#9434),#9428,.T.);
#9436=CARTESIAN_POINT('',(-2.7653302E1,8.186993923556E-1,1.267299999747E1));
#9437=DIRECTION('',(-1.E0,0.E0,0.E0));
#9438=DIRECTION('',(0.E0,1.E0,0.E0));
#9439=AXIS2_PLACEMENT_3D('',#9436,#9437,#9438);
#9440=PLANE('',#9439);
#9441=ORIENTED_EDGE('',*,*,#9365,.T.);
#9443=ORIENTED_EDGE('',*,*,#9442,.T.);
#9445=ORIENTED_EDGE('',*,*,#9444,.F.);
#9447=ORIENTED_EDGE('',*,*,#9446,.T.);
#9448=EDGE_LOOP('',(#9441,#9443,#9445,#9447));
#9449=FACE_OUTER_BOUND('',#9448,.F.);
#9450=ADVANCED_FACE('',(#9449),#9440,.T.);
#9451=CARTESIAN_POINT('',(-2.7553302E1,-6.337199999999E-2,-1.500000025257E-1));
#9452=DIRECTION('',(0.E0,0.E0,1.E0));
#9453=DIRECTION('',(1.E0,0.E0,0.E0));
#9454=AXIS2_PLACEMENT_3D('',#9451,#9452,#9453);
#9455=CYLINDRICAL_SURFACE('',#9454,1.E-1);
#9456=ORIENTED_EDGE('',*,*,#9379,.T.);
#9458=ORIENTED_EDGE('',*,*,#9457,.F.);
#9460=ORIENTED_EDGE('',*,*,#9459,.F.);
#9462=ORIENTED_EDGE('',*,*,#9461,.F.);
#9463=ORIENTED_EDGE('',*,*,#9442,.F.);
#9464=EDGE_LOOP('',(#9456,#9458,#9460,#9462,#9463));
#9465=FACE_OUTER_BOUND('',#9464,.F.);
#9466=ADVANCED_FACE('',(#9465),#9455,.T.);
#9467=CARTESIAN_POINT('',(-2.6609302E1,-1.63372E-1,8.972999997474E0));
#9468=DIRECTION('',(0.E0,-1.E0,0.E0));
#9469=DIRECTION('',(1.E0,0.E0,0.E0));
#9470=AXIS2_PLACEMENT_3D('',#9467,#9468,#9469);
#9471=PLANE('',#9470);
#9472=ORIENTED_EDGE('',*,*,#9377,.T.);
#9474=ORIENTED_EDGE('',*,*,#9473,.T.);
#9476=ORIENTED_EDGE('',*,*,#9475,.T.);
#9477=ORIENTED_EDGE('',*,*,#9457,.T.);
#9478=EDGE_LOOP('',(#9472,#9474,#9476,#9477));
#9479=FACE_OUTER_BOUND('',#9478,.F.);
#9480=ADVANCED_FACE('',(#9479),#9471,.T.);
#9481=CARTESIAN_POINT('',(-2.6629302E1,-6.337199999999E-2,-1.500000025257E-1));
#9482=DIRECTION('',(0.E0,0.E0,1.E0));
#9483=DIRECTION('',(1.E0,0.E0,0.E0));
#9484=AXIS2_PLACEMENT_3D('',#9481,#9482,#9483);
#9485=CYLINDRICAL_SURFACE('',#9484,1.E-1);
#9486=ORIENTED_EDGE('',*,*,#9375,.T.);
#9488=ORIENTED_EDGE('',*,*,#9487,.F.);
#9490=ORIENTED_EDGE('',*,*,#9489,.F.);
#9492=ORIENTED_EDGE('',*,*,#9491,.F.);
#9493=ORIENTED_EDGE('',*,*,#9473,.F.);
#9494=EDGE_LOOP('',(#9486,#9488,#9490,#9492,#9493));
#9495=FACE_OUTER_BOUND('',#9494,.F.);
#9496=ADVANCED_FACE('',(#9495),#9485,.T.);
#9497=CARTESIAN_POINT('',(-2.6529302E1,-4.89999E0,2.256500003033E1));
#9498=DIRECTION('',(1.E0,0.E0,0.E0));
#9499=DIRECTION('',(0.E0,0.E0,1.E0));
#9500=AXIS2_PLACEMENT_3D('',#9497,#9498,#9499);
#9501=PLANE('',#9500);
#9502=ORIENTED_EDGE('',*,*,#9373,.T.);
#9504=ORIENTED_EDGE('',*,*,#9503,.T.);
#9506=ORIENTED_EDGE('',*,*,#9505,.F.);
#9507=ORIENTED_EDGE('',*,*,#9487,.T.);
#9508=EDGE_LOOP('',(#9502,#9504,#9506,#9507));
#9509=FACE_OUTER_BOUND('',#9508,.F.);
#9510=ADVANCED_FACE('',(#9509),#9501,.T.);
#9511=CARTESIAN_POINT('',(-2.6629302E1,8.60628E-1,-1.500000025257E-1));
#9512=DIRECTION('',(0.E0,0.E0,1.E0));
#9513=DIRECTION('',(1.E0,0.E0,0.E0));
#9514=AXIS2_PLACEMENT_3D('',#9511,#9512,#9513);
#9515=CYLINDRICAL_SURFACE('',#9514,1.E-1);
#9516=ORIENTED_EDGE('',*,*,#9371,.T.);
#9518=ORIENTED_EDGE('',*,*,#9517,.F.);
#9520=ORIENTED_EDGE('',*,*,#9519,.F.);
#9522=ORIENTED_EDGE('',*,*,#9521,.F.);
#9523=ORIENTED_EDGE('',*,*,#9503,.F.);
#9524=EDGE_LOOP('',(#9516,#9518,#9520,#9522,#9523));
#9525=FACE_OUTER_BOUND('',#9524,.F.);
#9526=ADVANCED_FACE('',(#9525),#9515,.T.);
#9527=CARTESIAN_POINT('',(-2.6609302E1,9.60628E-1,1.267299999747E1));
#9528=DIRECTION('',(0.E0,1.E0,0.E0));
#9529=DIRECTION('',(1.E0,0.E0,0.E0));
#9530=AXIS2_PLACEMENT_3D('',#9527,#9528,#9529);
#9531=PLANE('',#9530);
#9532=ORIENTED_EDGE('',*,*,#9369,.T.);
#9534=ORIENTED_EDGE('',*,*,#9533,.T.);
#9536=ORIENTED_EDGE('',*,*,#9535,.F.);
#9537=ORIENTED_EDGE('',*,*,#9517,.T.);
#9538=EDGE_LOOP('',(#9532,#9534,#9536,#9537));
#9539=FACE_OUTER_BOUND('',#9538,.F.);
#9540=ADVANCED_FACE('',(#9539),#9531,.T.);
#9541=CARTESIAN_POINT('',(-2.7553302E1,8.60628E-1,-1.500000025257E-1));
#9542=DIRECTION('',(0.E0,0.E0,1.E0));
#9543=DIRECTION('',(1.E0,0.E0,0.E0));
#9544=AXIS2_PLACEMENT_3D('',#9541,#9542,#9543);
#9545=CYLINDRICAL_SURFACE('',#9544,1.E-1);
#9546=ORIENTED_EDGE('',*,*,#9367,.T.);
#9547=ORIENTED_EDGE('',*,*,#9446,.F.);
#9549=ORIENTED_EDGE('',*,*,#9548,.F.);
#9551=ORIENTED_EDGE('',*,*,#9550,.F.);
#9552=ORIENTED_EDGE('',*,*,#9533,.F.);
#9553=EDGE_LOOP('',(#9546,#9547,#9549,#9551,#9552));
#9554=FACE_OUTER_BOUND('',#9553,.F.);
#9555=ADVANCED_FACE('',(#9554),#9545,.T.);
#9556=CARTESIAN_POINT('',(-2.7453302E1,4.23628E-1,2.299287745611E0));
#9557=DIRECTION('',(-7.071067811865E-1,0.E0,-7.071067811865E-1));
#9558=DIRECTION('',(-7.071067811865E-1,0.E0,7.071067811865E-1));
#9559=AXIS2_PLACEMENT_3D('',#9556,#9557,#9558);
#9560=PLANE('',#9559);
#9562=ORIENTED_EDGE('',*,*,#9561,.F.);
#9563=ORIENTED_EDGE('',*,*,#9548,.T.);
#9564=ORIENTED_EDGE('',*,*,#9444,.T.);
#9565=ORIENTED_EDGE('',*,*,#9461,.T.);
#9567=ORIENTED_EDGE('',*,*,#9566,.F.);
#9569=ORIENTED_EDGE('',*,*,#9568,.F.);
#9570=EDGE_LOOP('',(#9562,#9563,#9564,#9565,#9567,#9569));
#9571=FACE_OUTER_BOUND('',#9570,.F.);
#9572=ADVANCED_FACE('',(#9571),#9560,.T.);
#9573=CARTESIAN_POINT('',(-2.7091302E1,7.60628E-1,2.299287745611E0));
#9574=DIRECTION('',(0.E0,7.071067811865E-1,-7.071067811865E-1));
#9575=DIRECTION('',(0.E0,-7.071067811865E-1,-7.071067811865E-1));
#9576=AXIS2_PLACEMENT_3D('',#9573,#9574,#9575);
#9577=PLANE('',#9576);
#9579=ORIENTED_EDGE('',*,*,#9578,.T.);
#9580=ORIENTED_EDGE('',*,*,#9519,.T.);
#9581=ORIENTED_EDGE('',*,*,#9535,.T.);
#9582=ORIENTED_EDGE('',*,*,#9550,.T.);
#9583=ORIENTED_EDGE('',*,*,#9561,.T.);
#9585=ORIENTED_EDGE('',*,*,#9584,.T.);
#9586=EDGE_LOOP('',(#9579,#9580,#9581,#9582,#9583,#9585));
#9587=FACE_OUTER_BOUND('',#9586,.F.);
#9588=ADVANCED_FACE('',(#9587),#9577,.T.);
#9589=CARTESIAN_POINT('',(-2.6729302E1,4.23628E-1,2.299287745611E0));
#9590=DIRECTION('',(7.071067811865E-1,0.E0,-7.071067811865E-1));
#9591=DIRECTION('',(7.071067811865E-1,0.E0,7.071067811865E-1));
#9592=AXIS2_PLACEMENT_3D('',#9589,#9590,#9591);
#9593=PLANE('',#9592);
#9594=ORIENTED_EDGE('',*,*,#9505,.T.);
#9595=ORIENTED_EDGE('',*,*,#9521,.T.);
#9596=ORIENTED_EDGE('',*,*,#9578,.F.);
#9598=ORIENTED_EDGE('',*,*,#9597,.F.);
#9600=ORIENTED_EDGE('',*,*,#9599,.F.);
#9601=ORIENTED_EDGE('',*,*,#9489,.T.);
#9602=EDGE_LOOP('',(#9594,#9595,#9596,#9598,#9600,#9601));
#9603=FACE_OUTER_BOUND('',#9602,.F.);
#9604=ADVANCED_FACE('',(#9603),#9593,.T.);
#9605=CARTESIAN_POINT('',(-2.675861274478E1,-7.712105539455E-1,
2.099287745611E0));
#9606=DIRECTION('',(0.E0,0.E0,-1.E0));
#9607=DIRECTION('',(-1.E0,0.E0,0.E0));
#9608=AXIS2_PLACEMENT_3D('',#9605,#9606,#9607);
#9609=PLANE('',#9608);
#9610=ORIENTED_EDGE('',*,*,#9597,.T.);
#9611=ORIENTED_EDGE('',*,*,#9584,.F.);
#9612=ORIENTED_EDGE('',*,*,#9568,.T.);
#9614=ORIENTED_EDGE('',*,*,#9613,.F.);
#9615=EDGE_LOOP('',(#9610,#9611,#9612,#9614));
#9616=FACE_OUTER_BOUND('',#9615,.F.);
#9617=ADVANCED_FACE('',(#9616),#9609,.T.);
#9618=CARTESIAN_POINT('',(-2.7091302E1,3.662800000001E-2,2.299287745611E0));
#9619=DIRECTION('',(0.E0,-7.071067811865E-1,-7.071067811865E-1));
#9620=DIRECTION('',(0.E0,7.071067811865E-1,-7.071067811865E-1));
#9621=AXIS2_PLACEMENT_3D('',#9618,#9619,#9620);
#9622=PLANE('',#9621);
#9623=ORIENTED_EDGE('',*,*,#9566,.T.);
#9624=ORIENTED_EDGE('',*,*,#9459,.T.);
#9625=ORIENTED_EDGE('',*,*,#9475,.F.);
#9626=ORIENTED_EDGE('',*,*,#9491,.T.);
#9627=ORIENTED_EDGE('',*,*,#9599,.T.);
#9628=ORIENTED_EDGE('',*,*,#9613,.T.);
#9629=EDGE_LOOP('',(#9623,#9624,#9625,#9626,#9627,#9628));
#9630=FACE_OUTER_BOUND('',#9629,.F.);
#9631=ADVANCED_FACE('',(#9630),#9622,.T.);
#9632=CARTESIAN_POINT('',(-3.012340363947E1,6.665215160195E0,-2.0516E0));
#9633=DIRECTION('',(7.071067811865E-1,0.E0,7.071067811865E-1));
#9634=DIRECTION('',(-7.071067811865E-1,0.E0,7.071067811865E-1));
#9635=AXIS2_PLACEMENT_3D('',#9632,#9633,#9634);
#9636=PLANE('',#9635);
#9637=ORIENTED_EDGE('',*,*,#5148,.T.);
#9639=ORIENTED_EDGE('',*,*,#9638,.T.);
#9641=ORIENTED_EDGE('',*,*,#9640,.F.);
#9643=ORIENTED_EDGE('',*,*,#9642,.F.);
#9644=EDGE_LOOP('',(#9637,#9639,#9641,#9643));
#9645=FACE_OUTER_BOUND('',#9644,.F.);
#9646=ADVANCED_FACE('',(#9645),#9636,.F.);
#9647=CARTESIAN_POINT('',(-3.2788734E1,8.491538922282E0,-2.002004759617E0));
#9648=DIRECTION('',(0.E0,-7.040147244560E-1,-7.101853756233E-1));
#9649=DIRECTION('',(0.E0,-7.101853756233E-1,7.040147244560E-1));
#9650=AXIS2_PLACEMENT_3D('',#9647,#9648,#9649);
#9651=PLANE('',#9650);
#9653=ORIENTED_EDGE('',*,*,#9652,.F.);
#9654=ORIENTED_EDGE('',*,*,#9638,.F.);
#9655=ORIENTED_EDGE('',*,*,#5156,.F.);
#9657=ORIENTED_EDGE('',*,*,#9656,.T.);
#9658=EDGE_LOOP('',(#9653,#9654,#9655,#9657));
#9659=FACE_OUTER_BOUND('',#9658,.F.);
#9660=ADVANCED_FACE('',(#9659),#9651,.T.);
#9661=CARTESIAN_POINT('',(-3.019880363947E1,8.464575418830E0,
-2.127000032842E0));
#9662=DIRECTION('',(0.E0,-1.E0,0.E0));
#9663=DIRECTION('',(1.E0,0.E0,0.E0));
#9664=AXIS2_PLACEMENT_3D('',#9661,#9662,#9663);
#9665=PLANE('',#9664);
#9667=ORIENTED_EDGE('',*,*,#9666,.T.);
#9668=ORIENTED_EDGE('',*,*,#9652,.T.);
#9670=ORIENTED_EDGE('',*,*,#9669,.T.);
#9672=ORIENTED_EDGE('',*,*,#9671,.F.);
#9673=EDGE_LOOP('',(#9667,#9668,#9670,#9672));
#9674=FACE_OUTER_BOUND('',#9673,.F.);
#9675=ADVANCED_FACE('',(#9674),#9665,.T.);
#9676=CARTESIAN_POINT('',(-3.019880363947E1,4.776943048970E0,
-2.127000032842E0));
#9677=DIRECTION('',(-1.E0,0.E0,0.E0));
#9678=DIRECTION('',(0.E0,-1.E0,0.E0));
#9679=AXIS2_PLACEMENT_3D('',#9676,#9677,#9678);
#9680=PLANE('',#9679);
#9681=ORIENTED_EDGE('',*,*,#9640,.T.);
#9682=ORIENTED_EDGE('',*,*,#9666,.F.);
#9684=ORIENTED_EDGE('',*,*,#9683,.T.);
#9686=ORIENTED_EDGE('',*,*,#9685,.F.);
#9687=EDGE_LOOP('',(#9681,#9682,#9684,#9686));
#9688=FACE_OUTER_BOUND('',#9687,.F.);
#9689=ADVANCED_FACE('',(#9688),#9680,.T.);
#9690=CARTESIAN_POINT('',(-2.347181485501E1,-6.0319924E0,8.972999999999E0));
#9691=DIRECTION('',(0.E0,0.E0,1.E0));
#9692=DIRECTION('',(-1.E0,0.E0,0.E0));
#9693=AXIS2_PLACEMENT_3D('',#9690,#9691,#9692);
#9694=PLANE('',#9693);
#9696=ORIENTED_EDGE('',*,*,#9695,.T.);
#9698=ORIENTED_EDGE('',*,*,#9697,.F.);
#9700=ORIENTED_EDGE('',*,*,#9699,.F.);
#9701=ORIENTED_EDGE('',*,*,#9683,.F.);
#9702=ORIENTED_EDGE('',*,*,#9671,.T.);
#9703=EDGE_LOOP('',(#9696,#9698,#9700,#9701,#9702));
#9704=FACE_OUTER_BOUND('',#9703,.F.);
#9706=ORIENTED_EDGE('',*,*,#9705,.F.);
#9708=ORIENTED_EDGE('',*,*,#9707,.F.);
#9710=ORIENTED_EDGE('',*,*,#9709,.F.);
#9712=ORIENTED_EDGE('',*,*,#9711,.F.);
#9714=ORIENTED_EDGE('',*,*,#9713,.F.);
#9716=ORIENTED_EDGE('',*,*,#9715,.F.);
#9718=ORIENTED_EDGE('',*,*,#9717,.F.);
#9720=ORIENTED_EDGE('',*,*,#9719,.F.);
#9721=EDGE_LOOP('',(#9706,#9708,#9710,#9712,#9714,#9716,#9718,#9720));
#9722=FACE_BOUND('',#9721,.F.);
#9723=ADVANCED_FACE('',(#9704,#9722),#9694,.F.);
#9724=CARTESIAN_POINT('',(-3.537866436053E1,8.464575418830E0,
-2.127000032842E0));
#9725=DIRECTION('',(1.E0,0.E0,0.E0));
#9726=DIRECTION('',(0.E0,1.E0,0.E0));
#9727=AXIS2_PLACEMENT_3D('',#9724,#9725,#9726);
#9728=PLANE('',#9727);
#9730=ORIENTED_EDGE('',*,*,#9729,.T.);
#9732=ORIENTED_EDGE('',*,*,#9731,.T.);
#9733=ORIENTED_EDGE('',*,*,#9695,.F.);
#9734=ORIENTED_EDGE('',*,*,#9669,.F.);
#9735=EDGE_LOOP('',(#9730,#9732,#9733,#9734));
#9736=FACE_OUTER_BOUND('',#9735,.F.);
#9737=ADVANCED_FACE('',(#9736),#9728,.T.);
#9738=CARTESIAN_POINT('',(-3.540562786398E1,6.551740960821E0,
-2.002004759617E0));
#9739=DIRECTION('',(7.040147244560E-1,0.E0,-7.101853756233E-1));
#9740=DIRECTION('',(7.101853756233E-1,0.E0,7.040147244560E-1));
#9741=AXIS2_PLACEMENT_3D('',#9738,#9739,#9740);
#9742=PLANE('',#9741);
#9744=ORIENTED_EDGE('',*,*,#9743,.T.);
#9745=ORIENTED_EDGE('',*,*,#9729,.F.);
#9746=ORIENTED_EDGE('',*,*,#9656,.F.);
#9747=ORIENTED_EDGE('',*,*,#5154,.F.);
#9748=EDGE_LOOP('',(#9744,#9745,#9746,#9747));
#9749=FACE_OUTER_BOUND('',#9748,.F.);
#9750=ADVANCED_FACE('',(#9749),#9742,.T.);
#9751=CARTESIAN_POINT('',(-3.354476116020E1,3.278400581170E0,-2.0516E0));
#9752=DIRECTION('',(0.E0,7.071067811865E-1,-7.071067811865E-1));
#9753=DIRECTION('',(0.E0,7.071067811865E-1,7.071067811865E-1));
#9754=AXIS2_PLACEMENT_3D('',#9751,#9752,#9753);
#9755=PLANE('',#9754);
#9756=ORIENTED_EDGE('',*,*,#5152,.F.);
#9758=ORIENTED_EDGE('',*,*,#9757,.F.);
#9760=ORIENTED_EDGE('',*,*,#9759,.T.);
#9761=ORIENTED_EDGE('',*,*,#9743,.F.);
#9762=EDGE_LOOP('',(#9756,#9758,#9760,#9761));
#9763=FACE_OUTER_BOUND('',#9762,.F.);
#9764=ADVANCED_FACE('',(#9763),#9755,.T.);
#9765=CARTESIAN_POINT('',(-3.082498778817E1,3.979984729868E0,-2.0516E0));
#9766=DIRECTION('',(-5.E-1,5.E-1,-7.071067811865E-1));
#9767=DIRECTION('',(5.E-1,-5.E-1,-7.071067811866E-1));
#9768=AXIS2_PLACEMENT_3D('',#9765,#9766,#9767);
#9769=PLANE('',#9768);
#9771=ORIENTED_EDGE('',*,*,#9770,.F.);
#9772=ORIENTED_EDGE('',*,*,#9757,.T.);
#9773=ORIENTED_EDGE('',*,*,#5150,.T.);
#9774=ORIENTED_EDGE('',*,*,#9642,.T.);
#9775=EDGE_LOOP('',(#9771,#9772,#9773,#9774));
#9776=FACE_OUTER_BOUND('',#9775,.F.);
#9777=ADVANCED_FACE('',(#9776),#9769,.T.);
#9778=CARTESIAN_POINT('',(-3.087830363947E1,4.033300581170E0,3.422999999999E0));
#9779=DIRECTION('',(-7.071067811865E-1,7.071067811865E-1,0.E0));
#9780=DIRECTION('',(7.071067811865E-1,7.071067811865E-1,0.E0));
#9781=AXIS2_PLACEMENT_3D('',#9778,#9779,#9780);
#9782=PLANE('',#9781);
#9783=ORIENTED_EDGE('',*,*,#9770,.T.);
#9784=ORIENTED_EDGE('',*,*,#9685,.T.);
#9785=ORIENTED_EDGE('',*,*,#9699,.T.);
#9787=ORIENTED_EDGE('',*,*,#9786,.F.);
#9788=EDGE_LOOP('',(#9783,#9784,#9785,#9787));
#9789=FACE_OUTER_BOUND('',#9788,.F.);
#9790=ADVANCED_FACE('',(#9789),#9782,.T.);
#9791=CARTESIAN_POINT('',(-3.401966340232E1,3.353800581170E0,
-2.127000032842E0));
#9792=DIRECTION('',(0.E0,1.E0,0.E0));
#9793=DIRECTION('',(-1.E0,0.E0,0.E0));
#9794=AXIS2_PLACEMENT_3D('',#9791,#9792,#9793);
#9795=PLANE('',#9794);
#9796=ORIENTED_EDGE('',*,*,#9786,.T.);
#9797=ORIENTED_EDGE('',*,*,#9697,.T.);
#9798=ORIENTED_EDGE('',*,*,#9731,.F.);
#9799=ORIENTED_EDGE('',*,*,#9759,.F.);
#9800=EDGE_LOOP('',(#9796,#9797,#9798,#9799));
#9801=FACE_OUTER_BOUND('',#9800,.F.);
#9802=ADVANCED_FACE('',(#9801),#9795,.T.);
#9803=CARTESIAN_POINT('',(-3.2203734E1,5.536628E0,2.068100003033E1));
#9804=DIRECTION('',(0.E0,-1.E0,0.E0));
#9805=DIRECTION('',(0.E0,0.E0,-1.E0));
#9806=AXIS2_PLACEMENT_3D('',#9803,#9804,#9805);
#9807=PLANE('',#9806);
#9808=ORIENTED_EDGE('',*,*,#9705,.T.);
#9810=ORIENTED_EDGE('',*,*,#9809,.T.);
#9812=ORIENTED_EDGE('',*,*,#9811,.T.);
#9814=ORIENTED_EDGE('',*,*,#9813,.T.);
#9815=EDGE_LOOP('',(#9808,#9810,#9812,#9814));
#9816=FACE_OUTER_BOUND('',#9815,.F.);
#9817=ADVANCED_FACE('',(#9816),#9807,.T.);
#9818=CARTESIAN_POINT('',(-3.2326734E1,5.636628E0,-1.500000025257E-1));
#9819=DIRECTION('',(0.E0,0.E0,-1.E0));
#9820=DIRECTION('',(-1.E0,0.E0,0.E0));
#9821=AXIS2_PLACEMENT_3D('',#9818,#9819,#9820);
#9822=CYLINDRICAL_SURFACE('',#9821,1.E-1);
#9824=ORIENTED_EDGE('',*,*,#9823,.F.);
#9826=ORIENTED_EDGE('',*,*,#9825,.F.);
#9828=ORIENTED_EDGE('',*,*,#9827,.F.);
#9829=ORIENTED_EDGE('',*,*,#9809,.F.);
#9830=ORIENTED_EDGE('',*,*,#9719,.T.);
#9831=EDGE_LOOP('',(#9824,#9826,#9828,#9829,#9830));
#9832=FACE_OUTER_BOUND('',#9831,.F.);
#9833=ADVANCED_FACE('',(#9832),#9822,.T.);
#9834=CARTESIAN_POINT('',(-3.2226734E1,5.616628E0,1.267299999747E1));
#9835=DIRECTION('',(1.E0,0.E0,0.E0));
#9836=DIRECTION('',(0.E0,-1.E0,0.E0));
#9837=AXIS2_PLACEMENT_3D('',#9834,#9835,#9836);
#9838=PLANE('',#9837);
#9839=ORIENTED_EDGE('',*,*,#9823,.T.);
#9840=ORIENTED_EDGE('',*,*,#9717,.T.);
#9842=ORIENTED_EDGE('',*,*,#9841,.T.);
#9844=ORIENTED_EDGE('',*,*,#9843,.F.);
#9845=EDGE_LOOP('',(#9839,#9840,#9842,#9844));
#9846=FACE_OUTER_BOUND('',#9845,.F.);
#9847=ADVANCED_FACE('',(#9846),#9838,.T.);
#9848=CARTESIAN_POINT('',(-3.2326734E1,6.560628E0,-1.500000025257E-1));
#9849=DIRECTION('',(0.E0,0.E0,1.E0));
#9850=DIRECTION('',(1.E0,0.E0,0.E0));
#9851=AXIS2_PLACEMENT_3D('',#9848,#9849,#9850);
#9852=CYLINDRICAL_SURFACE('',#9851,1.E-1);
#9853=ORIENTED_EDGE('',*,*,#9715,.T.);
#9855=ORIENTED_EDGE('',*,*,#9854,.F.);
#9857=ORIENTED_EDGE('',*,*,#9856,.F.);
#9859=ORIENTED_EDGE('',*,*,#9858,.F.);
#9860=ORIENTED_EDGE('',*,*,#9841,.F.);
#9861=EDGE_LOOP('',(#9853,#9855,#9857,#9859,#9860));
#9862=FACE_OUTER_BOUND('',#9861,.F.);
#9863=ADVANCED_FACE('',(#9862),#9852,.T.);
#9864=CARTESIAN_POINT('',(-3.266599750103E1,6.660628E0,2.162134859331E1));
#9865=DIRECTION('',(0.E0,1.E0,0.E0));
#9866=DIRECTION('',(-1.E0,0.E0,0.E0));
#9867=AXIS2_PLACEMENT_3D('',#9864,#9865,#9866);
#9868=PLANE('',#9867);
#9869=ORIENTED_EDGE('',*,*,#9713,.T.);
#9871=ORIENTED_EDGE('',*,*,#9870,.T.);
#9873=ORIENTED_EDGE('',*,*,#9872,.T.);
#9874=ORIENTED_EDGE('',*,*,#9854,.T.);
#9875=EDGE_LOOP('',(#9869,#9871,#9873,#9874));
#9876=FACE_OUTER_BOUND('',#9875,.F.);
#9877=ADVANCED_FACE('',(#9876),#9868,.T.);
#9878=CARTESIAN_POINT('',(-3.3250734E1,6.560628E0,-1.500000025257E-1));
#9879=DIRECTION('',(0.E0,0.E0,-1.E0));
#9880=DIRECTION('',(-1.E0,0.E0,0.E0));
#9881=AXIS2_PLACEMENT_3D('',#9878,#9879,#9880);
#9882=CYLINDRICAL_SURFACE('',#9881,1.E-1);
#9884=ORIENTED_EDGE('',*,*,#9883,.F.);
#9886=ORIENTED_EDGE('',*,*,#9885,.F.);
#9888=ORIENTED_EDGE('',*,*,#9887,.F.);
#9889=ORIENTED_EDGE('',*,*,#9870,.F.);
#9890=ORIENTED_EDGE('',*,*,#9711,.T.);
#9891=EDGE_LOOP('',(#9884,#9886,#9888,#9889,#9890));
#9892=FACE_OUTER_BOUND('',#9891,.F.);
#9893=ADVANCED_FACE('',(#9892),#9882,.T.);
#9894=CARTESIAN_POINT('',(-3.3350734E1,6.580628E0,1.267299999747E1));
#9895=DIRECTION('',(-1.E0,0.E0,0.E0));
#9896=DIRECTION('',(0.E0,1.E0,0.E0));
#9897=AXIS2_PLACEMENT_3D('',#9894,#9895,#9896);
#9898=PLANE('',#9897);
#9899=ORIENTED_EDGE('',*,*,#9709,.T.);
#9901=ORIENTED_EDGE('',*,*,#9900,.T.);
#9903=ORIENTED_EDGE('',*,*,#9902,.F.);
#9904=ORIENTED_EDGE('',*,*,#9883,.T.);
#9905=EDGE_LOOP('',(#9899,#9901,#9903,#9904));
#9906=FACE_OUTER_BOUND('',#9905,.F.);
#9907=ADVANCED_FACE('',(#9906),#9898,.T.);
#9908=CARTESIAN_POINT('',(-3.3250734E1,5.636628E0,-1.500000025257E-1));
#9909=DIRECTION('',(0.E0,0.E0,1.E0));
#9910=DIRECTION('',(1.E0,0.E0,0.E0));
#9911=AXIS2_PLACEMENT_3D('',#9908,#9909,#9910);
#9912=CYLINDRICAL_SURFACE('',#9911,1.E-1);
#9913=ORIENTED_EDGE('',*,*,#9707,.T.);
#9914=ORIENTED_EDGE('',*,*,#9813,.F.);
#9916=ORIENTED_EDGE('',*,*,#9915,.F.);
#9918=ORIENTED_EDGE('',*,*,#9917,.F.);
#9919=ORIENTED_EDGE('',*,*,#9900,.F.);
#9920=EDGE_LOOP('',(#9913,#9914,#9916,#9918,#9919));
#9921=FACE_OUTER_BOUND('',#9920,.F.);
#9922=ADVANCED_FACE('',(#9921),#9912,.T.);
#9923=CARTESIAN_POINT('',(-3.2788734E1,5.736628E0,2.299287745611E0));
#9924=DIRECTION('',(0.E0,-7.071067811865E-1,-7.071067811865E-1));
#9925=DIRECTION('',(0.E0,7.071067811865E-1,-7.071067811865E-1));
#9926=AXIS2_PLACEMENT_3D('',#9923,#9924,#9925);
#9927=PLANE('',#9926);
#9928=ORIENTED_EDGE('',*,*,#9811,.F.);
#9929=ORIENTED_EDGE('',*,*,#9827,.T.);
#9931=ORIENTED_EDGE('',*,*,#9930,.F.);
#9933=ORIENTED_EDGE('',*,*,#9932,.F.);
#9935=ORIENTED_EDGE('',*,*,#9934,.T.);
#9936=ORIENTED_EDGE('',*,*,#9915,.T.);
#9937=EDGE_LOOP('',(#9928,#9929,#9931,#9933,#9935,#9936));
#9938=FACE_OUTER_BOUND('',#9937,.F.);
#9939=ADVANCED_FACE('',(#9938),#9927,.T.);
#9940=CARTESIAN_POINT('',(-3.2426734E1,6.123628E0,2.299287745611E0));
#9941=DIRECTION('',(7.071067811865E-1,0.E0,-7.071067811865E-1));
#9942=DIRECTION('',(-7.071067811865E-1,0.E0,-7.071067811865E-1));
#9943=AXIS2_PLACEMENT_3D('',#9940,#9941,#9942);
#9944=PLANE('',#9943);
#9945=ORIENTED_EDGE('',*,*,#9930,.T.);
#9946=ORIENTED_EDGE('',*,*,#9825,.T.);
#9947=ORIENTED_EDGE('',*,*,#9843,.T.);
#9948=ORIENTED_EDGE('',*,*,#9858,.T.);
#9950=ORIENTED_EDGE('',*,*,#9949,.T.);
#9952=ORIENTED_EDGE('',*,*,#9951,.F.);
#9953=EDGE_LOOP('',(#9945,#9946,#9947,#9948,#9950,#9952));
#9954=FACE_OUTER_BOUND('',#9953,.F.);
#9955=ADVANCED_FACE('',(#9954),#9944,.T.);
#9956=CARTESIAN_POINT('',(-3.2788734E1,6.460628E0,2.299287745611E0));
#9957=DIRECTION('',(0.E0,7.071067811865E-1,-7.071067811865E-1));
#9958=DIRECTION('',(0.E0,-7.071067811865E-1,-7.071067811865E-1));
#9959=AXIS2_PLACEMENT_3D('',#9956,#9957,#9958);
#9960=PLANE('',#9959);
#9961=ORIENTED_EDGE('',*,*,#9872,.F.);
#9962=ORIENTED_EDGE('',*,*,#9887,.T.);
#9964=ORIENTED_EDGE('',*,*,#9963,.F.);
#9966=ORIENTED_EDGE('',*,*,#9965,.F.);
#9967=ORIENTED_EDGE('',*,*,#9949,.F.);
#9968=ORIENTED_EDGE('',*,*,#9856,.T.);
#9969=EDGE_LOOP('',(#9961,#9962,#9964,#9966,#9967,#9968));
#9970=FACE_OUTER_BOUND('',#9969,.F.);
#9971=ADVANCED_FACE('',(#9970),#9960,.T.);
#9972=CARTESIAN_POINT('',(-3.3150734E1,6.123628E0,2.299287745611E0));
#9973=DIRECTION('',(-7.071067811865E-1,0.E0,-7.071067811865E-1));
#9974=DIRECTION('',(7.071067811865E-1,0.E0,-7.071067811865E-1));
#9975=AXIS2_PLACEMENT_3D('',#9972,#9973,#9974);
#9976=PLANE('',#9975);
#9977=ORIENTED_EDGE('',*,*,#9963,.T.);
#9978=ORIENTED_EDGE('',*,*,#9885,.T.);
#9979=ORIENTED_EDGE('',*,*,#9902,.T.);
#9980=ORIENTED_EDGE('',*,*,#9917,.T.);
#9981=ORIENTED_EDGE('',*,*,#9934,.F.);
#9983=ORIENTED_EDGE('',*,*,#9982,.F.);
#9984=EDGE_LOOP('',(#9977,#9978,#9979,#9980,#9981,#9983));
#9985=FACE_OUTER_BOUND('',#9984,.F.);
#9986=ADVANCED_FACE('',(#9985),#9976,.T.);
#9987=CARTESIAN_POINT('',(-3.245604474478E1,4.928789446054E0,2.099287745611E0));
#9988=DIRECTION('',(0.E0,0.E0,-1.E0));
#9989=DIRECTION('',(-1.E0,0.E0,0.E0));
#9990=AXIS2_PLACEMENT_3D('',#9987,#9988,#9989);
#9991=PLANE('',#9990);
#9992=ORIENTED_EDGE('',*,*,#9982,.T.);
#9993=ORIENTED_EDGE('',*,*,#9932,.T.);
#9994=ORIENTED_EDGE('',*,*,#9951,.T.);
#9995=ORIENTED_EDGE('',*,*,#9965,.T.);
#9996=EDGE_LOOP('',(#9992,#9993,#9994,#9995));
#9997=FACE_OUTER_BOUND('',#9996,.F.);
#9998=ADVANCED_FACE('',(#9997),#9991,.T.);
#9999=CARTESIAN_POINT('',(-3.8488734E1,8.491538922282E0,-2.002004759617E0));
#10000=DIRECTION('',(0.E0,-7.040147244560E-1,-7.101853756233E-1));
#10001=DIRECTION('',(0.E0,-7.101853756233E-1,7.040147244560E-1));
#10002=AXIS2_PLACEMENT_3D('',#9999,#10000,#10001);
#10003=PLANE('',#10002);
#10004=ORIENTED_EDGE('',*,*,#5160,.F.);
#10005=ORIENTED_EDGE('',*,*,#5080,.T.);
#10007=ORIENTED_EDGE('',*,*,#10006,.T.);
#10009=ORIENTED_EDGE('',*,*,#10008,.F.);
#10010=EDGE_LOOP('',(#10004,#10005,#10007,#10009));
#10011=FACE_OUTER_BOUND('',#10010,.F.);
#10012=ADVANCED_FACE('',(#10011),#10003,.T.);
#10013=CARTESIAN_POINT('',(-3.589880363947E1,8.464575418830E0,
-2.127000032842E0));
#10014=DIRECTION('',(0.E0,-1.E0,0.E0));
#10015=DIRECTION('',(1.E0,0.E0,0.E0));
#10016=AXIS2_PLACEMENT_3D('',#10013,#10014,#10015);
#10017=PLANE('',#10016);
#10018=ORIENTED_EDGE('',*,*,#10006,.F.);
#10020=ORIENTED_EDGE('',*,*,#10019,.F.);
#10022=ORIENTED_EDGE('',*,*,#10021,.T.);
#10024=ORIENTED_EDGE('',*,*,#10023,.T.);
#10025=EDGE_LOOP('',(#10018,#10020,#10022,#10024));
#10026=FACE_OUTER_BOUND('',#10025,.F.);
#10027=ADVANCED_FACE('',(#10026),#10017,.T.);
#10028=CARTESIAN_POINT('',(-4.107866436053E1,8.464575418830E0,
-2.127000032842E0));
#10029=DIRECTION('',(1.E0,0.E0,0.E0));
#10030=DIRECTION('',(0.E0,1.E0,0.E0));
#10031=AXIS2_PLACEMENT_3D('',#10028,#10029,#10030);
#10032=PLANE('',#10031);
#10033=ORIENTED_EDGE('',*,*,#5078,.F.);
#10035=ORIENTED_EDGE('',*,*,#10034,.F.);
#10037=ORIENTED_EDGE('',*,*,#10036,.T.);
#10038=ORIENTED_EDGE('',*,*,#10019,.T.);
#10039=EDGE_LOOP('',(#10033,#10035,#10037,#10038));
#10040=FACE_OUTER_BOUND('',#10039,.F.);
#10041=ADVANCED_FACE('',(#10040),#10032,.T.);
#10042=CARTESIAN_POINT('',(-4.107866436053E1,4.712801539379E0,
-2.127000032842E0));
#10043=DIRECTION('',(7.071067811865E-1,7.071067811865E-1,0.E0));
#10044=DIRECTION('',(-7.071067811865E-1,7.071067811865E-1,0.E0));
#10045=AXIS2_PLACEMENT_3D('',#10042,#10043,#10044);
#10046=PLANE('',#10045);
#10048=ORIENTED_EDGE('',*,*,#10047,.T.);
#10050=ORIENTED_EDGE('',*,*,#10049,.T.);
#10052=ORIENTED_EDGE('',*,*,#10051,.F.);
#10054=ORIENTED_EDGE('',*,*,#10053,.T.);
#10055=ORIENTED_EDGE('',*,*,#10034,.T.);
#10056=ORIENTED_EDGE('',*,*,#5076,.F.);
#10057=EDGE_LOOP('',(#10048,#10050,#10052,#10054,#10055,#10056));
#10058=FACE_OUTER_BOUND('',#10057,.F.);
#10059=ADVANCED_FACE('',(#10058),#10046,.T.);
#10060=CARTESIAN_POINT('',(-4.042678274370E1,4.005682198007E0,
-2.002004759617E0));
#10061=DIRECTION('',(-4.978135857180E-1,-4.978135857180E-1,7.101853756233E-1));
#10062=DIRECTION('',(-5.021768950027E-1,-5.021768950027E-1,-7.040147244560E-1));
#10063=AXIS2_PLACEMENT_3D('',#10060,#10061,#10062);
#10064=PLANE('',#10063);
#10065=ORIENTED_EDGE('',*,*,#10047,.F.);
#10066=ORIENTED_EDGE('',*,*,#5074,.F.);
#10067=ORIENTED_EDGE('',*,*,#5166,.T.);
#10069=ORIENTED_EDGE('',*,*,#10068,.F.);
#10070=EDGE_LOOP('',(#10065,#10066,#10067,#10069));
#10071=FACE_OUTER_BOUND('',#10070,.F.);
#10072=ADVANCED_FACE('',(#10071),#10064,.F.);
#10073=CARTESIAN_POINT('',(-3.849588875988E1,3.326837077718E0,
-2.002004759617E0));
#10074=DIRECTION('',(0.E0,-7.040147244560E-1,7.101853756233E-1));
#10075=DIRECTION('',(0.E0,-7.101853756233E-1,-7.040147244560E-1));
#10076=AXIS2_PLACEMENT_3D('',#10073,#10074,#10075);
#10077=PLANE('',#10076);
#10079=ORIENTED_EDGE('',*,*,#10078,.F.);
#10081=ORIENTED_EDGE('',*,*,#10080,.F.);
#10082=ORIENTED_EDGE('',*,*,#10049,.F.);
#10083=ORIENTED_EDGE('',*,*,#10068,.T.);
#10084=ORIENTED_EDGE('',*,*,#5164,.F.);
#10085=EDGE_LOOP('',(#10079,#10081,#10082,#10083,#10084));
#10086=FACE_OUTER_BOUND('',#10085,.F.);
#10087=ADVANCED_FACE('',(#10086),#10077,.F.);
#10088=CARTESIAN_POINT('',(-3.587184013602E1,6.558895720704E0,
-2.002004759617E0));
#10089=DIRECTION('',(7.040147244560E-1,0.E0,7.101853756233E-1));
#10090=DIRECTION('',(7.101853756233E-1,0.E0,-7.040147244560E-1));
#10091=AXIS2_PLACEMENT_3D('',#10088,#10089,#10090);
#10092=PLANE('',#10091);
#10094=ORIENTED_EDGE('',*,*,#10093,.T.);
#10095=ORIENTED_EDGE('',*,*,#10078,.T.);
#10096=ORIENTED_EDGE('',*,*,#5162,.T.);
#10097=ORIENTED_EDGE('',*,*,#10008,.T.);
#10098=EDGE_LOOP('',(#10094,#10095,#10096,#10097));
#10099=FACE_OUTER_BOUND('',#10098,.F.);
#10100=ADVANCED_FACE('',(#10099),#10092,.F.);
#10101=CARTESIAN_POINT('',(-3.589880363947E1,4.776943048970E0,
-2.127000032842E0));
#10102=DIRECTION('',(-1.E0,0.E0,0.E0));
#10103=DIRECTION('',(0.E0,-1.E0,0.E0));
#10104=AXIS2_PLACEMENT_3D('',#10101,#10102,#10103);
#10105=PLANE('',#10104);
#10107=ORIENTED_EDGE('',*,*,#10106,.F.);
#10108=ORIENTED_EDGE('',*,*,#10093,.F.);
#10109=ORIENTED_EDGE('',*,*,#10023,.F.);
#10111=ORIENTED_EDGE('',*,*,#10110,.T.);
#10112=EDGE_LOOP('',(#10107,#10108,#10109,#10111));
#10113=FACE_OUTER_BOUND('',#10112,.F.);
#10114=ADVANCED_FACE('',(#10113),#10105,.T.);
#10115=CARTESIAN_POINT('',(-3.971966340232E1,3.353800581170E0,
-2.127000032842E0));
#10116=DIRECTION('',(0.E0,1.E0,0.E0));
#10117=DIRECTION('',(-1.E0,0.E0,0.E0));
#10118=AXIS2_PLACEMENT_3D('',#10115,#10116,#10117);
#10119=PLANE('',#10118);
#10120=ORIENTED_EDGE('',*,*,#10080,.T.);
#10121=ORIENTED_EDGE('',*,*,#10106,.T.);
#10123=ORIENTED_EDGE('',*,*,#10122,.T.);
#10124=ORIENTED_EDGE('',*,*,#10051,.T.);
#10125=EDGE_LOOP('',(#10120,#10121,#10123,#10124));
#10126=FACE_OUTER_BOUND('',#10125,.F.);
#10127=ADVANCED_FACE('',(#10126),#10119,.T.);
#10128=CARTESIAN_POINT('',(-2.347181485501E1,-6.0319924E0,8.972999999999E0));
#10129=DIRECTION('',(0.E0,0.E0,1.E0));
#10130=DIRECTION('',(-1.E0,0.E0,0.E0));
#10131=AXIS2_PLACEMENT_3D('',#10128,#10129,#10130);
#10132=PLANE('',#10131);
#10133=ORIENTED_EDGE('',*,*,#10122,.F.);
#10134=ORIENTED_EDGE('',*,*,#10110,.F.);
#10135=ORIENTED_EDGE('',*,*,#10021,.F.);
#10136=ORIENTED_EDGE('',*,*,#10036,.F.);
#10137=ORIENTED_EDGE('',*,*,#10053,.F.);
#10138=EDGE_LOOP('',(#10133,#10134,#10135,#10136,#10137));
#10139=FACE_OUTER_BOUND('',#10138,.F.);
#10141=ORIENTED_EDGE('',*,*,#10140,.F.);
#10143=ORIENTED_EDGE('',*,*,#10142,.F.);
#10145=ORIENTED_EDGE('',*,*,#10144,.F.);
#10147=ORIENTED_EDGE('',*,*,#10146,.F.);
#10149=ORIENTED_EDGE('',*,*,#10148,.F.);
#10151=ORIENTED_EDGE('',*,*,#10150,.F.);
#10153=ORIENTED_EDGE('',*,*,#10152,.F.);
#10155=ORIENTED_EDGE('',*,*,#10154,.F.);
#10156=EDGE_LOOP('',(#10141,#10143,#10145,#10147,#10149,#10151,#10153,#10155));
#10157=FACE_BOUND('',#10156,.F.);
#10158=ADVANCED_FACE('',(#10139,#10157),#10132,.F.);
#10159=CARTESIAN_POINT('',(-3.7903734E1,5.536628E0,2.068100003033E1));
#10160=DIRECTION('',(0.E0,-1.E0,0.E0));
#10161=DIRECTION('',(0.E0,0.E0,-1.E0));
#10162=AXIS2_PLACEMENT_3D('',#10159,#10160,#10161);
#10163=PLANE('',#10162);
#10164=ORIENTED_EDGE('',*,*,#10140,.T.);
#10166=ORIENTED_EDGE('',*,*,#10165,.T.);
#10168=ORIENTED_EDGE('',*,*,#10167,.F.);
#10170=ORIENTED_EDGE('',*,*,#10169,.T.);
#10171=EDGE_LOOP('',(#10164,#10166,#10168,#10170));
#10172=FACE_OUTER_BOUND('',#10171,.F.);
#10173=ADVANCED_FACE('',(#10172),#10163,.T.);
#10174=CARTESIAN_POINT('',(-3.8026734E1,5.636628E0,-1.500000025257E-1));
#10175=DIRECTION('',(0.E0,0.E0,-1.E0));
#10176=DIRECTION('',(-1.E0,0.E0,0.E0));
#10177=AXIS2_PLACEMENT_3D('',#10174,#10175,#10176);
#10178=CYLINDRICAL_SURFACE('',#10177,1.E-1);
#10180=ORIENTED_EDGE('',*,*,#10179,.F.);
#10182=ORIENTED_EDGE('',*,*,#10181,.F.);
#10184=ORIENTED_EDGE('',*,*,#10183,.F.);
#10185=ORIENTED_EDGE('',*,*,#10165,.F.);
#10186=ORIENTED_EDGE('',*,*,#10154,.T.);
#10187=EDGE_LOOP('',(#10180,#10182,#10184,#10185,#10186));
#10188=FACE_OUTER_BOUND('',#10187,.F.);
#10189=ADVANCED_FACE('',(#10188),#10178,.T.);
#10190=CARTESIAN_POINT('',(-3.7926734E1,5.616628E0,1.267299999747E1));
#10191=DIRECTION('',(1.E0,0.E0,0.E0));
#10192=DIRECTION('',(0.E0,-1.E0,0.E0));
#10193=AXIS2_PLACEMENT_3D('',#10190,#10191,#10192);
#10194=PLANE('',#10193);
#10195=ORIENTED_EDGE('',*,*,#10179,.T.);
#10196=ORIENTED_EDGE('',*,*,#10152,.T.);
#10198=ORIENTED_EDGE('',*,*,#10197,.T.);
#10200=ORIENTED_EDGE('',*,*,#10199,.F.);
#10201=EDGE_LOOP('',(#10195,#10196,#10198,#10200));
#10202=FACE_OUTER_BOUND('',#10201,.F.);
#10203=ADVANCED_FACE('',(#10202),#10194,.T.);
#10204=CARTESIAN_POINT('',(-3.8026734E1,6.560628E0,-1.500000025257E-1));
#10205=DIRECTION('',(0.E0,0.E0,1.E0));
#10206=DIRECTION('',(1.E0,0.E0,0.E0));
#10207=AXIS2_PLACEMENT_3D('',#10204,#10205,#10206);
#10208=CYLINDRICAL_SURFACE('',#10207,1.E-1);
#10209=ORIENTED_EDGE('',*,*,#10150,.T.);
#10211=ORIENTED_EDGE('',*,*,#10210,.F.);
#10213=ORIENTED_EDGE('',*,*,#10212,.F.);
#10215=ORIENTED_EDGE('',*,*,#10214,.F.);
#10216=ORIENTED_EDGE('',*,*,#10197,.F.);
#10217=EDGE_LOOP('',(#10209,#10211,#10213,#10215,#10216));
#10218=FACE_OUTER_BOUND('',#10217,.F.);
#10219=ADVANCED_FACE('',(#10218),#10208,.T.);
#10220=CARTESIAN_POINT('',(-3.836599750103E1,6.660628E0,2.162134859331E1));
#10221=DIRECTION('',(0.E0,1.E0,0.E0));
#10222=DIRECTION('',(-1.E0,0.E0,0.E0));
#10223=AXIS2_PLACEMENT_3D('',#10220,#10221,#10222);
#10224=PLANE('',#10223);
#10226=ORIENTED_EDGE('',*,*,#10225,.T.);
#10227=ORIENTED_EDGE('',*,*,#10210,.T.);
#10228=ORIENTED_EDGE('',*,*,#10148,.T.);
#10230=ORIENTED_EDGE('',*,*,#10229,.T.);
#10231=EDGE_LOOP('',(#10226,#10227,#10228,#10230));
#10232=FACE_OUTER_BOUND('',#10231,.F.);
#10233=ADVANCED_FACE('',(#10232),#10224,.T.);
#10234=CARTESIAN_POINT('',(-3.8488734E1,6.460628E0,2.299287745611E0));
#10235=DIRECTION('',(0.E0,7.071067811865E-1,-7.071067811865E-1));
#10236=DIRECTION('',(0.E0,-7.071067811865E-1,-7.071067811865E-1));
#10237=AXIS2_PLACEMENT_3D('',#10234,#10235,#10236);
#10238=PLANE('',#10237);
#10240=ORIENTED_EDGE('',*,*,#10239,.T.);
#10242=ORIENTED_EDGE('',*,*,#10241,.F.);
#10244=ORIENTED_EDGE('',*,*,#10243,.F.);
#10245=ORIENTED_EDGE('',*,*,#10212,.T.);
#10246=ORIENTED_EDGE('',*,*,#10225,.F.);
#10248=ORIENTED_EDGE('',*,*,#10247,.T.);
#10249=EDGE_LOOP('',(#10240,#10242,#10244,#10245,#10246,#10248));
#10250=FACE_OUTER_BOUND('',#10249,.F.);
#10251=ADVANCED_FACE('',(#10250),#10238,.T.);
#10252=CARTESIAN_POINT('',(-3.8850734E1,6.123628E0,2.299287745611E0));
#10253=DIRECTION('',(-7.071067811865E-1,0.E0,-7.071067811865E-1));
#10254=DIRECTION('',(7.071067811865E-1,0.E0,-7.071067811865E-1));
#10255=AXIS2_PLACEMENT_3D('',#10252,#10253,#10254);
#10256=PLANE('',#10255);
#10257=ORIENTED_EDGE('',*,*,#10239,.F.);
#10259=ORIENTED_EDGE('',*,*,#10258,.T.);
#10261=ORIENTED_EDGE('',*,*,#10260,.T.);
#10263=ORIENTED_EDGE('',*,*,#10262,.T.);
#10265=ORIENTED_EDGE('',*,*,#10264,.F.);
#10267=ORIENTED_EDGE('',*,*,#10266,.F.);
#10268=EDGE_LOOP('',(#10257,#10259,#10261,#10263,#10265,#10267));
#10269=FACE_OUTER_BOUND('',#10268,.F.);
#10270=ADVANCED_FACE('',(#10269),#10256,.T.);
#10271=CARTESIAN_POINT('',(-3.8950734E1,6.560628E0,-1.500000025257E-1));
#10272=DIRECTION('',(0.E0,0.E0,-1.E0));
#10273=DIRECTION('',(-1.E0,0.E0,0.E0));
#10274=AXIS2_PLACEMENT_3D('',#10271,#10272,#10273);
#10275=CYLINDRICAL_SURFACE('',#10274,1.E-1);
#10277=ORIENTED_EDGE('',*,*,#10276,.F.);
#10278=ORIENTED_EDGE('',*,*,#10258,.F.);
#10279=ORIENTED_EDGE('',*,*,#10247,.F.);
#10280=ORIENTED_EDGE('',*,*,#10229,.F.);
#10281=ORIENTED_EDGE('',*,*,#10146,.T.);
#10282=EDGE_LOOP('',(#10277,#10278,#10279,#10280,#10281));
#10283=FACE_OUTER_BOUND('',#10282,.F.);
#10284=ADVANCED_FACE('',(#10283),#10275,.T.);
#10285=CARTESIAN_POINT('',(-3.9050734E1,6.580628E0,1.267299999747E1));
#10286=DIRECTION('',(-1.E0,0.E0,0.E0));
#10287=DIRECTION('',(0.E0,1.E0,0.E0));
#10288=AXIS2_PLACEMENT_3D('',#10285,#10286,#10287);
#10289=PLANE('',#10288);
#10290=ORIENTED_EDGE('',*,*,#10144,.T.);
#10292=ORIENTED_EDGE('',*,*,#10291,.T.);
#10293=ORIENTED_EDGE('',*,*,#10260,.F.);
#10294=ORIENTED_EDGE('',*,*,#10276,.T.);
#10295=EDGE_LOOP('',(#10290,#10292,#10293,#10294));
#10296=FACE_OUTER_BOUND('',#10295,.F.);
#10297=ADVANCED_FACE('',(#10296),#10289,.T.);
#10298=CARTESIAN_POINT('',(-3.8950734E1,5.636628E0,-1.500000025257E-1));
#10299=DIRECTION('',(0.E0,0.E0,1.E0));
#10300=DIRECTION('',(1.E0,0.E0,0.E0));
#10301=AXIS2_PLACEMENT_3D('',#10298,#10299,#10300);
#10302=CYLINDRICAL_SURFACE('',#10301,1.E-1);
#10303=ORIENTED_EDGE('',*,*,#10142,.T.);
#10304=ORIENTED_EDGE('',*,*,#10169,.F.);
#10306=ORIENTED_EDGE('',*,*,#10305,.F.);
#10307=ORIENTED_EDGE('',*,*,#10262,.F.);
#10308=ORIENTED_EDGE('',*,*,#10291,.F.);
#10309=EDGE_LOOP('',(#10303,#10304,#10306,#10307,#10308));
#10310=FACE_OUTER_BOUND('',#10309,.F.);
#10311=ADVANCED_FACE('',(#10310),#10302,.T.);
#10312=CARTESIAN_POINT('',(-3.8488734E1,5.736628E0,2.299287745611E0));
#10313=DIRECTION('',(0.E0,-7.071067811865E-1,-7.071067811865E-1));
#10314=DIRECTION('',(0.E0,7.071067811865E-1,-7.071067811865E-1));
#10315=AXIS2_PLACEMENT_3D('',#10312,#10313,#10314);
#10316=PLANE('',#10315);
#10317=ORIENTED_EDGE('',*,*,#10167,.T.);
#10318=ORIENTED_EDGE('',*,*,#10183,.T.);
#10320=ORIENTED_EDGE('',*,*,#10319,.F.);
#10322=ORIENTED_EDGE('',*,*,#10321,.F.);
#10323=ORIENTED_EDGE('',*,*,#10264,.T.);
#10324=ORIENTED_EDGE('',*,*,#10305,.T.);
#10325=EDGE_LOOP('',(#10317,#10318,#10320,#10322,#10323,#10324));
#10326=FACE_OUTER_BOUND('',#10325,.F.);
#10327=ADVANCED_FACE('',(#10326),#10316,.T.);
#10328=CARTESIAN_POINT('',(-3.8126734E1,6.123628E0,2.299287745611E0));
#10329=DIRECTION('',(7.071067811865E-1,0.E0,-7.071067811865E-1));
#10330=DIRECTION('',(-7.071067811865E-1,0.E0,-7.071067811865E-1));
#10331=AXIS2_PLACEMENT_3D('',#10328,#10329,#10330);
#10332=PLANE('',#10331);
#10333=ORIENTED_EDGE('',*,*,#10319,.T.);
#10334=ORIENTED_EDGE('',*,*,#10181,.T.);
#10335=ORIENTED_EDGE('',*,*,#10199,.T.);
#10336=ORIENTED_EDGE('',*,*,#10214,.T.);
#10337=ORIENTED_EDGE('',*,*,#10243,.T.);
#10339=ORIENTED_EDGE('',*,*,#10338,.F.);
#10340=EDGE_LOOP('',(#10333,#10334,#10335,#10336,#10337,#10339));
#10341=FACE_OUTER_BOUND('',#10340,.F.);
#10342=ADVANCED_FACE('',(#10341),#10332,.T.);
#10343=CARTESIAN_POINT('',(-3.815604474478E1,4.928789446054E0,
2.099287745611E0));
#10344=DIRECTION('',(0.E0,0.E0,-1.E0));
#10345=DIRECTION('',(-1.E0,0.E0,0.E0));
#10346=AXIS2_PLACEMENT_3D('',#10343,#10344,#10345);
#10347=PLANE('',#10346);
#10348=ORIENTED_EDGE('',*,*,#10266,.T.);
#10349=ORIENTED_EDGE('',*,*,#10321,.T.);
#10350=ORIENTED_EDGE('',*,*,#10338,.T.);
#10351=ORIENTED_EDGE('',*,*,#10241,.T.);
#10352=EDGE_LOOP('',(#10348,#10349,#10350,#10351));
#10353=FACE_OUTER_BOUND('',#10352,.F.);
#10354=ADVANCED_FACE('',(#10353),#10347,.T.);
#10355=CARTESIAN_POINT('',(-2.442340363947E1,6.665215160195E0,-2.0516E0));
#10356=DIRECTION('',(-7.071067811865E-1,0.E0,-7.071067811865E-1));
#10357=DIRECTION('',(7.071067811865E-1,0.E0,-7.071067811865E-1));
#10358=AXIS2_PLACEMENT_3D('',#10355,#10356,#10357);
#10359=PLANE('',#10358);
#10361=ORIENTED_EDGE('',*,*,#10360,.F.);
#10363=ORIENTED_EDGE('',*,*,#10362,.T.);
#10364=ORIENTED_EDGE('',*,*,#5171,.T.);
#10366=ORIENTED_EDGE('',*,*,#10365,.F.);
#10367=EDGE_LOOP('',(#10361,#10363,#10364,#10366));
#10368=FACE_OUTER_BOUND('',#10367,.F.);
#10369=ADVANCED_FACE('',(#10368),#10359,.T.);
#10370=CARTESIAN_POINT('',(-2.449880363947E1,3.353800581170E0,
-2.127000032842E0));
#10371=DIRECTION('',(-1.E0,0.E0,0.E0));
#10372=DIRECTION('',(0.E0,-1.E0,0.E0));
#10373=AXIS2_PLACEMENT_3D('',#10370,#10371,#10372);
#10374=PLANE('',#10373);
#10375=ORIENTED_EDGE('',*,*,#10360,.T.);
#10377=ORIENTED_EDGE('',*,*,#10376,.F.);
#10379=ORIENTED_EDGE('',*,*,#10378,.T.);
#10381=ORIENTED_EDGE('',*,*,#10380,.T.);
#10382=EDGE_LOOP('',(#10375,#10377,#10379,#10381));
#10383=FACE_OUTER_BOUND('',#10382,.F.);
#10384=ADVANCED_FACE('',(#10383),#10374,.T.);
#10385=CARTESIAN_POINT('',(-2.449880363947E1,8.464575418830E0,
-2.127000032842E0));
#10386=DIRECTION('',(0.E0,-1.E0,0.E0));
#10387=DIRECTION('',(1.E0,0.E0,0.E0));
#10388=AXIS2_PLACEMENT_3D('',#10385,#10386,#10387);
#10389=PLANE('',#10388);
#10390=ORIENTED_EDGE('',*,*,#10376,.T.);
#10392=ORIENTED_EDGE('',*,*,#10391,.T.);
#10394=ORIENTED_EDGE('',*,*,#10393,.T.);
#10396=ORIENTED_EDGE('',*,*,#10395,.F.);
#10397=EDGE_LOOP('',(#10390,#10392,#10394,#10396));
#10398=FACE_OUTER_BOUND('',#10397,.F.);
#10399=ADVANCED_FACE('',(#10398),#10389,.T.);
#10400=CARTESIAN_POINT('',(-2.7088734E1,8.491538922282E0,-2.002004759617E0));
#10401=DIRECTION('',(0.E0,-7.040147244560E-1,-7.101853756233E-1));
#10402=DIRECTION('',(0.E0,-7.101853756233E-1,7.040147244560E-1));
#10403=AXIS2_PLACEMENT_3D('',#10400,#10401,#10402);
#10404=PLANE('',#10403);
#10405=ORIENTED_EDGE('',*,*,#10391,.F.);
#10406=ORIENTED_EDGE('',*,*,#10365,.T.);
#10407=ORIENTED_EDGE('',*,*,#5179,.F.);
#10409=ORIENTED_EDGE('',*,*,#10408,.F.);
#10410=EDGE_LOOP('',(#10405,#10406,#10407,#10409));
#10411=FACE_OUTER_BOUND('',#10410,.F.);
#10412=ADVANCED_FACE('',(#10411),#10404,.T.);
#10413=CARTESIAN_POINT('',(-2.970562786398E1,6.551740960821E0,
-2.002004759617E0));
#10414=DIRECTION('',(7.040147244560E-1,0.E0,-7.101853756233E-1));
#10415=DIRECTION('',(7.101853756233E-1,0.E0,7.040147244560E-1));
#10416=AXIS2_PLACEMENT_3D('',#10413,#10414,#10415);
#10417=PLANE('',#10416);
#10419=ORIENTED_EDGE('',*,*,#10418,.T.);
#10421=ORIENTED_EDGE('',*,*,#10420,.T.);
#10422=ORIENTED_EDGE('',*,*,#10408,.T.);
#10423=ORIENTED_EDGE('',*,*,#5177,.T.);
#10424=EDGE_LOOP('',(#10419,#10421,#10422,#10423));
#10425=FACE_OUTER_BOUND('',#10424,.F.);
#10426=ADVANCED_FACE('',(#10425),#10417,.T.);
#10427=CARTESIAN_POINT('',(-2.784476116020E1,3.278400581170E0,-2.0516E0));
#10428=DIRECTION('',(0.E0,7.071067811865E-1,-7.071067811865E-1));
#10429=DIRECTION('',(0.E0,-7.071067811865E-1,-7.071067811865E-1));
#10430=AXIS2_PLACEMENT_3D('',#10427,#10428,#10429);
#10431=PLANE('',#10430);
#10433=ORIENTED_EDGE('',*,*,#10432,.F.);
#10434=ORIENTED_EDGE('',*,*,#10418,.F.);
#10435=ORIENTED_EDGE('',*,*,#5175,.T.);
#10437=ORIENTED_EDGE('',*,*,#10436,.F.);
#10438=EDGE_LOOP('',(#10433,#10434,#10435,#10437));
#10439=FACE_OUTER_BOUND('',#10438,.F.);
#10440=ADVANCED_FACE('',(#10439),#10431,.T.);
#10441=CARTESIAN_POINT('',(-2.831966340232E1,3.353800581170E0,
-2.127000032842E0));
#10442=DIRECTION('',(0.E0,1.E0,0.E0));
#10443=DIRECTION('',(-1.E0,0.E0,0.E0));
#10444=AXIS2_PLACEMENT_3D('',#10441,#10442,#10443);
#10445=PLANE('',#10444);
#10446=ORIENTED_EDGE('',*,*,#10432,.T.);
#10448=ORIENTED_EDGE('',*,*,#10447,.F.);
#10450=ORIENTED_EDGE('',*,*,#10449,.F.);
#10452=ORIENTED_EDGE('',*,*,#10451,.T.);
#10453=EDGE_LOOP('',(#10446,#10448,#10450,#10452));
#10454=FACE_OUTER_BOUND('',#10453,.F.);
#10455=ADVANCED_FACE('',(#10454),#10445,.T.);
#10456=CARTESIAN_POINT('',(-2.517830363947E1,4.033300581170E0,
3.422999999999E0));
#10457=DIRECTION('',(-7.071067811865E-1,7.071067811865E-1,0.E0));
#10458=DIRECTION('',(-7.071067811865E-1,-7.071067811865E-1,0.E0));
#10459=AXIS2_PLACEMENT_3D('',#10456,#10457,#10458);
#10460=PLANE('',#10459);
#10462=ORIENTED_EDGE('',*,*,#10461,.T.);
#10463=ORIENTED_EDGE('',*,*,#10380,.F.);
#10465=ORIENTED_EDGE('',*,*,#10464,.T.);
#10466=ORIENTED_EDGE('',*,*,#10447,.T.);
#10467=EDGE_LOOP('',(#10462,#10463,#10465,#10466));
#10468=FACE_OUTER_BOUND('',#10467,.F.);
#10469=ADVANCED_FACE('',(#10468),#10460,.T.);
#10470=CARTESIAN_POINT('',(-2.512498778817E1,3.979984729868E0,-2.0516E0));
#10471=DIRECTION('',(-5.E-1,5.E-1,-7.071067811865E-1));
#10472=DIRECTION('',(5.E-1,-5.E-1,-7.071067811865E-1));
#10473=AXIS2_PLACEMENT_3D('',#10470,#10471,#10472);
#10474=PLANE('',#10473);
#10475=ORIENTED_EDGE('',*,*,#10461,.F.);
#10476=ORIENTED_EDGE('',*,*,#10436,.T.);
#10477=ORIENTED_EDGE('',*,*,#5173,.T.);
#10478=ORIENTED_EDGE('',*,*,#10362,.F.);
#10479=EDGE_LOOP('',(#10475,#10476,#10477,#10478));
#10480=FACE_OUTER_BOUND('',#10479,.F.);
#10481=ADVANCED_FACE('',(#10480),#10474,.T.);
#10482=CARTESIAN_POINT('',(-2.197181485501E1,-6.0319924E0,8.972999999999E0));
#10483=DIRECTION('',(0.E0,0.E0,1.E0));
#10484=DIRECTION('',(-1.E0,0.E0,0.E0));
#10485=AXIS2_PLACEMENT_3D('',#10482,#10483,#10484);
#10486=PLANE('',#10485);
#10487=ORIENTED_EDGE('',*,*,#10395,.T.);
#10489=ORIENTED_EDGE('',*,*,#10488,.T.);
#10490=ORIENTED_EDGE('',*,*,#10449,.T.);
#10491=ORIENTED_EDGE('',*,*,#10464,.F.);
#10492=ORIENTED_EDGE('',*,*,#10378,.F.);
#10493=EDGE_LOOP('',(#10487,#10489,#10490,#10491,#10492));
#10494=FACE_OUTER_BOUND('',#10493,.F.);
#10496=ORIENTED_EDGE('',*,*,#10495,.F.);
#10498=ORIENTED_EDGE('',*,*,#10497,.F.);
#10500=ORIENTED_EDGE('',*,*,#10499,.F.);
#10502=ORIENTED_EDGE('',*,*,#10501,.F.);
#10504=ORIENTED_EDGE('',*,*,#10503,.F.);
#10506=ORIENTED_EDGE('',*,*,#10505,.F.);
#10508=ORIENTED_EDGE('',*,*,#10507,.F.);
#10510=ORIENTED_EDGE('',*,*,#10509,.F.);
#10511=EDGE_LOOP('',(#10496,#10498,#10500,#10502,#10504,#10506,#10508,#10510));
#10512=FACE_BOUND('',#10511,.F.);
#10513=ADVANCED_FACE('',(#10494,#10512),#10486,.F.);
#10514=CARTESIAN_POINT('',(-2.967866436053E1,8.464575418830E0,
-2.127000032842E0));
#10515=DIRECTION('',(1.E0,0.E0,0.E0));
#10516=DIRECTION('',(0.E0,1.E0,0.E0));
#10517=AXIS2_PLACEMENT_3D('',#10514,#10515,#10516);
#10518=PLANE('',#10517);
#10519=ORIENTED_EDGE('',*,*,#10420,.F.);
#10520=ORIENTED_EDGE('',*,*,#10451,.F.);
#10521=ORIENTED_EDGE('',*,*,#10488,.F.);
#10522=ORIENTED_EDGE('',*,*,#10393,.F.);
#10523=EDGE_LOOP('',(#10519,#10520,#10521,#10522));
#10524=FACE_OUTER_BOUND('',#10523,.F.);
#10525=ADVANCED_FACE('',(#10524),#10518,.T.);
#10526=CARTESIAN_POINT('',(-2.6526734E1,5.616628E0,1.267299999747E1));
#10527=DIRECTION('',(1.E0,0.E0,0.E0));
#10528=DIRECTION('',(0.E0,-1.E0,0.E0));
#10529=AXIS2_PLACEMENT_3D('',#10526,#10527,#10528);
#10530=PLANE('',#10529);
#10532=ORIENTED_EDGE('',*,*,#10531,.T.);
#10533=ORIENTED_EDGE('',*,*,#10495,.T.);
#10535=ORIENTED_EDGE('',*,*,#10534,.T.);
#10537=ORIENTED_EDGE('',*,*,#10536,.F.);
#10538=EDGE_LOOP('',(#10532,#10533,#10535,#10537));
#10539=FACE_OUTER_BOUND('',#10538,.F.);
#10540=ADVANCED_FACE('',(#10539),#10530,.T.);
#10541=CARTESIAN_POINT('',(-2.6626734E1,5.636628E0,-1.500000025257E-1));
#10542=DIRECTION('',(0.E0,0.E0,-1.E0));
#10543=DIRECTION('',(-1.E0,0.E0,0.E0));
#10544=AXIS2_PLACEMENT_3D('',#10541,#10542,#10543);
#10545=CYLINDRICAL_SURFACE('',#10544,1.E-1);
#10546=ORIENTED_EDGE('',*,*,#10531,.F.);
#10548=ORIENTED_EDGE('',*,*,#10547,.F.);
#10550=ORIENTED_EDGE('',*,*,#10549,.F.);
#10552=ORIENTED_EDGE('',*,*,#10551,.F.);
#10553=ORIENTED_EDGE('',*,*,#10497,.T.);
#10554=EDGE_LOOP('',(#10546,#10548,#10550,#10552,#10553));
#10555=FACE_OUTER_BOUND('',#10554,.F.);
#10556=ADVANCED_FACE('',(#10555),#10545,.T.);
#10557=CARTESIAN_POINT('',(-2.6726734E1,6.123628E0,2.299287745611E0));
#10558=DIRECTION('',(7.071067811865E-1,0.E0,-7.071067811865E-1));
#10559=DIRECTION('',(-7.071067811865E-1,0.E0,-7.071067811865E-1));
#10560=AXIS2_PLACEMENT_3D('',#10557,#10558,#10559);
#10561=PLANE('',#10560);
#10563=ORIENTED_EDGE('',*,*,#10562,.F.);
#10564=ORIENTED_EDGE('',*,*,#10547,.T.);
#10565=ORIENTED_EDGE('',*,*,#10536,.T.);
#10567=ORIENTED_EDGE('',*,*,#10566,.T.);
#10569=ORIENTED_EDGE('',*,*,#10568,.F.);
#10571=ORIENTED_EDGE('',*,*,#10570,.T.);
#10572=EDGE_LOOP('',(#10563,#10564,#10565,#10567,#10569,#10571));
#10573=FACE_OUTER_BOUND('',#10572,.F.);
#10574=ADVANCED_FACE('',(#10573),#10561,.T.);
#10575=CARTESIAN_POINT('',(-2.7088734E1,5.736628E0,2.299287745611E0));
#10576=DIRECTION('',(0.E0,-7.071067811865E-1,-7.071067811865E-1));
#10577=DIRECTION('',(0.E0,7.071067811865E-1,-7.071067811865E-1));
#10578=AXIS2_PLACEMENT_3D('',#10575,#10576,#10577);
#10579=PLANE('',#10578);
#10581=ORIENTED_EDGE('',*,*,#10580,.T.);
#10583=ORIENTED_EDGE('',*,*,#10582,.T.);
#10585=ORIENTED_EDGE('',*,*,#10584,.T.);
#10586=ORIENTED_EDGE('',*,*,#10549,.T.);
#10587=ORIENTED_EDGE('',*,*,#10562,.T.);
#10589=ORIENTED_EDGE('',*,*,#10588,.T.);
#10590=EDGE_LOOP('',(#10581,#10583,#10585,#10586,#10587,#10589));
#10591=FACE_OUTER_BOUND('',#10590,.F.);
#10592=ADVANCED_FACE('',(#10591),#10579,.T.);
#10593=CARTESIAN_POINT('',(-2.7450734E1,6.123628E0,2.299287745611E0));
#10594=DIRECTION('',(-7.071067811865E-1,0.E0,-7.071067811865E-1));
#10595=DIRECTION('',(7.071067811865E-1,0.E0,-7.071067811865E-1));
#10596=AXIS2_PLACEMENT_3D('',#10593,#10594,#10595);
#10597=PLANE('',#10596);
#10599=ORIENTED_EDGE('',*,*,#10598,.T.);
#10601=ORIENTED_EDGE('',*,*,#10600,.T.);
#10602=ORIENTED_EDGE('',*,*,#10580,.F.);
#10604=ORIENTED_EDGE('',*,*,#10603,.T.);
#10606=ORIENTED_EDGE('',*,*,#10605,.F.);
#10608=ORIENTED_EDGE('',*,*,#10607,.T.);
#10609=EDGE_LOOP('',(#10599,#10601,#10602,#10604,#10606,#10608));
#10610=FACE_OUTER_BOUND('',#10609,.F.);
#10611=ADVANCED_FACE('',(#10610),#10597,.T.);
#10612=CARTESIAN_POINT('',(-2.7650734E1,6.580628E0,1.267299999747E1));
#10613=DIRECTION('',(-1.E0,0.E0,0.E0));
#10614=DIRECTION('',(0.E0,1.E0,0.E0));
#10615=AXIS2_PLACEMENT_3D('',#10612,#10613,#10614);
#10616=PLANE('',#10615);
#10617=ORIENTED_EDGE('',*,*,#10503,.T.);
#10619=ORIENTED_EDGE('',*,*,#10618,.T.);
#10620=ORIENTED_EDGE('',*,*,#10598,.F.);
#10622=ORIENTED_EDGE('',*,*,#10621,.T.);
#10623=EDGE_LOOP('',(#10617,#10619,#10620,#10622));
#10624=FACE_OUTER_BOUND('',#10623,.F.);
#10625=ADVANCED_FACE('',(#10624),#10616,.T.);
#10626=CARTESIAN_POINT('',(-2.7550734E1,5.636628E0,-1.500000025257E-1));
#10627=DIRECTION('',(0.E0,0.E0,1.E0));
#10628=DIRECTION('',(1.E0,0.E0,0.E0));
#10629=AXIS2_PLACEMENT_3D('',#10626,#10627,#10628);
#10630=CYLINDRICAL_SURFACE('',#10629,1.E-1);
#10631=ORIENTED_EDGE('',*,*,#10501,.T.);
#10633=ORIENTED_EDGE('',*,*,#10632,.F.);
#10634=ORIENTED_EDGE('',*,*,#10582,.F.);
#10635=ORIENTED_EDGE('',*,*,#10600,.F.);
#10636=ORIENTED_EDGE('',*,*,#10618,.F.);
#10637=EDGE_LOOP('',(#10631,#10633,#10634,#10635,#10636));
#10638=FACE_OUTER_BOUND('',#10637,.F.);
#10639=ADVANCED_FACE('',(#10638),#10630,.T.);
#10640=CARTESIAN_POINT('',(-2.6503734E1,5.536628E0,2.068100003033E1));
#10641=DIRECTION('',(0.E0,-1.E0,0.E0));
#10642=DIRECTION('',(0.E0,0.E0,-1.E0));
#10643=AXIS2_PLACEMENT_3D('',#10640,#10641,#10642);
#10644=PLANE('',#10643);
#10645=ORIENTED_EDGE('',*,*,#10499,.T.);
#10646=ORIENTED_EDGE('',*,*,#10551,.T.);
#10647=ORIENTED_EDGE('',*,*,#10584,.F.);
#10648=ORIENTED_EDGE('',*,*,#10632,.T.);
#10649=EDGE_LOOP('',(#10645,#10646,#10647,#10648));
#10650=FACE_OUTER_BOUND('',#10649,.F.);
#10651=ADVANCED_FACE('',(#10650),#10644,.T.);
#10652=CARTESIAN_POINT('',(-2.7550734E1,6.560628E0,-1.500000025257E-1));
#10653=DIRECTION('',(0.E0,0.E0,-1.E0));
#10654=DIRECTION('',(-1.E0,0.E0,0.E0));
#10655=AXIS2_PLACEMENT_3D('',#10652,#10653,#10654);
#10656=CYLINDRICAL_SURFACE('',#10655,1.E-1);
#10657=ORIENTED_EDGE('',*,*,#10621,.F.);
#10658=ORIENTED_EDGE('',*,*,#10607,.F.);
#10660=ORIENTED_EDGE('',*,*,#10659,.F.);
#10662=ORIENTED_EDGE('',*,*,#10661,.F.);
#10663=ORIENTED_EDGE('',*,*,#10505,.T.);
#10664=EDGE_LOOP('',(#10657,#10658,#10660,#10662,#10663));
#10665=FACE_OUTER_BOUND('',#10664,.F.);
#10666=ADVANCED_FACE('',(#10665),#10656,.T.);
#10667=CARTESIAN_POINT('',(-2.7088734E1,6.460628E0,2.299287745611E0));
#10668=DIRECTION('',(0.E0,7.071067811865E-1,-7.071067811865E-1));
#10669=DIRECTION('',(0.E0,-7.071067811865E-1,-7.071067811865E-1));
#10670=AXIS2_PLACEMENT_3D('',#10667,#10668,#10669);
#10671=PLANE('',#10670);
#10673=ORIENTED_EDGE('',*,*,#10672,.T.);
#10674=ORIENTED_EDGE('',*,*,#10659,.T.);
#10675=ORIENTED_EDGE('',*,*,#10605,.T.);
#10677=ORIENTED_EDGE('',*,*,#10676,.T.);
#10678=ORIENTED_EDGE('',*,*,#10568,.T.);
#10680=ORIENTED_EDGE('',*,*,#10679,.T.);
#10681=EDGE_LOOP('',(#10673,#10674,#10675,#10677,#10678,#10680));
#10682=FACE_OUTER_BOUND('',#10681,.F.);
#10683=ADVANCED_FACE('',(#10682),#10671,.T.);
#10684=CARTESIAN_POINT('',(-2.696599750103E1,6.660628E0,2.162134859331E1));
#10685=DIRECTION('',(0.E0,1.E0,0.E0));
#10686=DIRECTION('',(-1.E0,0.E0,0.E0));
#10687=AXIS2_PLACEMENT_3D('',#10684,#10685,#10686);
#10688=PLANE('',#10687);
#10689=ORIENTED_EDGE('',*,*,#10507,.T.);
#10690=ORIENTED_EDGE('',*,*,#10661,.T.);
#10691=ORIENTED_EDGE('',*,*,#10672,.F.);
#10693=ORIENTED_EDGE('',*,*,#10692,.T.);
#10694=EDGE_LOOP('',(#10689,#10690,#10691,#10693));
#10695=FACE_OUTER_BOUND('',#10694,.F.);
#10696=ADVANCED_FACE('',(#10695),#10688,.T.);
#10697=CARTESIAN_POINT('',(-2.6626734E1,6.560628E0,-1.500000025257E-1));
#10698=DIRECTION('',(0.E0,0.E0,1.E0));
#10699=DIRECTION('',(1.E0,0.E0,0.E0));
#10700=AXIS2_PLACEMENT_3D('',#10697,#10698,#10699);
#10701=CYLINDRICAL_SURFACE('',#10700,1.E-1);
#10702=ORIENTED_EDGE('',*,*,#10509,.T.);
#10703=ORIENTED_EDGE('',*,*,#10692,.F.);
#10704=ORIENTED_EDGE('',*,*,#10679,.F.);
#10705=ORIENTED_EDGE('',*,*,#10566,.F.);
#10706=ORIENTED_EDGE('',*,*,#10534,.F.);
#10707=EDGE_LOOP('',(#10702,#10703,#10704,#10705,#10706));
#10708=FACE_OUTER_BOUND('',#10707,.F.);
#10709=ADVANCED_FACE('',(#10708),#10701,.T.);
#10710=CARTESIAN_POINT('',(-2.675604474478E1,4.928789446054E0,
2.099287745611E0));
#10711=DIRECTION('',(0.E0,0.E0,-1.E0));
#10712=DIRECTION('',(-1.E0,0.E0,0.E0));
#10713=AXIS2_PLACEMENT_3D('',#10710,#10711,#10712);
#10714=PLANE('',#10713);
#10715=ORIENTED_EDGE('',*,*,#10603,.F.);
#10716=ORIENTED_EDGE('',*,*,#10588,.F.);
#10717=ORIENTED_EDGE('',*,*,#10570,.F.);
#10718=ORIENTED_EDGE('',*,*,#10676,.F.);
#10719=EDGE_LOOP('',(#10715,#10716,#10717,#10718));
#10720=FACE_OUTER_BOUND('',#10719,.F.);
#10721=ADVANCED_FACE('',(#10720),#10714,.T.);
#10722=CLOSED_SHELL('',(#5084,#5183,#5225,#5240,#5254,#5268,#5281,#5413,#5428,
#5442,#5456,#5470,#5484,#5498,#5512,#5526,#5540,#5554,#5568,#5582,#5596,#5610,
#5624,#5638,#5652,#5666,#5680,#5694,#5708,#5722,#5736,#5750,#5764,#5778,#5792,
#5806,#5820,#5834,#5848,#5862,#5876,#5890,#5904,#5918,#5932,#5946,#5960,#5974,
#5988,#6002,#6016,#6030,#6044,#6058,#6072,#6086,#6100,#6114,#6128,#6142,#6156,
#6170,#6184,#6198,#6212,#6226,#6239,#6312,#6327,#6340,#6350,#6371,#6393,#6415,
#6430,#6453,#6466,#6496,#6511,#6525,#6539,#6552,#6592,#6607,#6640,#6654,#6667,
#6680,#6693,#6706,#6719,#6732,#6745,#6757,#6770,#6783,#6795,#6949,#6966,#6980,
#6996,#7010,#7026,#7040,#7056,#7069,#7086,#7102,#7118,#7133,#7145,#7162,#7176,
#7194,#7209,#7223,#7239,#7253,#7271,#7286,#7299,#7314,#7327,#7341,#7358,#7372,
#7388,#7402,#7418,#7432,#7448,#7461,#7478,#7494,#7510,#7525,#7537,#7554,#7568,
#7586,#7601,#7615,#7631,#7645,#7663,#7678,#7691,#7707,#7720,#7733,#7750,#7764,
#7780,#7794,#7810,#7824,#7840,#7853,#7870,#7886,#7902,#7917,#7929,#7946,#7960,
#7978,#7993,#8007,#8024,#8039,#8053,#8070,#8085,#8098,#8113,#8125,#8138,#8151,
#8164,#8176,#8189,#8202,#8215,#8228,#8248,#8260,#8273,#8292,#8305,#8318,#8331,
#8343,#8355,#8368,#8381,#8394,#8406,#8422,#8437,#8448,#8461,#8473,#8488,#8502,
#8516,#8529,#8541,#8556,#8570,#8584,#8598,#8613,#8628,#8640,#8654,#8668,#8681,
#8712,#8727,#8743,#8757,#8773,#8787,#8805,#8824,#8838,#8851,#8865,#8881,#8896,
#8908,#8927,#8942,#8955,#8969,#8983,#8998,#9011,#9024,#9037,#9068,#9083,#9099,
#9113,#9129,#9143,#9159,#9173,#9188,#9205,#9221,#9237,#9252,#9264,#9279,#9294,
#9309,#9322,#9336,#9350,#9383,#9397,#9410,#9423,#9435,#9450,#9466,#9480,#9496,
#9510,#9526,#9540,#9555,#9572,#9588,#9604,#9617,#9631,#9646,#9660,#9675,#9689,
#9723,#9737,#9750,#9764,#9777,#9790,#9802,#9817,#9833,#9847,#9863,#9877,#9893,
#9907,#9922,#9939,#9955,#9971,#9986,#9998,#10012,#10027,#10041,#10059,#10072,
#10087,#10100,#10114,#10127,#10158,#10173,#10189,#10203,#10219,#10233,#10251,
#10270,#10284,#10297,#10311,#10327,#10342,#10354,#10369,#10384,#10399,#10412,
#10426,#10440,#10455,#10469,#10481,#10513,#10525,#10540,#10556,#10574,#10592,
#10611,#10625,#10639,#10651,#10666,#10683,#10696,#10709,#10721));
#10723=MANIFOLD_SOLID_BREP('',#10722);
#10724=CARTESIAN_POINT('',(0.E0,0.E0,0.E0));
#10725=DIRECTION('',(0.E0,0.E0,1.E0));
#10726=DIRECTION('',(1.E0,0.E0,0.E0));
#10727=AXIS2_PLACEMENT_3D('CM-76829-0006',#10724,#10725,#10726);
#10728=CARTESIAN_POINT('',(-2.7086734E1,6.090628E0,1.3173E1));
#10729=DIRECTION('',(0.E0,0.E0,1.E0));
#10730=DIRECTION('',(1.E0,0.E0,0.E0));
#10731=AXIS2_PLACEMENT_3D('',#10728,#10729,#10730);
#10735=CARTESIAN_POINT('',(-2.7086734E1,6.090628E0,1.3173E1));
#10736=DIRECTION('',(0.E0,0.E0,1.E0));
#10737=DIRECTION('',(-1.E0,0.E0,0.E0));
#10738=AXIS2_PLACEMENT_3D('',#10735,#10736,#10737);
#10744=CARTESIAN_POINT('',(-2.7086734E1,3.90628E-1,1.3173E1));
#10745=DIRECTION('',(0.E0,0.E0,1.E0));
#10746=DIRECTION('',(1.E0,0.E0,0.E0));
#10747=AXIS2_PLACEMENT_3D('',#10744,#10745,#10746);
#10751=CARTESIAN_POINT('',(-2.7086734E1,3.90628E-1,1.3173E1));
#10752=DIRECTION('',(0.E0,0.E0,1.E0));
#10753=DIRECTION('',(-1.E0,0.E0,0.E0));
#10754=AXIS2_PLACEMENT_3D('',#10751,#10752,#10753);
#10759=CARTESIAN_POINT('',(-3.8486734E1,6.090628E0,1.3173E1));
#10760=DIRECTION('',(0.E0,0.E0,1.E0));
#10761=DIRECTION('',(1.E0,0.E0,0.E0));
#10762=AXIS2_PLACEMENT_3D('',#10759,#10760,#10761);
#10766=CARTESIAN_POINT('',(-3.8486734E1,6.090628E0,1.3173E1));
#10767=DIRECTION('',(0.E0,0.E0,1.E0));
#10768=DIRECTION('',(-1.E0,0.E0,0.E0));
#10769=AXIS2_PLACEMENT_3D('',#10766,#10767,#10768);
#10774=CARTESIAN_POINT('',(-3.8486734E1,3.90628E-1,1.3173E1));
#10775=DIRECTION('',(0.E0,0.E0,1.E0));
#10776=DIRECTION('',(1.E0,0.E0,0.E0));
#10777=AXIS2_PLACEMENT_3D('',#10774,#10775,#10776);
#10781=CARTESIAN_POINT('',(-3.8486734E1,3.90628E-1,1.3173E1));
#10782=DIRECTION('',(0.E0,0.E0,1.E0));
#10783=DIRECTION('',(-1.E0,0.E0,0.E0));
#10784=AXIS2_PLACEMENT_3D('',#10781,#10782,#10783);
#10789=CARTESIAN_POINT('',(-3.2786734E1,6.090628E0,1.3173E1));
#10790=DIRECTION('',(0.E0,0.E0,1.E0));
#10791=DIRECTION('',(1.E0,0.E0,0.E0));
#10792=AXIS2_PLACEMENT_3D('',#10789,#10790,#10791);
#10796=CARTESIAN_POINT('',(-3.2786734E1,6.090628E0,1.3173E1));
#10797=DIRECTION('',(0.E0,0.E0,1.E0));
#10798=DIRECTION('',(-1.E0,0.E0,0.E0));
#10799=AXIS2_PLACEMENT_3D('',#10796,#10797,#10798);
#10804=CARTESIAN_POINT('',(-3.2786734E1,3.90628E-1,1.3173E1));
#10805=DIRECTION('',(0.E0,0.E0,1.E0));
#10806=DIRECTION('',(1.E0,0.E0,0.E0));
#10807=AXIS2_PLACEMENT_3D('',#10804,#10805,#10806);
#10811=CARTESIAN_POINT('',(-3.2786734E1,3.90628E-1,1.3173E1));
#10812=DIRECTION('',(0.E0,0.E0,1.E0));
#10813=DIRECTION('',(-1.E0,0.E0,0.E0));
#10814=AXIS2_PLACEMENT_3D('',#10811,#10812,#10813);
#10819=DIRECTION('',(0.E0,0.E0,1.E0));
#10820=VECTOR('',#10819,1.1E0);
#10821=CARTESIAN_POINT('',(-2.461373384354E1,8.865049356208E0,1.3473E1));
#10822=LINE('',#10821,#10820);
#10824=CARTESIAN_POINT('',(-2.461373384354E1,8.865049356208E0,1.3473E1));
#10825=DIRECTION('',(0.E0,0.E0,1.E0));
#10826=DIRECTION('',(1.E0,0.E0,0.E0));
#10827=AXIS2_PLACEMENT_3D('',#10824,#10825,#10826);
#10831=CARTESIAN_POINT('',(-2.461373384354E1,8.865049356208E0,1.3473E1));
#10832=DIRECTION('',(0.E0,0.E0,1.E0));
#10833=DIRECTION('',(-1.E0,0.E0,0.E0));
#10834=AXIS2_PLACEMENT_3D('',#10831,#10832,#10833);
#10840=DIMENSIONAL_EXPONENTS(0.E0,0.E0,0.E0,0.E0,0.E0,0.E0,0.E0);
#10842=PLANE_ANGLE_MEASURE_WITH_UNIT(PLANE_ANGLE_MEASURE(1.745329251994E-2),
#10841);
#10843=(CONVERSION_BASED_UNIT('DEGREE',#10842)NAMED_UNIT(*)PLANE_ANGLE_UNIT());
#10845=UNCERTAINTY_MEASURE_WITH_UNIT(LENGTH_MEASURE(3.401419306755E-3),#10839,
'closure',
'Maximum model space distance between geometric entities at asserted connectivities');
#10846=(GEOMETRIC_REPRESENTATION_CONTEXT(3)GLOBAL_UNCERTAINTY_ASSIGNED_CONTEXT((
#10845))GLOBAL_UNIT_ASSIGNED_CONTEXT((#10839,#10843,#10844))REPRESENTATION_CONTEXT('ID1','3'));
#10743=GEOMETRIC_SET('',(#10742,#10758,#10773,#10788,#10803,#10818,#10823,
#10838));
#10850=SHAPE_REPRESENTATION_RELATIONSHIP('','',#10849,#10847);
#10851=SHAPE_REPRESENTATION_RELATIONSHIP('','',#10849,#10848);
#10852=APPLICATION_CONTEXT(
'CONFIGURATION CONTROLLED 3D DESIGNS OF MECHANICAL PARTS AND ASSEMBLIES');
#10853=APPLICATION_PROTOCOL_DEFINITION('international standard',
'config_control_design',1994,#10852);
#10854=DESIGN_CONTEXT('',#10852,'design');
#10855=MECHANICAL_CONTEXT('',#10852,'mechanical');
#10856=PRODUCT('768290106','768290106','NOT SPECIFIED',(#10855));
#10857=PRODUCT_DEFINITION_FORMATION_WITH_SPECIFIED_SOURCE('1','LAST_VERSION',
#10856,.MADE.);
#10861=PRODUCT_CATEGORY('part','');
#10862=PRODUCT_RELATED_PRODUCT_CATEGORY('detail','',(#10856));
#10863=PRODUCT_CATEGORY_RELATIONSHIP('','',#10861,#10862);
#10864=SECURITY_CLASSIFICATION_LEVEL('unclassified');
#10865=SECURITY_CLASSIFICATION('','',#10864);
#10866=CC_DESIGN_SECURITY_CLASSIFICATION(#10865,(#10857));
#10867=APPROVAL_STATUS('approved');
#10868=APPROVAL(#10867,'');
#10869=CC_DESIGN_APPROVAL(#10868,(#10865,#10857,#10858));
#10870=CALENDAR_DATE(117,22,8);
#10871=COORDINATED_UNIVERSAL_TIME_OFFSET(5,30,.AHEAD.);
#10872=LOCAL_TIME(17,26,1.6E1,#10871);
#10873=DATE_AND_TIME(#10870,#10872);
#10874=APPROVAL_DATE_TIME(#10873,#10868);
#10875=DATE_TIME_ROLE('creation_date');
#10876=CC_DESIGN_DATE_AND_TIME_ASSIGNMENT(#10873,#10875,(#10858));
#10877=DATE_TIME_ROLE('classification_date');
#10878=CC_DESIGN_DATE_AND_TIME_ASSIGNMENT(#10873,#10877,(#10865));
#10879=PERSON('UNSPECIFIED','UNSPECIFIED',$,$,$,$);
#10880=ORGANIZATION('UNSPECIFIED','UNSPECIFIED','UNSPECIFIED');
#10881=PERSON_AND_ORGANIZATION(#10879,#10880);
#10882=APPROVAL_ROLE('approver');
#10883=APPROVAL_PERSON_ORGANIZATION(#10881,#10868,#10882);
#10884=PERSON_AND_ORGANIZATION_ROLE('creator');
#10885=CC_DESIGN_PERSON_AND_ORGANIZATION_ASSIGNMENT(#10881,#10884,(#10857,
#10858));
#10886=PERSON_AND_ORGANIZATION_ROLE('design_supplier');
#10887=CC_DESIGN_PERSON_AND_ORGANIZATION_ASSIGNMENT(#10881,#10886,(#10857));
#10888=PERSON_AND_ORGANIZATION_ROLE('classification_officer');
#10889=CC_DESIGN_PERSON_AND_ORGANIZATION_ASSIGNMENT(#10881,#10888,(#10865));
#10890=PERSON_AND_ORGANIZATION_ROLE('design_owner');
#10891=CC_DESIGN_PERSON_AND_ORGANIZATION_ASSIGNMENT(#10881,#10890,(#10856));
#13=CIRCLE('',#12,5.E-1);
#22=CIRCLE('',#21,5.E-1);
#27=CIRCLE('',#26,5.E-1);
#36=CIRCLE('',#35,5.E-1);
#893=CIRCLE('',#892,5.923151977235E-1);
#898=CIRCLE('',#897,5.923151977235E-1);
#911=CIRCLE('',#910,5.923151977235E-1);
#916=CIRCLE('',#915,5.923151977235E-1);
#921=CIRCLE('',#920,5.E-1);
#954=CIRCLE('',#953,5.E-1);
#979=CIRCLE('',#978,5.E-1);
#1008=CIRCLE('',#1007,7.E-1);
#1017=CIRCLE('',#1016,5.E-1);
#1026=CIRCLE('',#1025,7.E-1);
#1031=CIRCLE('',#1030,7.E-1);
#1276=CIRCLE('',#1275,1.E-1);
#1285=CIRCLE('',#1284,1.E-1);
#1294=CIRCLE('',#1293,1.E-1);
#1303=CIRCLE('',#1302,1.E-1);
#1312=CIRCLE('',#1311,1.E-1);
#1321=CIRCLE('',#1320,1.E-1);
#1330=CIRCLE('',#1329,1.E-1);
#1339=CIRCLE('',#1338,1.E-1);
#1348=CIRCLE('',#1347,1.E-1);
#1357=CIRCLE('',#1356,1.E-1);
#1366=CIRCLE('',#1365,1.E-1);
#1375=CIRCLE('',#1374,1.E-1);
#1384=CIRCLE('',#1383,1.E-1);
#1393=CIRCLE('',#1392,1.E-1);
#1402=CIRCLE('',#1401,1.E-1);
#1411=CIRCLE('',#1410,1.E-1);
#1420=CIRCLE('',#1419,1.E-1);
#1429=CIRCLE('',#1428,1.E-1);
#1438=CIRCLE('',#1437,1.E-1);
#1447=CIRCLE('',#1446,1.E-1);
#1456=CIRCLE('',#1455,1.E-1);
#1465=CIRCLE('',#1464,1.E-1);
#1474=CIRCLE('',#1473,1.E-1);
#1483=CIRCLE('',#1482,1.E-1);
#1600=B_SPLINE_CURVE_WITH_KNOTS('',3,(#1596,#1597,#1598,#1599),.UNSPECIFIED.,
.F.,.F.,(4,4),(0.E0,1.E0),.UNSPECIFIED.);
#1605=B_SPLINE_CURVE_WITH_KNOTS('',3,(#1601,#1602,#1603,#1604),.UNSPECIFIED.,
.F.,.F.,(4,4),(0.E0,1.E0),.UNSPECIFIED.);
#1614=B_SPLINE_CURVE_WITH_KNOTS('',3,(#1610,#1611,#1612,#1613),.UNSPECIFIED.,
.F.,.F.,(4,4),(0.E0,1.E0),.UNSPECIFIED.);
#1627=B_SPLINE_CURVE_WITH_KNOTS('',3,(#1623,#1624,#1625,#1626),.UNSPECIFIED.,
.F.,.F.,(4,4),(0.E0,1.E0),.UNSPECIFIED.);
#1632=B_SPLINE_CURVE_WITH_KNOTS('',3,(#1628,#1629,#1630,#1631),.UNSPECIFIED.,
.F.,.F.,(4,4),(0.E0,1.E0),.UNSPECIFIED.);
#1637=B_SPLINE_CURVE_WITH_KNOTS('',3,(#1633,#1634,#1635,#1636),.UNSPECIFIED.,
.F.,.F.,(4,4),(0.E0,1.E0),.UNSPECIFIED.);
#1642=B_SPLINE_CURVE_WITH_KNOTS('',3,(#1638,#1639,#1640,#1641),.UNSPECIFIED.,
.F.,.F.,(4,4),(0.E0,1.E0),.UNSPECIFIED.);
#1659=B_SPLINE_CURVE_WITH_KNOTS('',3,(#1655,#1656,#1657,#1658),.UNSPECIFIED.,
.F.,.F.,(4,4),(0.E0,1.E0),.UNSPECIFIED.);
#1688=B_SPLINE_CURVE_WITH_KNOTS('',3,(#1684,#1685,#1686,#1687),.UNSPECIFIED.,
.F.,.F.,(4,4),(0.E0,1.E0),.UNSPECIFIED.);
#1701=B_SPLINE_CURVE_WITH_KNOTS('',3,(#1697,#1698,#1699,#1700),.UNSPECIFIED.,
.F.,.F.,(4,4),(0.E0,1.E0),.UNSPECIFIED.);
#1726=B_SPLINE_CURVE_WITH_KNOTS('',3,(#1722,#1723,#1724,#1725),.UNSPECIFIED.,
.F.,.F.,(4,4),(0.E0,1.E0),.UNSPECIFIED.);
#1735=B_SPLINE_CURVE_WITH_KNOTS('',3,(#1731,#1732,#1733,#1734),.UNSPECIFIED.,
.F.,.F.,(4,4),(0.E0,1.E0),.UNSPECIFIED.);
#1752=B_SPLINE_CURVE_WITH_KNOTS('',3,(#1748,#1749,#1750,#1751),.UNSPECIFIED.,
.F.,.F.,(4,4),(0.E0,1.E0),.UNSPECIFIED.);
#1765=B_SPLINE_CURVE_WITH_KNOTS('',3,(#1761,#1762,#1763,#1764),.UNSPECIFIED.,
.F.,.F.,(4,4),(0.E0,1.E0),.UNSPECIFIED.);
#1774=B_SPLINE_CURVE_WITH_KNOTS('',3,(#1770,#1771,#1772,#1773),.UNSPECIFIED.,
.F.,.F.,(4,4),(0.E0,1.E0),.UNSPECIFIED.);
#1791=B_SPLINE_CURVE_WITH_KNOTS('',3,(#1787,#1788,#1789,#1790),.UNSPECIFIED.,
.F.,.F.,(4,4),(0.E0,1.E0),.UNSPECIFIED.);
#1840=B_SPLINE_CURVE_WITH_KNOTS('',3,(#1836,#1837,#1838,#1839),.UNSPECIFIED.,
.F.,.F.,(4,4),(0.E0,1.E0),.UNSPECIFIED.);
#1845=B_SPLINE_CURVE_WITH_KNOTS('',3,(#1841,#1842,#1843,#1844),.UNSPECIFIED.,
.F.,.F.,(4,4),(0.E0,1.E0),.UNSPECIFIED.);
#1854=B_SPLINE_CURVE_WITH_KNOTS('',3,(#1850,#1851,#1852,#1853),.UNSPECIFIED.,
.F.,.F.,(4,4),(0.E0,1.E0),.UNSPECIFIED.);
#1859=B_SPLINE_CURVE_WITH_KNOTS('',3,(#1855,#1856,#1857,#1858),.UNSPECIFIED.,
.F.,.F.,(4,4),(0.E0,1.E0),.UNSPECIFIED.);
#1868=B_SPLINE_CURVE_WITH_KNOTS('',3,(#1864,#1865,#1866,#1867),.UNSPECIFIED.,
.F.,.F.,(4,4),(0.E0,1.E0),.UNSPECIFIED.);
#1873=B_SPLINE_CURVE_WITH_KNOTS('',3,(#1869,#1870,#1871,#1872),.UNSPECIFIED.,
.F.,.F.,(4,4),(0.E0,1.E0),.UNSPECIFIED.);
#1882=B_SPLINE_CURVE_WITH_KNOTS('',3,(#1878,#1879,#1880,#1881),.UNSPECIFIED.,
.F.,.F.,(4,4),(0.E0,1.E0),.UNSPECIFIED.);
#1895=B_SPLINE_CURVE_WITH_KNOTS('',3,(#1891,#1892,#1893,#1894),.UNSPECIFIED.,
.F.,.F.,(4,4),(0.E0,1.E0),.UNSPECIFIED.);
#1928=B_SPLINE_CURVE_WITH_KNOTS('',3,(#1924,#1925,#1926,#1927),.UNSPECIFIED.,
.F.,.F.,(4,4),(0.E0,1.E0),.UNSPECIFIED.);
#1945=B_SPLINE_CURVE_WITH_KNOTS('',3,(#1941,#1942,#1943,#1944),.UNSPECIFIED.,
.F.,.F.,(4,4),(0.E0,1.E0),.UNSPECIFIED.);
#1978=B_SPLINE_CURVE_WITH_KNOTS('',3,(#1974,#1975,#1976,#1977),.UNSPECIFIED.,
.F.,.F.,(4,4),(0.E0,1.E0),.UNSPECIFIED.);
#1983=B_SPLINE_CURVE_WITH_KNOTS('',3,(#1979,#1980,#1981,#1982),.UNSPECIFIED.,
.F.,.F.,(4,4),(0.E0,1.E0),.UNSPECIFIED.);
#1992=B_SPLINE_CURVE_WITH_KNOTS('',3,(#1988,#1989,#1990,#1991),.UNSPECIFIED.,
.F.,.F.,(4,4),(0.E0,1.E0),.UNSPECIFIED.);
#1997=B_SPLINE_CURVE_WITH_KNOTS('',3,(#1993,#1994,#1995,#1996),.UNSPECIFIED.,
.F.,.F.,(4,4),(0.E0,1.E0),.UNSPECIFIED.);
#2014=B_SPLINE_CURVE_WITH_KNOTS('',3,(#2010,#2011,#2012,#2013),.UNSPECIFIED.,
.F.,.F.,(4,4),(0.E0,1.E0),.UNSPECIFIED.);
#2019=B_SPLINE_CURVE_WITH_KNOTS('',3,(#2015,#2016,#2017,#2018),.UNSPECIFIED.,
.F.,.F.,(4,4),(0.E0,1.E0),.UNSPECIFIED.);
#2084=B_SPLINE_CURVE_WITH_KNOTS('',3,(#2080,#2081,#2082,#2083),.UNSPECIFIED.,
.F.,.F.,(4,4),(0.E0,1.E0),.UNSPECIFIED.);
#2097=B_SPLINE_CURVE_WITH_KNOTS('',3,(#2093,#2094,#2095,#2096),.UNSPECIFIED.,
.F.,.F.,(4,4),(0.E0,1.E0),.UNSPECIFIED.);
#2102=B_SPLINE_CURVE_WITH_KNOTS('',3,(#2098,#2099,#2100,#2101),.UNSPECIFIED.,
.F.,.F.,(4,4),(0.E0,1.E0),.UNSPECIFIED.);
#2115=B_SPLINE_CURVE_WITH_KNOTS('',3,(#2111,#2112,#2113,#2114),.UNSPECIFIED.,
.F.,.F.,(4,4),(0.E0,1.E0),.UNSPECIFIED.);
#2120=B_SPLINE_CURVE_WITH_KNOTS('',3,(#2116,#2117,#2118,#2119),.UNSPECIFIED.,
.F.,.F.,(4,4),(0.E0,1.E0),.UNSPECIFIED.);
#2129=B_SPLINE_CURVE_WITH_KNOTS('',3,(#2125,#2126,#2127,#2128),.UNSPECIFIED.,
.F.,.F.,(4,4),(0.E0,1.E0),.UNSPECIFIED.);
#2134=B_SPLINE_CURVE_WITH_KNOTS('',3,(#2130,#2131,#2132,#2133),.UNSPECIFIED.,
.F.,.F.,(4,4),(0.E0,1.E0),.UNSPECIFIED.);
#2151=B_SPLINE_CURVE_WITH_KNOTS('',3,(#2147,#2148,#2149,#2150),.UNSPECIFIED.,
.F.,.F.,(4,4),(0.E0,1.E0),.UNSPECIFIED.);
#2168=B_SPLINE_CURVE_WITH_KNOTS('',3,(#2164,#2165,#2166,#2167),.UNSPECIFIED.,
.F.,.F.,(4,4),(0.E0,1.E0),.UNSPECIFIED.);
#2181=B_SPLINE_CURVE_WITH_KNOTS('',3,(#2177,#2178,#2179,#2180),.UNSPECIFIED.,
.F.,.F.,(4,4),(0.E0,1.E0),.UNSPECIFIED.);
#2198=B_SPLINE_CURVE_WITH_KNOTS('',3,(#2194,#2195,#2196,#2197),.UNSPECIFIED.,
.F.,.F.,(4,4),(0.E0,1.E0),.UNSPECIFIED.);
#2211=B_SPLINE_CURVE_WITH_KNOTS('',3,(#2207,#2208,#2209,#2210),.UNSPECIFIED.,
.F.,.F.,(4,4),(0.E0,1.E0),.UNSPECIFIED.);
#2228=B_SPLINE_CURVE_WITH_KNOTS('',3,(#2224,#2225,#2226,#2227),.UNSPECIFIED.,
.F.,.F.,(4,4),(0.E0,1.E0),.UNSPECIFIED.);
#2245=B_SPLINE_CURVE_WITH_KNOTS('',3,(#2241,#2242,#2243,#2244),.UNSPECIFIED.,
.F.,.F.,(4,4),(0.E0,1.E0),.UNSPECIFIED.);
#2262=B_SPLINE_CURVE_WITH_KNOTS('',3,(#2258,#2259,#2260,#2261),.UNSPECIFIED.,
.F.,.F.,(4,4),(0.E0,1.E0),.UNSPECIFIED.);
#2271=B_SPLINE_CURVE_WITH_KNOTS('',3,(#2267,#2268,#2269,#2270),.UNSPECIFIED.,
.F.,.F.,(4,4),(0.E0,1.E0),.UNSPECIFIED.);
#2384=CIRCLE('',#2383,7.E-1);
#2397=CIRCLE('',#2396,4.E-1);
#2402=CIRCLE('',#2401,4.E-1);
#2411=CIRCLE('',#2410,7.E-1);
#2556=CIRCLE('',#2555,1.E-1);
#2565=CIRCLE('',#2564,1.E-1);
#2574=CIRCLE('',#2573,1.E-1);
#2583=CIRCLE('',#2582,1.E-1);
#2592=B_SPLINE_CURVE_WITH_KNOTS('',3,(#2588,#2589,#2590,#2591),.UNSPECIFIED.,
.F.,.F.,(4,4),(0.E0,1.E0),.UNSPECIFIED.);
#2597=B_SPLINE_CURVE_WITH_KNOTS('',3,(#2593,#2594,#2595,#2596),.UNSPECIFIED.,
.F.,.F.,(4,4),(0.E0,1.E0),.UNSPECIFIED.);
#2610=B_SPLINE_CURVE_WITH_KNOTS('',3,(#2606,#2607,#2608,#2609),.UNSPECIFIED.,
.F.,.F.,(4,4),(0.E0,1.E0),.UNSPECIFIED.);
#2615=B_SPLINE_CURVE_WITH_KNOTS('',3,(#2611,#2612,#2613,#2614),.UNSPECIFIED.,
.F.,.F.,(4,4),(0.E0,1.E0),.UNSPECIFIED.);
#2640=B_SPLINE_CURVE_WITH_KNOTS('',3,(#2636,#2637,#2638,#2639),.UNSPECIFIED.,
.F.,.F.,(4,4),(0.E0,1.E0),.UNSPECIFIED.);
#2645=B_SPLINE_CURVE_WITH_KNOTS('',3,(#2641,#2642,#2643,#2644),.UNSPECIFIED.,
.F.,.F.,(4,4),(0.E0,1.E0),.UNSPECIFIED.);
#2662=B_SPLINE_CURVE_WITH_KNOTS('',3,(#2658,#2659,#2660,#2661),.UNSPECIFIED.,
.F.,.F.,(4,4),(0.E0,1.E0),.UNSPECIFIED.);
#2667=B_SPLINE_CURVE_WITH_KNOTS('',3,(#2663,#2664,#2665,#2666),.UNSPECIFIED.,
.F.,.F.,(4,4),(0.E0,1.E0),.UNSPECIFIED.);
#2796=CIRCLE('',#2795,1.E-1);
#2805=CIRCLE('',#2804,1.E-1);
#2814=CIRCLE('',#2813,1.E-1);
#2823=CIRCLE('',#2822,1.E-1);
#2836=B_SPLINE_CURVE_WITH_KNOTS('',3,(#2832,#2833,#2834,#2835),.UNSPECIFIED.,
.F.,.F.,(4,4),(0.E0,1.E0),.UNSPECIFIED.);
#2841=B_SPLINE_CURVE_WITH_KNOTS('',3,(#2837,#2838,#2839,#2840),.UNSPECIFIED.,
.F.,.F.,(4,4),(0.E0,1.E0),.UNSPECIFIED.);
#2854=B_SPLINE_CURVE_WITH_KNOTS('',3,(#2850,#2851,#2852,#2853),.UNSPECIFIED.,
.F.,.F.,(4,4),(0.E0,1.E0),.UNSPECIFIED.);
#2859=B_SPLINE_CURVE_WITH_KNOTS('',3,(#2855,#2856,#2857,#2858),.UNSPECIFIED.,
.F.,.F.,(4,4),(0.E0,1.E0),.UNSPECIFIED.);
#2876=B_SPLINE_CURVE_WITH_KNOTS('',3,(#2872,#2873,#2874,#2875),.UNSPECIFIED.,
.F.,.F.,(4,4),(0.E0,1.E0),.UNSPECIFIED.);
#2881=B_SPLINE_CURVE_WITH_KNOTS('',3,(#2877,#2878,#2879,#2880),.UNSPECIFIED.,
.F.,.F.,(4,4),(0.E0,1.E0),.UNSPECIFIED.);
#2894=B_SPLINE_CURVE_WITH_KNOTS('',3,(#2890,#2891,#2892,#2893),.UNSPECIFIED.,
.F.,.F.,(4,4),(0.E0,1.E0),.UNSPECIFIED.);
#2899=B_SPLINE_CURVE_WITH_KNOTS('',3,(#2895,#2896,#2897,#2898),.UNSPECIFIED.,
.F.,.F.,(4,4),(0.E0,1.E0),.UNSPECIFIED.);
#3012=CIRCLE('',#3011,1.E-1);
#3021=CIRCLE('',#3020,1.E-1);
#3030=CIRCLE('',#3029,1.E-1);
#3039=CIRCLE('',#3038,1.E-1);
#3076=B_SPLINE_CURVE_WITH_KNOTS('',3,(#3072,#3073,#3074,#3075),.UNSPECIFIED.,
.F.,.F.,(4,4),(0.E0,1.E0),.UNSPECIFIED.);
#3081=B_SPLINE_CURVE_WITH_KNOTS('',3,(#3077,#3078,#3079,#3080),.UNSPECIFIED.,
.F.,.F.,(4,4),(0.E0,1.E0),.UNSPECIFIED.);
#3094=B_SPLINE_CURVE_WITH_KNOTS('',3,(#3090,#3091,#3092,#3093),.UNSPECIFIED.,
.F.,.F.,(4,4),(0.E0,1.E0),.UNSPECIFIED.);
#3099=B_SPLINE_CURVE_WITH_KNOTS('',3,(#3095,#3096,#3097,#3098),.UNSPECIFIED.,
.F.,.F.,(4,4),(0.E0,1.E0),.UNSPECIFIED.);
#3116=B_SPLINE_CURVE_WITH_KNOTS('',3,(#3112,#3113,#3114,#3115),.UNSPECIFIED.,
.F.,.F.,(4,4),(0.E0,1.E0),.UNSPECIFIED.);
#3121=B_SPLINE_CURVE_WITH_KNOTS('',3,(#3117,#3118,#3119,#3120),.UNSPECIFIED.,
.F.,.F.,(4,4),(0.E0,1.E0),.UNSPECIFIED.);
#3138=B_SPLINE_CURVE_WITH_KNOTS('',3,(#3134,#3135,#3136,#3137),.UNSPECIFIED.,
.F.,.F.,(4,4),(0.E0,1.E0),.UNSPECIFIED.);
#3143=B_SPLINE_CURVE_WITH_KNOTS('',3,(#3139,#3140,#3141,#3142),.UNSPECIFIED.,
.F.,.F.,(4,4),(0.E0,1.E0),.UNSPECIFIED.);
#3236=CIRCLE('',#3235,1.E-1);
#3245=CIRCLE('',#3244,1.E-1);
#3254=CIRCLE('',#3253,1.E-1);
#3263=CIRCLE('',#3262,1.E-1);
#3320=B_SPLINE_CURVE_WITH_KNOTS('',3,(#3316,#3317,#3318,#3319),.UNSPECIFIED.,
.F.,.F.,(4,4),(0.E0,1.E0),.UNSPECIFIED.);
#3325=B_SPLINE_CURVE_WITH_KNOTS('',3,(#3321,#3322,#3323,#3324),.UNSPECIFIED.,
.F.,.F.,(4,4),(0.E0,1.E0),.UNSPECIFIED.);
#3342=B_SPLINE_CURVE_WITH_KNOTS('',3,(#3338,#3339,#3340,#3341),.UNSPECIFIED.,
.F.,.F.,(4,4),(0.E0,1.E0),.UNSPECIFIED.);
#3347=B_SPLINE_CURVE_WITH_KNOTS('',3,(#3343,#3344,#3345,#3346),.UNSPECIFIED.,
.F.,.F.,(4,4),(0.E0,1.E0),.UNSPECIFIED.);
#3360=B_SPLINE_CURVE_WITH_KNOTS('',3,(#3356,#3357,#3358,#3359),.UNSPECIFIED.,
.F.,.F.,(4,4),(0.E0,1.E0),.UNSPECIFIED.);
#3365=B_SPLINE_CURVE_WITH_KNOTS('',3,(#3361,#3362,#3363,#3364),.UNSPECIFIED.,
.F.,.F.,(4,4),(0.E0,1.E0),.UNSPECIFIED.);
#3382=B_SPLINE_CURVE_WITH_KNOTS('',3,(#3378,#3379,#3380,#3381),.UNSPECIFIED.,
.F.,.F.,(4,4),(0.E0,1.E0),.UNSPECIFIED.);
#3387=B_SPLINE_CURVE_WITH_KNOTS('',3,(#3383,#3384,#3385,#3386),.UNSPECIFIED.,
.F.,.F.,(4,4),(0.E0,1.E0),.UNSPECIFIED.);
#3532=CIRCLE('',#3531,1.E-1);
#3541=CIRCLE('',#3540,1.E-1);
#3550=CIRCLE('',#3549,1.E-1);
#3559=CIRCLE('',#3558,1.E-1);
#3572=B_SPLINE_CURVE_WITH_KNOTS('',3,(#3568,#3569,#3570,#3571),.UNSPECIFIED.,
.F.,.F.,(4,4),(0.E0,1.E0),.UNSPECIFIED.);
#3577=B_SPLINE_CURVE_WITH_KNOTS('',3,(#3573,#3574,#3575,#3576),.UNSPECIFIED.,
.F.,.F.,(4,4),(0.E0,1.E0),.UNSPECIFIED.);
#3594=B_SPLINE_CURVE_WITH_KNOTS('',3,(#3590,#3591,#3592,#3593),.UNSPECIFIED.,
.F.,.F.,(4,4),(0.E0,1.E0),.UNSPECIFIED.);
#3599=B_SPLINE_CURVE_WITH_KNOTS('',3,(#3595,#3596,#3597,#3598),.UNSPECIFIED.,
.F.,.F.,(4,4),(0.E0,1.E0),.UNSPECIFIED.);
#3636=B_SPLINE_CURVE_WITH_KNOTS('',3,(#3632,#3633,#3634,#3635),.UNSPECIFIED.,
.F.,.F.,(4,4),(0.E0,1.E0),.UNSPECIFIED.);
#3641=B_SPLINE_CURVE_WITH_KNOTS('',3,(#3637,#3638,#3639,#3640),.UNSPECIFIED.,
.F.,.F.,(4,4),(0.E0,1.E0),.UNSPECIFIED.);
#3658=B_SPLINE_CURVE_WITH_KNOTS('',3,(#3654,#3655,#3656,#3657),.UNSPECIFIED.,
.F.,.F.,(4,4),(0.E0,1.E0),.UNSPECIFIED.);
#3663=B_SPLINE_CURVE_WITH_KNOTS('',3,(#3659,#3660,#3661,#3662),.UNSPECIFIED.,
.F.,.F.,(4,4),(0.E0,1.E0),.UNSPECIFIED.);
#3756=CIRCLE('',#3755,1.E-1);
#3765=CIRCLE('',#3764,1.E-1);
#3774=CIRCLE('',#3773,1.E-1);
#3783=CIRCLE('',#3782,1.E-1);
#3812=B_SPLINE_CURVE_WITH_KNOTS('',3,(#3808,#3809,#3810,#3811),.UNSPECIFIED.,
.F.,.F.,(4,4),(0.E0,1.E0),.UNSPECIFIED.);
#3817=B_SPLINE_CURVE_WITH_KNOTS('',3,(#3813,#3814,#3815,#3816),.UNSPECIFIED.,
.F.,.F.,(4,4),(0.E0,1.E0),.UNSPECIFIED.);
#3850=B_SPLINE_CURVE_WITH_KNOTS('',3,(#3846,#3847,#3848,#3849),.UNSPECIFIED.,
.F.,.F.,(4,4),(0.E0,1.E0),.UNSPECIFIED.);
#3855=B_SPLINE_CURVE_WITH_KNOTS('',3,(#3851,#3852,#3853,#3854),.UNSPECIFIED.,
.F.,.F.,(4,4),(0.E0,1.E0),.UNSPECIFIED.);
#3872=B_SPLINE_CURVE_WITH_KNOTS('',3,(#3868,#3869,#3870,#3871),.UNSPECIFIED.,
.F.,.F.,(4,4),(0.E0,1.E0),.UNSPECIFIED.);
#3877=B_SPLINE_CURVE_WITH_KNOTS('',3,(#3873,#3874,#3875,#3876),.UNSPECIFIED.,
.F.,.F.,(4,4),(0.E0,1.E0),.UNSPECIFIED.);
#3894=B_SPLINE_CURVE_WITH_KNOTS('',3,(#3890,#3891,#3892,#3893),.UNSPECIFIED.,
.F.,.F.,(4,4),(0.E0,1.E0),.UNSPECIFIED.);
#3899=B_SPLINE_CURVE_WITH_KNOTS('',3,(#3895,#3896,#3897,#3898),.UNSPECIFIED.,
.F.,.F.,(4,4),(0.E0,1.E0),.UNSPECIFIED.);
#5072=EDGE_CURVE('',#3922,#3929,#4,.T.);
#5074=EDGE_CURVE('',#3922,#3923,#3471,.T.);
#5076=EDGE_CURVE('',#3923,#3925,#3463,.T.);
#5078=EDGE_CURVE('',#3925,#3927,#3451,.T.);
#5080=EDGE_CURVE('',#3929,#3927,#8,.T.);
#5090=EDGE_CURVE('',#4553,#4546,#132,.T.);
#5092=EDGE_CURVE('',#4546,#4547,#2435,.T.);
#5094=EDGE_CURVE('',#4547,#4393,#120,.T.);
#5096=EDGE_CURVE('',#4392,#4393,#13,.T.);
#5098=EDGE_CURVE('',#4352,#4392,#17,.T.);
#5100=EDGE_CURVE('',#4351,#4352,#22,.T.);
#5102=EDGE_CURVE('',#4351,#4505,#2339,.T.);
#5104=EDGE_CURVE('',#4549,#4505,#27,.T.);
#5106=EDGE_CURVE('',#4551,#4549,#31,.T.);
#5108=EDGE_CURVE('',#4553,#4551,#36,.T.);
#5112=EDGE_CURVE('',#4527,#4523,#2459,.T.);
#5114=EDGE_CURVE('',#4306,#4523,#40,.T.);
#5116=EDGE_CURVE('',#4303,#4306,#44,.T.);
#5118=EDGE_CURVE('',#4303,#4525,#2479,.T.);
#5120=EDGE_CURVE('',#4525,#4527,#2471,.T.);
#5124=EDGE_CURVE('',#4529,#4531,#48,.T.);
#5126=EDGE_CURVE('',#4529,#3933,#2731,.T.);
#5128=EDGE_CURVE('',#3933,#3937,#2735,.T.);
#5130=EDGE_CURVE('',#4421,#3937,#52,.T.);
#5132=EDGE_CURVE('',#4531,#4421,#56,.T.);
#5136=EDGE_CURVE('',#4054,#4052,#2951,.T.);
#5138=EDGE_CURVE('',#4174,#4052,#60,.T.);
#5140=EDGE_CURVE('',#4172,#4174,#64,.T.);
#5142=EDGE_CURVE('',#4533,#4172,#68,.T.);
#5144=EDGE_CURVE('',#4054,#4533,#72,.T.);
#5148=EDGE_CURVE('',#4130,#4125,#76,.T.);
#5150=EDGE_CURVE('',#4535,#4130,#80,.T.);
#5152=EDGE_CURVE('',#4535,#4537,#3287,.T.);
#5154=EDGE_CURVE('',#4537,#4539,#3283,.T.);
#5156=EDGE_CURVE('',#4539,#4125,#3203,.T.);
#5160=EDGE_CURVE('',#3929,#4103,#3435,.T.);
#5162=EDGE_CURVE('',#4101,#4103,#84,.T.);
#5164=EDGE_CURVE('',#4101,#4541,#3491,.T.);
#5166=EDGE_CURVE('',#3922,#4541,#88,.T.);
#5171=EDGE_CURVE('',#4046,#4397,#92,.T.);
#5173=EDGE_CURVE('',#4044,#4046,#96,.T.);
#5175=EDGE_CURVE('',#4543,#4044,#100,.T.);
#5177=EDGE_CURVE('',#4399,#4543,#104,.T.);
#5179=EDGE_CURVE('',#4399,#4397,#3703,.T.);
#5189=EDGE_CURVE('',#4998,#5056,#1012,.T.);
#5191=EDGE_CURVE('',#5056,#4987,#1055,.T.);
#5193=EDGE_CURVE('',#5034,#4987,#2291,.T.);
#5195=EDGE_CURVE('',#5022,#5034,#108,.T.);
#5197=EDGE_CURVE('',#5022,#4970,#112,.T.);
#5199=EDGE_CURVE('',#4970,#4959,#925,.T.);
#5201=EDGE_CURVE('',#4959,#4393,#116,.T.);
#5204=EDGE_CURVE('',#4547,#4617,#2431,.T.);
#5206=EDGE_CURVE('',#4619,#4617,#124,.T.);
#5208=EDGE_CURVE('',#4546,#4619,#128,.T.);
#5211=EDGE_CURVE('',#4998,#4553,#2319,.T.);
#5215=EDGE_CURVE('',#4615,#4610,#144,.T.);
#5217=EDGE_CURVE('',#4610,#4611,#180,.T.);
#5219=EDGE_CURVE('',#4611,#4613,#168,.T.);
#5221=EDGE_CURVE('',#4613,#4615,#156,.T.);
#5231=EDGE_CURVE('',#4615,#4202,#152,.T.);
#5233=EDGE_CURVE('',#4207,#4202,#136,.T.);
#5235=EDGE_CURVE('',#4610,#4207,#140,.T.);
#5246=EDGE_CURVE('',#4613,#4203,#164,.T.);
#5248=EDGE_CURVE('',#4202,#4203,#148,.T.);
#5260=EDGE_CURVE('',#4611,#4205,#176,.T.);
#5262=EDGE_CURVE('',#4203,#4205,#160,.T.);
#5275=EDGE_CURVE('',#4205,#4207,#172,.T.);
#5293=EDGE_CURVE('',#3964,#3965,#184,.T.);
#5295=EDGE_CURVE('',#4209,#3964,#188,.T.);
#5297=EDGE_CURVE('',#3957,#4209,#192,.T.);
#5299=EDGE_CURVE('',#3956,#3957,#196,.T.);
#5301=EDGE_CURVE('',#4211,#3956,#200,.T.);
#5303=EDGE_CURVE('',#4213,#4211,#204,.T.);
#5305=EDGE_CURVE('',#4213,#4215,#412,.T.);
#5307=EDGE_CURVE('',#4217,#4215,#208,.T.);
#5309=EDGE_CURVE('',#4219,#4217,#212,.T.);
#5311=EDGE_CURVE('',#4221,#4219,#216,.T.);
#5313=EDGE_CURVE('',#4223,#4221,#220,.T.);
#5315=EDGE_CURVE('',#4225,#4223,#224,.T.);
#5317=EDGE_CURVE('',#4227,#4225,#228,.T.);
#5319=EDGE_CURVE('',#4229,#4227,#232,.T.);
#5321=EDGE_CURVE('',#4229,#4231,#452,.T.);
#5323=EDGE_CURVE('',#4233,#4231,#236,.T.);
#5325=EDGE_CURVE('',#4235,#4233,#240,.T.);
#5327=EDGE_CURVE('',#4237,#4235,#244,.T.);
#5329=EDGE_CURVE('',#4239,#4237,#248,.T.);
#5331=EDGE_CURVE('',#4241,#4239,#252,.T.);
#5333=EDGE_CURVE('',#4243,#4241,#256,.T.);
#5335=EDGE_CURVE('',#4245,#4243,#260,.T.);
#5337=EDGE_CURVE('',#4247,#4245,#264,.T.);
#5339=EDGE_CURVE('',#4247,#4249,#496,.T.);
#5341=EDGE_CURVE('',#4251,#4249,#268,.T.);
#5343=EDGE_CURVE('',#4253,#4251,#272,.T.);
#5345=EDGE_CURVE('',#4255,#4253,#276,.T.);
#5347=EDGE_CURVE('',#4257,#4255,#280,.T.);
#5349=EDGE_CURVE('',#4257,#4259,#524,.T.);
#5351=EDGE_CURVE('',#4259,#4261,#536,.T.);
#5353=EDGE_CURVE('',#4263,#4261,#284,.T.);
#5355=EDGE_CURVE('',#4265,#4263,#288,.T.);
#5357=EDGE_CURVE('',#4267,#4265,#292,.T.);
#5359=EDGE_CURVE('',#4269,#4267,#296,.T.);
#5361=EDGE_CURVE('',#4271,#4269,#300,.T.);
#5363=EDGE_CURVE('',#4160,#4271,#304,.T.);
#5365=EDGE_CURVE('',#4159,#4160,#308,.T.);
#5367=EDGE_CURVE('',#4159,#4273,#576,.T.);
#5369=EDGE_CURVE('',#4275,#4273,#312,.T.);
#5371=EDGE_CURVE('',#4277,#4275,#316,.T.);
#5373=EDGE_CURVE('',#4279,#4277,#320,.T.);
#5375=EDGE_CURVE('',#4281,#4279,#324,.T.);
#5377=EDGE_CURVE('',#4283,#4281,#328,.T.);
#5379=EDGE_CURVE('',#4285,#4283,#332,.T.);
#5381=EDGE_CURVE('',#4038,#4285,#336,.T.);
#5383=EDGE_CURVE('',#3949,#4038,#340,.T.);
#5385=EDGE_CURVE('',#3948,#3949,#344,.T.);
#5387=EDGE_CURVE('',#3948,#4287,#624,.T.);
#5389=EDGE_CURVE('',#4289,#4287,#348,.T.);
#5391=EDGE_CURVE('',#4291,#4289,#352,.T.);
#5393=EDGE_CURVE('',#4293,#4291,#356,.T.);
#5395=EDGE_CURVE('',#4295,#4293,#360,.T.);
#5397=EDGE_CURVE('',#4178,#4295,#364,.T.);
#5399=EDGE_CURVE('',#4177,#4178,#368,.T.);
#5401=EDGE_CURVE('',#4297,#4177,#372,.T.);
#5403=EDGE_CURVE('',#3981,#4297,#376,.T.);
#5405=EDGE_CURVE('',#3980,#3981,#380,.T.);
#5407=EDGE_CURVE('',#3980,#4299,#672,.T.);
#5409=EDGE_CURVE('',#3965,#4299,#384,.T.);
#5419=EDGE_CURVE('',#3969,#3964,#392,.T.);
#5422=EDGE_CURVE('',#3967,#3965,#388,.T.);
#5424=EDGE_CURVE('',#3967,#3969,#740,.T.);
#5434=EDGE_CURVE('',#4576,#4209,#396,.T.);
#5438=EDGE_CURVE('',#3969,#4576,#736,.T.);
#5448=EDGE_CURVE('',#3959,#3957,#400,.T.);
#5452=EDGE_CURVE('',#4576,#3959,#732,.T.);
#5462=EDGE_CURVE('',#3961,#3956,#404,.T.);
#5466=EDGE_CURVE('',#3959,#3961,#728,.T.);
#5476=EDGE_CURVE('',#4647,#4211,#408,.T.);
#5480=EDGE_CURVE('',#3961,#4647,#724,.T.);
#5490=EDGE_CURVE('',#4511,#4213,#416,.T.);
#5494=EDGE_CURVE('',#4647,#4511,#720,.T.);
#5504=EDGE_CURVE('',#4513,#4215,#424,.T.);
#5508=EDGE_CURVE('',#4513,#4511,#420,.T.);
#5518=EDGE_CURVE('',#4645,#4217,#428,.T.);
#5522=EDGE_CURVE('',#4513,#4645,#716,.T.);
#5532=EDGE_CURVE('',#4643,#4219,#432,.T.);
#5536=EDGE_CURVE('',#4645,#4643,#712,.T.);
#5546=EDGE_CURVE('',#4641,#4221,#436,.T.);
#5550=EDGE_CURVE('',#4643,#4641,#708,.T.);
#5560=EDGE_CURVE('',#4639,#4223,#440,.T.);
#5564=EDGE_CURVE('',#4641,#4639,#704,.T.);
#5574=EDGE_CURVE('',#4637,#4225,#444,.T.);
#5578=EDGE_CURVE('',#4639,#4637,#700,.T.);
#5588=EDGE_CURVE('',#4635,#4227,#448,.T.);
#5592=EDGE_CURVE('',#4637,#4635,#696,.T.);
#5602=EDGE_CURVE('',#4633,#4229,#456,.T.);
#5606=EDGE_CURVE('',#4635,#4633,#692,.T.);
#5616=EDGE_CURVE('',#4632,#4231,#464,.T.);
#5620=EDGE_CURVE('',#4632,#4633,#460,.T.);
#5630=EDGE_CURVE('',#4681,#4233,#468,.T.);
#5634=EDGE_CURVE('',#4632,#4681,#688,.T.);
#5644=EDGE_CURVE('',#4679,#4235,#472,.T.);
#5648=EDGE_CURVE('',#4681,#4679,#888,.T.);
#5658=EDGE_CURVE('',#4677,#4237,#476,.T.);
#5662=EDGE_CURVE('',#4679,#4677,#884,.T.);
#5672=EDGE_CURVE('',#4675,#4239,#480,.T.);
#5676=EDGE_CURVE('',#4677,#4675,#880,.T.);
#5686=EDGE_CURVE('',#4673,#4241,#484,.T.);
#5690=EDGE_CURVE('',#4675,#4673,#876,.T.);
#5700=EDGE_CURVE('',#4671,#4243,#488,.T.);
#5704=EDGE_CURVE('',#4673,#4671,#872,.T.);
#5714=EDGE_CURVE('',#4669,#4245,#492,.T.);
#5718=EDGE_CURVE('',#4671,#4669,#868,.T.);
#5728=EDGE_CURVE('',#4354,#4247,#500,.T.);
#5732=EDGE_CURVE('',#4669,#4354,#864,.T.);
#5742=EDGE_CURVE('',#4356,#4249,#508,.T.);
#5746=EDGE_CURVE('',#4356,#4354,#504,.T.);
#5756=EDGE_CURVE('',#4667,#4251,#512,.T.);
#5760=EDGE_CURVE('',#4356,#4667,#860,.T.);
#5770=EDGE_CURVE('',#4665,#4253,#516,.T.);
#5774=EDGE_CURVE('',#4667,#4665,#856,.T.);
#5784=EDGE_CURVE('',#4453,#4255,#520,.T.);
#5788=EDGE_CURVE('',#4665,#4453,#852,.T.);
#5798=EDGE_CURVE('',#4455,#4257,#528,.T.);
#5802=EDGE_CURVE('',#4453,#4455,#848,.T.);
#5812=EDGE_CURVE('',#4663,#4259,#540,.T.);
#5816=EDGE_CURVE('',#4663,#4455,#532,.T.);
#5826=EDGE_CURVE('',#4461,#4261,#548,.T.);
#5830=EDGE_CURVE('',#4461,#4663,#544,.T.);
#5840=EDGE_CURVE('',#4449,#4263,#552,.T.);
#5844=EDGE_CURVE('',#4461,#4449,#844,.T.);
#5854=EDGE_CURVE('',#4451,#4265,#556,.T.);
#5858=EDGE_CURVE('',#4449,#4451,#840,.T.);
#5868=EDGE_CURVE('',#4661,#4267,#560,.T.);
#5872=EDGE_CURVE('',#4451,#4661,#836,.T.);
#5882=EDGE_CURVE('',#4625,#4269,#564,.T.);
#5886=EDGE_CURVE('',#4661,#4625,#832,.T.);
#5896=EDGE_CURVE('',#4320,#4271,#568,.T.);
#5900=EDGE_CURVE('',#4625,#4320,#828,.T.);
#5910=EDGE_CURVE('',#4162,#4160,#572,.T.);
#5914=EDGE_CURVE('',#4320,#4162,#824,.T.);
#5924=EDGE_CURVE('',#4164,#4159,#580,.T.);
#5928=EDGE_CURVE('',#4162,#4164,#820,.T.);
#5938=EDGE_CURVE('',#4659,#4273,#588,.T.);
#5942=EDGE_CURVE('',#4659,#4164,#584,.T.);
#5952=EDGE_CURVE('',#4657,#4275,#592,.T.);
#5956=EDGE_CURVE('',#4659,#4657,#816,.T.);
#5966=EDGE_CURVE('',#4346,#4277,#596,.T.);
#5970=EDGE_CURVE('',#4657,#4346,#812,.T.);
#5980=EDGE_CURVE('',#4348,#4279,#600,.T.);
#5984=EDGE_CURVE('',#4346,#4348,#808,.T.);
#5994=EDGE_CURVE('',#4517,#4281,#604,.T.);
#5998=EDGE_CURVE('',#4348,#4517,#804,.T.);
#6008=EDGE_CURVE('',#4423,#4283,#608,.T.);
#6012=EDGE_CURVE('',#4517,#4423,#800,.T.);
#6022=EDGE_CURVE('',#4425,#4285,#612,.T.);
#6026=EDGE_CURVE('',#4423,#4425,#796,.T.);
#6036=EDGE_CURVE('',#4040,#4038,#616,.T.);
#6040=EDGE_CURVE('',#4425,#4040,#792,.T.);
#6050=EDGE_CURVE('',#3951,#3949,#620,.T.);
#6054=EDGE_CURVE('',#4040,#3951,#788,.T.);
#6064=EDGE_CURVE('',#3953,#3948,#628,.T.);
#6068=EDGE_CURVE('',#3951,#3953,#784,.T.);
#6078=EDGE_CURVE('',#4655,#4287,#636,.T.);
#6082=EDGE_CURVE('',#4655,#3953,#632,.T.);
#6092=EDGE_CURVE('',#4597,#4289,#640,.T.);
#6096=EDGE_CURVE('',#4655,#4597,#780,.T.);
#6106=EDGE_CURVE('',#4599,#4291,#644,.T.);
#6110=EDGE_CURVE('',#4597,#4599,#776,.T.);
#6120=EDGE_CURVE('',#4653,#4293,#648,.T.);
#6124=EDGE_CURVE('',#4599,#4653,#772,.T.);
#6134=EDGE_CURVE('',#4651,#4295,#652,.T.);
#6138=EDGE_CURVE('',#4653,#4651,#768,.T.);
#6148=EDGE_CURVE('',#4180,#4178,#656,.T.);
#6152=EDGE_CURVE('',#4651,#4180,#764,.T.);
#6162=EDGE_CURVE('',#4182,#4177,#660,.T.);
#6166=EDGE_CURVE('',#4180,#4182,#760,.T.);
#6176=EDGE_CURVE('',#4463,#4297,#664,.T.);
#6180=EDGE_CURVE('',#4182,#4463,#756,.T.);
#6190=EDGE_CURVE('',#3983,#3981,#668,.T.);
#6194=EDGE_CURVE('',#4463,#3983,#752,.T.);
#6204=EDGE_CURVE('',#3985,#3980,#676,.T.);
#6208=EDGE_CURVE('',#3983,#3985,#748,.T.);
#6218=EDGE_CURVE('',#4649,#4299,#684,.T.);
#6222=EDGE_CURVE('',#4649,#3985,#680,.T.);
#6235=EDGE_CURVE('',#4649,#3967,#744,.T.);
#6306=EDGE_CURVE('',#4122,#4118,#893,.T.);
#6308=EDGE_CURVE('',#4118,#4122,#898,.T.);
#6319=EDGE_CURVE('',#4117,#4118,#902,.T.);
#6321=EDGE_CURVE('',#4117,#4120,#911,.T.);
#6323=EDGE_CURVE('',#4120,#4122,#906,.T.);
#6336=EDGE_CURVE('',#4120,#4117,#916,.T.);
#6356=EDGE_CURVE('',#4959,#4960,#921,.T.);
#6359=EDGE_CURVE('',#4968,#4970,#929,.T.);
#6361=EDGE_CURVE('',#4966,#4968,#933,.T.);
#6363=EDGE_CURVE('',#4964,#4966,#937,.T.);
#6365=EDGE_CURVE('',#4962,#4964,#941,.T.);
#6367=EDGE_CURVE('',#4960,#4962,#945,.T.);
#6377=EDGE_CURVE('',#4973,#4974,#949,.T.);
#6379=EDGE_CURVE('',#4984,#4973,#954,.T.);
#6381=EDGE_CURVE('',#4982,#4984,#958,.T.);
#6383=EDGE_CURVE('',#4980,#4982,#962,.T.);
#6385=EDGE_CURVE('',#4978,#4980,#966,.T.);
#6387=EDGE_CURVE('',#4976,#4978,#970,.T.);
#6389=EDGE_CURVE('',#4974,#4976,#974,.T.);
#6399=EDGE_CURVE('',#5001,#5002,#979,.T.);
#6401=EDGE_CURVE('',#5012,#5001,#983,.T.);
#6403=EDGE_CURVE('',#5010,#5012,#987,.T.);
#6405=EDGE_CURVE('',#5008,#5010,#991,.T.);
#6407=EDGE_CURVE('',#5006,#5008,#995,.T.);
#6409=EDGE_CURVE('',#5004,#5006,#999,.T.);
#6411=EDGE_CURVE('',#5002,#5004,#1003,.T.);
#6421=EDGE_CURVE('',#5055,#5056,#1008,.T.);
#6424=EDGE_CURVE('',#4997,#4998,#1017,.T.);
#6426=EDGE_CURVE('',#5055,#4997,#1021,.T.);
#6436=EDGE_CURVE('',#5056,#5058,#1026,.T.);
#6438=EDGE_CURVE('',#5058,#5055,#1031,.T.);
#6440=EDGE_CURVE('',#4994,#5055,#1035,.T.);
#6442=EDGE_CURVE('',#4992,#4994,#1039,.T.);
#6444=EDGE_CURVE('',#4990,#4992,#1043,.T.);
#6446=EDGE_CURVE('',#4988,#4990,#1047,.T.);
#6448=EDGE_CURVE('',#4987,#4988,#1051,.T.);
#6461=EDGE_CURVE('',#4392,#4960,#1083,.T.);
#6472=EDGE_CURVE('',#5014,#5032,#1075,.T.);
#6474=EDGE_CURVE('',#5032,#4982,#1079,.T.);
#6477=EDGE_CURVE('',#4352,#4984,#2359,.T.);
#6482=EDGE_CURVE('',#5014,#4962,#2275,.T.);
#6486=EDGE_CURVE('',#4607,#4623,#1059,.T.);
#6488=EDGE_CURVE('',#4568,#4607,#1063,.T.);
#6490=EDGE_CURVE('',#4572,#4568,#1067,.T.);
#6492=EDGE_CURVE('',#4623,#4572,#1071,.T.);
#6503=EDGE_CURVE('',#4622,#4623,#1087,.T.);
#6505=EDGE_CURVE('',#4622,#4606,#1111,.T.);
#6507=EDGE_CURVE('',#4606,#4607,#1099,.T.);
#6518=EDGE_CURVE('',#4570,#4572,#1091,.T.);
#6520=EDGE_CURVE('',#4570,#4622,#1115,.T.);
#6532=EDGE_CURVE('',#4567,#4568,#1095,.T.);
#6534=EDGE_CURVE('',#4567,#4570,#1103,.T.);
#6547=EDGE_CURVE('',#4606,#4567,#1107,.T.);
#6564=EDGE_CURVE('',#4839,#4872,#1119,.T.);
#6566=EDGE_CURVE('',#4312,#4839,#1123,.T.);
#6568=EDGE_CURVE('',#4310,#4312,#1127,.T.);
#6570=EDGE_CURVE('',#4515,#4310,#1131,.T.);
#6572=EDGE_CURVE('',#4168,#4515,#1135,.T.);
#6574=EDGE_CURVE('',#4166,#4168,#1139,.T.);
#6576=EDGE_CURVE('',#4751,#4166,#1143,.T.);
#6578=EDGE_CURVE('',#4779,#4751,#1147,.T.);
#6580=EDGE_CURVE('',#3995,#4779,#1151,.T.);
#6582=EDGE_CURVE('',#3992,#3995,#1155,.T.);
#6584=EDGE_CURVE('',#4459,#3992,#1159,.T.);
#6586=EDGE_CURVE('',#4457,#4459,#1163,.T.);
#6588=EDGE_CURVE('',#4872,#4457,#1167,.T.);
#6598=EDGE_CURVE('',#4007,#4005,#1191,.T.);
#6600=EDGE_CURVE('',#4839,#4005,#1171,.T.);
#6603=EDGE_CURVE('',#4872,#4007,#1259,.T.);
#6613=EDGE_CURVE('',#4001,#4019,#1175,.T.);
#6615=EDGE_CURVE('',#4000,#4001,#1179,.T.);
#6617=EDGE_CURVE('',#4003,#4000,#1183,.T.);
#6619=EDGE_CURVE('',#4005,#4003,#1187,.T.);
#6622=EDGE_CURVE('',#4009,#4007,#1195,.T.);
#6624=EDGE_CURVE('',#4011,#4009,#1199,.T.);
#6626=EDGE_CURVE('',#3993,#4011,#1203,.T.);
#6628=EDGE_CURVE('',#3997,#3993,#1207,.T.);
#6630=EDGE_CURVE('',#4013,#3997,#1211,.T.);
#6632=EDGE_CURVE('',#4015,#4013,#1215,.T.);
#6634=EDGE_CURVE('',#4017,#4015,#1219,.T.);
#6636=EDGE_CURVE('',#4019,#4017,#1223,.T.);
#6647=EDGE_CURVE('',#4168,#4019,#1227,.T.);
#6650=EDGE_CURVE('',#4515,#4001,#1263,.T.);
#6661=EDGE_CURVE('',#4166,#4017,#1231,.T.);
#6674=EDGE_CURVE('',#4751,#4015,#1235,.T.);
#6687=EDGE_CURVE('',#4779,#4013,#1239,.T.);
#6700=EDGE_CURVE('',#3995,#3997,#1243,.T.);
#6713=EDGE_CURVE('',#3992,#3993,#1247,.T.);
#6726=EDGE_CURVE('',#4459,#4011,#1251,.T.);
#6739=EDGE_CURVE('',#4457,#4009,#1255,.T.);
#6766=EDGE_CURVE('',#4310,#4000,#1267,.T.);
#6779=EDGE_CURVE('',#4312,#4003,#1271,.T.);
#6801=EDGE_CURVE('',#5014,#5016,#1491,.T.);
#6803=EDGE_CURVE('',#5016,#5018,#1495,.T.);
#6805=EDGE_CURVE('',#5018,#5020,#1499,.T.);
#6807=EDGE_CURVE('',#5022,#5020,#1503,.T.);
#6810=EDGE_CURVE('',#5034,#5036,#1507,.T.);
#6812=EDGE_CURVE('',#5036,#5038,#1511,.T.);
#6814=EDGE_CURVE('',#5038,#5040,#1515,.T.);
#6816=EDGE_CURVE('',#5042,#5040,#1519,.T.);
#6818=EDGE_CURVE('',#5044,#5042,#2307,.T.);
#6820=EDGE_CURVE('',#5044,#5046,#1523,.T.);
#6822=EDGE_CURVE('',#5046,#5048,#1527,.T.);
#6824=EDGE_CURVE('',#5048,#5050,#1531,.T.);
#6826=EDGE_CURVE('',#5052,#5050,#1535,.T.);
#6828=EDGE_CURVE('',#5052,#5024,#2331,.T.);
#6830=EDGE_CURVE('',#5024,#5026,#1539,.T.);
#6832=EDGE_CURVE('',#5026,#5028,#1543,.T.);
#6834=EDGE_CURVE('',#5028,#5030,#1547,.T.);
#6836=EDGE_CURVE('',#5032,#5030,#1551,.T.);
#6841=EDGE_CURVE('',#4022,#4769,#1312,.T.);
#6843=EDGE_CURVE('',#4027,#4022,#1316,.T.);
#6845=EDGE_CURVE('',#4435,#4027,#1321,.T.);
#6847=EDGE_CURVE('',#4629,#4435,#1325,.T.);
#6849=EDGE_CURVE('',#4603,#4629,#1330,.T.);
#6851=EDGE_CURVE('',#4602,#4603,#1334,.T.);
#6853=EDGE_CURVE('',#4771,#4602,#1339,.T.);
#6855=EDGE_CURVE('',#4769,#4771,#1343,.T.);
#6859=EDGE_CURVE('',#4737,#4698,#1348,.T.);
#6861=EDGE_CURVE('',#4758,#4737,#1352,.T.);
#6863=EDGE_CURVE('',#4756,#4758,#1357,.T.);
#6865=EDGE_CURVE('',#4821,#4756,#1361,.T.);
#6867=EDGE_CURVE('',#4745,#4821,#1366,.T.);
#6869=EDGE_CURVE('',#4744,#4745,#1370,.T.);
#6871=EDGE_CURVE('',#4699,#4744,#1375,.T.);
#6873=EDGE_CURVE('',#4698,#4699,#1379,.T.);
#6877=EDGE_CURVE('',#4733,#4729,#1384,.T.);
#6879=EDGE_CURVE('',#4097,#4733,#1388,.T.);
#6881=EDGE_CURVE('',#4095,#4097,#1393,.T.);
#6883=EDGE_CURVE('',#4590,#4095,#1397,.T.);
#6885=EDGE_CURVE('',#4783,#4590,#1402,.T.);
#6887=EDGE_CURVE('',#4782,#4783,#1406,.T.);
#6889=EDGE_CURVE('',#4800,#4782,#1411,.T.);
#6891=EDGE_CURVE('',#4729,#4800,#1415,.T.);
#6895=EDGE_CURVE('',#4854,#4823,#1420,.T.);
#6897=EDGE_CURVE('',#4688,#4854,#1424,.T.);
#6899=EDGE_CURVE('',#4686,#4688,#1429,.T.);
#6901=EDGE_CURVE('',#4503,#4686,#1433,.T.);
#6903=EDGE_CURVE('',#4501,#4503,#1438,.T.);
#6905=EDGE_CURVE('',#4363,#4501,#1442,.T.);
#6907=EDGE_CURVE('',#4361,#4363,#1447,.T.);
#6909=EDGE_CURVE('',#4823,#4361,#1451,.T.);
#6913=EDGE_CURVE('',#4519,#4856,#1456,.T.);
#6915=EDGE_CURVE('',#4482,#4519,#1460,.T.);
#6917=EDGE_CURVE('',#4417,#4482,#1465,.T.);
#6919=EDGE_CURVE('',#4415,#4417,#1469,.T.);
#6921=EDGE_CURVE('',#4556,#4415,#1474,.T.);
#6923=EDGE_CURVE('',#4810,#4556,#1478,.T.);
#6925=EDGE_CURVE('',#4814,#4810,#1483,.T.);
#6927=EDGE_CURVE('',#4856,#4814,#1487,.T.);
#6931=EDGE_CURVE('',#4468,#4470,#1276,.T.);
#6933=EDGE_CURVE('',#4833,#4468,#1280,.T.);
#6935=EDGE_CURVE('',#4804,#4833,#1285,.T.);
#6937=EDGE_CURVE('',#4344,#4804,#1289,.T.);
#6939=EDGE_CURVE('',#4342,#4344,#1294,.T.);
#6941=EDGE_CURVE('',#4507,#4342,#1298,.T.);
#6943=EDGE_CURVE('',#4827,#4507,#1303,.T.);
#6945=EDGE_CURVE('',#4470,#4827,#1307,.T.);
#6955=EDGE_CURVE('',#4464,#4470,#1555,.T.);
#6957=EDGE_CURVE('',#4464,#4465,#1627,.T.);
#6959=EDGE_CURVE('',#4465,#4466,#1600,.T.);
#6961=EDGE_CURVE('',#4468,#4466,#1559,.T.);
#6974=EDGE_CURVE('',#4827,#4829,#1567,.T.);
#6976=EDGE_CURVE('',#4829,#4464,#1609,.T.);
#6986=EDGE_CURVE('',#4509,#4507,#1563,.T.);
#6988=EDGE_CURVE('',#4509,#4831,#1637,.T.);
#6990=EDGE_CURVE('',#4831,#4829,#1614,.T.);
#7004=EDGE_CURVE('',#4342,#4340,#1579,.T.);
#7006=EDGE_CURVE('',#4509,#4340,#1571,.T.);
#7016=EDGE_CURVE('',#4338,#4344,#1575,.T.);
#7018=EDGE_CURVE('',#4338,#4339,#1659,.T.);
#7020=EDGE_CURVE('',#4339,#4340,#1632,.T.);
#7034=EDGE_CURVE('',#4804,#4806,#1591,.T.);
#7036=EDGE_CURVE('',#4338,#4806,#1583,.T.);
#7046=EDGE_CURVE('',#4835,#4833,#1587,.T.);
#7048=EDGE_CURVE('',#4835,#4858,#1605,.T.);
#7050=EDGE_CURVE('',#4858,#4806,#1642,.T.);
#7065=EDGE_CURVE('',#4835,#4466,#1595,.T.);
#7077=EDGE_CURVE('',#4465,#4488,#1622,.T.);
#7079=EDGE_CURVE('',#4488,#4486,#1667,.T.);
#7081=EDGE_CURVE('',#4486,#4858,#1646,.T.);
#7094=EDGE_CURVE('',#4490,#4831,#1618,.T.);
#7096=EDGE_CURVE('',#4490,#4488,#1671,.T.);
#7110=EDGE_CURVE('',#4339,#4485,#1654,.T.);
#7112=EDGE_CURVE('',#4485,#4490,#1663,.T.);
#7127=EDGE_CURVE('',#4485,#4486,#1650,.T.);
#7152=EDGE_CURVE('',#4768,#4769,#1675,.T.);
#7154=EDGE_CURVE('',#4768,#4792,#1701,.T.);
#7156=EDGE_CURVE('',#4792,#4023,#1752,.T.);
#7158=EDGE_CURVE('',#4022,#4023,#1679,.T.);
#7168=EDGE_CURVE('',#4768,#4773,#1683,.T.);
#7172=EDGE_CURVE('',#4771,#4773,#1709,.T.);
#7183=EDGE_CURVE('',#4198,#4773,#1688,.T.);
#7185=EDGE_CURVE('',#4198,#4196,#1786,.T.);
#7187=EDGE_CURVE('',#4790,#4196,#1692,.T.);
#7189=EDGE_CURVE('',#4792,#4790,#1696,.T.);
#7200=EDGE_CURVE('',#4199,#4602,#1705,.T.);
#7202=EDGE_CURVE('',#4199,#4198,#1791,.T.);
#7217=EDGE_CURVE('',#4603,#4192,#1717,.T.);
#7219=EDGE_CURVE('',#4192,#4199,#1769,.T.);
#7230=EDGE_CURVE('',#4628,#4629,#1713,.T.);
#7232=EDGE_CURVE('',#4628,#4191,#1735,.T.);
#7234=EDGE_CURVE('',#4191,#4192,#1774,.T.);
#7245=EDGE_CURVE('',#4628,#4433,#1721,.T.);
#7249=EDGE_CURVE('',#4435,#4433,#1743,.T.);
#7260=EDGE_CURVE('',#4432,#4433,#1726,.T.);
#7262=EDGE_CURVE('',#4432,#4720,#1760,.T.);
#7264=EDGE_CURVE('',#4194,#4720,#1730,.T.);
#7266=EDGE_CURVE('',#4194,#4191,#1778,.T.);
#7278=EDGE_CURVE('',#4025,#4027,#1739,.T.);
#7280=EDGE_CURVE('',#4025,#4432,#1765,.T.);
#7294=EDGE_CURVE('',#4023,#4025,#1747,.T.);
#7308=EDGE_CURVE('',#4720,#4790,#1756,.T.);
#7322=EDGE_CURVE('',#4196,#4194,#1782,.T.);
#7347=EDGE_CURVE('',#4703,#4698,#1795,.T.);
#7349=EDGE_CURVE('',#4703,#4734,#1854,.T.);
#7351=EDGE_CURVE('',#4734,#4735,#1840,.T.);
#7353=EDGE_CURVE('',#4737,#4735,#1799,.T.);
#7366=EDGE_CURVE('',#4699,#4701,#1811,.T.);
#7368=EDGE_CURVE('',#4703,#4701,#1803,.T.);
#7378=EDGE_CURVE('',#4749,#4744,#1807,.T.);
#7380=EDGE_CURVE('',#4749,#4788,#1868,.T.);
#7382=EDGE_CURVE('',#4788,#4701,#1859,.T.);
#7396=EDGE_CURVE('',#4745,#4747,#1823,.T.);
#7398=EDGE_CURVE('',#4749,#4747,#1815,.T.);
#7408=EDGE_CURVE('',#4725,#4821,#1819,.T.);
#7410=EDGE_CURVE('',#4725,#4724,#1895,.T.);
#7412=EDGE_CURVE('',#4724,#4747,#1873,.T.);
#7426=EDGE_CURVE('',#4756,#4722,#1831,.T.);
#7428=EDGE_CURVE('',#4722,#4725,#1877,.T.);
#7438=EDGE_CURVE('',#4754,#4758,#1827,.T.);
#7440=EDGE_CURVE('',#4754,#4721,#1845,.T.);
#7442=EDGE_CURVE('',#4721,#4722,#1882,.T.);
#7454=EDGE_CURVE('',#4754,#4735,#1835,.T.);
#7469=EDGE_CURVE('',#4734,#4409,#1849,.T.);
#7471=EDGE_CURVE('',#4409,#4407,#1911,.T.);
#7473=EDGE_CURVE('',#4407,#4721,#1886,.T.);
#7488=EDGE_CURVE('',#4788,#4405,#1863,.T.);
#7490=EDGE_CURVE('',#4405,#4409,#1899,.T.);
#7504=EDGE_CURVE('',#4724,#4404,#1890,.T.);
#7506=EDGE_CURVE('',#4404,#4405,#1903,.T.);
#7519=EDGE_CURVE('',#4407,#4404,#1907,.T.);
#7544=EDGE_CURVE('',#4728,#4729,#1915,.T.);
#7546=EDGE_CURVE('',#4728,#4730,#1945,.T.);
#7548=EDGE_CURVE('',#4730,#4731,#2014,.T.);
#7550=EDGE_CURVE('',#4733,#4731,#1919,.T.);
#7560=EDGE_CURVE('',#4728,#4798,#1923,.T.);
#7564=EDGE_CURVE('',#4800,#4798,#1953,.T.);
#7575=EDGE_CURVE('',#4797,#4798,#1928,.T.);
#7577=EDGE_CURVE('',#3941,#4797,#1932,.T.);
#7579=EDGE_CURVE('',#3940,#3941,#1936,.T.);
#7581=EDGE_CURVE('',#4730,#3940,#1940,.T.);
#7592=EDGE_CURVE('',#4787,#4782,#1949,.T.);
#7594=EDGE_CURVE('',#4787,#4797,#1992,.T.);
#7609=EDGE_CURVE('',#4783,#4785,#1965,.T.);
#7611=EDGE_CURVE('',#4787,#4785,#1957,.T.);
#7622=EDGE_CURVE('',#4589,#4590,#1961,.T.);
#7624=EDGE_CURVE('',#4589,#4892,#1978,.T.);
#7626=EDGE_CURVE('',#4892,#4785,#1997,.T.);
#7637=EDGE_CURVE('',#4589,#4093,#1969,.T.);
#7641=EDGE_CURVE('',#4095,#4093,#2031,.T.);
#7651=EDGE_CURVE('',#4892,#3943,#1973,.T.);
#7655=EDGE_CURVE('',#4092,#4093,#1983,.T.);
#7657=EDGE_CURVE('',#3945,#4092,#1987,.T.);
#7659=EDGE_CURVE('',#3945,#3943,#2009,.T.);
#7674=EDGE_CURVE('',#3941,#3943,#2001,.T.);
#7684=EDGE_CURVE('',#3940,#3945,#2005,.T.);
#7697=EDGE_CURVE('',#4091,#4731,#2023,.T.);
#7703=EDGE_CURVE('',#4091,#4092,#2019,.T.);
#7716=EDGE_CURVE('',#4091,#4097,#2027,.T.);
#7739=EDGE_CURVE('',#4825,#4823,#2035,.T.);
#7741=EDGE_CURVE('',#4825,#4906,#2115,.T.);
#7743=EDGE_CURVE('',#4906,#4908,#2084,.T.);
#7745=EDGE_CURVE('',#4854,#4908,#2039,.T.);
#7758=EDGE_CURVE('',#4361,#4359,#2051,.T.);
#7760=EDGE_CURVE('',#4825,#4359,#2043,.T.);
#7770=EDGE_CURVE('',#4357,#4363,#2047,.T.);
#7772=EDGE_CURVE('',#4357,#4358,#2129,.T.);
#7774=EDGE_CURVE('',#4358,#4359,#2102,.T.);
#7788=EDGE_CURVE('',#4501,#4499,#2063,.T.);
#7790=EDGE_CURVE('',#4357,#4499,#2055,.T.);
#7800=EDGE_CURVE('',#4497,#4503,#2059,.T.);
#7802=EDGE_CURVE('',#4497,#4498,#2151,.T.);
#7804=EDGE_CURVE('',#4498,#4499,#2120,.T.);
#7818=EDGE_CURVE('',#4686,#4684,#2075,.T.);
#7820=EDGE_CURVE('',#4497,#4684,#2067,.T.);
#7830=EDGE_CURVE('',#4682,#4688,#2071,.T.);
#7832=EDGE_CURVE('',#4682,#4683,#2097,.T.);
#7834=EDGE_CURVE('',#4683,#4684,#2134,.T.);
#7849=EDGE_CURVE('',#4682,#4908,#2079,.T.);
#7861=EDGE_CURVE('',#4188,#4906,#2088,.T.);
#7863=EDGE_CURVE('',#4186,#4188,#2092,.T.);
#7865=EDGE_CURVE('',#4186,#4683,#2138,.T.);
#7878=EDGE_CURVE('',#4190,#4358,#2106,.T.);
#7880=EDGE_CURVE('',#4188,#4190,#2110,.T.);
#7894=EDGE_CURVE('',#4498,#4185,#2146,.T.);
#7896=EDGE_CURVE('',#4190,#4185,#2124,.T.);
#7911=EDGE_CURVE('',#4185,#4186,#2142,.T.);
#7936=EDGE_CURVE('',#4896,#4856,#2155,.T.);
#7938=EDGE_CURVE('',#4896,#4704,#2181,.T.);
#7940=EDGE_CURVE('',#4704,#4521,#2262,.T.);
#7942=EDGE_CURVE('',#4519,#4521,#2159,.T.);
#7952=EDGE_CURVE('',#4896,#4812,#2163,.T.);
#7956=EDGE_CURVE('',#4814,#4812,#2189,.T.);
#7967=EDGE_CURVE('',#4811,#4812,#2168,.T.);
#7969=EDGE_CURVE('',#4811,#4891,#2206,.T.);
#7971=EDGE_CURVE('',#4706,#4891,#2172,.T.);
#7973=EDGE_CURVE('',#4704,#4706,#2176,.T.);
#7985=EDGE_CURVE('',#4809,#4810,#2185,.T.);
#7987=EDGE_CURVE('',#4809,#4811,#2211,.T.);
#7999=EDGE_CURVE('',#4809,#4554,#2193,.T.);
#8003=EDGE_CURVE('',#4556,#4554,#2219,.T.);
#8014=EDGE_CURVE('',#4144,#4554,#2198,.T.);
#8016=EDGE_CURVE('',#4144,#4142,#2240,.T.);
#8018=EDGE_CURVE('',#4891,#4142,#2202,.T.);
#8030=EDGE_CURVE('',#4145,#4415,#2215,.T.);
#8032=EDGE_CURVE('',#4145,#4144,#2245,.T.);
#8045=EDGE_CURVE('',#4145,#4138,#2223,.T.);
#8049=EDGE_CURVE('',#4417,#4138,#2253,.T.);
#8060=EDGE_CURVE('',#4137,#4138,#2228,.T.);
#8062=EDGE_CURVE('',#4140,#4137,#2232,.T.);
#8064=EDGE_CURVE('',#4142,#4140,#2236,.T.);
#8077=EDGE_CURVE('',#4481,#4482,#2249,.T.);
#8079=EDGE_CURVE('',#4481,#4137,#2271,.T.);
#8091=EDGE_CURVE('',#4481,#4521,#2257,.T.);
#8107=EDGE_CURVE('',#4140,#4706,#2266,.T.);
#8133=EDGE_CURVE('',#5016,#4964,#2279,.T.);
#8146=EDGE_CURVE('',#5018,#4966,#2283,.T.);
#8159=EDGE_CURVE('',#5020,#4968,#2287,.T.);
#8184=EDGE_CURVE('',#5036,#4988,#2295,.T.);
#8197=EDGE_CURVE('',#5038,#4990,#2299,.T.);
#8210=EDGE_CURVE('',#5040,#4992,#2303,.T.);
#8223=EDGE_CURVE('',#5042,#4994,#2311,.T.);
#8236=EDGE_CURVE('',#4551,#4997,#2315,.T.);
#8239=EDGE_CURVE('',#5002,#4549,#2327,.T.);
#8242=EDGE_CURVE('',#5044,#5004,#2355,.T.);
#8266=EDGE_CURVE('',#4505,#5001,#2323,.T.);
#8280=EDGE_CURVE('',#5052,#5012,#2335,.T.);
#8285=EDGE_CURVE('',#4973,#4351,#2363,.T.);
#8288=EDGE_CURVE('',#5024,#4974,#2367,.T.);
#8298=EDGE_CURVE('',#5050,#5010,#2343,.T.);
#8311=EDGE_CURVE('',#5048,#5008,#2347,.T.);
#8324=EDGE_CURVE('',#5046,#5006,#2351,.T.);
#8363=EDGE_CURVE('',#5026,#4976,#2371,.T.);
#8376=EDGE_CURVE('',#5028,#4978,#2375,.T.);
#8389=EDGE_CURVE('',#5030,#4980,#2379,.T.);
#8412=EDGE_CURVE('',#5066,#5065,#2384,.T.);
#8414=EDGE_CURVE('',#5058,#5065,#2415,.T.);
#8418=EDGE_CURVE('',#5055,#5066,#2388,.T.);
#8428=EDGE_CURVE('',#5062,#5061,#2402,.T.);
#8430=EDGE_CURVE('',#5061,#5065,#2406,.T.);
#8433=EDGE_CURVE('',#5062,#5066,#2392,.T.);
#8443=EDGE_CURVE('',#5061,#5062,#2397,.T.);
#8456=EDGE_CURVE('',#5065,#5066,#2411,.T.);
#8479=EDGE_CURVE('',#4900,#4547,#2419,.T.);
#8481=EDGE_CURVE('',#4903,#4900,#2423,.T.);
#8483=EDGE_CURVE('',#4617,#4903,#2427,.T.);
#8494=EDGE_CURVE('',#4546,#4899,#2439,.T.);
#8496=EDGE_CURVE('',#4899,#4900,#2447,.T.);
#8510=EDGE_CURVE('',#4619,#4904,#2443,.T.);
#8512=EDGE_CURVE('',#4904,#4899,#2451,.T.);
#8523=EDGE_CURVE('',#4903,#4904,#2455,.T.);
#8548=EDGE_CURVE('',#4329,#4527,#2463,.T.);
#8550=EDGE_CURVE('',#4329,#4330,#2511,.T.);
#8552=EDGE_CURVE('',#4523,#4330,#2467,.T.);
#8563=EDGE_CURVE('',#4525,#4578,#2475,.T.);
#8565=EDGE_CURVE('',#4578,#4329,#2523,.T.);
#8576=EDGE_CURVE('',#4303,#4304,#2487,.T.);
#8578=EDGE_CURVE('',#4304,#4578,#2531,.T.);
#8590=EDGE_CURVE('',#4304,#4308,#2483,.T.);
#8594=EDGE_CURVE('',#4306,#4308,#2507,.T.);
#8605=EDGE_CURVE('',#4076,#4308,#2491,.T.);
#8607=EDGE_CURVE('',#4082,#4076,#2495,.T.);
#8609=EDGE_CURVE('',#4082,#4304,#2535,.T.);
#8619=EDGE_CURVE('',#4330,#4308,#2499,.T.);
#8621=EDGE_CURVE('',#4075,#4330,#2503,.T.);
#8623=EDGE_CURVE('',#4075,#4076,#2539,.T.);
#8648=EDGE_CURVE('',#4078,#4329,#2515,.T.);
#8650=EDGE_CURVE('',#4075,#4078,#2519,.T.);
#8661=EDGE_CURVE('',#4080,#4578,#2527,.T.);
#8663=EDGE_CURVE('',#4080,#4078,#2543,.T.);
#8676=EDGE_CURVE('',#4082,#4080,#2547,.T.);
#8694=EDGE_CURVE('',#4060,#4072,#2551,.T.);
#8696=EDGE_CURVE('',#4059,#4060,#2556,.T.);
#8698=EDGE_CURVE('',#4062,#4059,#2560,.T.);
#8700=EDGE_CURVE('',#4064,#4062,#2565,.T.);
#8702=EDGE_CURVE('',#4066,#4064,#2569,.T.);
#8704=EDGE_CURVE('',#4068,#4066,#2574,.T.);
#8706=EDGE_CURVE('',#4070,#4068,#2578,.T.);
#8708=EDGE_CURVE('',#4072,#4070,#2583,.T.);
#8719=EDGE_CURVE('',#4072,#4300,#2601,.T.);
#8721=EDGE_CURVE('',#4300,#4692,#2675,.T.);
#8723=EDGE_CURVE('',#4692,#4060,#2657,.T.);
#8734=EDGE_CURVE('',#4107,#4070,#2587,.T.);
#8736=EDGE_CURVE('',#4106,#4107,#2592,.T.);
#8738=EDGE_CURVE('',#4300,#4106,#2597,.T.);
#8750=EDGE_CURVE('',#4068,#4109,#2619,.T.);
#8752=EDGE_CURVE('',#4109,#4107,#2683,.T.);
#8764=EDGE_CURVE('',#4154,#4066,#2605,.T.);
#8766=EDGE_CURVE('',#4110,#4154,#2610,.T.);
#8768=EDGE_CURVE('',#4109,#4110,#2615,.T.);
#8779=EDGE_CURVE('',#4154,#4156,#2623,.T.);
#8783=EDGE_CURVE('',#4064,#4156,#2649,.T.);
#8793=EDGE_CURVE('',#4337,#4336,#2627,.T.);
#8795=EDGE_CURVE('',#4336,#4112,#2695,.T.);
#8797=EDGE_CURVE('',#4112,#4110,#2687,.T.);
#8801=EDGE_CURVE('',#4156,#4337,#2645,.T.);
#8812=EDGE_CURVE('',#4337,#4848,#2640,.T.);
#8814=EDGE_CURVE('',#4848,#4802,#2653,.T.);
#8816=EDGE_CURVE('',#4802,#4801,#2667,.T.);
#8818=EDGE_CURVE('',#4837,#4801,#2631,.T.);
#8820=EDGE_CURVE('',#4837,#4336,#2699,.T.);
#8831=EDGE_CURVE('',#4848,#4062,#2635,.T.);
#8845=EDGE_CURVE('',#4059,#4802,#2671,.T.);
#8859=EDGE_CURVE('',#4801,#4692,#2662,.T.);
#8873=EDGE_CURVE('',#4114,#4106,#2679,.T.);
#8875=EDGE_CURVE('',#4114,#4837,#2703,.T.);
#8892=EDGE_CURVE('',#4112,#4114,#2691,.T.);
#8914=EDGE_CURVE('',#4559,#4560,#2719,.T.);
#8916=EDGE_CURVE('',#4529,#4560,#2707,.T.);
#8919=EDGE_CURVE('',#4580,#4531,#2711,.T.);
#8921=EDGE_CURVE('',#4580,#4582,#2775,.T.);
#8923=EDGE_CURVE('',#4559,#4582,#2715,.T.);
#8933=EDGE_CURVE('',#3932,#4560,#2727,.T.);
#8936=EDGE_CURVE('',#4559,#3987,#2787,.T.);
#8938=EDGE_CURVE('',#3932,#3987,#2723,.T.);
#8950=EDGE_CURVE('',#3932,#3933,#2739,.T.);
#8963=EDGE_CURVE('',#3932,#3935,#2743,.T.);
#8965=EDGE_CURVE('',#3935,#3937,#2763,.T.);
#8975=EDGE_CURVE('',#3989,#3935,#2751,.T.);
#8979=EDGE_CURVE('',#3989,#3987,#2747,.T.);
#8989=EDGE_CURVE('',#4420,#3935,#2759,.T.);
#8992=EDGE_CURVE('',#3989,#4775,#2783,.T.);
#8994=EDGE_CURVE('',#4420,#4775,#2755,.T.);
#9005=EDGE_CURVE('',#4420,#4421,#2771,.T.);
#9017=EDGE_CURVE('',#4580,#4420,#2767,.T.);
#9033=EDGE_CURVE('',#4582,#4775,#2779,.T.);
#9050=EDGE_CURVE('',#4886,#4478,#2791,.T.);
#9052=EDGE_CURVE('',#4889,#4886,#2796,.T.);
#9054=EDGE_CURVE('',#4316,#4889,#2800,.T.);
#9056=EDGE_CURVE('',#4318,#4316,#2805,.T.);
#9058=EDGE_CURVE('',#4884,#4318,#2809,.T.);
#9060=EDGE_CURVE('',#4795,#4884,#2814,.T.);
#9062=EDGE_CURVE('',#4474,#4795,#2818,.T.);
#9064=EDGE_CURVE('',#4478,#4474,#2823,.T.);
#9075=EDGE_CURVE('',#4478,#4476,#2845,.T.);
#9077=EDGE_CURVE('',#4882,#4476,#2827,.T.);
#9079=EDGE_CURVE('',#4882,#4886,#2889,.T.);
#9090=EDGE_CURVE('',#4473,#4474,#2831,.T.);
#9092=EDGE_CURVE('',#4475,#4473,#2836,.T.);
#9094=EDGE_CURVE('',#4476,#4475,#2841,.T.);
#9106=EDGE_CURVE('',#4795,#4796,#2863,.T.);
#9108=EDGE_CURVE('',#4796,#4473,#2911,.T.);
#9120=EDGE_CURVE('',#4036,#4884,#2849,.T.);
#9122=EDGE_CURVE('',#4035,#4036,#2854,.T.);
#9124=EDGE_CURVE('',#4796,#4035,#2859,.T.);
#9136=EDGE_CURVE('',#4318,#4028,#2885,.T.);
#9138=EDGE_CURVE('',#4036,#4028,#2867,.T.);
#9150=EDGE_CURVE('',#4315,#4316,#2871,.T.);
#9152=EDGE_CURVE('',#4029,#4315,#2876,.T.);
#9154=EDGE_CURVE('',#4028,#4029,#2881,.T.);
#9166=EDGE_CURVE('',#4889,#4887,#2903,.T.);
#9168=EDGE_CURVE('',#4887,#4315,#2923,.T.);
#9181=EDGE_CURVE('',#4881,#4882,#2894,.T.);
#9183=EDGE_CURVE('',#4887,#4881,#2899,.T.);
#9196=EDGE_CURVE('',#4475,#4740,#2907,.T.);
#9198=EDGE_CURVE('',#4740,#4741,#2935,.T.);
#9200=EDGE_CURVE('',#4741,#4881,#2927,.T.);
#9215=EDGE_CURVE('',#4033,#4035,#2915,.T.);
#9217=EDGE_CURVE('',#4033,#4740,#2939,.T.);
#9229=EDGE_CURVE('',#4031,#4029,#2919,.T.);
#9231=EDGE_CURVE('',#4031,#4033,#2943,.T.);
#9248=EDGE_CURVE('',#4741,#4031,#2931,.T.);
#9270=EDGE_CURVE('',#4051,#4056,#2947,.T.);
#9272=EDGE_CURVE('',#4051,#4052,#2971,.T.);
#9275=EDGE_CURVE('',#4056,#4054,#2955,.T.);
#9285=EDGE_CURVE('',#4132,#4051,#2959,.T.);
#9288=EDGE_CURVE('',#4056,#4777,#3063,.T.);
#9290=EDGE_CURVE('',#4777,#4132,#2999,.T.);
#9300=EDGE_CURVE('',#4136,#4051,#2967,.T.);
#9303=EDGE_CURVE('',#4132,#4134,#2995,.T.);
#9305=EDGE_CURVE('',#4136,#4134,#2963,.T.);
#9316=EDGE_CURVE('',#4136,#4174,#2979,.T.);
#9328=EDGE_CURVE('',#4171,#4136,#2975,.T.);
#9330=EDGE_CURVE('',#4171,#4172,#3055,.T.);
#9344=EDGE_CURVE('',#4134,#4322,#2991,.T.);
#9346=EDGE_CURVE('',#4171,#4322,#2983,.T.);
#9356=EDGE_CURVE('',#4322,#4324,#2987,.T.);
#9361=EDGE_CURVE('',#4324,#4777,#3003,.T.);
#9365=EDGE_CURVE('',#4594,#4954,#3007,.T.);
#9367=EDGE_CURVE('',#4563,#4594,#3012,.T.);
#9369=EDGE_CURVE('',#4439,#4563,#3016,.T.);
#9371=EDGE_CURVE('',#4443,#4439,#3021,.T.);
#9373=EDGE_CURVE('',#4862,#4443,#3025,.T.);
#9375=EDGE_CURVE('',#4866,#4862,#3030,.T.);
#9377=EDGE_CURVE('',#4952,#4866,#3034,.T.);
#9379=EDGE_CURVE('',#4954,#4952,#3039,.T.);
#9389=EDGE_CURVE('',#4326,#4171,#3047,.T.);
#9393=EDGE_CURVE('',#4326,#4324,#3043,.T.);
#9404=EDGE_CURVE('',#4533,#4326,#3051,.T.);
#9416=EDGE_CURVE('',#4056,#4326,#3059,.T.);
#9442=EDGE_CURVE('',#4954,#4762,#3085,.T.);
#9444=EDGE_CURVE('',#4593,#4762,#3067,.T.);
#9446=EDGE_CURVE('',#4593,#4594,#3133,.T.);
#9457=EDGE_CURVE('',#4956,#4952,#3071,.T.);
#9459=EDGE_CURVE('',#4763,#4956,#3076,.T.);
#9461=EDGE_CURVE('',#4762,#4763,#3081,.T.);
#9473=EDGE_CURVE('',#4866,#4864,#3103,.T.);
#9475=EDGE_CURVE('',#4864,#4956,#3183,.T.);
#9487=EDGE_CURVE('',#4861,#4862,#3089,.T.);
#9489=EDGE_CURVE('',#4863,#4861,#3094,.T.);
#9491=EDGE_CURVE('',#4864,#4863,#3099,.T.);
#9503=EDGE_CURVE('',#4443,#4441,#3125,.T.);
#9505=EDGE_CURVE('',#4861,#4441,#3107,.T.);
#9517=EDGE_CURVE('',#4438,#4439,#3111,.T.);
#9519=EDGE_CURVE('',#4440,#4438,#3116,.T.);
#9521=EDGE_CURVE('',#4441,#4440,#3121,.T.);
#9533=EDGE_CURVE('',#4563,#4564,#3147,.T.);
#9535=EDGE_CURVE('',#4438,#4564,#3129,.T.);
#9548=EDGE_CURVE('',#4595,#4593,#3138,.T.);
#9550=EDGE_CURVE('',#4564,#4595,#3143,.T.);
#9561=EDGE_CURVE('',#4595,#4708,#3151,.T.);
#9566=EDGE_CURVE('',#4765,#4763,#3155,.T.);
#9568=EDGE_CURVE('',#4708,#4765,#3159,.T.);
#9578=EDGE_CURVE('',#4710,#4440,#3163,.T.);
#9584=EDGE_CURVE('',#4708,#4710,#3175,.T.);
#9597=EDGE_CURVE('',#4879,#4710,#3167,.T.);
#9599=EDGE_CURVE('',#4863,#4879,#3171,.T.);
#9613=EDGE_CURVE('',#4879,#4765,#3179,.T.);
#9638=EDGE_CURVE('',#4125,#4126,#3199,.T.);
#9640=EDGE_CURVE('',#4128,#4126,#3187,.T.);
#9642=EDGE_CURVE('',#4130,#4128,#3191,.T.);
#9652=EDGE_CURVE('',#4126,#4753,#3195,.T.);
#9656=EDGE_CURVE('',#4539,#4753,#3279,.T.);
#9666=EDGE_CURVE('',#4387,#4126,#3211,.T.);
#9669=EDGE_CURVE('',#4753,#4389,#3271,.T.);
#9671=EDGE_CURVE('',#4387,#4389,#3207,.T.);
#9683=EDGE_CURVE('',#4387,#4385,#3227,.T.);
#9685=EDGE_CURVE('',#4128,#4385,#3215,.T.);
#9695=EDGE_CURVE('',#4389,#4383,#3267,.T.);
#9697=EDGE_CURVE('',#4382,#4383,#3219,.T.);
#9699=EDGE_CURVE('',#4385,#4382,#3223,.T.);
#9705=EDGE_CURVE('',#4367,#4379,#3231,.T.);
#9707=EDGE_CURVE('',#4366,#4367,#3236,.T.);
#9709=EDGE_CURVE('',#4369,#4366,#3240,.T.);
#9711=EDGE_CURVE('',#4371,#4369,#3245,.T.);
#9713=EDGE_CURVE('',#4373,#4371,#3249,.T.);
#9715=EDGE_CURVE('',#4375,#4373,#3254,.T.);
#9717=EDGE_CURVE('',#4377,#4375,#3258,.T.);
#9719=EDGE_CURVE('',#4379,#4377,#3263,.T.);
#9729=EDGE_CURVE('',#4753,#4760,#3275,.T.);
#9731=EDGE_CURVE('',#4760,#4383,#3307,.T.);
#9743=EDGE_CURVE('',#4537,#4760,#3295,.T.);
#9757=EDGE_CURVE('',#4586,#4535,#3291,.T.);
#9759=EDGE_CURVE('',#4586,#4760,#3311,.T.);
#9770=EDGE_CURVE('',#4586,#4128,#3299,.T.);
#9786=EDGE_CURVE('',#4586,#4382,#3303,.T.);
#9809=EDGE_CURVE('',#4379,#4877,#3329,.T.);
#9811=EDGE_CURVE('',#4877,#4845,#3395,.T.);
#9813=EDGE_CURVE('',#4845,#4367,#3377,.T.);
#9823=EDGE_CURVE('',#4870,#4377,#3315,.T.);
#9825=EDGE_CURVE('',#4893,#4870,#3320,.T.);
#9827=EDGE_CURVE('',#4877,#4893,#3325,.T.);
#9841=EDGE_CURVE('',#4375,#4868,#3351,.T.);
#9843=EDGE_CURVE('',#4870,#4868,#3333,.T.);
#9854=EDGE_CURVE('',#4852,#4373,#3337,.T.);
#9856=EDGE_CURVE('',#4873,#4852,#3342,.T.);
#9858=EDGE_CURVE('',#4868,#4873,#3347,.T.);
#9870=EDGE_CURVE('',#4371,#4850,#3369,.T.);
#9872=EDGE_CURVE('',#4850,#4852,#3411,.T.);
#9883=EDGE_CURVE('',#4875,#4369,#3355,.T.);
#9885=EDGE_CURVE('',#4874,#4875,#3360,.T.);
#9887=EDGE_CURVE('',#4850,#4874,#3365,.T.);
#9900=EDGE_CURVE('',#4366,#4847,#3391,.T.);
#9902=EDGE_CURVE('',#4875,#4847,#3373,.T.);
#9915=EDGE_CURVE('',#4846,#4845,#3382,.T.);
#9917=EDGE_CURVE('',#4847,#4846,#3387,.T.);
#9930=EDGE_CURVE('',#4714,#4893,#3399,.T.);
#9932=EDGE_CURVE('',#4713,#4714,#3403,.T.);
#9934=EDGE_CURVE('',#4713,#4846,#3427,.T.);
#9949=EDGE_CURVE('',#4873,#4716,#3423,.T.);
#9951=EDGE_CURVE('',#4714,#4716,#3407,.T.);
#9963=EDGE_CURVE('',#4718,#4874,#3415,.T.);
#9965=EDGE_CURVE('',#4716,#4718,#3419,.T.);
#9982=EDGE_CURVE('',#4718,#4713,#3431,.T.);
#10006=EDGE_CURVE('',#3927,#4105,#3443,.T.);
#10008=EDGE_CURVE('',#4103,#4105,#3439,.T.);
#10019=EDGE_CURVE('',#4332,#3927,#3447,.T.);
#10021=EDGE_CURVE('',#4332,#4334,#3515,.T.);
#10023=EDGE_CURVE('',#4334,#4105,#3503,.T.);
#10034=EDGE_CURVE('',#4496,#3925,#3455,.T.);
#10036=EDGE_CURVE('',#4496,#4332,#3519,.T.);
#10047=EDGE_CURVE('',#3923,#4690,#3467,.T.);
#10049=EDGE_CURVE('',#4690,#4431,#3487,.T.);
#10051=EDGE_CURVE('',#4429,#4431,#3459,.T.);
#10053=EDGE_CURVE('',#4429,#4496,#3523,.T.);
#10068=EDGE_CURVE('',#4690,#4541,#3475,.T.);
#10078=EDGE_CURVE('',#4100,#4101,#3479,.T.);
#10080=EDGE_CURVE('',#4431,#4100,#3483,.T.);
#10093=EDGE_CURVE('',#4105,#4100,#3499,.T.);
#10106=EDGE_CURVE('',#4100,#4427,#3495,.T.);
#10110=EDGE_CURVE('',#4334,#4427,#3511,.T.);
#10122=EDGE_CURVE('',#4427,#4429,#3507,.T.);
#10140=EDGE_CURVE('',#4492,#4494,#3527,.T.);
#10142=EDGE_CURVE('',#4412,#4492,#3532,.T.);
#10144=EDGE_CURVE('',#4152,#4412,#3536,.T.);
#10146=EDGE_CURVE('',#4150,#4152,#3541,.T.);
#10148=EDGE_CURVE('',#4447,#4150,#3545,.T.);
#10150=EDGE_CURVE('',#4086,#4447,#3550,.T.);
#10152=EDGE_CURVE('',#4085,#4086,#3554,.T.);
#10154=EDGE_CURVE('',#4494,#4085,#3559,.T.);
#10165=EDGE_CURVE('',#4494,#4574,#3581,.T.);
#10167=EDGE_CURVE('',#4695,#4574,#3563,.T.);
#10169=EDGE_CURVE('',#4695,#4492,#3653,.T.);
#10179=EDGE_CURVE('',#4090,#4085,#3567,.T.);
#10181=EDGE_CURVE('',#4573,#4090,#3572,.T.);
#10183=EDGE_CURVE('',#4574,#4573,#3577,.T.);
#10197=EDGE_CURVE('',#4086,#4088,#3603,.T.);
#10199=EDGE_CURVE('',#4090,#4088,#3585,.T.);
#10210=EDGE_CURVE('',#4446,#4447,#3589,.T.);
#10212=EDGE_CURVE('',#4819,#4446,#3594,.T.);
#10214=EDGE_CURVE('',#4088,#4819,#3599,.T.);
#10225=EDGE_CURVE('',#4148,#4446,#3615,.T.);
#10229=EDGE_CURVE('',#4150,#4148,#3645,.T.);
#10239=EDGE_CURVE('',#4146,#3977,#3619,.T.);
#10241=EDGE_CURVE('',#3975,#3977,#3607,.T.);
#10243=EDGE_CURVE('',#4819,#3975,#3611,.T.);
#10247=EDGE_CURVE('',#4148,#4146,#3641,.T.);
#10258=EDGE_CURVE('',#4146,#4147,#3636,.T.);
#10260=EDGE_CURVE('',#4147,#4413,#3649,.T.);
#10262=EDGE_CURVE('',#4413,#4694,#3663,.T.);
#10264=EDGE_CURVE('',#3972,#4694,#3623,.T.);
#10266=EDGE_CURVE('',#3977,#3972,#3627,.T.);
#10276=EDGE_CURVE('',#4147,#4152,#3631,.T.);
#10291=EDGE_CURVE('',#4412,#4413,#3667,.T.);
#10305=EDGE_CURVE('',#4694,#4695,#3658,.T.);
#10319=EDGE_CURVE('',#3973,#4573,#3671,.T.);
#10321=EDGE_CURVE('',#3972,#3973,#3675,.T.);
#10338=EDGE_CURVE('',#3973,#3975,#3679,.T.);
#10360=EDGE_CURVE('',#4048,#4396,#3683,.T.);
#10362=EDGE_CURVE('',#4048,#4046,#3739,.T.);
#10365=EDGE_CURVE('',#4396,#4397,#3687,.T.);
#10376=EDGE_CURVE('',#4895,#4396,#3691,.T.);
#10378=EDGE_CURVE('',#4895,#4816,#3747,.T.);
#10380=EDGE_CURVE('',#4816,#4048,#3731,.T.);
#10391=EDGE_CURVE('',#4396,#4401,#3699,.T.);
#10393=EDGE_CURVE('',#4401,#4843,#3799,.T.);
#10395=EDGE_CURVE('',#4895,#4843,#3695,.T.);
#10408=EDGE_CURVE('',#4401,#4399,#3707,.T.);
#10418=EDGE_CURVE('',#4543,#4584,#3715,.T.);
#10420=EDGE_CURVE('',#4584,#4401,#3787,.T.);
#10432=EDGE_CURVE('',#4584,#4043,#3711,.T.);
#10436=EDGE_CURVE('',#4043,#4044,#3719,.T.);
#10447=EDGE_CURVE('',#4818,#4043,#3723,.T.);
#10449=EDGE_CURVE('',#4841,#4818,#3727,.T.);
#10451=EDGE_CURVE('',#4841,#4584,#3791,.T.);
#10461=EDGE_CURVE('',#4043,#4048,#3735,.T.);
#10464=EDGE_CURVE('',#4816,#4818,#3743,.T.);
#10488=EDGE_CURVE('',#4843,#4841,#3795,.T.);
#10495=EDGE_CURVE('',#4912,#4924,#3751,.T.);
#10497=EDGE_CURVE('',#4911,#4912,#3756,.T.);
#10499=EDGE_CURVE('',#4914,#4911,#3760,.T.);
#10501=EDGE_CURVE('',#4916,#4914,#3765,.T.);
#10503=EDGE_CURVE('',#4918,#4916,#3769,.T.);
#10505=EDGE_CURVE('',#4920,#4918,#3774,.T.);
#10507=EDGE_CURVE('',#4922,#4920,#3778,.T.);
#10509=EDGE_CURVE('',#4924,#4922,#3783,.T.);
#10531=EDGE_CURVE('',#4928,#4912,#3807,.T.);
#10534=EDGE_CURVE('',#4924,#4926,#3903,.T.);
#10536=EDGE_CURVE('',#4928,#4926,#3803,.T.);
#10547=EDGE_CURVE('',#4948,#4928,#3812,.T.);
#10549=EDGE_CURVE('',#4947,#4948,#3817,.T.);
#10551=EDGE_CURVE('',#4911,#4947,#3821,.T.);
#10562=EDGE_CURVE('',#4948,#4950,#3825,.T.);
#10566=EDGE_CURVE('',#4926,#4931,#3899,.T.);
#10568=EDGE_CURVE('',#4937,#4931,#3829,.T.);
#10570=EDGE_CURVE('',#4937,#4950,#3915,.T.);
#10580=EDGE_CURVE('',#4945,#4943,#3833,.T.);
#10582=EDGE_CURVE('',#4943,#4942,#3850,.T.);
#10584=EDGE_CURVE('',#4942,#4947,#3863,.T.);
#10588=EDGE_CURVE('',#4950,#4945,#3911,.T.);
#10598=EDGE_CURVE('',#4938,#4940,#3841,.T.);
#10600=EDGE_CURVE('',#4940,#4943,#3855,.T.);
#10603=EDGE_CURVE('',#4945,#4935,#3907,.T.);
#10605=EDGE_CURVE('',#4933,#4935,#3837,.T.);
#10607=EDGE_CURVE('',#4933,#4938,#3872,.T.);
#10618=EDGE_CURVE('',#4916,#4940,#3859,.T.);
#10621=EDGE_CURVE('',#4938,#4918,#3867,.T.);
#10632=EDGE_CURVE('',#4942,#4914,#3845,.T.);
#10659=EDGE_CURVE('',#4932,#4933,#3877,.T.);
#10661=EDGE_CURVE('',#4920,#4932,#3881,.T.);
#10672=EDGE_CURVE('',#4930,#4932,#3885,.T.);
#10676=EDGE_CURVE('',#4935,#4937,#3919,.T.);
#10679=EDGE_CURVE('',#4931,#4930,#3894,.T.);
#10692=EDGE_CURVE('',#4930,#4922,#3889,.T.);
#10732=CIRCLE('',#10731,9.E-1);
#10733=TRIMMED_CURVE('',#10732,(PARAMETER_VALUE(0.E0)),(PARAMETER_VALUE(1.8E2)),
.T.,.UNSPECIFIED.);
#10734=COMPOSITE_CURVE_SEGMENT(.CONTINUOUS.,.T.,#10733);
#10739=CIRCLE('',#10738,9.E-1);
#10740=TRIMMED_CURVE('',#10739,(PARAMETER_VALUE(0.E0)),(PARAMETER_VALUE(1.8E2)),
.T.,.UNSPECIFIED.);
#10741=COMPOSITE_CURVE_SEGMENT(.CONTINUOUS.,.T.,#10740);
#10742=COMPOSITE_CURVE('',(#10734,#10741),.F.);
#10748=CIRCLE('',#10747,9.E-1);
#10749=TRIMMED_CURVE('',#10748,(PARAMETER_VALUE(0.E0)),(PARAMETER_VALUE(1.8E2)),
.T.,.UNSPECIFIED.);
#10750=COMPOSITE_CURVE_SEGMENT(.CONTINUOUS.,.T.,#10749);
#10755=CIRCLE('',#10754,9.E-1);
#10756=TRIMMED_CURVE('',#10755,(PARAMETER_VALUE(0.E0)),(PARAMETER_VALUE(1.8E2)),
.T.,.UNSPECIFIED.);
#10757=COMPOSITE_CURVE_SEGMENT(.CONTINUOUS.,.T.,#10756);
#10758=COMPOSITE_CURVE('',(#10750,#10757),.F.);
#10763=CIRCLE('',#10762,9.E-1);
#10764=TRIMMED_CURVE('',#10763,(PARAMETER_VALUE(0.E0)),(PARAMETER_VALUE(1.8E2)),
.T.,.UNSPECIFIED.);
#10765=COMPOSITE_CURVE_SEGMENT(.CONTINUOUS.,.T.,#10764);
#10770=CIRCLE('',#10769,9.E-1);
#10771=TRIMMED_CURVE('',#10770,(PARAMETER_VALUE(0.E0)),(PARAMETER_VALUE(1.8E2)),
.T.,.UNSPECIFIED.);
#10772=COMPOSITE_CURVE_SEGMENT(.CONTINUOUS.,.T.,#10771);
#10773=COMPOSITE_CURVE('',(#10765,#10772),.F.);
#10778=CIRCLE('',#10777,9.E-1);
#10779=TRIMMED_CURVE('',#10778,(PARAMETER_VALUE(0.E0)),(PARAMETER_VALUE(1.8E2)),
.T.,.UNSPECIFIED.);
#10780=COMPOSITE_CURVE_SEGMENT(.CONTINUOUS.,.T.,#10779);
#10785=CIRCLE('',#10784,9.E-1);
#10786=TRIMMED_CURVE('',#10785,(PARAMETER_VALUE(0.E0)),(PARAMETER_VALUE(1.8E2)),
.T.,.UNSPECIFIED.);
#10787=COMPOSITE_CURVE_SEGMENT(.CONTINUOUS.,.T.,#10786);
#10788=COMPOSITE_CURVE('',(#10780,#10787),.F.);
#10793=CIRCLE('',#10792,9.E-1);
#10794=TRIMMED_CURVE('',#10793,(PARAMETER_VALUE(0.E0)),(PARAMETER_VALUE(1.8E2)),
.T.,.UNSPECIFIED.);
#10795=COMPOSITE_CURVE_SEGMENT(.CONTINUOUS.,.T.,#10794);
#10800=CIRCLE('',#10799,9.E-1);
#10801=TRIMMED_CURVE('',#10800,(PARAMETER_VALUE(0.E0)),(PARAMETER_VALUE(1.8E2)),
.T.,.UNSPECIFIED.);
#10802=COMPOSITE_CURVE_SEGMENT(.CONTINUOUS.,.T.,#10801);
#10803=COMPOSITE_CURVE('',(#10795,#10802),.F.);
#10808=CIRCLE('',#10807,9.E-1);
#10809=TRIMMED_CURVE('',#10808,(PARAMETER_VALUE(0.E0)),(PARAMETER_VALUE(1.8E2)),
.T.,.UNSPECIFIED.);
#10810=COMPOSITE_CURVE_SEGMENT(.CONTINUOUS.,.T.,#10809);
#10815=CIRCLE('',#10814,9.E-1);
#10816=TRIMMED_CURVE('',#10815,(PARAMETER_VALUE(0.E0)),(PARAMETER_VALUE(1.8E2)),
.T.,.UNSPECIFIED.);
#10817=COMPOSITE_CURVE_SEGMENT(.CONTINUOUS.,.T.,#10816);
#10818=COMPOSITE_CURVE('',(#10810,#10817),.F.);
#10823=TRIMMED_CURVE('A_1',#10822,(PARAMETER_VALUE(0.E0)),(PARAMETER_VALUE
(1.E0)),.T.,.UNSPECIFIED.);
#10828=CIRCLE('',#10827,9.E-1);
#10829=TRIMMED_CURVE('',#10828,(PARAMETER_VALUE(0.E0)),(PARAMETER_VALUE(1.8E2)),
.T.,.UNSPECIFIED.);
#10830=COMPOSITE_CURVE_SEGMENT(.CONTINUOUS.,.T.,#10829);
#10835=CIRCLE('',#10834,9.E-1);
#10836=TRIMMED_CURVE('',#10835,(PARAMETER_VALUE(0.E0)),(PARAMETER_VALUE(1.8E2)),
.T.,.UNSPECIFIED.);
#10837=COMPOSITE_CURVE_SEGMENT(.CONTINUOUS.,.T.,#10836);
#10838=COMPOSITE_CURVE('',(#10830,#10837),.F.);
#10839=(LENGTH_UNIT()NAMED_UNIT(*)SI_UNIT(.MILLI.,.METRE.));
#10841=(NAMED_UNIT(*)PLANE_ANGLE_UNIT()SI_UNIT($,.RADIAN.));
#10844=(NAMED_UNIT(*)SI_UNIT($,.STERADIAN.)SOLID_ANGLE_UNIT());
#10847=ADVANCED_BREP_SHAPE_REPRESENTATION('',(#10723),#10846);
#10848=GEOMETRICALLY_BOUNDED_SURFACE_SHAPE_REPRESENTATION('',(#10743),#10846);
#10849=SHAPE_REPRESENTATION('',(#10727),#10846);
#10858=PRODUCT_DEFINITION('design','',#10857,#10854);
#10859=PRODUCT_DEFINITION_SHAPE('','SHAPE FOR 768290106.',#10858);
#10860=SHAPE_DEFINITION_REPRESENTATION(#10859,#10849);
ENDSEC;
END-ISO-10303-21;
