ISO-10303-21;
HEADER;
FILE_DESCRIPTION((''),'2;1');
FILE_NAME('768290110','2017-08-22T',('ghp'),(''),
'PRO/ENGINEER BY PARAMETRIC TECHNOLOGY CORPORATION, 2012310',
'PRO/ENGINEER BY PARAMETRIC TECHNOLOGY CORPORATION, 2012310','');
FILE_SCHEMA(('CONFIG_CONTROL_DESIGN'));
ENDSEC;
DATA;
#1=DIRECTION('',(-5.790223992947E-1,5.790223992946E-1,-5.739913956063E-1));
#2=VECTOR('',#1,2.088946154483E-2);
#3=CARTESIAN_POINT('',(-2.966656889439E1,4.700706073235E0,-1.963285165183E0));
#4=LINE('',#3,#2);
#5=DIRECTION('',(0.E0,0.E0,-1.E0));
#6=VECTOR('',#5,1.094827553637E1);
#7=CARTESIAN_POINT('',(-2.831966340232E1,3.353800581170E0,8.972999999999E0));
#8=LINE('',#7,#6);
#9=DIRECTION('',(-7.071067811865E-1,7.071067811865E-1,0.E0));
#10=VECTOR('',#9,1.921917586377E0);
#11=CARTESIAN_POINT('',(-2.831966340232E1,3.353800581170E0,8.972999999999E0));
#12=LINE('',#11,#10);
#13=DIRECTION('',(-1.E0,0.E0,0.E0));
#14=VECTOR('',#13,3.820859762855E0);
#15=CARTESIAN_POINT('',(-2.449880363947E1,3.353800581170E0,8.972999999999E0));
#16=LINE('',#15,#14);
#17=DIRECTION('',(0.E0,-1.E0,0.E0));
#18=VECTOR('',#17,5.110774837660E0);
#19=CARTESIAN_POINT('',(-2.449880363947E1,8.464575418830E0,8.972999999999E0));
#20=LINE('',#19,#18);
#21=DIRECTION('',(1.E0,0.E0,0.E0));
#22=VECTOR('',#21,5.179860721063E0);
#23=CARTESIAN_POINT('',(-2.967866436053E1,8.464575418830E0,8.972999999999E0));
#24=LINE('',#23,#22);
#25=DIRECTION('',(0.E0,1.E0,0.E0));
#26=VECTOR('',#25,3.751773879452E0);
#27=CARTESIAN_POINT('',(-2.967866436053E1,4.712801539379E0,8.972999999999E0));
#28=LINE('',#27,#26);
#29=DIRECTION('',(1.E0,0.E0,0.E0));
#30=VECTOR('',#29,9.24E-1);
#31=CARTESIAN_POINT('',(-2.7550734E1,5.536628E0,8.972999999999E0));
#32=LINE('',#31,#30);
#33=CARTESIAN_POINT('',(-2.7550734E1,5.636628E0,8.972999999999E0));
#34=DIRECTION('',(0.E0,0.E0,1.E0));
#35=DIRECTION('',(-1.E0,0.E0,0.E0));
#36=AXIS2_PLACEMENT_3D('',#33,#34,#35);
#38=DIRECTION('',(0.E0,-1.E0,0.E0));
#39=VECTOR('',#38,9.24E-1);
#40=CARTESIAN_POINT('',(-2.7650734E1,6.560628E0,8.972999999999E0));
#41=LINE('',#40,#39);
#42=CARTESIAN_POINT('',(-2.7550734E1,6.560628E0,8.972999999999E0));
#43=DIRECTION('',(0.E0,0.E0,1.E0));
#44=DIRECTION('',(0.E0,1.E0,0.E0));
#45=AXIS2_PLACEMENT_3D('',#42,#43,#44);
#47=DIRECTION('',(-1.E0,0.E0,0.E0));
#48=VECTOR('',#47,9.24E-1);
#49=CARTESIAN_POINT('',(-2.6626734E1,6.660628E0,8.972999999999E0));
#50=LINE('',#49,#48);
#51=CARTESIAN_POINT('',(-2.6626734E1,6.560628E0,8.972999999999E0));
#52=DIRECTION('',(0.E0,0.E0,1.E0));
#53=DIRECTION('',(1.E0,1.865174681370E-13,0.E0));
#54=AXIS2_PLACEMENT_3D('',#51,#52,#53);
#56=DIRECTION('',(0.E0,1.E0,0.E0));
#57=VECTOR('',#56,9.24E-1);
#58=CARTESIAN_POINT('',(-2.6526734E1,5.636628E0,8.972999999999E0));
#59=LINE('',#58,#57);
#60=CARTESIAN_POINT('',(-2.6626734E1,5.636628E0,8.972999999999E0));
#61=DIRECTION('',(0.E0,0.E0,1.E0));
#62=DIRECTION('',(0.E0,-1.E0,0.E0));
#63=AXIS2_PLACEMENT_3D('',#60,#61,#62);
#65=DIRECTION('',(5.790223992946E-1,-5.790223992946E-1,-5.739913956064E-1));
#66=VECTOR('',#65,2.643322962558E-1);
#67=CARTESIAN_POINT('',(-2.449880363947E1,3.353800581170E0,-1.975275536368E0));
#68=LINE('',#67,#66);
#69=DIRECTION('',(1.E0,0.E0,0.E0));
#70=VECTOR('',#69,3.820859762855E0);
#71=CARTESIAN_POINT('',(-2.831966340232E1,3.353800581170E0,-1.975275536368E0));
#72=LINE('',#71,#70);
#73=DIRECTION('',(5.790223992947E-1,-5.790223992947E-1,-5.739913956063E-1));
#74=VECTOR('',#73,2.088946154508E-2);
#75=CARTESIAN_POINT('',(-2.833175886847E1,3.365896047314E0,-1.963285165183E0));
#76=LINE('',#75,#74);
#77=DIRECTION('',(-1.E0,0.E0,0.E0));
#78=VECTOR('',#77,4.054416830793E0);
#79=CARTESIAN_POINT('',(-2.434574931908E1,3.200746260781E0,-2.127E0));
#80=LINE('',#79,#78);
#81=DIRECTION('',(0.E0,1.E0,0.E0));
#82=VECTOR('',#81,5.110774837660E0);
#83=CARTESIAN_POINT('',(-2.449880363947E1,3.353800581170E0,-1.975275536368E0));
#84=LINE('',#83,#82);
#85=DIRECTION('',(0.E0,-1.E0,0.E0));
#86=VECTOR('',#85,5.416883478438E0);
#87=CARTESIAN_POINT('',(-2.434574931908E1,8.617629739219E0,-2.127E0));
#88=LINE('',#87,#86);
#89=DIRECTION('',(0.E0,0.E0,1.E0));
#90=VECTOR('',#89,1.094827553637E1);
#91=CARTESIAN_POINT('',(-2.449880363947E1,3.353800581170E0,-1.975275536368E0));
#92=LINE('',#91,#90);
#93=DIRECTION('',(0.E0,0.E0,-1.E0));
#94=VECTOR('',#93,1.094827553637E1);
#95=CARTESIAN_POINT('',(-2.449880363947E1,8.464575418830E0,8.972999999999E0));
#96=LINE('',#95,#94);
#97=DIRECTION('',(1.E0,0.E0,0.E0));
#98=VECTOR('',#97,5.179860721063E0);
#99=CARTESIAN_POINT('',(-2.967866436053E1,8.464575418830E0,-1.975275536368E0));
#100=LINE('',#99,#98);
#101=DIRECTION('',(0.E0,0.E0,-1.E0));
#102=VECTOR('',#101,1.094827553637E1);
#103=CARTESIAN_POINT('',(-2.967866436053E1,8.464575418830E0,8.972999999999E0));
#104=LINE('',#103,#102);
#105=DIRECTION('',(1.E0,0.E0,0.E0));
#106=VECTOR('',#105,5.485969361842E0);
#107=CARTESIAN_POINT('',(-2.983171868092E1,8.617629739219E0,-2.127E0));
#108=LINE('',#107,#106);
#109=DIRECTION('',(-5.790223992947E-1,-5.790223992946E-1,5.739913956064E-1));
#110=VECTOR('',#109,2.643322962558E-1);
#111=CARTESIAN_POINT('',(-2.434574931908E1,8.617629739219E0,-2.127E0));
#112=LINE('',#111,#110);
#113=CARTESIAN_POINT('',(-7.313733741440E0,9.065049356208E0,-2.127E0));
#114=DIRECTION('',(0.E0,0.E0,-1.E0));
#115=DIRECTION('',(0.E0,1.E0,0.E0));
#116=AXIS2_PLACEMENT_3D('',#113,#114,#115);
#118=DIRECTION('',(1.E0,0.E0,0.E0));
#119=VECTOR('',#118,2.3E0);
#120=CARTESIAN_POINT('',(-2.2538734E1,9.565049333405E0,-2.126999974482E0));
#121=LINE('',#120,#119);
#122=CARTESIAN_POINT('',(-3.546373394554E1,9.065049356208E0,-2.127E0));
#123=DIRECTION('',(0.E0,0.E0,-1.E0));
#124=DIRECTION('',(-1.E0,0.E0,0.E0));
#125=AXIS2_PLACEMENT_3D('',#122,#123,#124);
#127=CARTESIAN_POINT('',(-3.546373394554E1,-2.419327575333E0,-2.127E0));
#128=DIRECTION('',(0.E0,0.E0,-1.E0));
#129=DIRECTION('',(0.E0,-1.E0,0.E0));
#130=AXIS2_PLACEMENT_3D('',#127,#128,#129);
#132=CARTESIAN_POINT('',(-7.313733741440E0,-2.419327575333E0,-2.127E0));
#133=DIRECTION('',(0.E0,0.E0,-1.E0));
#134=DIRECTION('',(1.E0,0.E0,0.E0));
#135=AXIS2_PLACEMENT_3D('',#132,#133,#134);
#137=DIRECTION('',(7.071067811865E-1,-7.071067811866E-1,0.E0));
#138=VECTOR('',#137,2.024521004659E0);
#139=CARTESIAN_POINT('',(-2.983171868092E1,4.632298791830E0,-2.127E0));
#140=LINE('',#139,#138);
#141=DIRECTION('',(7.071067811865E-1,-7.071067811866E-1,0.E0));
#142=VECTOR('',#141,2.024521004659E0);
#143=CARTESIAN_POINT('',(-2.413171868092E1,4.632298791830E0,-2.127E0));
#144=LINE('',#143,#142);
#145=DIRECTION('',(7.071067811866E-1,-7.071067811865E-1,0.E0));
#146=VECTOR('',#145,2.024521004659E0);
#147=CARTESIAN_POINT('',(-1.843171868092E1,4.632298791830E0,-2.127E0));
#148=LINE('',#147,#146);
#149=DIRECTION('',(7.071067811865E-1,7.071067811865E-1,0.E0));
#150=VECTOR('',#149,2.046843041677E0);
#151=CARTESIAN_POINT('',(-8.695340234263E0,3.203000581170E0,-2.127E0));
#152=LINE('',#151,#150);
#153=DIRECTION('',(7.071067811865E-1,-7.071067811866E-1,0.E0));
#154=VECTOR('',#153,2.024521004659E0);
#155=CARTESIAN_POINT('',(-3.553171868092E1,4.632298791830E0,-2.127E0));
#156=LINE('',#155,#154);
#157=DIRECTION('',(7.071067811865E-1,7.071067811865E-1,0.E0));
#158=VECTOR('',#157,2.046843041677E0);
#159=CARTESIAN_POINT('',(-2.579534023426E1,-2.496999418830E0,-2.127E0));
#160=LINE('',#159,#158);
#161=DIRECTION('',(7.071067811865E-1,-7.071067811865E-1,0.E0));
#162=VECTOR('',#161,2.022300541775E0);
#163=CARTESIAN_POINT('',(-1.843171868092E1,-1.067016992144E0,-2.127E0));
#164=LINE('',#163,#162);
#165=DIRECTION('',(1.E0,0.E0,0.E0));
#166=VECTOR('',#165,5.485969361842E0);
#167=CARTESIAN_POINT('',(-3.553171868092E1,-2.499253739219E0,-2.127E0));
#168=LINE('',#167,#166);
#169=DIRECTION('',(7.071067811865E-1,7.071067811865E-1,0.E0));
#170=VECTOR('',#169,2.046843041677E0);
#171=CARTESIAN_POINT('',(-2.009534023426E1,-2.496999418830E0,-2.127E0));
#172=LINE('',#171,#170);
#173=DIRECTION('',(7.071067811865E-1,7.071067811865E-1,0.E0));
#174=VECTOR('',#173,2.045487746900E0);
#175=CARTESIAN_POINT('',(-8.692127575746E0,-2.499253739219E0,-2.127E0));
#176=LINE('',#175,#174);
#177=DIRECTION('',(0.E0,1.E0,0.E0));
#178=VECTOR('',#177,1.148437693154E1);
#179=CARTESIAN_POINT('',(-6.813733741440E0,-2.419327575333E0,-2.127E0));
#180=LINE('',#179,#178);
#181=DIRECTION('',(0.E0,1.E0,0.E0));
#182=VECTOR('',#181,8.484376931541E0);
#183=CARTESIAN_POINT('',(-6.813733741440E0,-9.193275753330E-1,1.2673E1));
#184=LINE('',#183,#182);
#185=DIRECTION('',(0.E0,0.E0,1.E0));
#186=VECTOR('',#185,8.E-1);
#187=CARTESIAN_POINT('',(-6.813733741440E0,7.565049356208E0,1.2673E1));
#188=LINE('',#187,#186);
#189=CARTESIAN_POINT('',(-3.546373394554E1,9.065049356208E0,1.3473E1));
#190=DIRECTION('',(0.E0,0.E0,1.E0));
#191=DIRECTION('',(0.E0,1.E0,0.E0));
#192=AXIS2_PLACEMENT_3D('',#189,#190,#191);
#194=DIRECTION('',(-1.E0,0.E0,0.E0));
#195=VECTOR('',#194,1.1581E0);
#196=CARTESIAN_POINT('',(-3.430563394554E1,9.565049356208E0,1.3473E1));
#197=LINE('',#196,#195);
#198=DIRECTION('',(0.E0,1.E0,0.E0));
#199=VECTOR('',#198,1.341E0);
#200=CARTESIAN_POINT('',(-3.430563394554E1,8.224049356208E0,1.3473E1));
#201=LINE('',#200,#199);
#202=DIRECTION('',(1.E0,0.E0,0.E0));
#203=VECTOR('',#202,6.081E-1);
#204=CARTESIAN_POINT('',(-3.491373394554E1,8.224049356208E0,1.3473E1));
#205=LINE('',#204,#203);
#206=DIRECTION('',(0.E0,1.E0,0.E0));
#207=VECTOR('',#206,6.59E-1);
#208=CARTESIAN_POINT('',(-3.491373394554E1,7.565049356208E0,1.3473E1));
#209=LINE('',#208,#207);
#210=DIRECTION('',(1.E0,0.E0,0.E0));
#211=VECTOR('',#210,1.05E0);
#212=CARTESIAN_POINT('',(-3.596373394554E1,7.565049356208E0,1.3473E1));
#213=LINE('',#212,#211);
#214=DIRECTION('',(0.E0,-1.E0,0.E0));
#215=VECTOR('',#214,1.5E0);
#216=CARTESIAN_POINT('',(-3.596373394554E1,9.065049356208E0,1.3473E1));
#217=LINE('',#216,#215);
#218=DIRECTION('',(1.E0,0.E0,0.E0));
#219=VECTOR('',#218,1.1581E0);
#220=CARTESIAN_POINT('',(-3.546373394554E1,-2.919327575333E0,1.3473E1));
#221=LINE('',#220,#219);
#222=CARTESIAN_POINT('',(-3.546373394554E1,-2.419327575333E0,1.3473E1));
#223=DIRECTION('',(0.E0,0.E0,1.E0));
#224=DIRECTION('',(-1.E0,0.E0,0.E0));
#225=AXIS2_PLACEMENT_3D('',#222,#223,#224);
#227=DIRECTION('',(0.E0,-1.E0,0.E0));
#228=VECTOR('',#227,1.5E0);
#229=CARTESIAN_POINT('',(-3.596373394554E1,-9.193275753330E-1,1.3473E1));
#230=LINE('',#229,#228);
#231=DIRECTION('',(-1.E0,0.E0,0.E0));
#232=VECTOR('',#231,1.05E0);
#233=CARTESIAN_POINT('',(-3.491373394554E1,-9.193275753330E-1,1.3473E1));
#234=LINE('',#233,#232);
#235=DIRECTION('',(0.E0,1.E0,0.E0));
#236=VECTOR('',#235,6.59E-1);
#237=CARTESIAN_POINT('',(-3.491373394554E1,-1.578327575333E0,1.3473E1));
#238=LINE('',#237,#236);
#239=DIRECTION('',(-1.E0,0.E0,0.E0));
#240=VECTOR('',#239,6.081E-1);
#241=CARTESIAN_POINT('',(-3.430563394554E1,-1.578327575333E0,1.3473E1));
#242=LINE('',#241,#240);
#243=DIRECTION('',(0.E0,1.E0,0.E0));
#244=VECTOR('',#243,1.341E0);
#245=CARTESIAN_POINT('',(-3.430563394554E1,-2.919327575333E0,1.3473E1));
#246=LINE('',#245,#244);
#247=CARTESIAN_POINT('',(-7.313733741440E0,-2.419327575333E0,1.3473E1));
#248=DIRECTION('',(0.E0,0.E0,1.E0));
#249=DIRECTION('',(0.E0,-1.E0,0.E0));
#250=AXIS2_PLACEMENT_3D('',#247,#248,#249);
#252=DIRECTION('',(1.E0,0.E0,0.E0));
#253=VECTOR('',#252,1.1581E0);
#254=CARTESIAN_POINT('',(-8.471833741440E0,-2.919327575333E0,1.3473E1));
#255=LINE('',#254,#253);
#256=DIRECTION('',(0.E0,-1.E0,0.E0));
#257=VECTOR('',#256,1.341E0);
#258=CARTESIAN_POINT('',(-8.471833741440E0,-1.578327575333E0,1.3473E1));
#259=LINE('',#258,#257);
#260=DIRECTION('',(-1.E0,0.E0,0.E0));
#261=VECTOR('',#260,6.081E-1);
#262=CARTESIAN_POINT('',(-7.863733741440E0,-1.578327575333E0,1.3473E1));
#263=LINE('',#262,#261);
#264=DIRECTION('',(0.E0,-1.E0,0.E0));
#265=VECTOR('',#264,6.59E-1);
#266=CARTESIAN_POINT('',(-7.863733741440E0,-9.193275753330E-1,1.3473E1));
#267=LINE('',#266,#265);
#268=DIRECTION('',(-1.E0,0.E0,0.E0));
#269=VECTOR('',#268,1.05E0);
#270=CARTESIAN_POINT('',(-6.813733741440E0,-9.193275753330E-1,1.3473E1));
#271=LINE('',#270,#269);
#272=DIRECTION('',(0.E0,1.E0,0.E0));
#273=VECTOR('',#272,1.5E0);
#274=CARTESIAN_POINT('',(-6.813733741440E0,-2.419327575333E0,1.3473E1));
#275=LINE('',#274,#273);
#276=CARTESIAN_POINT('',(-7.513733741440E0,8.865049356208E0,1.3473E1));
#277=DIRECTION('',(0.E0,0.E0,1.E0));
#278=DIRECTION('',(1.E0,0.E0,0.E0));
#279=AXIS2_PLACEMENT_3D('',#276,#277,#278);
#281=DIRECTION('',(-1.E0,1.776356839400E-14,0.E0));
#282=VECTOR('',#281,2.E-1);
#283=CARTESIAN_POINT('',(-7.313733741440E0,9.565049356208E0,1.3473E1));
#284=LINE('',#283,#282);
#285=CARTESIAN_POINT('',(-7.313733741440E0,9.065049356208E0,1.3473E1));
#286=DIRECTION('',(0.E0,0.E0,1.E0));
#287=DIRECTION('',(1.E0,0.E0,0.E0));
#288=AXIS2_PLACEMENT_3D('',#285,#286,#287);
#290=DIRECTION('',(-1.776356839400E-14,1.E0,-1.776356839400E-14));
#291=VECTOR('',#290,2.E-1);
#292=CARTESIAN_POINT('',(-6.813733741440E0,8.865049356208E0,1.3473E1));
#293=LINE('',#292,#291);
#294=CARTESIAN_POINT('',(-7.513733741440E0,8.865049356208E0,1.3473E1));
#295=DIRECTION('',(0.E0,0.E0,1.E0));
#296=DIRECTION('',(0.E0,1.E0,0.E0));
#297=AXIS2_PLACEMENT_3D('',#294,#295,#296);
#299=CARTESIAN_POINT('',(-7.513733741440E0,8.865049356208E0,1.3473E1));
#300=DIRECTION('',(0.E0,0.E0,1.E0));
#301=DIRECTION('',(-1.E0,0.E0,0.E0));
#302=AXIS2_PLACEMENT_3D('',#299,#300,#301);
#304=DIRECTION('',(0.E0,1.E0,0.E0));
#305=VECTOR('',#304,1.3E0);
#306=CARTESIAN_POINT('',(-6.813733741440E0,7.565049356208E0,1.3473E1));
#307=LINE('',#306,#305);
#308=DIRECTION('',(1.E0,0.E0,0.E0));
#309=VECTOR('',#308,1.05E0);
#310=CARTESIAN_POINT('',(-7.863733741440E0,7.565049356208E0,1.3473E1));
#311=LINE('',#310,#309);
#312=DIRECTION('',(0.E0,-1.E0,0.E0));
#313=VECTOR('',#312,6.59E-1);
#314=CARTESIAN_POINT('',(-7.863733741440E0,8.224049356208E0,1.3473E1));
#315=LINE('',#314,#313);
#316=DIRECTION('',(1.E0,0.E0,0.E0));
#317=VECTOR('',#316,6.081E-1);
#318=CARTESIAN_POINT('',(-8.471833741440E0,8.224049356208E0,1.3473E1));
#319=LINE('',#318,#317);
#320=DIRECTION('',(0.E0,-1.E0,0.E0));
#321=VECTOR('',#320,1.341E0);
#322=CARTESIAN_POINT('',(-8.471833741440E0,9.565049356208E0,1.3473E1));
#323=LINE('',#322,#321);
#324=DIRECTION('',(-1.E0,0.E0,0.E0));
#325=VECTOR('',#324,9.581E-1);
#326=CARTESIAN_POINT('',(-7.513733741440E0,9.565049356208E0,1.3473E1));
#327=LINE('',#326,#325);
#328=DIRECTION('',(-1.E0,0.E0,0.E0));
#329=VECTOR('',#328,3.5E0);
#330=CARTESIAN_POINT('',(-7.726404479450E0,9.565049356208E0,1.723000000001E0));
#331=LINE('',#330,#329);
#332=DIRECTION('',(0.E0,0.E0,1.E0));
#333=VECTOR('',#332,3.5E0);
#334=CARTESIAN_POINT('',(-7.726404479450E0,9.565049356208E0,-1.776999999999E0));
#335=LINE('',#334,#333);
#336=DIRECTION('',(1.E0,0.E0,0.E0));
#337=VECTOR('',#336,3.5E0);
#338=CARTESIAN_POINT('',(-1.122640447945E1,9.565049356208E0,-1.776999999999E0));
#339=LINE('',#338,#337);
#340=DIRECTION('',(0.E0,0.E0,-1.E0));
#341=VECTOR('',#340,3.5E0);
#342=CARTESIAN_POINT('',(-1.122640447945E1,9.565049356208E0,1.723000000001E0));
#343=LINE('',#342,#341);
#344=DIRECTION('',(1.E0,0.E0,0.E0));
#345=VECTOR('',#344,2.583380020410E1);
#346=CARTESIAN_POINT('',(-3.430563394554E1,9.565049356208E0,1.2673E1));
#347=LINE('',#346,#345);
#348=DIRECTION('',(0.E0,0.E0,1.E0));
#349=VECTOR('',#348,8.E-1);
#350=CARTESIAN_POINT('',(-3.430563394554E1,9.565049356208E0,1.2673E1));
#351=LINE('',#350,#349);
#352=DIRECTION('',(0.E0,0.E0,-1.E0));
#353=VECTOR('',#352,1.56E1);
#354=CARTESIAN_POINT('',(-3.546373394554E1,9.565049356208E0,1.3473E1));
#355=LINE('',#354,#353);
#356=DIRECTION('',(-1.E0,1.764265938288E-9,-1.974298076997E-9));
#357=VECTOR('',#356,1.292499994554E1);
#358=CARTESIAN_POINT('',(-2.2538734E1,9.565049333405E0,-2.126999974482E0));
#359=LINE('',#358,#357);
#360=DIRECTION('',(0.E0,-7.121420753677E-9,-1.E0));
#361=VECTOR('',#360,3.202048853036E0);
#362=CARTESIAN_POINT('',(-2.2538734E1,9.565049356208E0,1.075048878554E0));
#363=LINE('',#362,#361);
#364=DIRECTION('',(-1.E0,-1.764265895562E-9,1.974298063543E-9));
#365=VECTOR('',#364,1.292500025856E1);
#366=CARTESIAN_POINT('',(-7.313733741440E0,9.565049356208E0,-2.127E0));
#367=LINE('',#366,#365);
#368=DIRECTION('',(0.E0,-1.E0,0.E0));
#369=VECTOR('',#368,1.E-2);
#370=CARTESIAN_POINT('',(-1.122640447945E1,9.575049356208E0,1.723000000001E0));
#371=LINE('',#370,#369);
#372=DIRECTION('',(0.E0,-1.E0,0.E0));
#373=VECTOR('',#372,1.E-2);
#374=CARTESIAN_POINT('',(-1.122640447945E1,9.575049356208E0,-1.776999999999E0));
#375=LINE('',#374,#373);
#376=DIRECTION('',(0.E0,-1.E0,0.E0));
#377=VECTOR('',#376,1.E-2);
#378=CARTESIAN_POINT('',(-7.726404479450E0,9.575049356208E0,-1.776999999999E0));
#379=LINE('',#378,#377);
#380=DIRECTION('',(0.E0,-1.E0,0.E0));
#381=VECTOR('',#380,1.E-2);
#382=CARTESIAN_POINT('',(-7.726404479450E0,9.575049356208E0,1.723000000001E0));
#383=LINE('',#382,#381);
#384=DIRECTION('',(1.E0,0.E0,0.E0));
#385=VECTOR('',#384,3.5E0);
#386=CARTESIAN_POINT('',(-1.122640447945E1,9.575049356208E0,1.723000000001E0));
#387=LINE('',#386,#385);
#388=DIRECTION('',(0.E0,0.E0,1.E0));
#389=VECTOR('',#388,3.5E0);
#390=CARTESIAN_POINT('',(-1.122640447945E1,9.575049356208E0,-1.776999999999E0));
#391=LINE('',#390,#389);
#392=DIRECTION('',(-1.E0,0.E0,0.E0));
#393=VECTOR('',#392,3.5E0);
#394=CARTESIAN_POINT('',(-7.726404479450E0,9.575049356208E0,-1.776999999999E0));
#395=LINE('',#394,#393);
#396=DIRECTION('',(0.E0,0.E0,-1.E0));
#397=VECTOR('',#396,3.5E0);
#398=CARTESIAN_POINT('',(-7.726404479450E0,9.575049356208E0,1.723000000001E0));
#399=LINE('',#398,#397);
#400=DIRECTION('',(0.E0,0.E0,-1.E0));
#401=VECTOR('',#400,2.5E-1);
#402=CARTESIAN_POINT('',(-9.656393106104E0,9.575049356208E0,1.170031383201E-1));
#403=LINE('',#402,#401);
#404=DIRECTION('',(-1.104315260748E-1,0.E0,-9.938837346736E-1));
#405=VECTOR('',#404,2.829807855671E-1);
#406=CARTESIAN_POINT('',(-9.625143106104E0,9.575049356208E0,3.982531383203E-1));
#407=LINE('',#406,#405);
#408=DIRECTION('',(-1.643989873054E-1,0.E0,-9.863939238321E-1));
#409=VECTOR('',#408,1.900863290716E-1);
#410=CARTESIAN_POINT('',(-9.593893106104E0,9.575049356208E0,5.857531383201E-1));
#411=LINE('',#410,#409);
#412=DIRECTION('',(-3.713906763541E-1,0.E0,-9.284766908853E-1));
#413=VECTOR('',#412,1.682864002228E-1);
#414=CARTESIAN_POINT('',(-9.531393106104E0,9.575049356208E0,7.420031383199E-1));
#415=LINE('',#414,#413);
#416=DIRECTION('',(-4.472135955E-1,0.E0,-8.944271909999E-1));
#417=VECTOR('',#416,1.397542485939E-1);
#418=CARTESIAN_POINT('',(-9.468893106104E0,9.575049356208E0,8.670031383201E-1));
#419=LINE('',#418,#417);
#420=DIRECTION('',(-6.E-1,0.E0,-8.E-1));
#421=VECTOR('',#420,1.5625E-1);
#422=CARTESIAN_POINT('',(-9.375143106104E0,9.575049356208E0,9.920031383201E-1));
#423=LINE('',#422,#421);
#424=DIRECTION('',(-7.071067811865E-1,0.E0,-7.071067811865E-1));
#425=VECTOR('',#424,1.325825214725E-1);
#426=CARTESIAN_POINT('',(-9.281393106104E0,9.575049356208E0,1.085753138320E0));
#427=LINE('',#426,#425);
#428=DIRECTION('',(-8.320502943378E-1,0.E0,-5.547001962252E-1));
#429=VECTOR('',#428,1.126734773583E-1);
#430=CARTESIAN_POINT('',(-9.187643106104E0,9.575049356208E0,1.148253138320E0));
#431=LINE('',#430,#429);
#432=DIRECTION('',(-9.284766908853E-1,0.E0,-3.713906763541E-1));
#433=VECTOR('',#432,1.682864002230E-1);
#434=CARTESIAN_POINT('',(-9.031393106104E0,9.575049356208E0,1.210753138320E0));
#435=LINE('',#434,#433);
#436=DIRECTION('',(-9.701425001453E-1,0.E0,-2.425356250363E-1));
#437=VECTOR('',#436,1.288470508006E-1);
#438=CARTESIAN_POINT('',(-8.906393106104E0,9.575049356208E0,1.242003138320E0));
#439=LINE('',#438,#437);
#440=DIRECTION('',(-1.E0,0.E0,0.E0));
#441=VECTOR('',#440,2.1875E-1);
#442=CARTESIAN_POINT('',(-8.687643106104E0,9.575049356208E0,1.242003138320E0));
#443=LINE('',#442,#441);
#444=DIRECTION('',(-9.701425001453E-1,0.E0,2.425356250363E-1));
#445=VECTOR('',#444,1.288470508006E-1);
#446=CARTESIAN_POINT('',(-8.562643106104E0,9.575049356208E0,1.210753138320E0));
#447=LINE('',#446,#445);
#448=DIRECTION('',(-9.284766908853E-1,0.E0,3.713906763541E-1));
#449=VECTOR('',#448,1.682864002230E-1);
#450=CARTESIAN_POINT('',(-8.406393106104E0,9.575049356208E0,1.148253138320E0));
#451=LINE('',#450,#449);
#452=DIRECTION('',(-8.320502943378E-1,0.E0,5.547001962252E-1));
#453=VECTOR('',#452,1.126734773582E-1);
#454=CARTESIAN_POINT('',(-8.312643106104E0,9.575049356208E0,1.085753138320E0));
#455=LINE('',#454,#453);
#456=DIRECTION('',(-7.071067811865E-1,0.E0,7.071067811866E-1));
#457=VECTOR('',#456,1.325825214725E-1);
#458=CARTESIAN_POINT('',(-8.218893106104E0,9.575049356208E0,9.920031383201E-1));
#459=LINE('',#458,#457);
#460=DIRECTION('',(-6.E-1,0.E0,8.E-1));
#461=VECTOR('',#460,1.5625E-1);
#462=CARTESIAN_POINT('',(-8.125143106104E0,9.575049356208E0,8.670031383201E-1));
#463=LINE('',#462,#461);
#464=DIRECTION('',(-4.472135955E-1,0.E0,8.944271909999E-1));
#465=VECTOR('',#464,1.397542485937E-1);
#466=CARTESIAN_POINT('',(-8.062643106104E0,9.575049356208E0,7.420031383201E-1));
#467=LINE('',#466,#465);
#468=DIRECTION('',(-3.713906763541E-1,0.E0,9.284766908853E-1));
#469=VECTOR('',#468,1.682864002230E-1);
#470=CARTESIAN_POINT('',(-8.000143106104E0,9.575049356208E0,5.857531383200E-1));
#471=LINE('',#470,#469);
#472=DIRECTION('',(-1.643989873054E-1,0.E0,9.863939238321E-1));
#473=VECTOR('',#472,1.900863290718E-1);
#474=CARTESIAN_POINT('',(-7.968893106104E0,9.575049356208E0,3.982531383201E-1));
#475=LINE('',#474,#473);
#476=DIRECTION('',(-1.104315260748E-1,0.E0,9.938837346736E-1));
#477=VECTOR('',#476,2.829807855668E-1);
#478=CARTESIAN_POINT('',(-7.937643106104E0,9.575049356208E0,1.170031383201E-1));
#479=LINE('',#478,#477);
#480=DIRECTION('',(0.E0,0.E0,1.E0));
#481=VECTOR('',#480,2.5E-1);
#482=CARTESIAN_POINT('',(-7.937643106104E0,9.575049356208E0,
-1.329968616800E-1));
#483=LINE('',#482,#481);
#484=DIRECTION('',(1.104315260748E-1,0.E0,9.938837346736E-1));
#485=VECTOR('',#484,2.829807855668E-1);
#486=CARTESIAN_POINT('',(-7.968893106104E0,9.575049356208E0,
-4.142468616799E-1));
#487=LINE('',#486,#485);
#488=DIRECTION('',(1.643989873054E-1,0.E0,9.863939238321E-1));
#489=VECTOR('',#488,1.900863290718E-1);
#490=CARTESIAN_POINT('',(-8.000143106104E0,9.575049356208E0,
-6.017468616799E-1));
#491=LINE('',#490,#489);
#492=DIRECTION('',(3.713906763541E-1,0.E0,9.284766908853E-1));
#493=VECTOR('',#492,1.682864002230E-1);
#494=CARTESIAN_POINT('',(-8.062643106104E0,9.575049356208E0,
-7.579968616799E-1));
#495=LINE('',#494,#493);
#496=DIRECTION('',(4.472135955E-1,0.E0,8.944271909999E-1));
#497=VECTOR('',#496,1.397542485937E-1);
#498=CARTESIAN_POINT('',(-8.125143106104E0,9.575049356208E0,
-8.829968616799E-1));
#499=LINE('',#498,#497);
#500=DIRECTION('',(6.E-1,0.E0,8.E-1));
#501=VECTOR('',#500,1.5625E-1);
#502=CARTESIAN_POINT('',(-8.218893106104E0,9.575049356208E0,-1.007996861680E0));
#503=LINE('',#502,#501);
#504=DIRECTION('',(7.071067811866E-1,0.E0,7.071067811865E-1));
#505=VECTOR('',#504,1.325825214725E-1);
#506=CARTESIAN_POINT('',(-8.312643106104E0,9.575049356208E0,-1.101746861680E0));
#507=LINE('',#506,#505);
#508=DIRECTION('',(8.320502943378E-1,0.E0,5.547001962252E-1));
#509=VECTOR('',#508,1.126734773583E-1);
#510=CARTESIAN_POINT('',(-8.406393106104E0,9.575049356208E0,-1.164246861680E0));
#511=LINE('',#510,#509);
#512=DIRECTION('',(9.284766908853E-1,0.E0,3.713906763541E-1));
#513=VECTOR('',#512,1.682864002229E-1);
#514=CARTESIAN_POINT('',(-8.562643106104E0,9.575049356208E0,-1.226746861680E0));
#515=LINE('',#514,#513);
#516=DIRECTION('',(9.701425001453E-1,0.E0,2.425356250363E-1));
#517=VECTOR('',#516,1.288470508006E-1);
#518=CARTESIAN_POINT('',(-8.687643106104E0,9.575049356208E0,-1.257996861680E0));
#519=LINE('',#518,#517);
#520=DIRECTION('',(1.E0,0.E0,0.E0));
#521=VECTOR('',#520,2.1875E-1);
#522=CARTESIAN_POINT('',(-8.906393106104E0,9.575049356208E0,-1.257996861680E0));
#523=LINE('',#522,#521);
#524=DIRECTION('',(9.701425001453E-1,0.E0,-2.425356250363E-1));
#525=VECTOR('',#524,1.288470508006E-1);
#526=CARTESIAN_POINT('',(-9.031393106104E0,9.575049356208E0,-1.226746861680E0));
#527=LINE('',#526,#525);
#528=DIRECTION('',(9.284766908853E-1,0.E0,-3.713906763541E-1));
#529=VECTOR('',#528,1.682864002230E-1);
#530=CARTESIAN_POINT('',(-9.187643106104E0,9.575049356208E0,-1.164246861680E0));
#531=LINE('',#530,#529);
#532=DIRECTION('',(8.320502943378E-1,0.E0,-5.547001962252E-1));
#533=VECTOR('',#532,1.126734773583E-1);
#534=CARTESIAN_POINT('',(-9.281393106104E0,9.575049356208E0,-1.101746861680E0));
#535=LINE('',#534,#533);
#536=DIRECTION('',(7.071067811865E-1,0.E0,-7.071067811865E-1));
#537=VECTOR('',#536,1.325825214725E-1);
#538=CARTESIAN_POINT('',(-9.375143106104E0,9.575049356208E0,-1.007996861680E0));
#539=LINE('',#538,#537);
#540=DIRECTION('',(6.E-1,0.E0,-8.E-1));
#541=VECTOR('',#540,1.5625E-1);
#542=CARTESIAN_POINT('',(-9.468893106104E0,9.575049356208E0,
-8.829968616799E-1));
#543=LINE('',#542,#541);
#544=DIRECTION('',(4.472135955E-1,0.E0,-8.944271909999E-1));
#545=VECTOR('',#544,1.397542485937E-1);
#546=CARTESIAN_POINT('',(-9.531393106104E0,9.575049356208E0,
-7.579968616799E-1));
#547=LINE('',#546,#545);
#548=DIRECTION('',(3.713906763541E-1,0.E0,-9.284766908853E-1));
#549=VECTOR('',#548,1.682864002230E-1);
#550=CARTESIAN_POINT('',(-9.593893106104E0,9.575049356208E0,
-6.017468616799E-1));
#551=LINE('',#550,#549);
#552=DIRECTION('',(1.643989873054E-1,0.E0,-9.863939238321E-1));
#553=VECTOR('',#552,1.900863290718E-1);
#554=CARTESIAN_POINT('',(-9.625143106104E0,9.575049356208E0,
-4.142468616799E-1));
#555=LINE('',#554,#553);
#556=DIRECTION('',(1.104315260749E-1,0.E0,-9.938837346736E-1));
#557=VECTOR('',#556,2.829807855668E-1);
#558=CARTESIAN_POINT('',(-9.656393106104E0,9.575049356208E0,
-1.329968616800E-1));
#559=LINE('',#558,#557);
#560=DIRECTION('',(1.E0,0.E0,0.E0));
#561=VECTOR('',#560,2.5E-1);
#562=CARTESIAN_POINT('',(-1.040639310610E1,9.575049356208E0,-1.257996861680E0));
#563=LINE('',#562,#561);
#564=DIRECTION('',(3.162277660169E-1,0.E0,-9.486832980505E-1));
#565=VECTOR('',#564,9.882117688027E-2);
#566=CARTESIAN_POINT('',(-1.043764310610E1,9.575049356208E0,-1.164246861680E0));
#567=LINE('',#566,#565);
#568=DIRECTION('',(6.E-1,0.E0,-8.E-1));
#569=VECTOR('',#568,1.5625E-1);
#570=CARTESIAN_POINT('',(-1.053139310610E1,9.575049356208E0,-1.039246861680E0));
#571=LINE('',#570,#569);
#572=DIRECTION('',(7.071067811865E-1,0.E0,-7.071067811865E-1));
#573=VECTOR('',#572,1.325825214725E-1);
#574=CARTESIAN_POINT('',(-1.062514310610E1,9.575049356208E0,
-9.454968616799E-1));
#575=LINE('',#574,#573);
#576=DIRECTION('',(8.944271909999E-1,0.E0,-4.472135955E-1));
#577=VECTOR('',#576,1.397542485937E-1);
#578=CARTESIAN_POINT('',(-1.075014310610E1,9.575049356208E0,
-8.829968616799E-1));
#579=LINE('',#578,#577);
#580=DIRECTION('',(9.486832980505E-1,0.E0,-3.162277660168E-1));
#581=VECTOR('',#580,9.882117688027E-2);
#582=CARTESIAN_POINT('',(-1.084389310610E1,9.575049356208E0,
-8.517468616799E-1));
#583=LINE('',#582,#581);
#584=DIRECTION('',(9.805806756909E-1,0.E0,-1.961161351382E-1));
#585=VECTOR('',#584,1.593443597998E-1);
#586=CARTESIAN_POINT('',(-1.100014310610E1,9.575049356208E0,
-8.204968616799E-1));
#587=LINE('',#586,#585);
#588=DIRECTION('',(1.E0,0.E0,0.E0));
#589=VECTOR('',#588,6.25E-2);
#590=CARTESIAN_POINT('',(-1.106264310610E1,9.575049356208E0,
-8.204968616799E-1));
#591=LINE('',#590,#589);
#592=DIRECTION('',(0.E0,0.E0,-1.E0));
#593=VECTOR('',#592,2.5E-1);
#594=CARTESIAN_POINT('',(-1.106264310610E1,9.575049356208E0,
-5.704968616799E-1));
#595=LINE('',#594,#593);
#596=DIRECTION('',(-1.E0,0.E0,0.E0));
#597=VECTOR('',#596,5.9375E-1);
#598=CARTESIAN_POINT('',(-1.046889310610E1,9.575049356208E0,
-5.704968616799E-1));
#599=LINE('',#598,#597);
#600=DIRECTION('',(0.E0,0.E0,-1.E0));
#601=VECTOR('',#600,1.8125E0);
#602=CARTESIAN_POINT('',(-1.046889310610E1,9.575049356208E0,1.242003138320E0));
#603=LINE('',#602,#601);
#604=DIRECTION('',(-1.E0,0.E0,0.E0));
#605=VECTOR('',#604,3.125E-1);
#606=CARTESIAN_POINT('',(-1.015639310610E1,9.575049356208E0,1.242003138320E0));
#607=LINE('',#606,#605);
#608=DIRECTION('',(0.E0,0.E0,1.E0));
#609=VECTOR('',#608,2.5E0);
#610=CARTESIAN_POINT('',(-1.015639310610E1,9.575049356208E0,-1.257996861680E0));
#611=LINE('',#610,#609);
#612=DIRECTION('',(0.E0,-1.E0,0.E0));
#613=VECTOR('',#612,1.E-2);
#614=CARTESIAN_POINT('',(-9.656393106104E0,9.575049356208E0,1.170031383201E-1));
#615=LINE('',#614,#613);
#616=DIRECTION('',(-8.320502943378E-1,0.E0,5.547001962252E-1));
#617=VECTOR('',#616,1.126734773582E-1);
#618=CARTESIAN_POINT('',(-9.187643106104E0,9.565049356208E0,-1.164246861680E0));
#619=LINE('',#618,#617);
#620=DIRECTION('',(-9.284766908853E-1,0.E0,3.713906763541E-1));
#621=VECTOR('',#620,1.682864002229E-1);
#622=CARTESIAN_POINT('',(-9.031393106104E0,9.565049356208E0,-1.226746861680E0));
#623=LINE('',#622,#621);
#624=DIRECTION('',(-9.701425001453E-1,0.E0,2.425356250363E-1));
#625=VECTOR('',#624,1.288470508006E-1);
#626=CARTESIAN_POINT('',(-8.906393106104E0,9.565049356208E0,-1.257996861680E0));
#627=LINE('',#626,#625);
#628=DIRECTION('',(-1.E0,0.E0,0.E0));
#629=VECTOR('',#628,2.1875E-1);
#630=CARTESIAN_POINT('',(-8.687643106104E0,9.565049356208E0,-1.257996861680E0));
#631=LINE('',#630,#629);
#632=DIRECTION('',(-9.701425001453E-1,0.E0,-2.425356250363E-1));
#633=VECTOR('',#632,1.288470508006E-1);
#634=CARTESIAN_POINT('',(-8.562643106104E0,9.565049356208E0,-1.226746861680E0));
#635=LINE('',#634,#633);
#636=DIRECTION('',(-9.284766908853E-1,0.E0,-3.713906763541E-1));
#637=VECTOR('',#636,1.682864002229E-1);
#638=CARTESIAN_POINT('',(-8.406393106104E0,9.565049356208E0,-1.164246861680E0));
#639=LINE('',#638,#637);
#640=DIRECTION('',(-8.320502943378E-1,0.E0,-5.547001962252E-1));
#641=VECTOR('',#640,1.126734773583E-1);
#642=CARTESIAN_POINT('',(-8.312643106104E0,9.565049356208E0,-1.101746861680E0));
#643=LINE('',#642,#641);
#644=DIRECTION('',(-7.071067811865E-1,0.E0,-7.071067811865E-1));
#645=VECTOR('',#644,1.325825214725E-1);
#646=CARTESIAN_POINT('',(-8.218893106104E0,9.565049356208E0,-1.007996861680E0));
#647=LINE('',#646,#645);
#648=DIRECTION('',(-6.E-1,0.E0,-8.E-1));
#649=VECTOR('',#648,1.5625E-1);
#650=CARTESIAN_POINT('',(-8.125143106104E0,9.565049356208E0,
-8.829968616799E-1));
#651=LINE('',#650,#649);
#652=DIRECTION('',(-4.472135955E-1,0.E0,-8.944271909999E-1));
#653=VECTOR('',#652,1.397542485937E-1);
#654=CARTESIAN_POINT('',(-8.062643106104E0,9.565049356208E0,
-7.579968616799E-1));
#655=LINE('',#654,#653);
#656=DIRECTION('',(-3.713906763541E-1,0.E0,-9.284766908853E-1));
#657=VECTOR('',#656,1.682864002229E-1);
#658=CARTESIAN_POINT('',(-8.000143106104E0,9.565049356208E0,
-6.017468616799E-1));
#659=LINE('',#658,#657);
#660=DIRECTION('',(-1.643989873054E-1,0.E0,-9.863939238321E-1));
#661=VECTOR('',#660,1.900863290719E-1);
#662=CARTESIAN_POINT('',(-7.968893106104E0,9.565049356208E0,
-4.142468616799E-1));
#663=LINE('',#662,#661);
#664=DIRECTION('',(-1.104315260748E-1,0.E0,-9.938837346736E-1));
#665=VECTOR('',#664,2.829807855668E-1);
#666=CARTESIAN_POINT('',(-7.937643106104E0,9.565049356208E0,
-1.329968616799E-1));
#667=LINE('',#666,#665);
#668=DIRECTION('',(0.E0,0.E0,-1.E0));
#669=VECTOR('',#668,2.5E-1);
#670=CARTESIAN_POINT('',(-7.937643106104E0,9.565049356208E0,1.170031383201E-1));
#671=LINE('',#670,#669);
#672=DIRECTION('',(1.104315260748E-1,0.E0,-9.938837346736E-1));
#673=VECTOR('',#672,2.829807855668E-1);
#674=CARTESIAN_POINT('',(-7.968893106104E0,9.565049356208E0,3.982531383200E-1));
#675=LINE('',#674,#673);
#676=DIRECTION('',(1.643989873054E-1,0.E0,-9.863939238321E-1));
#677=VECTOR('',#676,1.900863290718E-1);
#678=CARTESIAN_POINT('',(-8.000143106104E0,9.565049356208E0,5.857531383201E-1));
#679=LINE('',#678,#677);
#680=DIRECTION('',(3.713906763541E-1,0.E0,-9.284766908853E-1));
#681=VECTOR('',#680,1.682864002230E-1);
#682=CARTESIAN_POINT('',(-8.062643106104E0,9.565049356208E0,7.420031383201E-1));
#683=LINE('',#682,#681);
#684=DIRECTION('',(4.472135955E-1,0.E0,-8.944271909999E-1));
#685=VECTOR('',#684,1.397542485937E-1);
#686=CARTESIAN_POINT('',(-8.125143106104E0,9.565049356208E0,8.670031383201E-1));
#687=LINE('',#686,#685);
#688=DIRECTION('',(6.E-1,0.E0,-8.E-1));
#689=VECTOR('',#688,1.5625E-1);
#690=CARTESIAN_POINT('',(-8.218893106104E0,9.565049356208E0,9.920031383201E-1));
#691=LINE('',#690,#689);
#692=DIRECTION('',(7.071067811865E-1,0.E0,-7.071067811866E-1));
#693=VECTOR('',#692,1.325825214725E-1);
#694=CARTESIAN_POINT('',(-8.312643106104E0,9.565049356208E0,1.085753138320E0));
#695=LINE('',#694,#693);
#696=DIRECTION('',(8.320502943378E-1,0.E0,-5.547001962252E-1));
#697=VECTOR('',#696,1.126734773582E-1);
#698=CARTESIAN_POINT('',(-8.406393106104E0,9.565049356208E0,1.148253138320E0));
#699=LINE('',#698,#697);
#700=DIRECTION('',(9.284766908853E-1,0.E0,-3.713906763541E-1));
#701=VECTOR('',#700,1.682864002230E-1);
#702=CARTESIAN_POINT('',(-8.562643106104E0,9.565049356208E0,1.210753138320E0));
#703=LINE('',#702,#701);
#704=DIRECTION('',(9.701425001453E-1,0.E0,-2.425356250363E-1));
#705=VECTOR('',#704,1.288470508006E-1);
#706=CARTESIAN_POINT('',(-8.687643106104E0,9.565049356208E0,1.242003138320E0));
#707=LINE('',#706,#705);
#708=DIRECTION('',(1.E0,0.E0,0.E0));
#709=VECTOR('',#708,2.1875E-1);
#710=CARTESIAN_POINT('',(-8.906393106104E0,9.565049356208E0,1.242003138320E0));
#711=LINE('',#710,#709);
#712=DIRECTION('',(9.701425001453E-1,0.E0,2.425356250363E-1));
#713=VECTOR('',#712,1.288470508005E-1);
#714=CARTESIAN_POINT('',(-9.031393106104E0,9.565049356208E0,1.210753138320E0));
#715=LINE('',#714,#713);
#716=DIRECTION('',(9.284766908853E-1,0.E0,3.713906763541E-1));
#717=VECTOR('',#716,1.682864002230E-1);
#718=CARTESIAN_POINT('',(-9.187643106104E0,9.565049356208E0,1.148253138320E0));
#719=LINE('',#718,#717);
#720=DIRECTION('',(8.320502943378E-1,0.E0,5.547001962252E-1));
#721=VECTOR('',#720,1.126734773582E-1);
#722=CARTESIAN_POINT('',(-9.281393106104E0,9.565049356208E0,1.085753138320E0));
#723=LINE('',#722,#721);
#724=DIRECTION('',(7.071067811865E-1,0.E0,7.071067811865E-1));
#725=VECTOR('',#724,1.325825214725E-1);
#726=CARTESIAN_POINT('',(-9.375143106104E0,9.565049356208E0,9.920031383200E-1));
#727=LINE('',#726,#725);
#728=DIRECTION('',(6.E-1,0.E0,8.E-1));
#729=VECTOR('',#728,1.5625E-1);
#730=CARTESIAN_POINT('',(-9.468893106104E0,9.565049356208E0,8.670031383200E-1));
#731=LINE('',#730,#729);
#732=DIRECTION('',(4.472135955E-1,0.E0,8.944271909999E-1));
#733=VECTOR('',#732,1.397542485937E-1);
#734=CARTESIAN_POINT('',(-9.531393106104E0,9.565049356208E0,7.420031383201E-1));
#735=LINE('',#734,#733);
#736=DIRECTION('',(3.713906763541E-1,0.E0,9.284766908853E-1));
#737=VECTOR('',#736,1.682864002230E-1);
#738=CARTESIAN_POINT('',(-9.593893106104E0,9.565049356208E0,5.857531383201E-1));
#739=LINE('',#738,#737);
#740=DIRECTION('',(1.643989873053E-1,0.E0,9.863939238321E-1));
#741=VECTOR('',#740,1.900863290718E-1);
#742=CARTESIAN_POINT('',(-9.625143106104E0,9.565049356208E0,3.982531383200E-1));
#743=LINE('',#742,#741);
#744=DIRECTION('',(1.104315260748E-1,0.E0,9.938837346736E-1));
#745=VECTOR('',#744,2.829807855668E-1);
#746=CARTESIAN_POINT('',(-9.656393106104E0,9.565049356208E0,1.170031383201E-1));
#747=LINE('',#746,#745);
#748=DIRECTION('',(0.E0,0.E0,1.E0));
#749=VECTOR('',#748,2.5E-1);
#750=CARTESIAN_POINT('',(-9.656393106104E0,9.565049356208E0,
-1.329968616799E-1));
#751=LINE('',#750,#749);
#752=DIRECTION('',(-1.104315260748E-1,0.E0,9.938837346736E-1));
#753=VECTOR('',#752,2.829807855668E-1);
#754=CARTESIAN_POINT('',(-9.625143106104E0,9.565049356208E0,
-4.142468616799E-1));
#755=LINE('',#754,#753);
#756=DIRECTION('',(-1.643989873054E-1,0.E0,9.863939238321E-1));
#757=VECTOR('',#756,1.900863290719E-1);
#758=CARTESIAN_POINT('',(-9.593893106104E0,9.565049356208E0,
-6.017468616800E-1));
#759=LINE('',#758,#757);
#760=DIRECTION('',(-3.713906763541E-1,0.E0,9.284766908853E-1));
#761=VECTOR('',#760,1.682864002229E-1);
#762=CARTESIAN_POINT('',(-9.531393106104E0,9.565049356208E0,
-7.579968616799E-1));
#763=LINE('',#762,#761);
#764=DIRECTION('',(-4.472135955E-1,0.E0,8.944271909999E-1));
#765=VECTOR('',#764,1.397542485937E-1);
#766=CARTESIAN_POINT('',(-9.468893106104E0,9.565049356208E0,
-8.829968616799E-1));
#767=LINE('',#766,#765);
#768=DIRECTION('',(-6.E-1,0.E0,8.E-1));
#769=VECTOR('',#768,1.562500000001E-1);
#770=CARTESIAN_POINT('',(-9.375143106104E0,9.565049356208E0,-1.007996861680E0));
#771=LINE('',#770,#769);
#772=DIRECTION('',(-7.071067811865E-1,0.E0,7.071067811865E-1));
#773=VECTOR('',#772,1.325825214725E-1);
#774=CARTESIAN_POINT('',(-9.281393106104E0,9.565049356208E0,-1.101746861680E0));
#775=LINE('',#774,#773);
#776=DIRECTION('',(-9.053574604252E-2,0.E0,-9.958932064677E-1));
#777=VECTOR('',#776,3.451675317871E-1);
#778=CARTESIAN_POINT('',(-9.281393106104E0,9.565049356208E0,5.232531383201E-1));
#779=LINE('',#778,#777);
#780=DIRECTION('',(-3.713906763541E-1,0.E0,-9.284766908853E-1));
#781=VECTOR('',#780,1.682864002230E-1);
#782=CARTESIAN_POINT('',(-9.218893106104E0,9.565049356208E0,6.795031383201E-1));
#783=LINE('',#782,#781);
#784=DIRECTION('',(-5.547001962252E-1,0.E0,-8.320502943378E-1));
#785=VECTOR('',#784,1.126734773582E-1);
#786=CARTESIAN_POINT('',(-9.156393106104E0,9.565049356208E0,7.732531383201E-1));
#787=LINE('',#786,#785);
#788=DIRECTION('',(-8.E-1,0.E0,-6.E-1));
#789=VECTOR('',#788,1.5625E-1);
#790=CARTESIAN_POINT('',(-9.031393106104E0,9.565049356208E0,8.670031383201E-1));
#791=LINE('',#790,#789);
#792=DIRECTION('',(-8.944271909999E-1,0.E0,-4.472135955E-1));
#793=VECTOR('',#792,1.397542485937E-1);
#794=CARTESIAN_POINT('',(-8.906393106104E0,9.565049356208E0,9.295031383201E-1));
#795=LINE('',#794,#793);
#796=DIRECTION('',(-1.E0,0.E0,0.E0));
#797=VECTOR('',#796,2.1875E-1);
#798=CARTESIAN_POINT('',(-8.687643106104E0,9.565049356208E0,9.295031383201E-1));
#799=LINE('',#798,#797);
#800=DIRECTION('',(-8.944271909999E-1,0.E0,4.472135955E-1));
#801=VECTOR('',#800,1.397542485937E-1);
#802=CARTESIAN_POINT('',(-8.562643106104E0,9.565049356208E0,8.670031383201E-1));
#803=LINE('',#802,#801);
#804=DIRECTION('',(-8.E-1,0.E0,6.E-1));
#805=VECTOR('',#804,1.5625E-1);
#806=CARTESIAN_POINT('',(-8.437643106104E0,9.565049356208E0,7.732531383201E-1));
#807=LINE('',#806,#805);
#808=DIRECTION('',(-5.547001962252E-1,0.E0,8.320502943378E-1));
#809=VECTOR('',#808,1.126734773582E-1);
#810=CARTESIAN_POINT('',(-8.375143106104E0,9.565049356208E0,6.795031383201E-1));
#811=LINE('',#810,#809);
#812=DIRECTION('',(-3.713906763541E-1,0.E0,9.284766908853E-1));
#813=VECTOR('',#812,1.682864002230E-1);
#814=CARTESIAN_POINT('',(-8.312643106104E0,9.565049356208E0,5.232531383200E-1));
#815=LINE('',#814,#813);
#816=DIRECTION('',(-9.053574604251E-2,0.E0,9.958932064677E-1));
#817=VECTOR('',#816,3.451675317871E-1);
#818=CARTESIAN_POINT('',(-8.281393106104E0,9.565049356208E0,1.795031383201E-1));
#819=LINE('',#818,#817);
#820=DIRECTION('',(0.E0,0.E0,1.E0));
#821=VECTOR('',#820,3.75E-1);
#822=CARTESIAN_POINT('',(-8.281393106104E0,9.565049356208E0,
-1.954968616799E-1));
#823=LINE('',#822,#821);
#824=DIRECTION('',(9.053574604251E-2,0.E0,9.958932064677E-1));
#825=VECTOR('',#824,3.451675317871E-1);
#826=CARTESIAN_POINT('',(-8.312643106104E0,9.565049356208E0,
-5.392468616799E-1));
#827=LINE('',#826,#825);
#828=DIRECTION('',(3.713906763541E-1,0.E0,9.284766908853E-1));
#829=VECTOR('',#828,1.682864002230E-1);
#830=CARTESIAN_POINT('',(-8.375143106104E0,9.565049356208E0,
-6.954968616799E-1));
#831=LINE('',#830,#829);
#832=DIRECTION('',(5.547001962252E-1,0.E0,8.320502943378E-1));
#833=VECTOR('',#832,1.126734773582E-1);
#834=CARTESIAN_POINT('',(-8.437643106104E0,9.565049356208E0,
-7.892468616799E-1));
#835=LINE('',#834,#833);
#836=DIRECTION('',(8.E-1,0.E0,6.E-1));
#837=VECTOR('',#836,1.5625E-1);
#838=CARTESIAN_POINT('',(-8.562643106104E0,9.565049356208E0,
-8.829968616799E-1));
#839=LINE('',#838,#837);
#840=DIRECTION('',(8.944271909999E-1,0.E0,4.472135955E-1));
#841=VECTOR('',#840,1.397542485937E-1);
#842=CARTESIAN_POINT('',(-8.687643106104E0,9.565049356208E0,
-9.454968616799E-1));
#843=LINE('',#842,#841);
#844=DIRECTION('',(1.E0,0.E0,0.E0));
#845=VECTOR('',#844,2.1875E-1);
#846=CARTESIAN_POINT('',(-8.906393106104E0,9.565049356208E0,
-9.454968616799E-1));
#847=LINE('',#846,#845);
#848=DIRECTION('',(8.944271909999E-1,0.E0,-4.472135955E-1));
#849=VECTOR('',#848,1.397542485937E-1);
#850=CARTESIAN_POINT('',(-9.031393106104E0,9.565049356208E0,
-8.829968616799E-1));
#851=LINE('',#850,#849);
#852=DIRECTION('',(8.E-1,0.E0,-6.E-1));
#853=VECTOR('',#852,1.5625E-1);
#854=CARTESIAN_POINT('',(-9.156393106104E0,9.565049356208E0,
-7.892468616799E-1));
#855=LINE('',#854,#853);
#856=DIRECTION('',(5.547001962252E-1,0.E0,-8.320502943379E-1));
#857=VECTOR('',#856,1.126734773582E-1);
#858=CARTESIAN_POINT('',(-9.218893106104E0,9.565049356208E0,
-6.954968616799E-1));
#859=LINE('',#858,#857);
#860=DIRECTION('',(3.713906763541E-1,0.E0,-9.284766908853E-1));
#861=VECTOR('',#860,1.682864002230E-1);
#862=CARTESIAN_POINT('',(-9.281393106104E0,9.565049356208E0,
-5.392468616799E-1));
#863=LINE('',#862,#861);
#864=DIRECTION('',(9.053574604253E-2,0.E0,-9.958932064677E-1));
#865=VECTOR('',#864,3.451675317871E-1);
#866=CARTESIAN_POINT('',(-9.312643106104E0,9.565049356208E0,
-1.954968616799E-1));
#867=LINE('',#866,#865);
#868=DIRECTION('',(0.E0,0.E0,-1.E0));
#869=VECTOR('',#868,3.75E-1);
#870=CARTESIAN_POINT('',(-9.312643106104E0,9.565049356208E0,1.795031383200E-1));
#871=LINE('',#870,#869);
#872=DIRECTION('',(3.907985046681E-12,-1.E0,-2.708944180085E-12));
#873=VECTOR('',#872,1.E-2);
#874=CARTESIAN_POINT('',(-9.281393106104E0,9.575049356208E0,-1.101746861680E0));
#875=LINE('',#874,#873);
#876=DIRECTION('',(2.486899575160E-12,-1.E0,-1.287858708565E-12));
#877=VECTOR('',#876,1.E-2);
#878=CARTESIAN_POINT('',(-9.375143106104E0,9.575049356208E0,-1.007996861680E0));
#879=LINE('',#878,#877);
#880=DIRECTION('',(-3.019806626980E-12,-1.E0,6.183942247162E-12));
#881=VECTOR('',#880,1.E-2);
#882=CARTESIAN_POINT('',(-9.468893106104E0,9.575049356208E0,
-8.829968616799E-1));
#883=LINE('',#882,#881);
#884=DIRECTION('',(-7.105427357601E-13,-1.E0,1.632027846199E-12));
#885=VECTOR('',#884,1.E-2);
#886=CARTESIAN_POINT('',(-9.531393106104E0,9.575049356208E0,
-7.579968616799E-1));
#887=LINE('',#886,#885);
#888=DIRECTION('',(5.329070518201E-13,-1.E0,-1.065814103640E-12));
#889=VECTOR('',#888,1.E-2);
#890=CARTESIAN_POINT('',(-9.593893106104E0,9.575049356208E0,
-6.017468616799E-1));
#891=LINE('',#890,#889);
#892=DIRECTION('',(0.E0,-1.E0,1.149080830487E-12));
#893=VECTOR('',#892,1.E-2);
#894=CARTESIAN_POINT('',(-9.625143106104E0,9.575049356208E0,
-4.142468616799E-1));
#895=LINE('',#894,#893);
#896=DIRECTION('',(0.E0,-1.E0,1.629252288637E-12));
#897=VECTOR('',#896,1.E-2);
#898=CARTESIAN_POINT('',(-9.656393106104E0,9.575049356208E0,
-1.329968616800E-1));
#899=LINE('',#898,#897);
#900=DIRECTION('',(-1.776356839400E-13,-1.E0,6.661338147751E-14));
#901=VECTOR('',#900,1.E-2);
#902=CARTESIAN_POINT('',(-9.187643106104E0,9.575049356208E0,-1.164246861680E0));
#903=LINE('',#902,#901);
#904=DIRECTION('',(-8.881784197001E-13,-1.E0,2.886579864025E-13));
#905=VECTOR('',#904,1.E-2);
#906=CARTESIAN_POINT('',(-9.031393106104E0,9.575049356208E0,-1.226746861680E0));
#907=LINE('',#906,#905);
#908=DIRECTION('',(5.329070518201E-13,-1.E0,0.E0));
#909=VECTOR('',#908,1.E-2);
#910=CARTESIAN_POINT('',(-8.906393106104E0,9.575049356208E0,-1.257996861680E0));
#911=LINE('',#910,#909);
#912=DIRECTION('',(3.552713678801E-13,-1.E0,0.E0));
#913=VECTOR('',#912,1.E-2);
#914=CARTESIAN_POINT('',(-8.687643106104E0,9.575049356208E0,-1.257996861680E0));
#915=LINE('',#914,#913);
#916=DIRECTION('',(0.E0,-1.E0,-4.440892098501E-14));
#917=VECTOR('',#916,1.E-2);
#918=CARTESIAN_POINT('',(-8.562643106104E0,9.575049356208E0,-1.226746861680E0));
#919=LINE('',#918,#917);
#920=DIRECTION('',(-3.552713678801E-13,-1.E0,-2.886579864025E-13));
#921=VECTOR('',#920,1.E-2);
#922=CARTESIAN_POINT('',(-8.406393106104E0,9.575049356208E0,-1.164246861680E0));
#923=LINE('',#922,#921);
#924=DIRECTION('',(-7.105427357601E-13,-1.E0,-4.218847493576E-13));
#925=VECTOR('',#924,1.E-2);
#926=CARTESIAN_POINT('',(-8.312643106104E0,9.575049356208E0,-1.101746861680E0));
#927=LINE('',#926,#925);
#928=DIRECTION('',(8.881784197001E-13,-1.E0,1.332267629550E-12));
#929=VECTOR('',#928,1.E-2);
#930=CARTESIAN_POINT('',(-8.218893106104E0,9.575049356208E0,-1.007996861680E0));
#931=LINE('',#930,#929);
#932=DIRECTION('',(-3.552713678801E-13,-1.E0,-6.217248937901E-13));
#933=VECTOR('',#932,1.E-2);
#934=CARTESIAN_POINT('',(-8.125143106104E0,9.575049356208E0,
-8.829968616799E-1));
#935=LINE('',#934,#933);
#936=DIRECTION('',(1.776356839400E-13,-1.E0,1.065814103640E-12));
#937=VECTOR('',#936,1.E-2);
#938=CARTESIAN_POINT('',(-8.062643106104E0,9.575049356208E0,
-7.579968616799E-1));
#939=LINE('',#938,#937);
#940=DIRECTION('',(-1.776356839400E-13,-1.E0,-4.884981308351E-13));
#941=VECTOR('',#940,1.E-2);
#942=CARTESIAN_POINT('',(-8.000143106104E0,9.575049356208E0,
-6.017468616799E-1));
#943=LINE('',#942,#941);
#944=DIRECTION('',(2.664535259100E-13,-1.E0,2.159383782896E-12));
#945=VECTOR('',#944,1.E-2);
#946=CARTESIAN_POINT('',(-7.968893106104E0,9.575049356208E0,
-4.142468616799E-1));
#947=LINE('',#946,#945);
#948=DIRECTION('',(0.E0,-1.E0,1.035282970463E-12));
#949=VECTOR('',#948,1.E-2);
#950=CARTESIAN_POINT('',(-7.937643106104E0,9.575049356208E0,
-1.329968616800E-1));
#951=LINE('',#950,#949);
#952=DIRECTION('',(0.E0,-1.E0,0.E0));
#953=VECTOR('',#952,1.E-2);
#954=CARTESIAN_POINT('',(-7.937643106104E0,9.575049356208E0,1.170031383201E-1));
#955=LINE('',#954,#953);
#956=DIRECTION('',(4.440892098501E-13,-1.E0,-4.263256414561E-12));
#957=VECTOR('',#956,1.E-2);
#958=CARTESIAN_POINT('',(-7.968893106104E0,9.575049356208E0,3.982531383201E-1));
#959=LINE('',#958,#957);
#960=DIRECTION('',(-3.552713678801E-13,-1.E0,9.992007221627E-13));
#961=VECTOR('',#960,1.E-2);
#962=CARTESIAN_POINT('',(-8.000143106104E0,9.575049356208E0,5.857531383200E-1));
#963=LINE('',#962,#961);
#964=DIRECTION('',(-7.105427357601E-13,-1.E0,1.809663530139E-12));
#965=VECTOR('',#964,1.E-2);
#966=CARTESIAN_POINT('',(-8.062643106104E0,9.575049356208E0,7.420031383201E-1));
#967=LINE('',#966,#965);
#968=DIRECTION('',(-3.552713678801E-13,-1.E0,8.881784197001E-13));
#969=VECTOR('',#968,1.E-2);
#970=CARTESIAN_POINT('',(-8.125143106104E0,9.575049356208E0,8.670031383201E-1));
#971=LINE('',#970,#969);
#972=DIRECTION('',(1.421085471520E-12,-1.E0,-1.387778780781E-12));
#973=VECTOR('',#972,1.E-2);
#974=CARTESIAN_POINT('',(-8.218893106104E0,9.575049356208E0,9.920031383201E-1));
#975=LINE('',#974,#973);
#976=DIRECTION('',(1.776356839400E-13,-1.E0,-3.330669073876E-13));
#977=VECTOR('',#976,1.E-2);
#978=CARTESIAN_POINT('',(-8.312643106104E0,9.575049356208E0,1.085753138320E0));
#979=LINE('',#978,#977);
#980=DIRECTION('',(0.E0,-1.E0,-8.881784197001E-14));
#981=VECTOR('',#980,1.E-2);
#982=CARTESIAN_POINT('',(-8.406393106104E0,9.575049356208E0,1.148253138320E0));
#983=LINE('',#982,#981);
#984=DIRECTION('',(0.E0,-1.E0,-4.440892098501E-14));
#985=VECTOR('',#984,1.E-2);
#986=CARTESIAN_POINT('',(-8.562643106104E0,9.575049356208E0,1.210753138320E0));
#987=LINE('',#986,#985);
#988=DIRECTION('',(-1.776356839400E-13,-1.E0,0.E0));
#989=VECTOR('',#988,1.E-2);
#990=CARTESIAN_POINT('',(-8.687643106104E0,9.575049356208E0,1.242003138320E0));
#991=LINE('',#990,#989);
#992=DIRECTION('',(-1.776356839400E-13,-1.E0,0.E0));
#993=VECTOR('',#992,1.E-2);
#994=CARTESIAN_POINT('',(-8.906393106104E0,9.575049356208E0,1.242003138320E0));
#995=LINE('',#994,#993);
#996=DIRECTION('',(1.243449787580E-12,-1.E0,3.552713678801E-13));
#997=VECTOR('',#996,1.E-2);
#998=CARTESIAN_POINT('',(-9.031393106104E0,9.575049356208E0,1.210753138320E0));
#999=LINE('',#998,#997);
#1000=DIRECTION('',(-3.552713678801E-13,-1.E0,-3.552713678801E-13));
#1001=VECTOR('',#1000,1.E-2);
#1002=CARTESIAN_POINT('',(-9.187643106104E0,9.575049356208E0,1.148253138320E0));
#1003=LINE('',#1002,#1001);
#1004=DIRECTION('',(4.440892098501E-12,-1.E0,3.019806626980E-12));
#1005=VECTOR('',#1004,1.E-2);
#1006=CARTESIAN_POINT('',(-9.281393106104E0,9.575049356208E0,1.085753138320E0));
#1007=LINE('',#1006,#1005);
#1008=DIRECTION('',(7.105427357601E-13,-1.E0,-9.769962616702E-13));
#1009=VECTOR('',#1008,1.E-2);
#1010=CARTESIAN_POINT('',(-9.375143106104E0,9.575049356208E0,
9.920031383201E-1));
#1011=LINE('',#1010,#1009);
#1012=DIRECTION('',(-2.309263891220E-12,-1.E0,-4.707345624411E-12));
#1013=VECTOR('',#1012,1.E-2);
#1014=CARTESIAN_POINT('',(-9.468893106104E0,9.575049356208E0,
8.670031383201E-1));
#1015=LINE('',#1014,#1013);
#1016=DIRECTION('',(7.283063041541E-12,-1.E0,1.467714838554E-11));
#1017=VECTOR('',#1016,1.E-2);
#1018=CARTESIAN_POINT('',(-9.531393106104E0,9.575049356208E0,
7.420031383199E-1));
#1019=LINE('',#1018,#1017);
#1020=DIRECTION('',(1.065814103640E-12,-1.E0,-8.326672684689E-13));
#1021=VECTOR('',#1020,1.E-2);
#1022=CARTESIAN_POINT('',(-9.593893106104E0,9.575049356208E0,
5.857531383201E-1));
#1023=LINE('',#1022,#1021);
#1024=DIRECTION('',(-3.019806626980E-12,-1.E0,-2.842170943040E-11));
#1025=VECTOR('',#1024,1.E-2);
#1026=CARTESIAN_POINT('',(-9.625143106104E0,9.575049356208E0,
3.982531383203E-1));
#1027=LINE('',#1026,#1025);
#1028=DIRECTION('',(0.E0,-1.E0,1.984523656518E-12));
#1029=VECTOR('',#1028,1.E-2);
#1030=CARTESIAN_POINT('',(-9.312643106104E0,9.575049356208E0,
1.795031383200E-1));
#1031=LINE('',#1030,#1029);
#1032=DIRECTION('',(0.E0,-1.E0,1.301736496373E-12));
#1033=VECTOR('',#1032,1.E-2);
#1034=CARTESIAN_POINT('',(-9.312643106104E0,9.575049356208E0,
-1.954968616799E-1));
#1035=LINE('',#1034,#1033);
#1036=DIRECTION('',(3.552713678801E-13,-1.E0,2.997602166488E-13));
#1037=VECTOR('',#1036,1.E-2);
#1038=CARTESIAN_POINT('',(-9.281393106104E0,9.575049356208E0,
-5.392468616799E-1));
#1039=LINE('',#1038,#1037);
#1040=DIRECTION('',(5.329070518201E-13,-1.E0,-2.997602166488E-13));
#1041=VECTOR('',#1040,1.E-2);
#1042=CARTESIAN_POINT('',(-9.218893106104E0,9.575049356208E0,
-6.954968616799E-1));
#1043=LINE('',#1042,#1041);
#1044=DIRECTION('',(1.776356839400E-13,-1.E0,-2.997602166488E-13));
#1045=VECTOR('',#1044,1.E-2);
#1046=CARTESIAN_POINT('',(-9.156393106104E0,9.575049356208E0,
-7.892468616799E-1));
#1047=LINE('',#1046,#1045);
#1048=DIRECTION('',(1.776356839400E-13,-1.E0,-2.997602166488E-13));
#1049=VECTOR('',#1048,1.E-2);
#1050=CARTESIAN_POINT('',(-9.031393106104E0,9.575049356208E0,
-8.829968616799E-1));
#1051=LINE('',#1050,#1049);
#1052=DIRECTION('',(0.E0,-1.E0,0.E0));
#1053=VECTOR('',#1052,1.E-2);
#1054=CARTESIAN_POINT('',(-8.906393106104E0,9.575049356208E0,
-9.454968616799E-1));
#1055=LINE('',#1054,#1053);
#1056=DIRECTION('',(0.E0,-1.E0,0.E0));
#1057=VECTOR('',#1056,1.E-2);
#1058=CARTESIAN_POINT('',(-8.687643106104E0,9.575049356208E0,
-9.454968616799E-1));
#1059=LINE('',#1058,#1057);
#1060=DIRECTION('',(7.105427357601E-13,-1.E0,2.997602166488E-13));
#1061=VECTOR('',#1060,1.E-2);
#1062=CARTESIAN_POINT('',(-8.562643106104E0,9.575049356208E0,
-8.829968616799E-1));
#1063=LINE('',#1062,#1061);
#1064=DIRECTION('',(-3.552713678801E-13,-1.E0,-4.218847493576E-13));
#1065=VECTOR('',#1064,1.E-2);
#1066=CARTESIAN_POINT('',(-8.437643106104E0,9.575049356208E0,
-7.892468616799E-1));
#1067=LINE('',#1066,#1065);
#1068=DIRECTION('',(-1.776356839400E-13,-1.E0,-2.664535259100E-13));
#1069=VECTOR('',#1068,1.E-2);
#1070=CARTESIAN_POINT('',(-8.375143106104E0,9.575049356208E0,
-6.954968616799E-1));
#1071=LINE('',#1070,#1069);
#1072=DIRECTION('',(0.E0,-1.E0,5.551115123126E-14));
#1073=VECTOR('',#1072,1.E-2);
#1074=CARTESIAN_POINT('',(-8.312643106104E0,9.575049356208E0,
-5.392468616799E-1));
#1075=LINE('',#1074,#1073);
#1076=DIRECTION('',(0.E0,-1.E0,6.494804694057E-13));
#1077=VECTOR('',#1076,1.E-2);
#1078=CARTESIAN_POINT('',(-8.281393106104E0,9.575049356208E0,
-1.954968616799E-1));
#1079=LINE('',#1078,#1077);
#1080=DIRECTION('',(0.E0,-1.E0,1.304512053935E-12));
#1081=VECTOR('',#1080,1.E-2);
#1082=CARTESIAN_POINT('',(-8.281393106104E0,9.575049356208E0,
1.795031383201E-1));
#1083=LINE('',#1082,#1081);
#1084=DIRECTION('',(3.552713678801E-13,-1.E0,-1.776356839400E-13));
#1085=VECTOR('',#1084,1.E-2);
#1086=CARTESIAN_POINT('',(-8.312643106104E0,9.575049356208E0,
5.232531383201E-1));
#1087=LINE('',#1086,#1085);
#1088=DIRECTION('',(0.E0,-1.E0,2.331468351713E-13));
#1089=VECTOR('',#1088,1.E-2);
#1090=CARTESIAN_POINT('',(-8.375143106104E0,9.575049356208E0,
6.795031383201E-1));
#1091=LINE('',#1090,#1089);
#1092=DIRECTION('',(1.776356839400E-13,-1.E0,-2.442490654175E-13));
#1093=VECTOR('',#1092,1.E-2);
#1094=CARTESIAN_POINT('',(-8.437643106104E0,9.575049356208E0,
7.732531383201E-1));
#1095=LINE('',#1094,#1093);
#1096=DIRECTION('',(3.552713678801E-13,-1.E0,-2.331468351713E-13));
#1097=VECTOR('',#1096,1.E-2);
#1098=CARTESIAN_POINT('',(-8.562643106104E0,9.575049356208E0,
8.670031383201E-1));
#1099=LINE('',#1098,#1097);
#1100=DIRECTION('',(-3.552713678801E-13,-1.E0,0.E0));
#1101=VECTOR('',#1100,1.E-2);
#1102=CARTESIAN_POINT('',(-8.687643106104E0,9.575049356208E0,
9.295031383201E-1));
#1103=LINE('',#1102,#1101);
#1104=DIRECTION('',(0.E0,-1.E0,0.E0));
#1105=VECTOR('',#1104,1.E-2);
#1106=CARTESIAN_POINT('',(-8.906393106104E0,9.575049356208E0,
9.295031383201E-1));
#1107=LINE('',#1106,#1105);
#1108=DIRECTION('',(1.776356839400E-13,-1.E0,5.551115123126E-14));
#1109=VECTOR('',#1108,1.E-2);
#1110=CARTESIAN_POINT('',(-9.031393106104E0,9.575049356208E0,
8.670031383201E-1));
#1111=LINE('',#1110,#1109);
#1112=DIRECTION('',(2.664535259100E-12,-1.E0,1.831867990632E-12));
#1113=VECTOR('',#1112,1.E-2);
#1114=CARTESIAN_POINT('',(-9.156393106104E0,9.575049356208E0,
7.732531383200E-1));
#1115=LINE('',#1114,#1113);
#1116=DIRECTION('',(2.131628207280E-12,-1.E0,1.243449787580E-12));
#1117=VECTOR('',#1116,1.E-2);
#1118=CARTESIAN_POINT('',(-9.218893106104E0,9.575049356208E0,
6.795031383201E-1));
#1119=LINE('',#1118,#1117);
#1120=DIRECTION('',(-1.065814103640E-12,-1.E0,-6.306066779871E-12));
#1121=VECTOR('',#1120,1.E-2);
#1122=CARTESIAN_POINT('',(-9.281393106104E0,9.575049356208E0,
5.232531383201E-1));
#1123=LINE('',#1122,#1121);
#1124=DIRECTION('',(9.053574604252E-2,0.E0,-9.958932064677E-1));
#1125=VECTOR('',#1124,3.451675317871E-1);
#1126=CARTESIAN_POINT('',(-8.312643106104E0,9.575049356208E0,
5.232531383201E-1));
#1127=LINE('',#1126,#1125);
#1128=DIRECTION('',(3.713906763541E-1,0.E0,-9.284766908853E-1));
#1129=VECTOR('',#1128,1.682864002230E-1);
#1130=CARTESIAN_POINT('',(-8.375143106104E0,9.575049356208E0,
6.795031383201E-1));
#1131=LINE('',#1130,#1129);
#1132=DIRECTION('',(5.547001962252E-1,0.E0,-8.320502943378E-1));
#1133=VECTOR('',#1132,1.126734773583E-1);
#1134=CARTESIAN_POINT('',(-8.437643106104E0,9.575049356208E0,
7.732531383201E-1));
#1135=LINE('',#1134,#1133);
#1136=DIRECTION('',(8.E-1,0.E0,-6.E-1));
#1137=VECTOR('',#1136,1.5625E-1);
#1138=CARTESIAN_POINT('',(-8.562643106104E0,9.575049356208E0,
8.670031383201E-1));
#1139=LINE('',#1138,#1137);
#1140=DIRECTION('',(8.944271909999E-1,0.E0,-4.472135955E-1));
#1141=VECTOR('',#1140,1.397542485937E-1);
#1142=CARTESIAN_POINT('',(-8.687643106104E0,9.575049356208E0,
9.295031383201E-1));
#1143=LINE('',#1142,#1141);
#1144=DIRECTION('',(1.E0,0.E0,0.E0));
#1145=VECTOR('',#1144,2.1875E-1);
#1146=CARTESIAN_POINT('',(-8.906393106104E0,9.575049356208E0,
9.295031383201E-1));
#1147=LINE('',#1146,#1145);
#1148=DIRECTION('',(8.944271909999E-1,0.E0,4.472135955E-1));
#1149=VECTOR('',#1148,1.397542485937E-1);
#1150=CARTESIAN_POINT('',(-9.031393106104E0,9.575049356208E0,
8.670031383201E-1));
#1151=LINE('',#1150,#1149);
#1152=DIRECTION('',(8.E-1,0.E0,6.E-1));
#1153=VECTOR('',#1152,1.5625E-1);
#1154=CARTESIAN_POINT('',(-9.156393106104E0,9.575049356208E0,
7.732531383200E-1));
#1155=LINE('',#1154,#1153);
#1156=DIRECTION('',(5.547001962252E-1,0.E0,8.320502943379E-1));
#1157=VECTOR('',#1156,1.126734773582E-1);
#1158=CARTESIAN_POINT('',(-9.218893106104E0,9.575049356208E0,
6.795031383201E-1));
#1159=LINE('',#1158,#1157);
#1160=DIRECTION('',(3.713906763541E-1,0.E0,9.284766908853E-1));
#1161=VECTOR('',#1160,1.682864002229E-1);
#1162=CARTESIAN_POINT('',(-9.281393106104E0,9.575049356208E0,
5.232531383201E-1));
#1163=LINE('',#1162,#1161);
#1164=DIRECTION('',(9.053574604252E-2,0.E0,9.958932064677E-1));
#1165=VECTOR('',#1164,3.451675317872E-1);
#1166=CARTESIAN_POINT('',(-9.312643106104E0,9.575049356208E0,
1.795031383200E-1));
#1167=LINE('',#1166,#1165);
#1168=DIRECTION('',(0.E0,0.E0,1.E0));
#1169=VECTOR('',#1168,3.75E-1);
#1170=CARTESIAN_POINT('',(-9.312643106104E0,9.575049356208E0,
-1.954968616799E-1));
#1171=LINE('',#1170,#1169);
#1172=DIRECTION('',(-9.053574604252E-2,0.E0,9.958932064677E-1));
#1173=VECTOR('',#1172,3.451675317871E-1);
#1174=CARTESIAN_POINT('',(-9.281393106104E0,9.575049356208E0,
-5.392468616799E-1));
#1175=LINE('',#1174,#1173);
#1176=DIRECTION('',(-3.713906763541E-1,0.E0,9.284766908853E-1));
#1177=VECTOR('',#1176,1.682864002230E-1);
#1178=CARTESIAN_POINT('',(-9.218893106104E0,9.575049356208E0,
-6.954968616799E-1));
#1179=LINE('',#1178,#1177);
#1180=DIRECTION('',(-5.547001962252E-1,0.E0,8.320502943378E-1));
#1181=VECTOR('',#1180,1.126734773582E-1);
#1182=CARTESIAN_POINT('',(-9.156393106104E0,9.575049356208E0,
-7.892468616799E-1));
#1183=LINE('',#1182,#1181);
#1184=DIRECTION('',(-8.E-1,0.E0,6.E-1));
#1185=VECTOR('',#1184,1.5625E-1);
#1186=CARTESIAN_POINT('',(-9.031393106104E0,9.575049356208E0,
-8.829968616799E-1));
#1187=LINE('',#1186,#1185);
#1188=DIRECTION('',(-8.944271909999E-1,0.E0,4.472135955E-1));
#1189=VECTOR('',#1188,1.397542485937E-1);
#1190=CARTESIAN_POINT('',(-8.906393106104E0,9.575049356208E0,
-9.454968616799E-1));
#1191=LINE('',#1190,#1189);
#1192=DIRECTION('',(-1.E0,0.E0,0.E0));
#1193=VECTOR('',#1192,2.1875E-1);
#1194=CARTESIAN_POINT('',(-8.687643106104E0,9.575049356208E0,
-9.454968616799E-1));
#1195=LINE('',#1194,#1193);
#1196=DIRECTION('',(-8.944271909999E-1,0.E0,-4.472135955E-1));
#1197=VECTOR('',#1196,1.397542485937E-1);
#1198=CARTESIAN_POINT('',(-8.562643106104E0,9.575049356208E0,
-8.829968616799E-1));
#1199=LINE('',#1198,#1197);
#1200=DIRECTION('',(-8.E-1,0.E0,-6.E-1));
#1201=VECTOR('',#1200,1.5625E-1);
#1202=CARTESIAN_POINT('',(-8.437643106104E0,9.575049356208E0,
-7.892468616799E-1));
#1203=LINE('',#1202,#1201);
#1204=DIRECTION('',(-5.547001962252E-1,0.E0,-8.320502943378E-1));
#1205=VECTOR('',#1204,1.126734773582E-1);
#1206=CARTESIAN_POINT('',(-8.375143106104E0,9.575049356208E0,
-6.954968616799E-1));
#1207=LINE('',#1206,#1205);
#1208=DIRECTION('',(-3.713906763541E-1,0.E0,-9.284766908853E-1));
#1209=VECTOR('',#1208,1.682864002230E-1);
#1210=CARTESIAN_POINT('',(-8.312643106104E0,9.575049356208E0,
-5.392468616799E-1));
#1211=LINE('',#1210,#1209);
#1212=DIRECTION('',(-9.053574604252E-2,0.E0,-9.958932064677E-1));
#1213=VECTOR('',#1212,3.451675317871E-1);
#1214=CARTESIAN_POINT('',(-8.281393106104E0,9.575049356208E0,
-1.954968616799E-1));
#1215=LINE('',#1214,#1213);
#1216=DIRECTION('',(0.E0,0.E0,-1.E0));
#1217=VECTOR('',#1216,3.75E-1);
#1218=CARTESIAN_POINT('',(-8.281393106104E0,9.575049356208E0,
1.795031383201E-1));
#1219=LINE('',#1218,#1217);
#1220=DIRECTION('',(1.421085471520E-12,-1.E0,0.E0));
#1221=VECTOR('',#1220,1.E-2);
#1222=CARTESIAN_POINT('',(-1.040639310610E1,9.575049356208E0,
-1.257996861680E0));
#1223=LINE('',#1222,#1221);
#1224=DIRECTION('',(-1.E0,0.E0,0.E0));
#1225=VECTOR('',#1224,2.5E-1);
#1226=CARTESIAN_POINT('',(-1.015639310610E1,9.565049356208E0,
-1.257996861680E0));
#1227=LINE('',#1226,#1225);
#1228=DIRECTION('',(0.E0,0.E0,-1.E0));
#1229=VECTOR('',#1228,2.5E0);
#1230=CARTESIAN_POINT('',(-1.015639310610E1,9.565049356208E0,1.242003138320E0));
#1231=LINE('',#1230,#1229);
#1232=DIRECTION('',(1.E0,0.E0,0.E0));
#1233=VECTOR('',#1232,3.125E-1);
#1234=CARTESIAN_POINT('',(-1.046889310610E1,9.565049356208E0,1.242003138320E0));
#1235=LINE('',#1234,#1233);
#1236=DIRECTION('',(0.E0,0.E0,1.E0));
#1237=VECTOR('',#1236,1.8125E0);
#1238=CARTESIAN_POINT('',(-1.046889310610E1,9.565049356208E0,
-5.704968616799E-1));
#1239=LINE('',#1238,#1237);
#1240=DIRECTION('',(1.E0,0.E0,0.E0));
#1241=VECTOR('',#1240,5.9375E-1);
#1242=CARTESIAN_POINT('',(-1.106264310610E1,9.565049356208E0,
-5.704968616799E-1));
#1243=LINE('',#1242,#1241);
#1244=DIRECTION('',(0.E0,0.E0,1.E0));
#1245=VECTOR('',#1244,2.5E-1);
#1246=CARTESIAN_POINT('',(-1.106264310610E1,9.565049356208E0,
-8.204968616799E-1));
#1247=LINE('',#1246,#1245);
#1248=DIRECTION('',(-1.E0,0.E0,0.E0));
#1249=VECTOR('',#1248,6.250000000001E-2);
#1250=CARTESIAN_POINT('',(-1.100014310610E1,9.565049356208E0,
-8.204968616799E-1));
#1251=LINE('',#1250,#1249);
#1252=DIRECTION('',(-9.805806756909E-1,0.E0,1.961161351382E-1));
#1253=VECTOR('',#1252,1.593443597998E-1);
#1254=CARTESIAN_POINT('',(-1.084389310610E1,9.565049356208E0,
-8.517468616799E-1));
#1255=LINE('',#1254,#1253);
#1256=DIRECTION('',(-9.486832980505E-1,0.E0,3.162277660168E-1));
#1257=VECTOR('',#1256,9.882117688025E-2);
#1258=CARTESIAN_POINT('',(-1.075014310610E1,9.565049356208E0,
-8.829968616799E-1));
#1259=LINE('',#1258,#1257);
#1260=DIRECTION('',(-8.944271909999E-1,0.E0,4.472135955E-1));
#1261=VECTOR('',#1260,1.397542485938E-1);
#1262=CARTESIAN_POINT('',(-1.062514310610E1,9.565049356208E0,
-9.454968616800E-1));
#1263=LINE('',#1262,#1261);
#1264=DIRECTION('',(-7.071067811865E-1,0.E0,7.071067811866E-1));
#1265=VECTOR('',#1264,1.325825214725E-1);
#1266=CARTESIAN_POINT('',(-1.053139310610E1,9.565049356208E0,
-1.039246861680E0));
#1267=LINE('',#1266,#1265);
#1268=DIRECTION('',(-6.E-1,0.E0,8.E-1));
#1269=VECTOR('',#1268,1.5625E-1);
#1270=CARTESIAN_POINT('',(-1.043764310610E1,9.565049356208E0,
-1.164246861680E0));
#1271=LINE('',#1270,#1269);
#1272=DIRECTION('',(-3.162277660168E-1,0.E0,9.486832980505E-1));
#1273=VECTOR('',#1272,9.882117688027E-2);
#1274=CARTESIAN_POINT('',(-1.040639310610E1,9.565049356208E0,
-1.257996861680E0));
#1275=LINE('',#1274,#1273);
#1276=DIRECTION('',(0.E0,-1.E0,0.E0));
#1277=VECTOR('',#1276,1.E-2);
#1278=CARTESIAN_POINT('',(-1.015639310610E1,9.575049356208E0,
-1.257996861680E0));
#1279=LINE('',#1278,#1277);
#1280=DIRECTION('',(0.E0,-1.E0,0.E0));
#1281=VECTOR('',#1280,1.E-2);
#1282=CARTESIAN_POINT('',(-1.015639310610E1,9.575049356208E0,1.242003138320E0));
#1283=LINE('',#1282,#1281);
#1284=DIRECTION('',(0.E0,-1.E0,0.E0));
#1285=VECTOR('',#1284,1.E-2);
#1286=CARTESIAN_POINT('',(-1.046889310610E1,9.575049356208E0,1.242003138320E0));
#1287=LINE('',#1286,#1285);
#1288=DIRECTION('',(0.E0,-1.E0,0.E0));
#1289=VECTOR('',#1288,1.E-2);
#1290=CARTESIAN_POINT('',(-1.046889310610E1,9.575049356208E0,
-5.704968616799E-1));
#1291=LINE('',#1290,#1289);
#1292=DIRECTION('',(0.E0,-1.E0,0.E0));
#1293=VECTOR('',#1292,1.E-2);
#1294=CARTESIAN_POINT('',(-1.106264310610E1,9.575049356208E0,
-5.704968616799E-1));
#1295=LINE('',#1294,#1293);
#1296=DIRECTION('',(0.E0,-1.E0,0.E0));
#1297=VECTOR('',#1296,1.E-2);
#1298=CARTESIAN_POINT('',(-1.106264310610E1,9.575049356208E0,
-8.204968616799E-1));
#1299=LINE('',#1298,#1297);
#1300=DIRECTION('',(7.105427357601E-13,-1.E0,0.E0));
#1301=VECTOR('',#1300,1.E-2);
#1302=CARTESIAN_POINT('',(-1.100014310610E1,9.575049356208E0,
-8.204968616799E-1));
#1303=LINE('',#1302,#1301);
#1304=DIRECTION('',(-5.329070518201E-13,-1.E0,1.776356839400E-13));
#1305=VECTOR('',#1304,1.E-2);
#1306=CARTESIAN_POINT('',(-1.084389310610E1,9.575049356208E0,
-8.517468616799E-1));
#1307=LINE('',#1306,#1305);
#1308=DIRECTION('',(-1.776356839400E-12,-1.E0,5.773159728051E-13));
#1309=VECTOR('',#1308,1.E-2);
#1310=CARTESIAN_POINT('',(-1.075014310610E1,9.575049356208E0,
-8.829968616799E-1));
#1311=LINE('',#1310,#1309);
#1312=DIRECTION('',(3.375077994861E-12,-1.E0,-1.953992523340E-12));
#1313=VECTOR('',#1312,1.E-2);
#1314=CARTESIAN_POINT('',(-1.062514310610E1,9.575049356208E0,
-9.454968616799E-1));
#1315=LINE('',#1314,#1313);
#1316=DIRECTION('',(3.197442310921E-12,-1.E0,-1.776356839400E-12));
#1317=VECTOR('',#1316,1.E-2);
#1318=CARTESIAN_POINT('',(-1.053139310610E1,9.575049356208E0,
-1.039246861680E0));
#1319=LINE('',#1318,#1317);
#1320=DIRECTION('',(1.065814103640E-12,-1.E0,5.329070518201E-13));
#1321=VECTOR('',#1320,1.E-2);
#1322=CARTESIAN_POINT('',(-1.043764310610E1,9.575049356208E0,
-1.164246861680E0));
#1323=LINE('',#1322,#1321);
#1324=DIRECTION('',(0.E0,0.E0,1.E0));
#1325=VECTOR('',#1324,8.E-1);
#1326=CARTESIAN_POINT('',(-8.471833741440E0,9.565049356208E0,1.2673E1));
#1327=LINE('',#1326,#1325);
#1328=DIRECTION('',(0.E0,0.E0,1.E0));
#1329=VECTOR('',#1328,8.E-1);
#1330=CARTESIAN_POINT('',(-8.471833741440E0,8.224049356208E0,1.2673E1));
#1331=LINE('',#1330,#1329);
#1332=DIRECTION('',(0.E0,0.E0,1.E0));
#1333=VECTOR('',#1332,8.E-1);
#1334=CARTESIAN_POINT('',(-7.863733741440E0,8.224049356208E0,1.2673E1));
#1335=LINE('',#1334,#1333);
#1336=DIRECTION('',(0.E0,0.E0,1.E0));
#1337=VECTOR('',#1336,8.E-1);
#1338=CARTESIAN_POINT('',(-7.863733741440E0,7.565049356208E0,1.2673E1));
#1339=LINE('',#1338,#1337);
#1340=CARTESIAN_POINT('',(-3.2329302E1,-6.337199999999E-2,1.2673E1));
#1341=DIRECTION('',(0.E0,0.E0,-1.E0));
#1342=DIRECTION('',(1.E0,1.415534356397E-14,0.E0));
#1343=AXIS2_PLACEMENT_3D('',#1340,#1341,#1342);
#1345=DIRECTION('',(0.E0,-1.E0,0.E0));
#1346=VECTOR('',#1345,9.24E-1);
#1347=CARTESIAN_POINT('',(-3.2229302E1,8.60628E-1,1.2673E1));
#1348=LINE('',#1347,#1346);
#1349=CARTESIAN_POINT('',(-3.2329302E1,8.60628E-1,1.2673E1));
#1350=DIRECTION('',(0.E0,0.E0,-1.E0));
#1351=DIRECTION('',(0.E0,1.E0,0.E0));
#1352=AXIS2_PLACEMENT_3D('',#1349,#1350,#1351);
#1354=DIRECTION('',(1.E0,0.E0,0.E0));
#1355=VECTOR('',#1354,9.24E-1);
#1356=CARTESIAN_POINT('',(-3.3253302E1,9.60628E-1,1.2673E1));
#1357=LINE('',#1356,#1355);
#1358=CARTESIAN_POINT('',(-3.3253302E1,8.60628E-1,1.2673E1));
#1359=DIRECTION('',(0.E0,0.E0,-1.E0));
#1360=DIRECTION('',(-1.E0,0.E0,0.E0));
#1361=AXIS2_PLACEMENT_3D('',#1358,#1359,#1360);
#1363=DIRECTION('',(0.E0,1.E0,0.E0));
#1364=VECTOR('',#1363,9.24E-1);
#1365=CARTESIAN_POINT('',(-3.3353302E1,-6.337199999999E-2,1.2673E1));
#1366=LINE('',#1365,#1364);
#1367=CARTESIAN_POINT('',(-3.3253302E1,-6.337199999999E-2,1.2673E1));
#1368=DIRECTION('',(0.E0,0.E0,-1.E0));
#1369=DIRECTION('',(0.E0,-1.E0,0.E0));
#1370=AXIS2_PLACEMENT_3D('',#1367,#1368,#1369);
#1372=DIRECTION('',(-1.E0,0.E0,0.E0));
#1373=VECTOR('',#1372,9.24E-1);
#1374=CARTESIAN_POINT('',(-3.2329302E1,-1.63372E-1,1.2673E1));
#1375=LINE('',#1374,#1373);
#1376=CARTESIAN_POINT('',(-2.1853302E1,-6.337199999999E-2,1.2673E1));
#1377=DIRECTION('',(0.E0,0.E0,-1.E0));
#1378=DIRECTION('',(0.E0,-1.E0,0.E0));
#1379=AXIS2_PLACEMENT_3D('',#1376,#1377,#1378);
#1381=DIRECTION('',(-1.E0,0.E0,0.E0));
#1382=VECTOR('',#1381,9.24E-1);
#1383=CARTESIAN_POINT('',(-2.0929302E1,-1.63372E-1,1.2673E1));
#1384=LINE('',#1383,#1382);
#1385=CARTESIAN_POINT('',(-2.0929302E1,-6.337199999999E-2,1.2673E1));
#1386=DIRECTION('',(0.E0,0.E0,-1.E0));
#1387=DIRECTION('',(1.E0,-1.634803403761E-13,0.E0));
#1388=AXIS2_PLACEMENT_3D('',#1385,#1386,#1387);
#1390=DIRECTION('',(0.E0,-1.E0,0.E0));
#1391=VECTOR('',#1390,9.24E-1);
#1392=CARTESIAN_POINT('',(-2.0829302E1,8.60628E-1,1.2673E1));
#1393=LINE('',#1392,#1391);
#1394=CARTESIAN_POINT('',(-2.0929302E1,8.60628E-1,1.2673E1));
#1395=DIRECTION('',(0.E0,0.E0,-1.E0));
#1396=DIRECTION('',(0.E0,1.E0,0.E0));
#1397=AXIS2_PLACEMENT_3D('',#1394,#1395,#1396);
#1399=DIRECTION('',(1.E0,0.E0,0.E0));
#1400=VECTOR('',#1399,9.24E-1);
#1401=CARTESIAN_POINT('',(-2.1853302E1,9.60628E-1,1.2673E1));
#1402=LINE('',#1401,#1400);
#1403=CARTESIAN_POINT('',(-2.1853302E1,8.60628E-1,1.2673E1));
#1404=DIRECTION('',(0.E0,0.E0,-1.E0));
#1405=DIRECTION('',(-1.E0,1.754152378908E-13,0.E0));
#1406=AXIS2_PLACEMENT_3D('',#1403,#1404,#1405);
#1408=DIRECTION('',(0.E0,1.E0,0.E0));
#1409=VECTOR('',#1408,9.24E-1);
#1410=CARTESIAN_POINT('',(-2.1953302E1,-6.337199999999E-2,1.2673E1));
#1411=LINE('',#1410,#1409);
#1412=CARTESIAN_POINT('',(-1.5229302E1,-6.337199999999E-2,1.2673E1));
#1413=DIRECTION('',(0.E0,0.E0,-1.E0));
#1414=DIRECTION('',(1.E0,1.415534356397E-14,0.E0));
#1415=AXIS2_PLACEMENT_3D('',#1412,#1413,#1414);
#1417=DIRECTION('',(0.E0,-1.E0,0.E0));
#1418=VECTOR('',#1417,9.24E-1);
#1419=CARTESIAN_POINT('',(-1.5129302E1,8.60628E-1,1.2673E1));
#1420=LINE('',#1419,#1418);
#1421=CARTESIAN_POINT('',(-1.5229302E1,8.60628E-1,1.2673E1));
#1422=DIRECTION('',(0.E0,0.E0,-1.E0));
#1423=DIRECTION('',(0.E0,1.E0,0.E0));
#1424=AXIS2_PLACEMENT_3D('',#1421,#1422,#1423);
#1426=DIRECTION('',(1.E0,0.E0,0.E0));
#1427=VECTOR('',#1426,9.24E-1);
#1428=CARTESIAN_POINT('',(-1.6153302E1,9.60628E-1,1.2673E1));
#1429=LINE('',#1428,#1427);
#1430=CARTESIAN_POINT('',(-1.6153302E1,8.60628E-1,1.2673E1));
#1431=DIRECTION('',(0.E0,0.E0,-1.E0));
#1432=DIRECTION('',(-1.E0,1.754152378908E-13,0.E0));
#1433=AXIS2_PLACEMENT_3D('',#1430,#1431,#1432);
#1435=DIRECTION('',(0.E0,1.E0,0.E0));
#1436=VECTOR('',#1435,9.24E-1);
#1437=CARTESIAN_POINT('',(-1.6253302E1,-6.337199999999E-2,1.2673E1));
#1438=LINE('',#1437,#1436);
#1439=CARTESIAN_POINT('',(-1.6153302E1,-6.337199999999E-2,1.2673E1));
#1440=DIRECTION('',(0.E0,0.E0,-1.E0));
#1441=DIRECTION('',(0.E0,-1.E0,0.E0));
#1442=AXIS2_PLACEMENT_3D('',#1439,#1440,#1441);
#1444=DIRECTION('',(-1.E0,0.E0,0.E0));
#1445=VECTOR('',#1444,9.24E-1);
#1446=CARTESIAN_POINT('',(-1.5229302E1,-1.63372E-1,1.2673E1));
#1447=LINE('',#1446,#1445);
#1448=CARTESIAN_POINT('',(-2.7553302E1,-6.337199999999E-2,1.2673E1));
#1449=DIRECTION('',(0.E0,0.E0,-1.E0));
#1450=DIRECTION('',(0.E0,-1.E0,0.E0));
#1451=AXIS2_PLACEMENT_3D('',#1448,#1449,#1450);
#1453=DIRECTION('',(-1.E0,0.E0,0.E0));
#1454=VECTOR('',#1453,9.24E-1);
#1455=CARTESIAN_POINT('',(-2.6629302E1,-1.63372E-1,1.2673E1));
#1456=LINE('',#1455,#1454);
#1457=CARTESIAN_POINT('',(-2.6629302E1,-6.337199999999E-2,1.2673E1));
#1458=DIRECTION('',(0.E0,0.E0,-1.E0));
#1459=DIRECTION('',(1.E0,1.415534356397E-14,0.E0));
#1460=AXIS2_PLACEMENT_3D('',#1457,#1458,#1459);
#1462=DIRECTION('',(0.E0,-1.E0,0.E0));
#1463=VECTOR('',#1462,9.24E-1);
#1464=CARTESIAN_POINT('',(-2.6529302E1,8.60628E-1,1.2673E1));
#1465=LINE('',#1464,#1463);
#1466=CARTESIAN_POINT('',(-2.6629302E1,8.60628E-1,1.2673E1));
#1467=DIRECTION('',(0.E0,0.E0,-1.E0));
#1468=DIRECTION('',(0.E0,1.E0,0.E0));
#1469=AXIS2_PLACEMENT_3D('',#1466,#1467,#1468);
#1471=DIRECTION('',(1.E0,0.E0,0.E0));
#1472=VECTOR('',#1471,9.24E-1);
#1473=CARTESIAN_POINT('',(-2.7553302E1,9.60628E-1,1.2673E1));
#1474=LINE('',#1473,#1472);
#1475=CARTESIAN_POINT('',(-2.7553302E1,8.60628E-1,1.2673E1));
#1476=DIRECTION('',(0.E0,0.E0,-1.E0));
#1477=DIRECTION('',(-1.E0,0.E0,0.E0));
#1478=AXIS2_PLACEMENT_3D('',#1475,#1476,#1477);
#1480=DIRECTION('',(0.E0,1.E0,0.E0));
#1481=VECTOR('',#1480,9.24E-1);
#1482=CARTESIAN_POINT('',(-2.7653302E1,-6.337199999999E-2,1.2673E1));
#1483=LINE('',#1482,#1481);
#1484=DIRECTION('',(0.E0,-1.E0,0.E0));
#1485=VECTOR('',#1484,9.24E-1);
#1486=CARTESIAN_POINT('',(-9.426734000001E0,6.560628E0,1.2673E1));
#1487=LINE('',#1486,#1485);
#1488=CARTESIAN_POINT('',(-9.526734000001E0,6.560628E0,1.2673E1));
#1489=DIRECTION('',(0.E0,0.E0,-1.E0));
#1490=DIRECTION('',(0.E0,1.E0,0.E0));
#1491=AXIS2_PLACEMENT_3D('',#1488,#1489,#1490);
#1493=DIRECTION('',(1.E0,0.E0,0.E0));
#1494=VECTOR('',#1493,9.239999999999E-1);
#1495=CARTESIAN_POINT('',(-1.0450734E1,6.660628E0,1.2673E1));
#1496=LINE('',#1495,#1494);
#1497=CARTESIAN_POINT('',(-1.0450734E1,6.560628E0,1.2673E1));
#1498=DIRECTION('',(0.E0,0.E0,-1.E0));
#1499=DIRECTION('',(-1.E0,-8.881784197001E-14,0.E0));
#1500=AXIS2_PLACEMENT_3D('',#1497,#1498,#1499);
#1502=DIRECTION('',(0.E0,1.E0,0.E0));
#1503=VECTOR('',#1502,9.24E-1);
#1504=CARTESIAN_POINT('',(-1.0550734E1,5.636628E0,1.2673E1));
#1505=LINE('',#1504,#1503);
#1506=CARTESIAN_POINT('',(-1.0450734E1,5.636628E0,1.2673E1));
#1507=DIRECTION('',(0.E0,0.E0,-1.E0));
#1508=DIRECTION('',(-1.776356839400E-14,-1.E0,0.E0));
#1509=AXIS2_PLACEMENT_3D('',#1506,#1507,#1508);
#1511=DIRECTION('',(-1.E0,0.E0,0.E0));
#1512=VECTOR('',#1511,9.239999999999E-1);
#1513=CARTESIAN_POINT('',(-9.526734000001E0,5.536628E0,1.2673E1));
#1514=LINE('',#1513,#1512);
#1515=CARTESIAN_POINT('',(-9.526734000001E0,5.636628E0,1.2673E1));
#1516=DIRECTION('',(0.E0,0.E0,-1.E0));
#1517=DIRECTION('',(1.E0,8.881784197001E-14,0.E0));
#1518=AXIS2_PLACEMENT_3D('',#1515,#1516,#1517);
#1520=DIRECTION('',(0.E0,1.E0,0.E0));
#1521=VECTOR('',#1520,9.24E-1);
#1522=CARTESIAN_POINT('',(-1.6250734E1,5.636628E0,1.2673E1));
#1523=LINE('',#1522,#1521);
#1524=CARTESIAN_POINT('',(-1.6150734E1,5.636628E0,1.2673E1));
#1525=DIRECTION('',(0.E0,0.E0,-1.E0));
#1526=DIRECTION('',(0.E0,-1.E0,0.E0));
#1527=AXIS2_PLACEMENT_3D('',#1524,#1525,#1526);
#1529=DIRECTION('',(-1.E0,0.E0,0.E0));
#1530=VECTOR('',#1529,9.239999999999E-1);
#1531=CARTESIAN_POINT('',(-1.5226734E1,5.536628E0,1.2673E1));
#1532=LINE('',#1531,#1530);
#1533=CARTESIAN_POINT('',(-1.5226734E1,5.636628E0,1.2673E1));
#1534=DIRECTION('',(0.E0,0.E0,-1.E0));
#1535=DIRECTION('',(1.E0,0.E0,0.E0));
#1536=AXIS2_PLACEMENT_3D('',#1533,#1534,#1535);
#1538=DIRECTION('',(0.E0,-1.E0,0.E0));
#1539=VECTOR('',#1538,9.24E-1);
#1540=CARTESIAN_POINT('',(-1.5126734E1,6.560628E0,1.2673E1));
#1541=LINE('',#1540,#1539);
#1542=CARTESIAN_POINT('',(-1.5226734E1,6.560628E0,1.2673E1));
#1543=DIRECTION('',(0.E0,0.E0,-1.E0));
#1544=DIRECTION('',(0.E0,1.E0,0.E0));
#1545=AXIS2_PLACEMENT_3D('',#1542,#1543,#1544);
#1547=DIRECTION('',(1.E0,0.E0,0.E0));
#1548=VECTOR('',#1547,9.239999999999E-1);
#1549=CARTESIAN_POINT('',(-1.6150734E1,6.660628E0,1.2673E1));
#1550=LINE('',#1549,#1548);
#1551=CARTESIAN_POINT('',(-1.6150734E1,6.560628E0,1.2673E1));
#1552=DIRECTION('',(0.E0,0.E0,-1.E0));
#1553=DIRECTION('',(-1.E0,0.E0,0.E0));
#1554=AXIS2_PLACEMENT_3D('',#1551,#1552,#1553);
#1556=DIRECTION('',(0.E0,1.E0,0.E0));
#1557=VECTOR('',#1556,9.24E-1);
#1558=CARTESIAN_POINT('',(-2.1950734E1,5.636628E0,1.2673E1));
#1559=LINE('',#1558,#1557);
#1560=CARTESIAN_POINT('',(-2.1850734E1,5.636628E0,1.2673E1));
#1561=DIRECTION('',(0.E0,0.E0,-1.E0));
#1562=DIRECTION('',(0.E0,-1.E0,0.E0));
#1563=AXIS2_PLACEMENT_3D('',#1560,#1561,#1562);
#1565=DIRECTION('',(-1.E0,0.E0,0.E0));
#1566=VECTOR('',#1565,9.239999999999E-1);
#1567=CARTESIAN_POINT('',(-2.0926734E1,5.536628E0,1.2673E1));
#1568=LINE('',#1567,#1566);
#1569=CARTESIAN_POINT('',(-2.0926734E1,5.636628E0,1.2673E1));
#1570=DIRECTION('',(0.E0,0.E0,-1.E0));
#1571=DIRECTION('',(1.E0,-1.776356839400E-13,0.E0));
#1572=AXIS2_PLACEMENT_3D('',#1569,#1570,#1571);
#1574=DIRECTION('',(0.E0,-1.E0,0.E0));
#1575=VECTOR('',#1574,9.24E-1);
#1576=CARTESIAN_POINT('',(-2.0826734E1,6.560628E0,1.2673E1));
#1577=LINE('',#1576,#1575);
#1578=CARTESIAN_POINT('',(-2.0926734E1,6.560628E0,1.2673E1));
#1579=DIRECTION('',(0.E0,0.E0,-1.E0));
#1580=DIRECTION('',(0.E0,1.E0,0.E0));
#1581=AXIS2_PLACEMENT_3D('',#1578,#1579,#1580);
#1583=DIRECTION('',(1.E0,0.E0,0.E0));
#1584=VECTOR('',#1583,9.239999999999E-1);
#1585=CARTESIAN_POINT('',(-2.1850734E1,6.660628E0,1.2673E1));
#1586=LINE('',#1585,#1584);
#1587=CARTESIAN_POINT('',(-2.1850734E1,6.560628E0,1.2673E1));
#1588=DIRECTION('',(0.E0,0.E0,-1.E0));
#1589=DIRECTION('',(-1.E0,0.E0,0.E0));
#1590=AXIS2_PLACEMENT_3D('',#1587,#1588,#1589);
#1592=DIRECTION('',(0.E0,1.E0,0.E0));
#1593=VECTOR('',#1592,9.24E-1);
#1594=CARTESIAN_POINT('',(-2.7650734E1,5.636628E0,1.2673E1));
#1595=LINE('',#1594,#1593);
#1596=CARTESIAN_POINT('',(-2.7550734E1,5.636628E0,1.2673E1));
#1597=DIRECTION('',(0.E0,0.E0,-1.E0));
#1598=DIRECTION('',(0.E0,-1.E0,0.E0));
#1599=AXIS2_PLACEMENT_3D('',#1596,#1597,#1598);
#1601=DIRECTION('',(-1.E0,0.E0,0.E0));
#1602=VECTOR('',#1601,9.24E-1);
#1603=CARTESIAN_POINT('',(-2.6626734E1,5.536628E0,1.2673E1));
#1604=LINE('',#1603,#1602);
#1605=CARTESIAN_POINT('',(-2.6626734E1,5.636628E0,1.2673E1));
#1606=DIRECTION('',(0.E0,0.E0,-1.E0));
#1607=DIRECTION('',(1.E0,-1.776356839400E-13,0.E0));
#1608=AXIS2_PLACEMENT_3D('',#1605,#1606,#1607);
#1610=DIRECTION('',(0.E0,-1.E0,0.E0));
#1611=VECTOR('',#1610,9.24E-1);
#1612=CARTESIAN_POINT('',(-2.6526734E1,6.560628E0,1.2673E1));
#1613=LINE('',#1612,#1611);
#1614=CARTESIAN_POINT('',(-2.6626734E1,6.560628E0,1.2673E1));
#1615=DIRECTION('',(0.E0,0.E0,-1.E0));
#1616=DIRECTION('',(0.E0,1.E0,0.E0));
#1617=AXIS2_PLACEMENT_3D('',#1614,#1615,#1616);
#1619=DIRECTION('',(1.E0,0.E0,0.E0));
#1620=VECTOR('',#1619,9.24E-1);
#1621=CARTESIAN_POINT('',(-2.7550734E1,6.660628E0,1.2673E1));
#1622=LINE('',#1621,#1620);
#1623=CARTESIAN_POINT('',(-2.7550734E1,6.560628E0,1.2673E1));
#1624=DIRECTION('',(0.E0,0.E0,-1.E0));
#1625=DIRECTION('',(-1.E0,0.E0,0.E0));
#1626=AXIS2_PLACEMENT_3D('',#1623,#1624,#1625);
#1628=DIRECTION('',(0.E0,1.E0,0.E0));
#1629=VECTOR('',#1628,9.24E-1);
#1630=CARTESIAN_POINT('',(-3.3350734E1,5.636628E0,1.2673E1));
#1631=LINE('',#1630,#1629);
#1632=CARTESIAN_POINT('',(-3.3250734E1,5.636628E0,1.2673E1));
#1633=DIRECTION('',(0.E0,0.E0,-1.E0));
#1634=DIRECTION('',(0.E0,-1.E0,0.E0));
#1635=AXIS2_PLACEMENT_3D('',#1632,#1633,#1634);
#1637=DIRECTION('',(-1.E0,0.E0,0.E0));
#1638=VECTOR('',#1637,9.239999999999E-1);
#1639=CARTESIAN_POINT('',(-3.2326734E1,5.536628E0,1.2673E1));
#1640=LINE('',#1639,#1638);
#1641=CARTESIAN_POINT('',(-3.2326734E1,5.636628E0,1.2673E1));
#1642=DIRECTION('',(0.E0,0.E0,-1.E0));
#1643=DIRECTION('',(1.E0,-3.552713678800E-13,0.E0));
#1644=AXIS2_PLACEMENT_3D('',#1641,#1642,#1643);
#1646=DIRECTION('',(0.E0,-1.E0,0.E0));
#1647=VECTOR('',#1646,9.24E-1);
#1648=CARTESIAN_POINT('',(-3.2226734E1,6.560628E0,1.2673E1));
#1649=LINE('',#1648,#1647);
#1650=CARTESIAN_POINT('',(-3.2326734E1,6.560628E0,1.2673E1));
#1651=DIRECTION('',(0.E0,0.E0,-1.E0));
#1652=DIRECTION('',(0.E0,1.E0,0.E0));
#1653=AXIS2_PLACEMENT_3D('',#1650,#1651,#1652);
#1655=DIRECTION('',(1.E0,0.E0,0.E0));
#1656=VECTOR('',#1655,9.239999999999E-1);
#1657=CARTESIAN_POINT('',(-3.3250734E1,6.660628E0,1.2673E1));
#1658=LINE('',#1657,#1656);
#1659=CARTESIAN_POINT('',(-3.3250734E1,6.560628E0,1.2673E1));
#1660=DIRECTION('',(0.E0,0.E0,-1.E0));
#1661=DIRECTION('',(-1.E0,0.E0,0.E0));
#1662=AXIS2_PLACEMENT_3D('',#1659,#1660,#1661);
#1664=CARTESIAN_POINT('',(-1.0453302E1,-6.337199999999E-2,1.2673E1));
#1665=DIRECTION('',(0.E0,0.E0,-1.E0));
#1666=DIRECTION('',(0.E0,-1.E0,0.E0));
#1667=AXIS2_PLACEMENT_3D('',#1664,#1665,#1666);
#1669=DIRECTION('',(-1.E0,0.E0,0.E0));
#1670=VECTOR('',#1669,9.24E-1);
#1671=CARTESIAN_POINT('',(-9.529302000002E0,-1.63372E-1,1.2673E1));
#1672=LINE('',#1671,#1670);
#1673=CARTESIAN_POINT('',(-9.529302000002E0,-6.337199999999E-2,1.2673E1));
#1674=DIRECTION('',(0.E0,0.E0,-1.E0));
#1675=DIRECTION('',(1.E0,1.415534356397E-14,0.E0));
#1676=AXIS2_PLACEMENT_3D('',#1673,#1674,#1675);
#1678=DIRECTION('',(0.E0,-1.E0,0.E0));
#1679=VECTOR('',#1678,9.24E-1);
#1680=CARTESIAN_POINT('',(-9.429302000002E0,8.60628E-1,1.2673E1));
#1681=LINE('',#1680,#1679);
#1682=CARTESIAN_POINT('',(-9.529302000002E0,8.60628E-1,1.2673E1));
#1683=DIRECTION('',(0.E0,0.E0,-1.E0));
#1684=DIRECTION('',(0.E0,1.E0,0.E0));
#1685=AXIS2_PLACEMENT_3D('',#1682,#1683,#1684);
#1687=DIRECTION('',(1.E0,0.E0,0.E0));
#1688=VECTOR('',#1687,9.24E-1);
#1689=CARTESIAN_POINT('',(-1.0453302E1,9.60628E-1,1.2673E1));
#1690=LINE('',#1689,#1688);
#1691=CARTESIAN_POINT('',(-1.0453302E1,8.60628E-1,1.2673E1));
#1692=DIRECTION('',(0.E0,0.E0,-1.E0));
#1693=DIRECTION('',(-1.E0,-9.103828801926E-14,0.E0));
#1694=AXIS2_PLACEMENT_3D('',#1691,#1692,#1693);
#1696=DIRECTION('',(0.E0,1.E0,0.E0));
#1697=VECTOR('',#1696,9.24E-1);
#1698=CARTESIAN_POINT('',(-1.0553302E1,-6.337199999999E-2,1.2673E1));
#1699=LINE('',#1698,#1697);
#1700=DIRECTION('',(1.E0,0.E0,0.E0));
#1701=VECTOR('',#1700,1.05E0);
#1702=CARTESIAN_POINT('',(-3.596373394554E1,7.565049356208E0,1.2673E1));
#1703=LINE('',#1702,#1701);
#1704=DIRECTION('',(0.E0,1.E0,0.E0));
#1705=VECTOR('',#1704,6.59E-1);
#1706=CARTESIAN_POINT('',(-3.491373394554E1,7.565049356208E0,1.2673E1));
#1707=LINE('',#1706,#1705);
#1708=DIRECTION('',(1.E0,0.E0,0.E0));
#1709=VECTOR('',#1708,6.081E-1);
#1710=CARTESIAN_POINT('',(-3.491373394554E1,8.224049356208E0,1.2673E1));
#1711=LINE('',#1710,#1709);
#1712=DIRECTION('',(0.E0,-1.E0,0.E0));
#1713=VECTOR('',#1712,1.341E0);
#1714=CARTESIAN_POINT('',(-3.430563394554E1,9.565049356208E0,1.2673E1));
#1715=LINE('',#1714,#1713);
#1716=DIRECTION('',(0.E0,-1.E0,0.E0));
#1717=VECTOR('',#1716,1.341E0);
#1718=CARTESIAN_POINT('',(-8.471833741440E0,9.565049356208E0,1.2673E1));
#1719=LINE('',#1718,#1717);
#1720=DIRECTION('',(1.E0,0.E0,0.E0));
#1721=VECTOR('',#1720,6.081E-1);
#1722=CARTESIAN_POINT('',(-8.471833741440E0,8.224049356208E0,1.2673E1));
#1723=LINE('',#1722,#1721);
#1724=DIRECTION('',(0.E0,-1.E0,0.E0));
#1725=VECTOR('',#1724,6.59E-1);
#1726=CARTESIAN_POINT('',(-7.863733741440E0,8.224049356208E0,1.2673E1));
#1727=LINE('',#1726,#1725);
#1728=DIRECTION('',(-1.E0,0.E0,0.E0));
#1729=VECTOR('',#1728,1.05E0);
#1730=CARTESIAN_POINT('',(-6.813733741440E0,7.565049356208E0,1.2673E1));
#1731=LINE('',#1730,#1729);
#1732=DIRECTION('',(-1.E0,0.E0,0.E0));
#1733=VECTOR('',#1732,1.05E0);
#1734=CARTESIAN_POINT('',(-6.813733741440E0,-9.193275753330E-1,1.2673E1));
#1735=LINE('',#1734,#1733);
#1736=DIRECTION('',(0.E0,-1.E0,0.E0));
#1737=VECTOR('',#1736,6.59E-1);
#1738=CARTESIAN_POINT('',(-7.863733741440E0,-9.193275753330E-1,1.2673E1));
#1739=LINE('',#1738,#1737);
#1740=DIRECTION('',(-1.E0,0.E0,0.E0));
#1741=VECTOR('',#1740,6.081E-1);
#1742=CARTESIAN_POINT('',(-7.863733741440E0,-1.578327575333E0,1.2673E1));
#1743=LINE('',#1742,#1741);
#1744=DIRECTION('',(0.E0,1.E0,0.E0));
#1745=VECTOR('',#1744,1.341E0);
#1746=CARTESIAN_POINT('',(-8.471833741440E0,-2.919327575333E0,1.2673E1));
#1747=LINE('',#1746,#1745);
#1748=DIRECTION('',(0.E0,1.E0,0.E0));
#1749=VECTOR('',#1748,1.341E0);
#1750=CARTESIAN_POINT('',(-3.430563394554E1,-2.919327575333E0,1.2673E1));
#1751=LINE('',#1750,#1749);
#1752=DIRECTION('',(-1.E0,0.E0,0.E0));
#1753=VECTOR('',#1752,6.081E-1);
#1754=CARTESIAN_POINT('',(-3.430563394554E1,-1.578327575333E0,1.2673E1));
#1755=LINE('',#1754,#1753);
#1756=DIRECTION('',(0.E0,1.E0,0.E0));
#1757=VECTOR('',#1756,6.59E-1);
#1758=CARTESIAN_POINT('',(-3.491373394554E1,-1.578327575333E0,1.2673E1));
#1759=LINE('',#1758,#1757);
#1760=DIRECTION('',(1.E0,0.E0,0.E0));
#1761=VECTOR('',#1760,1.05E0);
#1762=CARTESIAN_POINT('',(-3.596373394554E1,-9.193275753330E-1,1.2673E1));
#1763=LINE('',#1762,#1761);
#1764=DIRECTION('',(0.E0,0.E0,-1.E0));
#1765=VECTOR('',#1764,3.38E0);
#1766=CARTESIAN_POINT('',(-3.2329302E1,-1.63372E-1,1.6053E1));
#1767=LINE('',#1766,#1765);
#1768=DIRECTION('',(0.E0,0.E0,1.E0));
#1769=VECTOR('',#1768,3.38E0);
#1770=CARTESIAN_POINT('',(-3.2229302E1,-6.337199999999E-2,1.2673E1));
#1771=LINE('',#1770,#1769);
#1772=DIRECTION('',(-1.E0,0.E0,0.E0));
#1773=VECTOR('',#1772,9.24E-1);
#1774=CARTESIAN_POINT('',(-3.2329302E1,-1.63372E-1,1.6053E1));
#1775=LINE('',#1774,#1773);
#1776=DIRECTION('',(0.E0,0.E0,-1.E0));
#1777=VECTOR('',#1776,3.38E0);
#1778=CARTESIAN_POINT('',(-3.3353302E1,-6.337199999999E-2,1.6053E1));
#1779=LINE('',#1778,#1777);
#1780=DIRECTION('',(0.E0,0.E0,1.E0));
#1781=VECTOR('',#1780,3.38E0);
#1782=CARTESIAN_POINT('',(-3.3253302E1,-1.63372E-1,1.2673E1));
#1783=LINE('',#1782,#1781);
#1784=DIRECTION('',(0.E0,1.E0,0.E0));
#1785=VECTOR('',#1784,9.24E-1);
#1786=CARTESIAN_POINT('',(-3.3353302E1,-6.337199999999E-2,1.6053E1));
#1787=LINE('',#1786,#1785);
#1788=DIRECTION('',(0.E0,0.E0,-1.E0));
#1789=VECTOR('',#1788,3.38E0);
#1790=CARTESIAN_POINT('',(-3.3253302E1,9.60628E-1,1.6053E1));
#1791=LINE('',#1790,#1789);
#1792=DIRECTION('',(0.E0,0.E0,1.E0));
#1793=VECTOR('',#1792,3.38E0);
#1794=CARTESIAN_POINT('',(-3.3353302E1,8.60628E-1,1.2673E1));
#1795=LINE('',#1794,#1793);
#1796=DIRECTION('',(1.E0,0.E0,0.E0));
#1797=VECTOR('',#1796,9.24E-1);
#1798=CARTESIAN_POINT('',(-3.3253302E1,9.60628E-1,1.6053E1));
#1799=LINE('',#1798,#1797);
#1800=DIRECTION('',(0.E0,0.E0,-1.E0));
#1801=VECTOR('',#1800,3.38E0);
#1802=CARTESIAN_POINT('',(-3.2229302E1,8.60628E-1,1.6053E1));
#1803=LINE('',#1802,#1801);
#1804=DIRECTION('',(0.E0,0.E0,1.E0));
#1805=VECTOR('',#1804,3.38E0);
#1806=CARTESIAN_POINT('',(-3.2329302E1,9.60628E-1,1.2673E1));
#1807=LINE('',#1806,#1805);
#1808=DIRECTION('',(0.E0,-1.E0,0.E0));
#1809=VECTOR('',#1808,9.24E-1);
#1810=CARTESIAN_POINT('',(-3.2229302E1,8.60628E-1,1.6053E1));
#1811=LINE('',#1810,#1809);
#1812=CARTESIAN_POINT('',(-3.225859132188E1,-1.340826781186E-1,
1.608228932188E1));
#1813=CARTESIAN_POINT('',(-3.224085667087E1,-1.163480271002E-1,
1.606455467086E1));
#1814=CARTESIAN_POINT('',(-3.2229302E1,-9.408931661833E-2,1.6053E1));
#1815=CARTESIAN_POINT('',(-3.2229302E1,-6.337199999999E-2,1.6053E1));
#1817=DIRECTION('',(5.773502691896E-1,-5.773502691896E-1,-5.773502691896E-1));
#1818=VECTOR('',#1817,6.420897294098E-1);
#1819=CARTESIAN_POINT('',(-3.2629302E1,2.36628E-1,1.6453E1));
#1820=LINE('',#1819,#1818);
#1821=DIRECTION('',(2.193033135062E-14,-1.E0,1.096516567531E-14));
#1822=VECTOR('',#1821,3.24E-1);
#1823=CARTESIAN_POINT('',(-3.2629302E1,5.60628E-1,1.6453E1));
#1824=LINE('',#1823,#1822);
#1825=CARTESIAN_POINT('',(-3.2229302E1,8.60628E-1,1.6053E1));
#1826=CARTESIAN_POINT('',(-3.2229302E1,8.913453166184E-1,1.6053E1));
#1827=CARTESIAN_POINT('',(-3.224085667087E1,9.136040271003E-1,
1.606455467086E1));
#1828=CARTESIAN_POINT('',(-3.225859132188E1,9.313386781187E-1,
1.608228932188E1));
#1830=CARTESIAN_POINT('',(-3.332401267812E1,-1.340826781186E-1,
1.608228932188E1));
#1831=CARTESIAN_POINT('',(-3.330627802710E1,-1.518173291370E-1,
1.606455467086E1));
#1832=CARTESIAN_POINT('',(-3.328401931662E1,-1.63372E-1,1.6053E1));
#1833=CARTESIAN_POINT('',(-3.3253302E1,-1.63372E-1,1.6053E1));
#1835=DIRECTION('',(-1.E0,0.E0,0.E0));
#1836=VECTOR('',#1835,3.24E-1);
#1837=CARTESIAN_POINT('',(-3.2629302E1,2.36628E-1,1.6453E1));
#1838=LINE('',#1837,#1836);
#1839=CARTESIAN_POINT('',(-3.2329302E1,-1.63372E-1,1.6053E1));
#1840=CARTESIAN_POINT('',(-3.229858468338E1,-1.63372E-1,1.6053E1));
#1841=CARTESIAN_POINT('',(-3.227632597290E1,-1.518173291370E-1,
1.606455467086E1));
#1842=CARTESIAN_POINT('',(-3.225859132188E1,-1.340826781186E-1,
1.608228932188E1));
#1844=CARTESIAN_POINT('',(-3.332401267812E1,9.313386781187E-1,
1.608228932188E1));
#1845=CARTESIAN_POINT('',(-3.334174732914E1,9.136040271003E-1,
1.606455467086E1));
#1846=CARTESIAN_POINT('',(-3.3353302E1,8.913453166183E-1,1.6053E1));
#1847=CARTESIAN_POINT('',(-3.3353302E1,8.60628E-1,1.6053E1));
#1849=DIRECTION('',(-4.386066270124E-14,1.E0,0.E0));
#1850=VECTOR('',#1849,3.24E-1);
#1851=CARTESIAN_POINT('',(-3.2953302E1,2.36628E-1,1.6453E1));
#1852=LINE('',#1851,#1850);
#1853=DIRECTION('',(5.773502691896E-1,5.773502691896E-1,5.773502691896E-1));
#1854=VECTOR('',#1853,6.420897294098E-1);
#1855=CARTESIAN_POINT('',(-3.332401267812E1,-1.340826781186E-1,
1.608228932188E1));
#1856=LINE('',#1855,#1854);
#1857=CARTESIAN_POINT('',(-3.3353302E1,-6.337199999999E-2,1.6053E1));
#1858=CARTESIAN_POINT('',(-3.3353302E1,-9.408931661833E-2,1.6053E1));
#1859=CARTESIAN_POINT('',(-3.334174732914E1,-1.163480271002E-1,
1.606455467086E1));
#1860=CARTESIAN_POINT('',(-3.332401267812E1,-1.340826781186E-1,
1.608228932188E1));
#1862=CARTESIAN_POINT('',(-3.225859132188E1,9.313386781187E-1,
1.608228932188E1));
#1863=CARTESIAN_POINT('',(-3.227632597290E1,9.490733291371E-1,
1.606455467086E1));
#1864=CARTESIAN_POINT('',(-3.229858468338E1,9.60628E-1,1.6053E1));
#1865=CARTESIAN_POINT('',(-3.2329302E1,9.60628E-1,1.6053E1));
#1867=DIRECTION('',(5.773502691896E-1,5.773502691896E-1,-5.773502691896E-1));
#1868=VECTOR('',#1867,6.420897294098E-1);
#1869=CARTESIAN_POINT('',(-3.2629302E1,5.60628E-1,1.6453E1));
#1870=LINE('',#1869,#1868);
#1871=DIRECTION('',(1.E0,4.968590696625E-14,-1.096516567531E-14));
#1872=VECTOR('',#1871,3.24E-1);
#1873=CARTESIAN_POINT('',(-3.2953302E1,5.60628E-1,1.6453E1));
#1874=LINE('',#1873,#1872);
#1875=DIRECTION('',(5.773502691896E-1,-5.773502691896E-1,5.773502691896E-1));
#1876=VECTOR('',#1875,6.420897294098E-1);
#1877=CARTESIAN_POINT('',(-3.332401267812E1,9.313386781186E-1,
1.608228932188E1));
#1878=LINE('',#1877,#1876);
#1879=CARTESIAN_POINT('',(-3.3253302E1,9.60628E-1,1.6053E1));
#1880=CARTESIAN_POINT('',(-3.328401931662E1,9.60628E-1,1.6053E1));
#1881=CARTESIAN_POINT('',(-3.330627802710E1,9.490733291370E-1,
1.606455467086E1));
#1882=CARTESIAN_POINT('',(-3.332401267812E1,9.313386781186E-1,
1.608228932188E1));
#1884=DIRECTION('',(0.E0,0.E0,-1.E0));
#1885=VECTOR('',#1884,3.38E0);
#1886=CARTESIAN_POINT('',(-2.1953302E1,-6.337199999999E-2,1.6053E1));
#1887=LINE('',#1886,#1885);
#1888=DIRECTION('',(0.E0,0.E0,1.E0));
#1889=VECTOR('',#1888,3.38E0);
#1890=CARTESIAN_POINT('',(-2.1853302E1,-1.63372E-1,1.2673E1));
#1891=LINE('',#1890,#1889);
#1892=DIRECTION('',(0.E0,1.E0,0.E0));
#1893=VECTOR('',#1892,9.24E-1);
#1894=CARTESIAN_POINT('',(-2.1953302E1,-6.337199999999E-2,1.6053E1));
#1895=LINE('',#1894,#1893);
#1896=DIRECTION('',(0.E0,0.E0,-1.E0));
#1897=VECTOR('',#1896,3.38E0);
#1898=CARTESIAN_POINT('',(-2.1853302E1,9.60628E-1,1.6053E1));
#1899=LINE('',#1898,#1897);
#1900=DIRECTION('',(0.E0,0.E0,1.E0));
#1901=VECTOR('',#1900,3.38E0);
#1902=CARTESIAN_POINT('',(-2.1953302E1,8.60628E-1,1.2673E1));
#1903=LINE('',#1902,#1901);
#1904=DIRECTION('',(1.E0,0.E0,0.E0));
#1905=VECTOR('',#1904,9.24E-1);
#1906=CARTESIAN_POINT('',(-2.1853302E1,9.60628E-1,1.6053E1));
#1907=LINE('',#1906,#1905);
#1908=DIRECTION('',(0.E0,0.E0,-1.E0));
#1909=VECTOR('',#1908,3.38E0);
#1910=CARTESIAN_POINT('',(-2.0829302E1,8.60628E-1,1.6053E1));
#1911=LINE('',#1910,#1909);
#1912=DIRECTION('',(0.E0,0.E0,1.E0));
#1913=VECTOR('',#1912,3.38E0);
#1914=CARTESIAN_POINT('',(-2.0929302E1,9.60628E-1,1.2673E1));
#1915=LINE('',#1914,#1913);
#1916=DIRECTION('',(0.E0,-1.E0,0.E0));
#1917=VECTOR('',#1916,9.24E-1);
#1918=CARTESIAN_POINT('',(-2.0829302E1,8.60628E-1,1.6053E1));
#1919=LINE('',#1918,#1917);
#1920=DIRECTION('',(0.E0,0.E0,-1.E0));
#1921=VECTOR('',#1920,3.38E0);
#1922=CARTESIAN_POINT('',(-2.0929302E1,-1.63372E-1,1.6053E1));
#1923=LINE('',#1922,#1921);
#1924=DIRECTION('',(0.E0,0.E0,1.E0));
#1925=VECTOR('',#1924,3.38E0);
#1926=CARTESIAN_POINT('',(-2.0829302E1,-6.337199999999E-2,1.2673E1));
#1927=LINE('',#1926,#1925);
#1928=DIRECTION('',(-1.E0,0.E0,0.E0));
#1929=VECTOR('',#1928,9.24E-1);
#1930=CARTESIAN_POINT('',(-2.0929302E1,-1.63372E-1,1.6053E1));
#1931=LINE('',#1930,#1929);
#1932=CARTESIAN_POINT('',(-2.192401267812E1,-1.340826781186E-1,
1.608228932188E1));
#1933=CARTESIAN_POINT('',(-2.190627802710E1,-1.518173291370E-1,
1.606455467086E1));
#1934=CARTESIAN_POINT('',(-2.188401931662E1,-1.63372E-1,1.6053E1));
#1935=CARTESIAN_POINT('',(-2.1853302E1,-1.63372E-1,1.6053E1));
#1937=DIRECTION('',(-1.E0,0.E0,0.E0));
#1938=VECTOR('',#1937,3.24E-1);
#1939=CARTESIAN_POINT('',(-2.1229302E1,2.36628E-1,1.6453E1));
#1940=LINE('',#1939,#1938);
#1941=CARTESIAN_POINT('',(-2.0929302E1,-1.63372E-1,1.6053E1));
#1942=CARTESIAN_POINT('',(-2.089858468338E1,-1.63372E-1,1.6053E1));
#1943=CARTESIAN_POINT('',(-2.087632597290E1,-1.518173291370E-1,
1.606455467086E1));
#1944=CARTESIAN_POINT('',(-2.085859132188E1,-1.340826781186E-1,
1.608228932188E1));
#1946=CARTESIAN_POINT('',(-2.192401267812E1,9.313386781187E-1,
1.608228932188E1));
#1947=CARTESIAN_POINT('',(-2.194174732914E1,9.136040271003E-1,
1.606455467086E1));
#1948=CARTESIAN_POINT('',(-2.1953302E1,8.913453166184E-1,1.6053E1));
#1949=CARTESIAN_POINT('',(-2.1953302E1,8.60628E-1,1.6053E1));
#1951=DIRECTION('',(-6.579099405187E-14,1.E0,0.E0));
#1952=VECTOR('',#1951,3.24E-1);
#1953=CARTESIAN_POINT('',(-2.1553302E1,2.36628E-1,1.6453E1));
#1954=LINE('',#1953,#1952);
#1955=DIRECTION('',(5.773502691896E-1,5.773502691896E-1,5.773502691896E-1));
#1956=VECTOR('',#1955,6.420897294098E-1);
#1957=CARTESIAN_POINT('',(-2.192401267812E1,-1.340826781186E-1,
1.608228932188E1));
#1958=LINE('',#1957,#1956);
#1959=CARTESIAN_POINT('',(-2.1953302E1,-6.337200000001E-2,1.6053E1));
#1960=CARTESIAN_POINT('',(-2.1953302E1,-9.408931661834E-2,1.6053E1));
#1961=CARTESIAN_POINT('',(-2.194174732914E1,-1.163480271003E-1,
1.606455467086E1));
#1962=CARTESIAN_POINT('',(-2.192401267812E1,-1.340826781186E-1,
1.608228932188E1));
#1964=CARTESIAN_POINT('',(-2.085859132188E1,9.313386781187E-1,
1.608228932188E1));
#1965=CARTESIAN_POINT('',(-2.087632597290E1,9.490733291371E-1,
1.606455467086E1));
#1966=CARTESIAN_POINT('',(-2.089858468338E1,9.60628E-1,1.6053E1));
#1967=CARTESIAN_POINT('',(-2.0929302E1,9.60628E-1,1.6053E1));
#1969=DIRECTION('',(5.773502691896E-1,5.773502691896E-1,-5.773502691896E-1));
#1970=VECTOR('',#1969,6.420897294098E-1);
#1971=CARTESIAN_POINT('',(-2.1229302E1,5.60628E-1,1.6453E1));
#1972=LINE('',#1971,#1970);
#1973=DIRECTION('',(1.E0,5.105655267566E-14,0.E0));
#1974=VECTOR('',#1973,3.24E-1);
#1975=CARTESIAN_POINT('',(-2.1553302E1,5.60628E-1,1.6453E1));
#1976=LINE('',#1975,#1974);
#1977=DIRECTION('',(5.773502691896E-1,-5.773502691896E-1,5.773502691896E-1));
#1978=VECTOR('',#1977,6.420897294098E-1);
#1979=CARTESIAN_POINT('',(-2.192401267812E1,9.313386781186E-1,
1.608228932188E1));
#1980=LINE('',#1979,#1978);
#1981=CARTESIAN_POINT('',(-2.1853302E1,9.60628E-1,1.6053E1));
#1982=CARTESIAN_POINT('',(-2.188401931662E1,9.60628E-1,1.6053E1));
#1983=CARTESIAN_POINT('',(-2.190627802710E1,9.490733291370E-1,
1.606455467086E1));
#1984=CARTESIAN_POINT('',(-2.192401267812E1,9.313386781186E-1,
1.608228932188E1));
#1986=CARTESIAN_POINT('',(-2.085859132188E1,-1.340826781186E-1,
1.608228932188E1));
#1987=CARTESIAN_POINT('',(-2.084085667087E1,-1.163480271003E-1,
1.606455467086E1));
#1988=CARTESIAN_POINT('',(-2.0829302E1,-9.408931661834E-2,1.6053E1));
#1989=CARTESIAN_POINT('',(-2.0829302E1,-6.337200000001E-2,1.6053E1));
#1991=DIRECTION('',(5.773502691896E-1,-5.773502691896E-1,-5.773502691896E-1));
#1992=VECTOR('',#1991,6.420897294098E-1);
#1993=CARTESIAN_POINT('',(-2.1229302E1,2.36628E-1,1.6453E1));
#1994=LINE('',#1993,#1992);
#1995=DIRECTION('',(3.289549702593E-14,-1.E0,0.E0));
#1996=VECTOR('',#1995,3.24E-1);
#1997=CARTESIAN_POINT('',(-2.1229302E1,5.60628E-1,1.6453E1));
#1998=LINE('',#1997,#1996);
#1999=CARTESIAN_POINT('',(-2.0829302E1,8.60628E-1,1.6053E1));
#2000=CARTESIAN_POINT('',(-2.0829302E1,8.913453166184E-1,1.6053E1));
#2001=CARTESIAN_POINT('',(-2.084085667087E1,9.136040271003E-1,
1.606455467086E1));
#2002=CARTESIAN_POINT('',(-2.085859132188E1,9.313386781187E-1,
1.608228932188E1));
#2004=DIRECTION('',(0.E0,0.E0,-1.E0));
#2005=VECTOR('',#2004,3.38E0);
#2006=CARTESIAN_POINT('',(-1.5229302E1,-1.63372E-1,1.6053E1));
#2007=LINE('',#2006,#2005);
#2008=DIRECTION('',(0.E0,0.E0,1.E0));
#2009=VECTOR('',#2008,3.38E0);
#2010=CARTESIAN_POINT('',(-1.5129302E1,-6.337199999999E-2,1.2673E1));
#2011=LINE('',#2010,#2009);
#2012=DIRECTION('',(-1.E0,0.E0,0.E0));
#2013=VECTOR('',#2012,9.24E-1);
#2014=CARTESIAN_POINT('',(-1.5229302E1,-1.63372E-1,1.6053E1));
#2015=LINE('',#2014,#2013);
#2016=DIRECTION('',(0.E0,0.E0,-1.E0));
#2017=VECTOR('',#2016,3.38E0);
#2018=CARTESIAN_POINT('',(-1.6253302E1,-6.337199999999E-2,1.6053E1));
#2019=LINE('',#2018,#2017);
#2020=DIRECTION('',(0.E0,0.E0,1.E0));
#2021=VECTOR('',#2020,3.38E0);
#2022=CARTESIAN_POINT('',(-1.6153302E1,-1.63372E-1,1.2673E1));
#2023=LINE('',#2022,#2021);
#2024=DIRECTION('',(0.E0,1.E0,0.E0));
#2025=VECTOR('',#2024,9.24E-1);
#2026=CARTESIAN_POINT('',(-1.6253302E1,-6.337199999999E-2,1.6053E1));
#2027=LINE('',#2026,#2025);
#2028=DIRECTION('',(0.E0,0.E0,-1.E0));
#2029=VECTOR('',#2028,3.38E0);
#2030=CARTESIAN_POINT('',(-1.6153302E1,9.60628E-1,1.6053E1));
#2031=LINE('',#2030,#2029);
#2032=DIRECTION('',(0.E0,0.E0,1.E0));
#2033=VECTOR('',#2032,3.38E0);
#2034=CARTESIAN_POINT('',(-1.6253302E1,8.60628E-1,1.2673E1));
#2035=LINE('',#2034,#2033);
#2036=DIRECTION('',(1.E0,0.E0,0.E0));
#2037=VECTOR('',#2036,9.24E-1);
#2038=CARTESIAN_POINT('',(-1.6153302E1,9.60628E-1,1.6053E1));
#2039=LINE('',#2038,#2037);
#2040=DIRECTION('',(0.E0,0.E0,-1.E0));
#2041=VECTOR('',#2040,3.38E0);
#2042=CARTESIAN_POINT('',(-1.5129302E1,8.60628E-1,1.6053E1));
#2043=LINE('',#2042,#2041);
#2044=DIRECTION('',(0.E0,0.E0,1.E0));
#2045=VECTOR('',#2044,3.38E0);
#2046=CARTESIAN_POINT('',(-1.5229302E1,9.60628E-1,1.2673E1));
#2047=LINE('',#2046,#2045);
#2048=DIRECTION('',(0.E0,-1.E0,0.E0));
#2049=VECTOR('',#2048,9.24E-1);
#2050=CARTESIAN_POINT('',(-1.5129302E1,8.60628E-1,1.6053E1));
#2051=LINE('',#2050,#2049);
#2052=CARTESIAN_POINT('',(-1.515859132188E1,-1.340826781186E-1,
1.608228932188E1));
#2053=CARTESIAN_POINT('',(-1.514085667087E1,-1.163480271002E-1,
1.606455467086E1));
#2054=CARTESIAN_POINT('',(-1.5129302E1,-9.408931661833E-2,1.6053E1));
#2055=CARTESIAN_POINT('',(-1.5129302E1,-6.337199999999E-2,1.6053E1));
#2057=DIRECTION('',(5.773502691896E-1,-5.773502691896E-1,-5.773502691896E-1));
#2058=VECTOR('',#2057,6.420897294098E-1);
#2059=CARTESIAN_POINT('',(-1.5529302E1,2.36628E-1,1.6453E1));
#2060=LINE('',#2059,#2058);
#2061=DIRECTION('',(2.741291418828E-14,-1.E0,0.E0));
#2062=VECTOR('',#2061,3.24E-1);
#2063=CARTESIAN_POINT('',(-1.5529302E1,5.60628E-1,1.6453E1));
#2064=LINE('',#2063,#2062);
#2065=CARTESIAN_POINT('',(-1.5129302E1,8.60628E-1,1.6053E1));
#2066=CARTESIAN_POINT('',(-1.5129302E1,8.913453166184E-1,1.6053E1));
#2067=CARTESIAN_POINT('',(-1.514085667087E1,9.136040271003E-1,
1.606455467086E1));
#2068=CARTESIAN_POINT('',(-1.515859132188E1,9.313386781187E-1,
1.608228932188E1));
#2070=CARTESIAN_POINT('',(-1.622401267812E1,-1.340826781186E-1,
1.608228932188E1));
#2071=CARTESIAN_POINT('',(-1.620627802710E1,-1.518173291370E-1,
1.606455467086E1));
#2072=CARTESIAN_POINT('',(-1.618401931662E1,-1.63372E-1,1.6053E1));
#2073=CARTESIAN_POINT('',(-1.6153302E1,-1.63372E-1,1.6053E1));
#2075=DIRECTION('',(-1.E0,0.E0,0.E0));
#2076=VECTOR('',#2075,3.24E-1);
#2077=CARTESIAN_POINT('',(-1.5529302E1,2.36628E-1,1.6453E1));
#2078=LINE('',#2077,#2076);
#2079=CARTESIAN_POINT('',(-1.5229302E1,-1.63372E-1,1.6053E1));
#2080=CARTESIAN_POINT('',(-1.519858468338E1,-1.63372E-1,1.6053E1));
#2081=CARTESIAN_POINT('',(-1.517632597290E1,-1.518173291370E-1,
1.606455467086E1));
#2082=CARTESIAN_POINT('',(-1.515859132188E1,-1.340826781186E-1,
1.608228932188E1));
#2084=CARTESIAN_POINT('',(-1.622401267812E1,9.313386781187E-1,
1.608228932188E1));
#2085=CARTESIAN_POINT('',(-1.624174732914E1,9.136040271003E-1,
1.606455467086E1));
#2086=CARTESIAN_POINT('',(-1.6253302E1,8.913453166184E-1,1.6053E1));
#2087=CARTESIAN_POINT('',(-1.6253302E1,8.60628E-1,1.6053E1));
#2089=DIRECTION('',(3.837807986359E-14,1.E0,0.E0));
#2090=VECTOR('',#2089,3.24E-1);
#2091=CARTESIAN_POINT('',(-1.5853302E1,2.36628E-1,1.6453E1));
#2092=LINE('',#2091,#2090);
#2093=DIRECTION('',(5.773502691896E-1,5.773502691896E-1,5.773502691896E-1));
#2094=VECTOR('',#2093,6.420897294098E-1);
#2095=CARTESIAN_POINT('',(-1.622401267812E1,-1.340826781186E-1,
1.608228932188E1));
#2096=LINE('',#2095,#2094);
#2097=CARTESIAN_POINT('',(-1.6253302E1,-6.337200000001E-2,1.6053E1));
#2098=CARTESIAN_POINT('',(-1.6253302E1,-9.408931661834E-2,1.6053E1));
#2099=CARTESIAN_POINT('',(-1.624174732914E1,-1.163480271003E-1,
1.606455467086E1));
#2100=CARTESIAN_POINT('',(-1.622401267812E1,-1.340826781186E-1,
1.608228932188E1));
#2102=CARTESIAN_POINT('',(-1.515859132188E1,9.313386781187E-1,
1.608228932188E1));
#2103=CARTESIAN_POINT('',(-1.517632597290E1,9.490733291371E-1,
1.606455467086E1));
#2104=CARTESIAN_POINT('',(-1.519858468338E1,9.60628E-1,1.6053E1));
#2105=CARTESIAN_POINT('',(-1.5229302E1,9.60628E-1,1.6053E1));
#2107=DIRECTION('',(5.773502691896E-1,5.773502691896E-1,-5.773502691896E-1));
#2108=VECTOR('',#2107,6.420897294098E-1);
#2109=CARTESIAN_POINT('',(-1.5529302E1,5.60628E-1,1.6453E1));
#2110=LINE('',#2109,#2108);
#2111=DIRECTION('',(1.E0,0.E0,0.E0));
#2112=VECTOR('',#2111,3.24E-1);
#2113=CARTESIAN_POINT('',(-1.5853302E1,5.60628E-1,1.6453E1));
#2114=LINE('',#2113,#2112);
#2115=DIRECTION('',(5.773502691896E-1,-5.773502691896E-1,5.773502691896E-1));
#2116=VECTOR('',#2115,6.420897294098E-1);
#2117=CARTESIAN_POINT('',(-1.622401267812E1,9.313386781187E-1,
1.608228932188E1));
#2118=LINE('',#2117,#2116);
#2119=CARTESIAN_POINT('',(-1.6153302E1,9.60628E-1,1.6053E1));
#2120=CARTESIAN_POINT('',(-1.618401931662E1,9.60628E-1,1.6053E1));
#2121=CARTESIAN_POINT('',(-1.620627802710E1,9.490733291371E-1,
1.606455467086E1));
#2122=CARTESIAN_POINT('',(-1.622401267812E1,9.313386781187E-1,
1.608228932188E1));
#2124=DIRECTION('',(0.E0,0.E0,-1.E0));
#2125=VECTOR('',#2124,3.38E0);
#2126=CARTESIAN_POINT('',(-2.7653302E1,-6.337199999999E-2,1.6053E1));
#2127=LINE('',#2126,#2125);
#2128=DIRECTION('',(0.E0,0.E0,1.E0));
#2129=VECTOR('',#2128,3.38E0);
#2130=CARTESIAN_POINT('',(-2.7553302E1,-1.63372E-1,1.2673E1));
#2131=LINE('',#2130,#2129);
#2132=DIRECTION('',(0.E0,1.E0,0.E0));
#2133=VECTOR('',#2132,9.24E-1);
#2134=CARTESIAN_POINT('',(-2.7653302E1,-6.337199999999E-2,1.6053E1));
#2135=LINE('',#2134,#2133);
#2136=DIRECTION('',(0.E0,0.E0,-1.E0));
#2137=VECTOR('',#2136,3.38E0);
#2138=CARTESIAN_POINT('',(-2.7553302E1,9.60628E-1,1.6053E1));
#2139=LINE('',#2138,#2137);
#2140=DIRECTION('',(0.E0,0.E0,1.E0));
#2141=VECTOR('',#2140,3.38E0);
#2142=CARTESIAN_POINT('',(-2.7653302E1,8.60628E-1,1.2673E1));
#2143=LINE('',#2142,#2141);
#2144=DIRECTION('',(1.E0,0.E0,0.E0));
#2145=VECTOR('',#2144,9.24E-1);
#2146=CARTESIAN_POINT('',(-2.7553302E1,9.60628E-1,1.6053E1));
#2147=LINE('',#2146,#2145);
#2148=DIRECTION('',(0.E0,0.E0,-1.E0));
#2149=VECTOR('',#2148,3.38E0);
#2150=CARTESIAN_POINT('',(-2.6529302E1,8.60628E-1,1.6053E1));
#2151=LINE('',#2150,#2149);
#2152=DIRECTION('',(0.E0,0.E0,1.E0));
#2153=VECTOR('',#2152,3.38E0);
#2154=CARTESIAN_POINT('',(-2.6629302E1,9.60628E-1,1.2673E1));
#2155=LINE('',#2154,#2153);
#2156=DIRECTION('',(0.E0,-1.E0,0.E0));
#2157=VECTOR('',#2156,9.24E-1);
#2158=CARTESIAN_POINT('',(-2.6529302E1,8.60628E-1,1.6053E1));
#2159=LINE('',#2158,#2157);
#2160=DIRECTION('',(0.E0,0.E0,-1.E0));
#2161=VECTOR('',#2160,3.38E0);
#2162=CARTESIAN_POINT('',(-2.6629302E1,-1.63372E-1,1.6053E1));
#2163=LINE('',#2162,#2161);
#2164=DIRECTION('',(0.E0,0.E0,1.E0));
#2165=VECTOR('',#2164,3.38E0);
#2166=CARTESIAN_POINT('',(-2.6529302E1,-6.337199999999E-2,1.2673E1));
#2167=LINE('',#2166,#2165);
#2168=DIRECTION('',(-1.E0,0.E0,0.E0));
#2169=VECTOR('',#2168,9.24E-1);
#2170=CARTESIAN_POINT('',(-2.6629302E1,-1.63372E-1,1.6053E1));
#2171=LINE('',#2170,#2169);
#2172=CARTESIAN_POINT('',(-2.762401267812E1,-1.340826781187E-1,
1.608228932188E1));
#2173=CARTESIAN_POINT('',(-2.760627802710E1,-1.518173291371E-1,
1.606455467086E1));
#2174=CARTESIAN_POINT('',(-2.758401931662E1,-1.63372E-1,1.6053E1));
#2175=CARTESIAN_POINT('',(-2.7553302E1,-1.63372E-1,1.6053E1));
#2177=DIRECTION('',(-1.E0,-4.908624946838E-14,0.E0));
#2178=VECTOR('',#2177,3.24E-1);
#2179=CARTESIAN_POINT('',(-2.6929302E1,2.36628E-1,1.6453E1));
#2180=LINE('',#2179,#2178);
#2181=CARTESIAN_POINT('',(-2.6629302E1,-1.63372E-1,1.6053E1));
#2182=CARTESIAN_POINT('',(-2.659858468338E1,-1.63372E-1,1.6053E1));
#2183=CARTESIAN_POINT('',(-2.657632597290E1,-1.518173291370E-1,
1.606455467086E1));
#2184=CARTESIAN_POINT('',(-2.655859132188E1,-1.340826781186E-1,
1.608228932188E1));
#2186=CARTESIAN_POINT('',(-2.762401267812E1,9.313386781187E-1,
1.608228932188E1));
#2187=CARTESIAN_POINT('',(-2.764174732914E1,9.136040271003E-1,
1.606455467086E1));
#2188=CARTESIAN_POINT('',(-2.7653302E1,8.913453166184E-1,1.6053E1));
#2189=CARTESIAN_POINT('',(-2.7653302E1,8.60628E-1,1.6053E1));
#2191=DIRECTION('',(-6.579099405186E-14,1.E0,0.E0));
#2192=VECTOR('',#2191,3.24E-1);
#2193=CARTESIAN_POINT('',(-2.7253302E1,2.36628E-1,1.6453E1));
#2194=LINE('',#2193,#2192);
#2195=DIRECTION('',(5.773502691896E-1,5.773502691896E-1,5.773502691896E-1));
#2196=VECTOR('',#2195,6.420897294098E-1);
#2197=CARTESIAN_POINT('',(-2.762401267812E1,-1.340826781187E-1,
1.608228932188E1));
#2198=LINE('',#2197,#2196);
#2199=CARTESIAN_POINT('',(-2.7653302E1,-6.337199999999E-2,1.6053E1));
#2200=CARTESIAN_POINT('',(-2.7653302E1,-9.408931661835E-2,1.6053E1));
#2201=CARTESIAN_POINT('',(-2.764174732914E1,-1.163480271003E-1,
1.606455467086E1));
#2202=CARTESIAN_POINT('',(-2.762401267812E1,-1.340826781187E-1,
1.608228932188E1));
#2204=CARTESIAN_POINT('',(-2.655859132188E1,9.313386781186E-1,
1.608228932188E1));
#2205=CARTESIAN_POINT('',(-2.657632597290E1,9.490733291370E-1,
1.606455467086E1));
#2206=CARTESIAN_POINT('',(-2.659858468338E1,9.60628E-1,1.6053E1));
#2207=CARTESIAN_POINT('',(-2.6629302E1,9.60628E-1,1.6053E1));
#2209=DIRECTION('',(5.773502691896E-1,5.773502691896E-1,-5.773502691896E-1));
#2210=VECTOR('',#2209,6.420897294098E-1);
#2211=CARTESIAN_POINT('',(-2.6929302E1,5.60628E-1,1.6453E1));
#2212=LINE('',#2211,#2210);
#2213=DIRECTION('',(1.E0,-4.900058411154E-14,0.E0));
#2214=VECTOR('',#2213,3.24E-1);
#2215=CARTESIAN_POINT('',(-2.7253302E1,5.60628E-1,1.6453E1));
#2216=LINE('',#2215,#2214);
#2217=DIRECTION('',(5.773502691896E-1,-5.773502691896E-1,5.773502691896E-1));
#2218=VECTOR('',#2217,6.420897294098E-1);
#2219=CARTESIAN_POINT('',(-2.762401267812E1,9.313386781187E-1,
1.608228932188E1));
#2220=LINE('',#2219,#2218);
#2221=CARTESIAN_POINT('',(-2.7553302E1,9.60628E-1,1.6053E1));
#2222=CARTESIAN_POINT('',(-2.758401931662E1,9.60628E-1,1.6053E1));
#2223=CARTESIAN_POINT('',(-2.760627802710E1,9.490733291371E-1,
1.606455467086E1));
#2224=CARTESIAN_POINT('',(-2.762401267812E1,9.313386781187E-1,
1.608228932188E1));
#2226=CARTESIAN_POINT('',(-2.655859132188E1,-1.340826781186E-1,
1.608228932188E1));
#2227=CARTESIAN_POINT('',(-2.654085667087E1,-1.163480271002E-1,
1.606455467086E1));
#2228=CARTESIAN_POINT('',(-2.6529302E1,-9.408931661833E-2,1.6053E1));
#2229=CARTESIAN_POINT('',(-2.6529302E1,-6.337199999999E-2,1.6053E1));
#2231=DIRECTION('',(5.773502691896E-1,-5.773502691896E-1,-5.773502691896E-1));
#2232=VECTOR('',#2231,6.420897294098E-1);
#2233=CARTESIAN_POINT('',(-2.6929302E1,2.36628E-1,1.6453E1));
#2234=LINE('',#2233,#2232);
#2235=DIRECTION('',(-7.675615972718E-14,-1.E0,1.096516567531E-14));
#2236=VECTOR('',#2235,3.24E-1);
#2237=CARTESIAN_POINT('',(-2.6929302E1,5.60628E-1,1.6453E1));
#2238=LINE('',#2237,#2236);
#2239=CARTESIAN_POINT('',(-2.6529302E1,8.60628E-1,1.6053E1));
#2240=CARTESIAN_POINT('',(-2.6529302E1,8.913453166183E-1,1.6053E1));
#2241=CARTESIAN_POINT('',(-2.654085667087E1,9.136040271003E-1,
1.606455467086E1));
#2242=CARTESIAN_POINT('',(-2.655859132188E1,9.313386781187E-1,
1.608228932188E1));
#2244=DIRECTION('',(0.E0,-1.E0,0.E0));
#2245=VECTOR('',#2244,9.24E-1);
#2246=CARTESIAN_POINT('',(-9.426734000001E0,6.560628E0,1.6053E1));
#2247=LINE('',#2246,#2245);
#2248=DIRECTION('',(0.E0,0.E0,-1.E0));
#2249=VECTOR('',#2248,3.38E0);
#2250=CARTESIAN_POINT('',(-9.526734000001E0,5.536628E0,1.6053E1));
#2251=LINE('',#2250,#2249);
#2252=DIRECTION('',(0.E0,0.E0,1.E0));
#2253=VECTOR('',#2252,3.38E0);
#2254=CARTESIAN_POINT('',(-9.426734000001E0,5.636628E0,1.2673E1));
#2255=LINE('',#2254,#2253);
#2256=DIRECTION('',(-1.E0,0.E0,0.E0));
#2257=VECTOR('',#2256,9.239999999999E-1);
#2258=CARTESIAN_POINT('',(-9.526734000001E0,5.536628E0,1.6053E1));
#2259=LINE('',#2258,#2257);
#2260=CARTESIAN_POINT('',(-1.052144467812E1,5.565917321881E0,1.608228932188E1));
#2261=CARTESIAN_POINT('',(-1.050371002710E1,5.548182670863E0,1.606455467086E1));
#2262=CARTESIAN_POINT('',(-1.048145131662E1,5.536628E0,1.6053E1));
#2263=CARTESIAN_POINT('',(-1.0450734E1,5.536628E0,1.6053E1));
#2265=DIRECTION('',(-1.E0,2.193033135062E-14,0.E0));
#2266=VECTOR('',#2265,3.24E-1);
#2267=CARTESIAN_POINT('',(-9.826734000001E0,5.936628E0,1.6453E1));
#2268=LINE('',#2267,#2266);
#2269=CARTESIAN_POINT('',(-9.526734000001E0,5.536628E0,1.6053E1));
#2270=CARTESIAN_POINT('',(-9.496016683382E0,5.536628E0,1.6053E1));
#2271=CARTESIAN_POINT('',(-9.473757972900E0,5.548182670863E0,1.606455467086E1));
#2272=CARTESIAN_POINT('',(-9.456023321882E0,5.565917321881E0,1.608228932188E1));
#2274=DIRECTION('',(0.E0,0.E0,-1.E0));
#2275=VECTOR('',#2274,3.38E0);
#2276=CARTESIAN_POINT('',(-1.0550734E1,5.636628E0,1.6053E1));
#2277=LINE('',#2276,#2275);
#2278=DIRECTION('',(0.E0,0.E0,1.E0));
#2279=VECTOR('',#2278,3.38E0);
#2280=CARTESIAN_POINT('',(-1.0450734E1,5.536628E0,1.2673E1));
#2281=LINE('',#2280,#2279);
#2282=DIRECTION('',(0.E0,1.E0,0.E0));
#2283=VECTOR('',#2282,9.24E-1);
#2284=CARTESIAN_POINT('',(-1.0550734E1,5.636628E0,1.6053E1));
#2285=LINE('',#2284,#2283);
#2286=DIRECTION('',(0.E0,0.E0,-1.E0));
#2287=VECTOR('',#2286,3.38E0);
#2288=CARTESIAN_POINT('',(-1.0450734E1,6.660628E0,1.6053E1));
#2289=LINE('',#2288,#2287);
#2290=DIRECTION('',(0.E0,0.E0,1.E0));
#2291=VECTOR('',#2290,3.38E0);
#2292=CARTESIAN_POINT('',(-1.0550734E1,6.560628E0,1.2673E1));
#2293=LINE('',#2292,#2291);
#2294=DIRECTION('',(1.E0,0.E0,0.E0));
#2295=VECTOR('',#2294,9.239999999999E-1);
#2296=CARTESIAN_POINT('',(-1.0450734E1,6.660628E0,1.6053E1));
#2297=LINE('',#2296,#2295);
#2298=CARTESIAN_POINT('',(-9.456023321882E0,6.631338678119E0,1.608228932188E1));
#2299=CARTESIAN_POINT('',(-9.473757972900E0,6.649073329137E0,1.606455467086E1));
#2300=CARTESIAN_POINT('',(-9.496016683382E0,6.660628E0,1.6053E1));
#2301=CARTESIAN_POINT('',(-9.526734000001E0,6.660628E0,1.6053E1));
#2303=DIRECTION('',(1.E0,-1.096516567531E-14,0.E0));
#2304=VECTOR('',#2303,3.24E-1);
#2305=CARTESIAN_POINT('',(-1.0150734E1,6.260628E0,1.6453E1));
#2306=LINE('',#2305,#2304);
#2307=DIRECTION('',(5.773502691896E-1,-5.773502691896E-1,5.773502691896E-1));
#2308=VECTOR('',#2307,6.420897294098E-1);
#2309=CARTESIAN_POINT('',(-1.052144467812E1,6.631338678119E0,1.608228932188E1));
#2310=LINE('',#2309,#2308);
#2311=CARTESIAN_POINT('',(-1.0450734E1,6.660628E0,1.6053E1));
#2312=CARTESIAN_POINT('',(-1.048145131662E1,6.660628E0,1.6053E1));
#2313=CARTESIAN_POINT('',(-1.050371002710E1,6.649073329137E0,1.606455467086E1));
#2314=CARTESIAN_POINT('',(-1.052144467812E1,6.631338678119E0,1.608228932188E1));
#2316=DIRECTION('',(0.E0,0.E0,-1.E0));
#2317=VECTOR('',#2316,3.38E0);
#2318=CARTESIAN_POINT('',(-9.426734000001E0,6.560628E0,1.6053E1));
#2319=LINE('',#2318,#2317);
#2320=DIRECTION('',(0.E0,0.E0,1.E0));
#2321=VECTOR('',#2320,3.38E0);
#2322=CARTESIAN_POINT('',(-9.526734000001E0,6.660628E0,1.2673E1));
#2323=LINE('',#2322,#2321);
#2324=CARTESIAN_POINT('',(-9.456023321882E0,5.565917321881E0,1.608228932188E1));
#2325=CARTESIAN_POINT('',(-9.438288670864E0,5.583651972900E0,1.606455467086E1));
#2326=CARTESIAN_POINT('',(-9.426734000001E0,5.605910683382E0,1.6053E1));
#2327=CARTESIAN_POINT('',(-9.426734000001E0,5.636628E0,1.6053E1));
#2329=DIRECTION('',(5.773502691896E-1,-5.773502691896E-1,-5.773502691896E-1));
#2330=VECTOR('',#2329,6.420897294098E-1);
#2331=CARTESIAN_POINT('',(-9.826734000001E0,5.936628E0,1.6453E1));
#2332=LINE('',#2331,#2330);
#2333=DIRECTION('',(-5.482582837655E-14,-1.E0,0.E0));
#2334=VECTOR('',#2333,3.24E-1);
#2335=CARTESIAN_POINT('',(-9.826734000001E0,6.260628E0,1.6453E1));
#2336=LINE('',#2335,#2334);
#2337=DIRECTION('',(-5.773502691896E-1,-5.773502691896E-1,5.773502691896E-1));
#2338=VECTOR('',#2337,6.420897294098E-1);
#2339=CARTESIAN_POINT('',(-9.456023321882E0,6.631338678119E0,1.608228932188E1));
#2340=LINE('',#2339,#2338);
#2341=CARTESIAN_POINT('',(-9.426734000001E0,6.560628E0,1.6053E1));
#2342=CARTESIAN_POINT('',(-9.426734000001E0,6.591345316618E0,1.6053E1));
#2343=CARTESIAN_POINT('',(-9.438288670864E0,6.613604027100E0,1.606455467086E1));
#2344=CARTESIAN_POINT('',(-9.456023321882E0,6.631338678119E0,1.608228932188E1));
#2346=CARTESIAN_POINT('',(-1.052144467812E1,6.631338678119E0,1.608228932188E1));
#2347=CARTESIAN_POINT('',(-1.053917932914E1,6.613604027100E0,1.606455467086E1));
#2348=CARTESIAN_POINT('',(-1.0550734E1,6.591345316618E0,1.6053E1));
#2349=CARTESIAN_POINT('',(-1.0550734E1,6.560628E0,1.6053E1));
#2351=DIRECTION('',(1.644774851296E-14,1.E0,0.E0));
#2352=VECTOR('',#2351,3.24E-1);
#2353=CARTESIAN_POINT('',(-1.0150734E1,5.936628E0,1.6453E1));
#2354=LINE('',#2353,#2352);
#2355=DIRECTION('',(5.773502691896E-1,5.773502691896E-1,5.773502691896E-1));
#2356=VECTOR('',#2355,6.420897294098E-1);
#2357=CARTESIAN_POINT('',(-1.052144467812E1,5.565917321881E0,1.608228932188E1));
#2358=LINE('',#2357,#2356);
#2359=CARTESIAN_POINT('',(-1.0550734E1,5.636628E0,1.6053E1));
#2360=CARTESIAN_POINT('',(-1.0550734E1,5.605910683382E0,1.6053E1));
#2361=CARTESIAN_POINT('',(-1.053917932914E1,5.583651972900E0,1.606455467086E1));
#2362=CARTESIAN_POINT('',(-1.052144467812E1,5.565917321881E0,1.608228932188E1));
#2364=DIRECTION('',(0.E0,1.E0,0.E0));
#2365=VECTOR('',#2364,9.24E-1);
#2366=CARTESIAN_POINT('',(-1.6250734E1,5.636628E0,1.6053E1));
#2367=LINE('',#2366,#2365);
#2368=DIRECTION('',(0.E0,0.E0,-1.E0));
#2369=VECTOR('',#2368,3.38E0);
#2370=CARTESIAN_POINT('',(-1.6250734E1,5.636628E0,1.6053E1));
#2371=LINE('',#2370,#2369);
#2372=DIRECTION('',(0.E0,0.E0,1.E0));
#2373=VECTOR('',#2372,3.38E0);
#2374=CARTESIAN_POINT('',(-1.6150734E1,5.536628E0,1.2673E1));
#2375=LINE('',#2374,#2373);
#2376=CARTESIAN_POINT('',(-1.622144467812E1,6.631338678119E0,1.608228932188E1));
#2377=CARTESIAN_POINT('',(-1.623917932914E1,6.613604027100E0,1.606455467086E1));
#2378=CARTESIAN_POINT('',(-1.6250734E1,6.591345316618E0,1.6053E1));
#2379=CARTESIAN_POINT('',(-1.6250734E1,6.560628E0,1.6053E1));
#2381=DIRECTION('',(-6.030841121420E-14,1.E0,0.E0));
#2382=VECTOR('',#2381,3.24E-1);
#2383=CARTESIAN_POINT('',(-1.5850734E1,5.936628E0,1.6453E1));
#2384=LINE('',#2383,#2382);
#2385=DIRECTION('',(5.773502691896E-1,5.773502691896E-1,5.773502691896E-1));
#2386=VECTOR('',#2385,6.420897294098E-1);
#2387=CARTESIAN_POINT('',(-1.622144467812E1,5.565917321881E0,1.608228932188E1));
#2388=LINE('',#2387,#2386);
#2389=CARTESIAN_POINT('',(-1.6250734E1,5.636628E0,1.6053E1));
#2390=CARTESIAN_POINT('',(-1.6250734E1,5.605910683382E0,1.6053E1));
#2391=CARTESIAN_POINT('',(-1.623917932914E1,5.583651972900E0,1.606455467086E1));
#2392=CARTESIAN_POINT('',(-1.622144467812E1,5.565917321881E0,1.608228932188E1));
#2394=DIRECTION('',(0.E0,0.E0,-1.E0));
#2395=VECTOR('',#2394,3.38E0);
#2396=CARTESIAN_POINT('',(-1.6150734E1,6.660628E0,1.6053E1));
#2397=LINE('',#2396,#2395);
#2398=DIRECTION('',(0.E0,0.E0,1.E0));
#2399=VECTOR('',#2398,3.38E0);
#2400=CARTESIAN_POINT('',(-1.6250734E1,6.560628E0,1.2673E1));
#2401=LINE('',#2400,#2399);
#2402=DIRECTION('',(1.E0,0.E0,0.E0));
#2403=VECTOR('',#2402,9.239999999999E-1);
#2404=CARTESIAN_POINT('',(-1.6150734E1,6.660628E0,1.6053E1));
#2405=LINE('',#2404,#2403);
#2406=CARTESIAN_POINT('',(-1.515602332188E1,6.631338678119E0,1.608228932188E1));
#2407=CARTESIAN_POINT('',(-1.517375797290E1,6.649073329137E0,1.606455467086E1));
#2408=CARTESIAN_POINT('',(-1.519601668338E1,6.660628E0,1.6053E1));
#2409=CARTESIAN_POINT('',(-1.5226734E1,6.660628E0,1.6053E1));
#2411=DIRECTION('',(5.773502691896E-1,5.773502691896E-1,-5.773502691896E-1));
#2412=VECTOR('',#2411,6.420897294098E-1);
#2413=CARTESIAN_POINT('',(-1.5526734E1,6.260628E0,1.6453E1));
#2414=LINE('',#2413,#2412);
#2415=DIRECTION('',(1.E0,-2.467162276945E-14,0.E0));
#2416=VECTOR('',#2415,3.239999999999E-1);
#2417=CARTESIAN_POINT('',(-1.5850734E1,6.260628E0,1.6453E1));
#2418=LINE('',#2417,#2416);
#2419=DIRECTION('',(5.773502691896E-1,-5.773502691896E-1,5.773502691896E-1));
#2420=VECTOR('',#2419,6.420897294098E-1);
#2421=CARTESIAN_POINT('',(-1.622144467812E1,6.631338678119E0,1.608228932188E1));
#2422=LINE('',#2421,#2420);
#2423=CARTESIAN_POINT('',(-1.6150734E1,6.660628E0,1.6053E1));
#2424=CARTESIAN_POINT('',(-1.618145131662E1,6.660628E0,1.6053E1));
#2425=CARTESIAN_POINT('',(-1.620371002710E1,6.649073329137E0,1.606455467086E1));
#2426=CARTESIAN_POINT('',(-1.622144467812E1,6.631338678119E0,1.608228932188E1));
#2428=DIRECTION('',(0.E0,0.E0,-1.E0));
#2429=VECTOR('',#2428,3.38E0);
#2430=CARTESIAN_POINT('',(-1.5126734E1,6.560628E0,1.6053E1));
#2431=LINE('',#2430,#2429);
#2432=DIRECTION('',(0.E0,0.E0,1.E0));
#2433=VECTOR('',#2432,3.38E0);
#2434=CARTESIAN_POINT('',(-1.5226734E1,6.660628E0,1.2673E1));
#2435=LINE('',#2434,#2433);
#2436=DIRECTION('',(0.E0,-1.E0,0.E0));
#2437=VECTOR('',#2436,9.24E-1);
#2438=CARTESIAN_POINT('',(-1.5126734E1,6.560628E0,1.6053E1));
#2439=LINE('',#2438,#2437);
#2440=DIRECTION('',(0.E0,0.E0,-1.E0));
#2441=VECTOR('',#2440,3.38E0);
#2442=CARTESIAN_POINT('',(-1.5226734E1,5.536628E0,1.6053E1));
#2443=LINE('',#2442,#2441);
#2444=DIRECTION('',(0.E0,0.E0,1.E0));
#2445=VECTOR('',#2444,3.38E0);
#2446=CARTESIAN_POINT('',(-1.5126734E1,5.636628E0,1.2673E1));
#2447=LINE('',#2446,#2445);
#2448=DIRECTION('',(-1.E0,0.E0,0.E0));
#2449=VECTOR('',#2448,9.239999999999E-1);
#2450=CARTESIAN_POINT('',(-1.5226734E1,5.536628E0,1.6053E1));
#2451=LINE('',#2450,#2449);
#2452=CARTESIAN_POINT('',(-1.622144467812E1,5.565917321881E0,1.608228932188E1));
#2453=CARTESIAN_POINT('',(-1.620371002710E1,5.548182670863E0,1.606455467086E1));
#2454=CARTESIAN_POINT('',(-1.618145131662E1,5.536628E0,1.6053E1));
#2455=CARTESIAN_POINT('',(-1.6150734E1,5.536628E0,1.6053E1));
#2457=DIRECTION('',(-1.E0,-4.934324553891E-14,0.E0));
#2458=VECTOR('',#2457,3.239999999999E-1);
#2459=CARTESIAN_POINT('',(-1.5526734E1,5.936628E0,1.6453E1));
#2460=LINE('',#2459,#2458);
#2461=CARTESIAN_POINT('',(-1.5226734E1,5.536628E0,1.6053E1));
#2462=CARTESIAN_POINT('',(-1.519601668338E1,5.536628E0,1.6053E1));
#2463=CARTESIAN_POINT('',(-1.517375797290E1,5.548182670863E0,1.606455467086E1));
#2464=CARTESIAN_POINT('',(-1.515602332188E1,5.565917321881E0,1.608228932188E1));
#2466=CARTESIAN_POINT('',(-1.515602332188E1,5.565917321881E0,1.608228932188E1));
#2467=CARTESIAN_POINT('',(-1.513828867086E1,5.583651972900E0,1.606455467086E1));
#2468=CARTESIAN_POINT('',(-1.5126734E1,5.605910683382E0,1.6053E1));
#2469=CARTESIAN_POINT('',(-1.5126734E1,5.636628E0,1.6053E1));
#2471=DIRECTION('',(5.773502691896E-1,-5.773502691896E-1,-5.773502691896E-1));
#2472=VECTOR('',#2471,6.420897294098E-1);
#2473=CARTESIAN_POINT('',(-1.5526734E1,5.936628E0,1.6453E1));
#2474=LINE('',#2473,#2472);
#2475=DIRECTION('',(0.E0,-1.E0,0.E0));
#2476=VECTOR('',#2475,3.24E-1);
#2477=CARTESIAN_POINT('',(-1.5526734E1,6.260628E0,1.6453E1));
#2478=LINE('',#2477,#2476);
#2479=CARTESIAN_POINT('',(-1.5126734E1,6.560628E0,1.6053E1));
#2480=CARTESIAN_POINT('',(-1.5126734E1,6.591345316618E0,1.6053E1));
#2481=CARTESIAN_POINT('',(-1.513828867086E1,6.613604027100E0,1.606455467086E1));
#2482=CARTESIAN_POINT('',(-1.515602332188E1,6.631338678119E0,1.608228932188E1));
#2484=DIRECTION('',(0.E0,1.E0,0.E0));
#2485=VECTOR('',#2484,9.24E-1);
#2486=CARTESIAN_POINT('',(-2.1950734E1,5.636628E0,1.6053E1));
#2487=LINE('',#2486,#2485);
#2488=DIRECTION('',(0.E0,0.E0,-1.E0));
#2489=VECTOR('',#2488,3.38E0);
#2490=CARTESIAN_POINT('',(-2.1950734E1,5.636628E0,1.6053E1));
#2491=LINE('',#2490,#2489);
#2492=DIRECTION('',(0.E0,0.E0,1.E0));
#2493=VECTOR('',#2492,3.38E0);
#2494=CARTESIAN_POINT('',(-2.1850734E1,5.536628E0,1.2673E1));
#2495=LINE('',#2494,#2493);
#2496=CARTESIAN_POINT('',(-2.192144467812E1,6.631338678119E0,1.608228932188E1));
#2497=CARTESIAN_POINT('',(-2.193917932914E1,6.613604027100E0,1.606455467086E1));
#2498=CARTESIAN_POINT('',(-2.1950734E1,6.591345316618E0,1.6053E1));
#2499=CARTESIAN_POINT('',(-2.1950734E1,6.560628E0,1.6053E1));
#2501=DIRECTION('',(1.096516567531E-14,1.E0,0.E0));
#2502=VECTOR('',#2501,3.24E-1);
#2503=CARTESIAN_POINT('',(-2.1550734E1,5.936628E0,1.6453E1));
#2504=LINE('',#2503,#2502);
#2505=DIRECTION('',(5.773502691896E-1,5.773502691896E-1,5.773502691896E-1));
#2506=VECTOR('',#2505,6.420897294098E-1);
#2507=CARTESIAN_POINT('',(-2.192144467812E1,5.565917321881E0,1.608228932188E1));
#2508=LINE('',#2507,#2506);
#2509=CARTESIAN_POINT('',(-2.1950734E1,5.636628E0,1.6053E1));
#2510=CARTESIAN_POINT('',(-2.1950734E1,5.605910683382E0,1.6053E1));
#2511=CARTESIAN_POINT('',(-2.193917932914E1,5.583651972900E0,1.606455467086E1));
#2512=CARTESIAN_POINT('',(-2.192144467812E1,5.565917321881E0,1.608228932188E1));
#2514=DIRECTION('',(0.E0,0.E0,-1.E0));
#2515=VECTOR('',#2514,3.38E0);
#2516=CARTESIAN_POINT('',(-2.1850734E1,6.660628E0,1.6053E1));
#2517=LINE('',#2516,#2515);
#2518=DIRECTION('',(0.E0,0.E0,1.E0));
#2519=VECTOR('',#2518,3.38E0);
#2520=CARTESIAN_POINT('',(-2.1950734E1,6.560628E0,1.2673E1));
#2521=LINE('',#2520,#2519);
#2522=DIRECTION('',(1.E0,0.E0,0.E0));
#2523=VECTOR('',#2522,9.239999999999E-1);
#2524=CARTESIAN_POINT('',(-2.1850734E1,6.660628E0,1.6053E1));
#2525=LINE('',#2524,#2523);
#2526=CARTESIAN_POINT('',(-2.085602332188E1,6.631338678119E0,1.608228932188E1));
#2527=CARTESIAN_POINT('',(-2.087375797290E1,6.649073329137E0,1.606455467086E1));
#2528=CARTESIAN_POINT('',(-2.089601668338E1,6.660628E0,1.6053E1));
#2529=CARTESIAN_POINT('',(-2.0926734E1,6.660628E0,1.6053E1));
#2531=DIRECTION('',(5.773502691896E-1,5.773502691896E-1,-5.773502691896E-1));
#2532=VECTOR('',#2531,6.420897294098E-1);
#2533=CARTESIAN_POINT('',(-2.1226734E1,6.260628E0,1.6453E1));
#2534=LINE('',#2533,#2532);
#2535=DIRECTION('',(1.E0,0.E0,0.E0));
#2536=VECTOR('',#2535,3.239999999999E-1);
#2537=CARTESIAN_POINT('',(-2.1550734E1,6.260628E0,1.6453E1));
#2538=LINE('',#2537,#2536);
#2539=DIRECTION('',(5.773502691896E-1,-5.773502691896E-1,5.773502691896E-1));
#2540=VECTOR('',#2539,6.420897294098E-1);
#2541=CARTESIAN_POINT('',(-2.192144467812E1,6.631338678119E0,1.608228932188E1));
#2542=LINE('',#2541,#2540);
#2543=CARTESIAN_POINT('',(-2.1850734E1,6.660628E0,1.6053E1));
#2544=CARTESIAN_POINT('',(-2.188145131662E1,6.660628E0,1.6053E1));
#2545=CARTESIAN_POINT('',(-2.190371002710E1,6.649073329137E0,1.606455467086E1));
#2546=CARTESIAN_POINT('',(-2.192144467812E1,6.631338678119E0,1.608228932188E1));
#2548=DIRECTION('',(0.E0,0.E0,-1.E0));
#2549=VECTOR('',#2548,3.38E0);
#2550=CARTESIAN_POINT('',(-2.0826734E1,6.560628E0,1.6053E1));
#2551=LINE('',#2550,#2549);
#2552=DIRECTION('',(0.E0,0.E0,1.E0));
#2553=VECTOR('',#2552,3.38E0);
#2554=CARTESIAN_POINT('',(-2.0926734E1,6.660628E0,1.2673E1));
#2555=LINE('',#2554,#2553);
#2556=DIRECTION('',(0.E0,-1.E0,0.E0));
#2557=VECTOR('',#2556,9.24E-1);
#2558=CARTESIAN_POINT('',(-2.0826734E1,6.560628E0,1.6053E1));
#2559=LINE('',#2558,#2557);
#2560=DIRECTION('',(0.E0,0.E0,-1.E0));
#2561=VECTOR('',#2560,3.38E0);
#2562=CARTESIAN_POINT('',(-2.0926734E1,5.536628E0,1.6053E1));
#2563=LINE('',#2562,#2561);
#2564=DIRECTION('',(0.E0,0.E0,1.E0));
#2565=VECTOR('',#2564,3.38E0);
#2566=CARTESIAN_POINT('',(-2.0826734E1,5.636628E0,1.2673E1));
#2567=LINE('',#2566,#2565);
#2568=DIRECTION('',(-1.E0,0.E0,0.E0));
#2569=VECTOR('',#2568,9.239999999999E-1);
#2570=CARTESIAN_POINT('',(-2.0926734E1,5.536628E0,1.6053E1));
#2571=LINE('',#2570,#2569);
#2572=CARTESIAN_POINT('',(-2.192144467812E1,5.565917321881E0,1.608228932188E1));
#2573=CARTESIAN_POINT('',(-2.190371002710E1,5.548182670863E0,1.606455467086E1));
#2574=CARTESIAN_POINT('',(-2.188145131662E1,5.536628E0,1.6053E1));
#2575=CARTESIAN_POINT('',(-2.1850734E1,5.536628E0,1.6053E1));
#2577=DIRECTION('',(-1.E0,-1.096516567531E-14,0.E0));
#2578=VECTOR('',#2577,3.24E-1);
#2579=CARTESIAN_POINT('',(-2.1226734E1,5.936628E0,1.6453E1));
#2580=LINE('',#2579,#2578);
#2581=CARTESIAN_POINT('',(-2.0926734E1,5.536628E0,1.6053E1));
#2582=CARTESIAN_POINT('',(-2.089601668338E1,5.536628E0,1.6053E1));
#2583=CARTESIAN_POINT('',(-2.087375797290E1,5.548182670863E0,1.606455467086E1));
#2584=CARTESIAN_POINT('',(-2.085602332188E1,5.565917321881E0,1.608228932188E1));
#2586=CARTESIAN_POINT('',(-2.085602332188E1,5.565917321881E0,1.608228932188E1));
#2587=CARTESIAN_POINT('',(-2.083828867086E1,5.583651972900E0,1.606455467086E1));
#2588=CARTESIAN_POINT('',(-2.0826734E1,5.605910683382E0,1.6053E1));
#2589=CARTESIAN_POINT('',(-2.0826734E1,5.636628E0,1.6053E1));
#2591=DIRECTION('',(5.773502691896E-1,-5.773502691896E-1,-5.773502691896E-1));
#2592=VECTOR('',#2591,6.420897294098E-1);
#2593=CARTESIAN_POINT('',(-2.1226734E1,5.936628E0,1.6453E1));
#2594=LINE('',#2593,#2592);
#2595=DIRECTION('',(2.193033135062E-14,-1.E0,0.E0));
#2596=VECTOR('',#2595,3.24E-1);
#2597=CARTESIAN_POINT('',(-2.1226734E1,6.260628E0,1.6453E1));
#2598=LINE('',#2597,#2596);
#2599=CARTESIAN_POINT('',(-2.0826734E1,6.560628E0,1.6053E1));
#2600=CARTESIAN_POINT('',(-2.0826734E1,6.591345316618E0,1.6053E1));
#2601=CARTESIAN_POINT('',(-2.083828867086E1,6.613604027100E0,1.606455467086E1));
#2602=CARTESIAN_POINT('',(-2.085602332188E1,6.631338678119E0,1.608228932188E1));
#2604=DIRECTION('',(0.E0,1.E0,0.E0));
#2605=VECTOR('',#2604,9.24E-1);
#2606=CARTESIAN_POINT('',(-2.7650734E1,5.636628E0,1.6053E1));
#2607=LINE('',#2606,#2605);
#2608=DIRECTION('',(0.E0,0.E0,-1.E0));
#2609=VECTOR('',#2608,3.38E0);
#2610=CARTESIAN_POINT('',(-2.7650734E1,5.636628E0,1.6053E1));
#2611=LINE('',#2610,#2609);
#2612=DIRECTION('',(0.E0,0.E0,1.E0));
#2613=VECTOR('',#2612,3.38E0);
#2614=CARTESIAN_POINT('',(-2.7550734E1,5.536628E0,1.2673E1));
#2615=LINE('',#2614,#2613);
#2616=CARTESIAN_POINT('',(-2.762144467812E1,6.631338678119E0,1.608228932188E1));
#2617=CARTESIAN_POINT('',(-2.763917932914E1,6.613604027100E0,1.606455467086E1));
#2618=CARTESIAN_POINT('',(-2.7650734E1,6.591345316618E0,1.6053E1));
#2619=CARTESIAN_POINT('',(-2.7650734E1,6.560628E0,1.6053E1));
#2621=DIRECTION('',(3.289549702593E-14,1.E0,0.E0));
#2622=VECTOR('',#2621,3.24E-1);
#2623=CARTESIAN_POINT('',(-2.7250734E1,5.936628E0,1.6453E1));
#2624=LINE('',#2623,#2622);
#2625=DIRECTION('',(5.773502691896E-1,5.773502691896E-1,5.773502691896E-1));
#2626=VECTOR('',#2625,6.420897294098E-1);
#2627=CARTESIAN_POINT('',(-2.762144467812E1,5.565917321881E0,1.608228932188E1));
#2628=LINE('',#2627,#2626);
#2629=CARTESIAN_POINT('',(-2.7650734E1,5.636628E0,1.6053E1));
#2630=CARTESIAN_POINT('',(-2.7650734E1,5.605910683382E0,1.6053E1));
#2631=CARTESIAN_POINT('',(-2.763917932914E1,5.583651972900E0,1.606455467086E1));
#2632=CARTESIAN_POINT('',(-2.762144467812E1,5.565917321881E0,1.608228932188E1));
#2634=DIRECTION('',(0.E0,0.E0,-1.E0));
#2635=VECTOR('',#2634,3.38E0);
#2636=CARTESIAN_POINT('',(-2.7550734E1,6.660628E0,1.6053E1));
#2637=LINE('',#2636,#2635);
#2638=DIRECTION('',(0.E0,0.E0,1.E0));
#2639=VECTOR('',#2638,3.38E0);
#2640=CARTESIAN_POINT('',(-2.7650734E1,6.560628E0,1.2673E1));
#2641=LINE('',#2640,#2639);
#2642=DIRECTION('',(1.E0,0.E0,0.E0));
#2643=VECTOR('',#2642,9.24E-1);
#2644=CARTESIAN_POINT('',(-2.7550734E1,6.660628E0,1.6053E1));
#2645=LINE('',#2644,#2643);
#2646=CARTESIAN_POINT('',(-2.655602332188E1,6.631338678119E0,1.608228932188E1));
#2647=CARTESIAN_POINT('',(-2.657375797290E1,6.649073329137E0,1.606455467086E1));
#2648=CARTESIAN_POINT('',(-2.659601668338E1,6.660628E0,1.6053E1));
#2649=CARTESIAN_POINT('',(-2.6626734E1,6.660628E0,1.6053E1));
#2651=DIRECTION('',(5.773502691896E-1,5.773502691896E-1,-5.773502691896E-1));
#2652=VECTOR('',#2651,6.420897294098E-1);
#2653=CARTESIAN_POINT('',(-2.6926734E1,6.260628E0,1.6453E1));
#2654=LINE('',#2653,#2652);
#2655=DIRECTION('',(1.E0,2.193033135062E-14,0.E0));
#2656=VECTOR('',#2655,3.24E-1);
#2657=CARTESIAN_POINT('',(-2.7250734E1,6.260628E0,1.6453E1));
#2658=LINE('',#2657,#2656);
#2659=DIRECTION('',(5.773502691896E-1,-5.773502691896E-1,5.773502691896E-1));
#2660=VECTOR('',#2659,6.420897294098E-1);
#2661=CARTESIAN_POINT('',(-2.762144467812E1,6.631338678119E0,1.608228932188E1));
#2662=LINE('',#2661,#2660);
#2663=CARTESIAN_POINT('',(-2.7550734E1,6.660628E0,1.6053E1));
#2664=CARTESIAN_POINT('',(-2.758145131662E1,6.660628E0,1.6053E1));
#2665=CARTESIAN_POINT('',(-2.760371002710E1,6.649073329137E0,1.606455467086E1));
#2666=CARTESIAN_POINT('',(-2.762144467812E1,6.631338678119E0,1.608228932188E1));
#2668=DIRECTION('',(0.E0,0.E0,-1.E0));
#2669=VECTOR('',#2668,3.38E0);
#2670=CARTESIAN_POINT('',(-2.6526734E1,6.560628E0,1.6053E1));
#2671=LINE('',#2670,#2669);
#2672=DIRECTION('',(0.E0,0.E0,1.E0));
#2673=VECTOR('',#2672,3.38E0);
#2674=CARTESIAN_POINT('',(-2.6626734E1,6.660628E0,1.2673E1));
#2675=LINE('',#2674,#2673);
#2676=DIRECTION('',(0.E0,-1.E0,0.E0));
#2677=VECTOR('',#2676,9.24E-1);
#2678=CARTESIAN_POINT('',(-2.6526734E1,6.560628E0,1.6053E1));
#2679=LINE('',#2678,#2677);
#2680=DIRECTION('',(0.E0,0.E0,-1.E0));
#2681=VECTOR('',#2680,3.38E0);
#2682=CARTESIAN_POINT('',(-2.6626734E1,5.536628E0,1.6053E1));
#2683=LINE('',#2682,#2681);
#2684=DIRECTION('',(0.E0,0.E0,1.E0));
#2685=VECTOR('',#2684,3.38E0);
#2686=CARTESIAN_POINT('',(-2.6526734E1,5.636628E0,1.2673E1));
#2687=LINE('',#2686,#2685);
#2688=DIRECTION('',(-1.E0,0.E0,0.E0));
#2689=VECTOR('',#2688,9.24E-1);
#2690=CARTESIAN_POINT('',(-2.6626734E1,5.536628E0,1.6053E1));
#2691=LINE('',#2690,#2689);
#2692=CARTESIAN_POINT('',(-2.762144467812E1,5.565917321881E0,1.608228932188E1));
#2693=CARTESIAN_POINT('',(-2.760371002710E1,5.548182670863E0,1.606455467086E1));
#2694=CARTESIAN_POINT('',(-2.758145131662E1,5.536628E0,1.6053E1));
#2695=CARTESIAN_POINT('',(-2.7550734E1,5.536628E0,1.6053E1));
#2697=DIRECTION('',(-1.E0,2.193033135062E-14,0.E0));
#2698=VECTOR('',#2697,3.24E-1);
#2699=CARTESIAN_POINT('',(-2.6926734E1,5.936628E0,1.6453E1));
#2700=LINE('',#2699,#2698);
#2701=CARTESIAN_POINT('',(-2.6626734E1,5.536628E0,1.6053E1));
#2702=CARTESIAN_POINT('',(-2.659601668338E1,5.536628E0,1.6053E1));
#2703=CARTESIAN_POINT('',(-2.657375797290E1,5.548182670863E0,1.606455467086E1));
#2704=CARTESIAN_POINT('',(-2.655602332188E1,5.565917321881E0,1.608228932188E1));
#2706=CARTESIAN_POINT('',(-2.655602332188E1,5.565917321881E0,1.608228932188E1));
#2707=CARTESIAN_POINT('',(-2.653828867086E1,5.583651972900E0,1.606455467086E1));
#2708=CARTESIAN_POINT('',(-2.6526734E1,5.605910683382E0,1.6053E1));
#2709=CARTESIAN_POINT('',(-2.6526734E1,5.636628E0,1.6053E1));
#2711=DIRECTION('',(5.773502691896E-1,-5.773502691896E-1,-5.773502691896E-1));
#2712=VECTOR('',#2711,6.420897294098E-1);
#2713=CARTESIAN_POINT('',(-2.6926734E1,5.936628E0,1.6453E1));
#2714=LINE('',#2713,#2712);
#2715=DIRECTION('',(3.289549702593E-14,-1.E0,0.E0));
#2716=VECTOR('',#2715,3.24E-1);
#2717=CARTESIAN_POINT('',(-2.6926734E1,6.260628E0,1.6453E1));
#2718=LINE('',#2717,#2716);
#2719=CARTESIAN_POINT('',(-2.6526734E1,6.560628E0,1.6053E1));
#2720=CARTESIAN_POINT('',(-2.6526734E1,6.591345316618E0,1.6053E1));
#2721=CARTESIAN_POINT('',(-2.653828867086E1,6.613604027100E0,1.606455467086E1));
#2722=CARTESIAN_POINT('',(-2.655602332188E1,6.631338678119E0,1.608228932188E1));
#2724=DIRECTION('',(0.E0,1.E0,0.E0));
#2725=VECTOR('',#2724,9.24E-1);
#2726=CARTESIAN_POINT('',(-3.3350734E1,5.636628E0,1.6053E1));
#2727=LINE('',#2726,#2725);
#2728=DIRECTION('',(0.E0,0.E0,-1.E0));
#2729=VECTOR('',#2728,3.38E0);
#2730=CARTESIAN_POINT('',(-3.3350734E1,5.636628E0,1.6053E1));
#2731=LINE('',#2730,#2729);
#2732=DIRECTION('',(0.E0,0.E0,1.E0));
#2733=VECTOR('',#2732,3.38E0);
#2734=CARTESIAN_POINT('',(-3.3250734E1,5.536628E0,1.2673E1));
#2735=LINE('',#2734,#2733);
#2736=CARTESIAN_POINT('',(-3.332144467812E1,6.631338678119E0,1.608228932188E1));
#2737=CARTESIAN_POINT('',(-3.333917932914E1,6.613604027100E0,1.606455467086E1));
#2738=CARTESIAN_POINT('',(-3.3350734E1,6.591345316618E0,1.6053E1));
#2739=CARTESIAN_POINT('',(-3.3350734E1,6.560628E0,1.6053E1));
#2741=DIRECTION('',(4.386066270124E-14,1.E0,0.E0));
#2742=VECTOR('',#2741,3.24E-1);
#2743=CARTESIAN_POINT('',(-3.2950734E1,5.936628E0,1.6453E1));
#2744=LINE('',#2743,#2742);
#2745=DIRECTION('',(5.773502691896E-1,5.773502691896E-1,5.773502691896E-1));
#2746=VECTOR('',#2745,6.420897294098E-1);
#2747=CARTESIAN_POINT('',(-3.332144467812E1,5.565917321881E0,1.608228932188E1));
#2748=LINE('',#2747,#2746);
#2749=CARTESIAN_POINT('',(-3.3350734E1,5.636628E0,1.6053E1));
#2750=CARTESIAN_POINT('',(-3.3350734E1,5.605910683382E0,1.6053E1));
#2751=CARTESIAN_POINT('',(-3.333917932914E1,5.583651972900E0,1.606455467086E1));
#2752=CARTESIAN_POINT('',(-3.332144467812E1,5.565917321881E0,1.608228932188E1));
#2754=DIRECTION('',(0.E0,0.E0,-1.E0));
#2755=VECTOR('',#2754,3.38E0);
#2756=CARTESIAN_POINT('',(-3.3250734E1,6.660628E0,1.6053E1));
#2757=LINE('',#2756,#2755);
#2758=DIRECTION('',(0.E0,0.E0,1.E0));
#2759=VECTOR('',#2758,3.38E0);
#2760=CARTESIAN_POINT('',(-3.3350734E1,6.560628E0,1.2673E1));
#2761=LINE('',#2760,#2759);
#2762=DIRECTION('',(1.E0,0.E0,0.E0));
#2763=VECTOR('',#2762,9.239999999999E-1);
#2764=CARTESIAN_POINT('',(-3.3250734E1,6.660628E0,1.6053E1));
#2765=LINE('',#2764,#2763);
#2766=CARTESIAN_POINT('',(-3.225602332188E1,6.631338678119E0,1.608228932188E1));
#2767=CARTESIAN_POINT('',(-3.227375797290E1,6.649073329137E0,1.606455467086E1));
#2768=CARTESIAN_POINT('',(-3.229601668338E1,6.660628E0,1.6053E1));
#2769=CARTESIAN_POINT('',(-3.2326734E1,6.660628E0,1.6053E1));
#2771=DIRECTION('',(5.773502691896E-1,5.773502691896E-1,-5.773502691896E-1));
#2772=VECTOR('',#2771,6.420897294098E-1);
#2773=CARTESIAN_POINT('',(-3.2626734E1,6.260628E0,1.6453E1));
#2774=LINE('',#2773,#2772);
#2775=DIRECTION('',(1.E0,2.193033135062E-14,0.E0));
#2776=VECTOR('',#2775,3.239999999999E-1);
#2777=CARTESIAN_POINT('',(-3.2950734E1,6.260628E0,1.6453E1));
#2778=LINE('',#2777,#2776);
#2779=DIRECTION('',(5.773502691896E-1,-5.773502691896E-1,5.773502691896E-1));
#2780=VECTOR('',#2779,6.420897294098E-1);
#2781=CARTESIAN_POINT('',(-3.332144467812E1,6.631338678119E0,1.608228932188E1));
#2782=LINE('',#2781,#2780);
#2783=CARTESIAN_POINT('',(-3.3250734E1,6.660628E0,1.6053E1));
#2784=CARTESIAN_POINT('',(-3.328145131662E1,6.660628E0,1.6053E1));
#2785=CARTESIAN_POINT('',(-3.330371002710E1,6.649073329137E0,1.606455467086E1));
#2786=CARTESIAN_POINT('',(-3.332144467812E1,6.631338678119E0,1.608228932188E1));
#2788=DIRECTION('',(0.E0,0.E0,-1.E0));
#2789=VECTOR('',#2788,3.38E0);
#2790=CARTESIAN_POINT('',(-3.2226734E1,6.560628E0,1.6053E1));
#2791=LINE('',#2790,#2789);
#2792=DIRECTION('',(0.E0,0.E0,1.E0));
#2793=VECTOR('',#2792,3.38E0);
#2794=CARTESIAN_POINT('',(-3.2326734E1,6.660628E0,1.2673E1));
#2795=LINE('',#2794,#2793);
#2796=DIRECTION('',(0.E0,-1.E0,0.E0));
#2797=VECTOR('',#2796,9.24E-1);
#2798=CARTESIAN_POINT('',(-3.2226734E1,6.560628E0,1.6053E1));
#2799=LINE('',#2798,#2797);
#2800=DIRECTION('',(0.E0,0.E0,-1.E0));
#2801=VECTOR('',#2800,3.38E0);
#2802=CARTESIAN_POINT('',(-3.2326734E1,5.536628E0,1.6053E1));
#2803=LINE('',#2802,#2801);
#2804=DIRECTION('',(0.E0,0.E0,1.E0));
#2805=VECTOR('',#2804,3.38E0);
#2806=CARTESIAN_POINT('',(-3.2226734E1,5.636628E0,1.2673E1));
#2807=LINE('',#2806,#2805);
#2808=DIRECTION('',(-1.E0,0.E0,0.E0));
#2809=VECTOR('',#2808,9.239999999999E-1);
#2810=CARTESIAN_POINT('',(-3.2326734E1,5.536628E0,1.6053E1));
#2811=LINE('',#2810,#2809);
#2812=CARTESIAN_POINT('',(-3.332144467812E1,5.565917321881E0,1.608228932188E1));
#2813=CARTESIAN_POINT('',(-3.330371002710E1,5.548182670863E0,1.606455467086E1));
#2814=CARTESIAN_POINT('',(-3.328145131662E1,5.536628E0,1.6053E1));
#2815=CARTESIAN_POINT('',(-3.3250734E1,5.536628E0,1.6053E1));
#2817=DIRECTION('',(-1.E0,1.918903993180E-14,0.E0));
#2818=VECTOR('',#2817,3.24E-1);
#2819=CARTESIAN_POINT('',(-3.2626734E1,5.936628E0,1.6453E1));
#2820=LINE('',#2819,#2818);
#2821=CARTESIAN_POINT('',(-3.2326734E1,5.536628E0,1.6053E1));
#2822=CARTESIAN_POINT('',(-3.229601668338E1,5.536628E0,1.6053E1));
#2823=CARTESIAN_POINT('',(-3.227375797290E1,5.548182670863E0,1.606455467086E1));
#2824=CARTESIAN_POINT('',(-3.225602332188E1,5.565917321881E0,1.608228932188E1));
#2826=CARTESIAN_POINT('',(-3.225602332188E1,5.565917321881E0,1.608228932188E1));
#2827=CARTESIAN_POINT('',(-3.223828867086E1,5.583651972900E0,1.606455467086E1));
#2828=CARTESIAN_POINT('',(-3.2226734E1,5.605910683382E0,1.6053E1));
#2829=CARTESIAN_POINT('',(-3.2226734E1,5.636628E0,1.6053E1));
#2831=DIRECTION('',(5.773502691896E-1,-5.773502691896E-1,-5.773502691896E-1));
#2832=VECTOR('',#2831,6.420897294098E-1);
#2833=CARTESIAN_POINT('',(-3.2626734E1,5.936628E0,1.6453E1));
#2834=LINE('',#2833,#2832);
#2835=DIRECTION('',(4.386066270124E-14,-1.E0,0.E0));
#2836=VECTOR('',#2835,3.24E-1);
#2837=CARTESIAN_POINT('',(-3.2626734E1,6.260628E0,1.6453E1));
#2838=LINE('',#2837,#2836);
#2839=CARTESIAN_POINT('',(-3.2226734E1,6.560628E0,1.6053E1));
#2840=CARTESIAN_POINT('',(-3.2226734E1,6.591345316618E0,1.6053E1));
#2841=CARTESIAN_POINT('',(-3.223828867086E1,6.613604027100E0,1.606455467086E1));
#2842=CARTESIAN_POINT('',(-3.225602332188E1,6.631338678119E0,1.608228932188E1));
#2844=DIRECTION('',(0.E0,0.E0,-1.E0));
#2845=VECTOR('',#2844,3.38E0);
#2846=CARTESIAN_POINT('',(-1.0553302E1,-6.337199999998E-2,1.6053E1));
#2847=LINE('',#2846,#2845);
#2848=DIRECTION('',(0.E0,0.E0,1.E0));
#2849=VECTOR('',#2848,3.38E0);
#2850=CARTESIAN_POINT('',(-1.0453302E1,-1.63372E-1,1.2673E1));
#2851=LINE('',#2850,#2849);
#2852=DIRECTION('',(0.E0,1.E0,0.E0));
#2853=VECTOR('',#2852,9.24E-1);
#2854=CARTESIAN_POINT('',(-1.0553302E1,-6.337199999998E-2,1.6053E1));
#2855=LINE('',#2854,#2853);
#2856=DIRECTION('',(0.E0,0.E0,-1.E0));
#2857=VECTOR('',#2856,3.38E0);
#2858=CARTESIAN_POINT('',(-1.0453302E1,9.60628E-1,1.6053E1));
#2859=LINE('',#2858,#2857);
#2860=DIRECTION('',(0.E0,0.E0,1.E0));
#2861=VECTOR('',#2860,3.38E0);
#2862=CARTESIAN_POINT('',(-1.0553302E1,8.60628E-1,1.2673E1));
#2863=LINE('',#2862,#2861);
#2864=DIRECTION('',(1.E0,0.E0,0.E0));
#2865=VECTOR('',#2864,9.24E-1);
#2866=CARTESIAN_POINT('',(-1.0453302E1,9.60628E-1,1.6053E1));
#2867=LINE('',#2866,#2865);
#2868=DIRECTION('',(0.E0,0.E0,-1.E0));
#2869=VECTOR('',#2868,3.38E0);
#2870=CARTESIAN_POINT('',(-9.429302000002E0,8.60628E-1,1.6053E1));
#2871=LINE('',#2870,#2869);
#2872=DIRECTION('',(0.E0,0.E0,1.E0));
#2873=VECTOR('',#2872,3.38E0);
#2874=CARTESIAN_POINT('',(-9.529302000002E0,9.60628E-1,1.2673E1));
#2875=LINE('',#2874,#2873);
#2876=DIRECTION('',(0.E0,-1.E0,0.E0));
#2877=VECTOR('',#2876,9.24E-1);
#2878=CARTESIAN_POINT('',(-9.429302000002E0,8.60628E-1,1.6053E1));
#2879=LINE('',#2878,#2877);
#2880=DIRECTION('',(0.E0,0.E0,-1.E0));
#2881=VECTOR('',#2880,3.38E0);
#2882=CARTESIAN_POINT('',(-9.529302000002E0,-1.63372E-1,1.6053E1));
#2883=LINE('',#2882,#2881);
#2884=DIRECTION('',(0.E0,0.E0,1.E0));
#2885=VECTOR('',#2884,3.38E0);
#2886=CARTESIAN_POINT('',(-9.429302000002E0,-6.337199999999E-2,1.2673E1));
#2887=LINE('',#2886,#2885);
#2888=DIRECTION('',(-1.E0,0.E0,0.E0));
#2889=VECTOR('',#2888,9.24E-1);
#2890=CARTESIAN_POINT('',(-9.529302000002E0,-1.63372E-1,1.6053E1));
#2891=LINE('',#2890,#2889);
#2892=CARTESIAN_POINT('',(-1.052401267812E1,-1.340826781187E-1,
1.608228932188E1));
#2893=CARTESIAN_POINT('',(-1.050627802710E1,-1.518173291370E-1,
1.606455467086E1));
#2894=CARTESIAN_POINT('',(-1.048401931662E1,-1.63372E-1,1.6053E1));
#2895=CARTESIAN_POINT('',(-1.0453302E1,-1.63372E-1,1.6053E1));
#2897=DIRECTION('',(-5.773502691896E-1,-5.773502691896E-1,-5.773502691896E-1));
#2898=VECTOR('',#2897,6.420897294098E-1);
#2899=CARTESIAN_POINT('',(-1.0153302E1,2.36628E-1,1.6453E1));
#2900=LINE('',#2899,#2898);
#2901=DIRECTION('',(-1.E0,1.011707864261E-13,0.E0));
#2902=VECTOR('',#2901,3.24E-1);
#2903=CARTESIAN_POINT('',(-9.829302000002E0,2.36628E-1,1.6453E1));
#2904=LINE('',#2903,#2902);
#2905=CARTESIAN_POINT('',(-9.529302000002E0,-1.63372E-1,1.6053E1));
#2906=CARTESIAN_POINT('',(-9.498584683384E0,-1.63372E-1,1.6053E1));
#2907=CARTESIAN_POINT('',(-9.476325972902E0,-1.518173291370E-1,
1.606455467086E1));
#2908=CARTESIAN_POINT('',(-9.458591321884E0,-1.340826781187E-1,
1.608228932188E1));
#2910=CARTESIAN_POINT('',(-1.052401267812E1,9.313386781186E-1,
1.608228932188E1));
#2911=CARTESIAN_POINT('',(-1.054174732914E1,9.136040271002E-1,
1.606455467086E1));
#2912=CARTESIAN_POINT('',(-1.0553302E1,8.913453166183E-1,1.6053E1));
#2913=CARTESIAN_POINT('',(-1.0553302E1,8.60628E-1,1.6053E1));
#2915=DIRECTION('',(-5.773502691896E-1,5.773502691896E-1,-5.773502691896E-1));
#2916=VECTOR('',#2915,6.420897294099E-1);
#2917=CARTESIAN_POINT('',(-1.0153302E1,5.60628E-1,1.6453E1));
#2918=LINE('',#2917,#2916);
#2919=DIRECTION('',(-1.096516567531E-14,1.E0,0.E0));
#2920=VECTOR('',#2919,3.239999999999E-1);
#2921=CARTESIAN_POINT('',(-1.0153302E1,2.36628E-1,1.6453E1));
#2922=LINE('',#2921,#2920);
#2923=CARTESIAN_POINT('',(-1.0553302E1,-6.337199999996E-2,1.6053E1));
#2924=CARTESIAN_POINT('',(-1.0553302E1,-9.408931661830E-2,1.6053E1));
#2925=CARTESIAN_POINT('',(-1.054174732914E1,-1.163480271002E-1,
1.606455467086E1));
#2926=CARTESIAN_POINT('',(-1.052401267812E1,-1.340826781186E-1,
1.608228932188E1));
#2928=CARTESIAN_POINT('',(-9.458591321884E0,9.313386781187E-1,
1.608228932188E1));
#2929=CARTESIAN_POINT('',(-9.476325972902E0,9.490733291371E-1,
1.606455467086E1));
#2930=CARTESIAN_POINT('',(-9.498584683384E0,9.60628E-1,1.6053E1));
#2931=CARTESIAN_POINT('',(-9.529302000002E0,9.60628E-1,1.6053E1));
#2933=DIRECTION('',(1.E0,9.971447535985E-14,0.E0));
#2934=VECTOR('',#2933,3.24E-1);
#2935=CARTESIAN_POINT('',(-1.0153302E1,5.60628E-1,1.6453E1));
#2936=LINE('',#2935,#2934);
#2937=CARTESIAN_POINT('',(-1.0453302E1,9.60628E-1,1.6053E1));
#2938=CARTESIAN_POINT('',(-1.048401931662E1,9.60628E-1,1.6053E1));
#2939=CARTESIAN_POINT('',(-1.050627802710E1,9.490733291371E-1,
1.606455467086E1));
#2940=CARTESIAN_POINT('',(-1.052401267812E1,9.313386781187E-1,
1.608228932188E1));
#2942=CARTESIAN_POINT('',(-9.458591321884E0,-1.340826781187E-1,
1.608228932188E1));
#2943=CARTESIAN_POINT('',(-9.440856670865E0,-1.163480271003E-1,
1.606455467086E1));
#2944=CARTESIAN_POINT('',(-9.429302000002E0,-9.408931661834E-2,1.6053E1));
#2945=CARTESIAN_POINT('',(-9.429302000002E0,-6.337199999997E-2,1.6053E1));
#2947=DIRECTION('',(5.773502691896E-1,-5.773502691896E-1,-5.773502691896E-1));
#2948=VECTOR('',#2947,6.420897294098E-1);
#2949=CARTESIAN_POINT('',(-9.829302000002E0,2.36628E-1,1.6453E1));
#2950=LINE('',#2949,#2948);
#2951=DIRECTION('',(-1.644774851296E-14,-1.E0,0.E0));
#2952=VECTOR('',#2951,3.24E-1);
#2953=CARTESIAN_POINT('',(-9.829302000002E0,5.60628E-1,1.6453E1));
#2954=LINE('',#2953,#2952);
#2955=DIRECTION('',(-5.773502691896E-1,-5.773502691896E-1,5.773502691896E-1));
#2956=VECTOR('',#2955,6.420897294098E-1);
#2957=CARTESIAN_POINT('',(-9.458591321884E0,9.313386781187E-1,
1.608228932188E1));
#2958=LINE('',#2957,#2956);
#2959=CARTESIAN_POINT('',(-9.429302000002E0,8.60628E-1,1.6053E1));
#2960=CARTESIAN_POINT('',(-9.429302000002E0,8.913453166183E-1,1.6053E1));
#2961=CARTESIAN_POINT('',(-9.440856670865E0,9.136040271003E-1,
1.606455467086E1));
#2962=CARTESIAN_POINT('',(-9.458591321884E0,9.313386781187E-1,
1.608228932188E1));
#2964=DIRECTION('',(0.E0,0.E0,1.E0));
#2965=VECTOR('',#2964,8.E-1);
#2966=CARTESIAN_POINT('',(-3.596373394554E1,7.565049356208E0,1.2673E1));
#2967=LINE('',#2966,#2965);
#2968=DIRECTION('',(0.E0,-1.E0,0.E0));
#2969=VECTOR('',#2968,8.484376931541E0);
#2970=CARTESIAN_POINT('',(-3.596373394554E1,7.565049356208E0,1.2673E1));
#2971=LINE('',#2970,#2969);
#2972=DIRECTION('',(0.E0,0.E0,1.E0));
#2973=VECTOR('',#2972,8.E-1);
#2974=CARTESIAN_POINT('',(-3.596373394554E1,-9.193275753330E-1,1.2673E1));
#2975=LINE('',#2974,#2973);
#2976=DIRECTION('',(0.E0,-1.E0,0.E0));
#2977=VECTOR('',#2976,1.148437693154E1);
#2978=CARTESIAN_POINT('',(-3.596373394554E1,9.065049356208E0,-2.127E0));
#2979=LINE('',#2978,#2977);
#2980=DIRECTION('',(0.E0,0.E0,1.E0));
#2981=VECTOR('',#2980,1.56E1);
#2982=CARTESIAN_POINT('',(-3.596373394554E1,9.065049356208E0,-2.127E0));
#2983=LINE('',#2982,#2981);
#2984=DIRECTION('',(0.E0,0.E0,1.E0));
#2985=VECTOR('',#2984,3.5E0);
#2986=CARTESIAN_POINT('',(-3.596373394554E1,-1.647139109561E0,
-9.670040000001E-1));
#2987=LINE('',#2986,#2985);
#2988=DIRECTION('',(1.E0,0.E0,6.897223180387E-14));
#2989=VECTOR('',#2988,9.658000000194E-3);
#2990=CARTESIAN_POINT('',(-3.597339194554E1,-1.647139109561E0,
-9.670040000001E-1));
#2991=LINE('',#2990,#2989);
#2992=DIRECTION('',(0.E0,-1.E0,0.E0));
#2993=VECTOR('',#2992,3.5E0);
#2994=CARTESIAN_POINT('',(-3.596373394554E1,1.852860890439E0,
-9.670040000001E-1));
#2995=LINE('',#2994,#2993);
#2996=DIRECTION('',(1.E0,0.E0,2.299074393462E-14));
#2997=VECTOR('',#2996,9.658000000194E-3);
#2998=CARTESIAN_POINT('',(-3.597339194554E1,1.852860890439E0,
-9.670040000001E-1));
#2999=LINE('',#2998,#2997);
#3000=DIRECTION('',(0.E0,0.E0,-1.E0));
#3001=VECTOR('',#3000,3.5E0);
#3002=CARTESIAN_POINT('',(-3.596373394554E1,1.852860890439E0,2.532996E0));
#3003=LINE('',#3002,#3001);
#3004=DIRECTION('',(1.E0,0.E0,9.196297573849E-14));
#3005=VECTOR('',#3004,9.658000000194E-3);
#3006=CARTESIAN_POINT('',(-3.597339194554E1,1.852860890439E0,2.532996E0));
#3007=LINE('',#3006,#3005);
#3008=DIRECTION('',(0.E0,1.E0,0.E0));
#3009=VECTOR('',#3008,3.5E0);
#3010=CARTESIAN_POINT('',(-3.596373394554E1,-1.647139109561E0,2.532996E0));
#3011=LINE('',#3010,#3009);
#3012=DIRECTION('',(1.E0,0.E0,9.196297573849E-14));
#3013=VECTOR('',#3012,9.658000000194E-3);
#3014=CARTESIAN_POINT('',(-3.597339194554E1,-1.647139109561E0,2.532996E0));
#3015=LINE('',#3014,#3013);
#3016=DIRECTION('',(0.E0,0.E0,-1.E0));
#3017=VECTOR('',#3016,3.5E0);
#3018=CARTESIAN_POINT('',(-3.597339194554E1,1.852860890439E0,2.532996E0));
#3019=LINE('',#3018,#3017);
#3020=DIRECTION('',(0.E0,1.E0,0.E0));
#3021=VECTOR('',#3020,3.5E0);
#3022=CARTESIAN_POINT('',(-3.597339194554E1,-1.647139109561E0,2.532996E0));
#3023=LINE('',#3022,#3021);
#3024=DIRECTION('',(0.E0,0.E0,1.E0));
#3025=VECTOR('',#3024,3.5E0);
#3026=CARTESIAN_POINT('',(-3.597339194554E1,-1.647139109561E0,
-9.670040000001E-1));
#3027=LINE('',#3026,#3025);
#3028=DIRECTION('',(0.E0,-1.E0,0.E0));
#3029=VECTOR('',#3028,3.5E0);
#3030=CARTESIAN_POINT('',(-3.597339194554E1,1.852860890439E0,
-9.670040000001E-1));
#3031=LINE('',#3030,#3029);
#3032=DIRECTION('',(0.E0,8.944271909999E-1,-4.472135955E-1));
#3033=VECTOR('',#3032,1.677050983125E-1);
#3034=CARTESIAN_POINT('',(-3.597339194554E1,-3.206879712424E-1,
-3.460788326106E-1));
#3035=LINE('',#3034,#3033);
#3036=DIRECTION('',(0.E0,9.486832980505E-1,-3.162277660168E-1));
#3037=VECTOR('',#3036,1.185854122563E-1);
#3038=CARTESIAN_POINT('',(-3.597339194554E1,-4.331879712425E-1,
-3.085788326106E-1));
#3039=LINE('',#3038,#3037);
#3040=DIRECTION('',(0.E0,9.805806756909E-1,-1.961161351382E-1));
#3041=VECTOR('',#3040,1.912132317597E-1);
#3042=CARTESIAN_POINT('',(-3.597339194554E1,-6.206879712424E-1,
-2.710788326106E-1));
#3043=LINE('',#3042,#3041);
#3044=DIRECTION('',(0.E0,3.162277660168E-1,-9.486832980505E-1));
#3045=VECTOR('',#3044,1.185854122563E-1);
#3046=CARTESIAN_POINT('',(-3.597339194554E1,5.431202875755E-2,
-6.835788326106E-1));
#3047=LINE('',#3046,#3045);
#3048=DIRECTION('',(0.E0,6.E-1,-8.E-1));
#3049=VECTOR('',#3048,1.875E-1);
#3050=CARTESIAN_POINT('',(-3.597339194554E1,-5.818797124245E-2,
-5.335788326106E-1));
#3051=LINE('',#3050,#3049);
#3052=DIRECTION('',(0.E0,7.071067811865E-1,-7.071067811865E-1));
#3053=VECTOR('',#3052,1.590990257670E-1);
#3054=CARTESIAN_POINT('',(-3.597339194554E1,-1.706879712424E-1,
-4.210788326106E-1));
#3055=LINE('',#3054,#3053);
#3056=DIRECTION('',(1.E0,-3.885780586150E-14,1.665334536922E-14));
#3057=VECTOR('',#3056,1.000000000010E-2);
#3058=CARTESIAN_POINT('',(-3.597339194554E1,-3.206879712424E-1,
-3.460788326106E-1));
#3059=LINE('',#3058,#3057);
#3060=DIRECTION('',(0.E0,0.E0,1.E0));
#3061=VECTOR('',#3060,3.E-1);
#3062=CARTESIAN_POINT('',(-3.596339194554E1,-6.956879712425E-1,
-2.710788326106E-1));
#3063=LINE('',#3062,#3061);
#3064=DIRECTION('',(0.E0,-1.E0,0.E0));
#3065=VECTOR('',#3064,7.5E-2);
#3066=CARTESIAN_POINT('',(-3.596339194554E1,-6.206879712424E-1,
-2.710788326106E-1));
#3067=LINE('',#3066,#3065);
#3068=DIRECTION('',(0.E0,-9.805806756909E-1,1.961161351382E-1));
#3069=VECTOR('',#3068,1.912132317597E-1);
#3070=CARTESIAN_POINT('',(-3.596339194554E1,-4.331879712425E-1,
-3.085788326106E-1));
#3071=LINE('',#3070,#3069);
#3072=DIRECTION('',(0.E0,-9.486832980505E-1,3.162277660168E-1));
#3073=VECTOR('',#3072,1.185854122563E-1);
#3074=CARTESIAN_POINT('',(-3.596339194554E1,-3.206879712424E-1,
-3.460788326106E-1));
#3075=LINE('',#3074,#3073);
#3076=DIRECTION('',(0.E0,-8.944271909999E-1,4.472135955E-1));
#3077=VECTOR('',#3076,1.677050983125E-1);
#3078=CARTESIAN_POINT('',(-3.596339194554E1,-1.706879712424E-1,
-4.210788326106E-1));
#3079=LINE('',#3078,#3077);
#3080=DIRECTION('',(0.E0,-7.071067811865E-1,7.071067811865E-1));
#3081=VECTOR('',#3080,1.590990257670E-1);
#3082=CARTESIAN_POINT('',(-3.596339194554E1,-5.818797124245E-2,
-5.335788326106E-1));
#3083=LINE('',#3082,#3081);
#3084=DIRECTION('',(0.E0,-6.E-1,8.E-1));
#3085=VECTOR('',#3084,1.875E-1);
#3086=CARTESIAN_POINT('',(-3.596339194554E1,5.431202875755E-2,
-6.835788326106E-1));
#3087=LINE('',#3086,#3085);
#3088=DIRECTION('',(0.E0,-3.162277660168E-1,9.486832980505E-1));
#3089=VECTOR('',#3088,1.185854122563E-1);
#3090=CARTESIAN_POINT('',(-3.596339194554E1,9.181202875755E-2,
-7.960788326106E-1));
#3091=LINE('',#3090,#3089);
#3092=DIRECTION('',(0.E0,-1.E0,0.E0));
#3093=VECTOR('',#3092,3.E-1);
#3094=CARTESIAN_POINT('',(-3.596339194554E1,3.918120287575E-1,
-7.960788326106E-1));
#3095=LINE('',#3094,#3093);
#3096=DIRECTION('',(0.E0,0.E0,-1.E0));
#3097=VECTOR('',#3096,3.E0);
#3098=CARTESIAN_POINT('',(-3.596339194554E1,3.918120287576E-1,
2.203921167389E0));
#3099=LINE('',#3098,#3097);
#3100=DIRECTION('',(0.E0,1.E0,0.E0));
#3101=VECTOR('',#3100,3.75E-1);
#3102=CARTESIAN_POINT('',(-3.596339194554E1,1.681202875755E-2,
2.203921167389E0));
#3103=LINE('',#3102,#3101);
#3104=DIRECTION('',(0.E0,0.E0,1.E0));
#3105=VECTOR('',#3104,2.175E0);
#3106=CARTESIAN_POINT('',(-3.596339194554E1,1.681202875755E-2,
2.892116738941E-2));
#3107=LINE('',#3106,#3105);
#3108=DIRECTION('',(0.E0,1.E0,0.E0));
#3109=VECTOR('',#3108,7.125E-1);
#3110=CARTESIAN_POINT('',(-3.596339194554E1,-6.956879712425E-1,
2.892116738941E-2));
#3111=LINE('',#3110,#3109);
#3112=DIRECTION('',(1.E0,-1.110223024614E-14,0.E0));
#3113=VECTOR('',#3112,1.000000000010E-2);
#3114=CARTESIAN_POINT('',(-3.597339194554E1,-6.956879712424E-1,
2.892116738941E-2));
#3115=LINE('',#3114,#3113);
#3116=DIRECTION('',(0.E0,0.E0,1.E0));
#3117=VECTOR('',#3116,3.E-1);
#3118=CARTESIAN_POINT('',(-3.597339194554E1,-6.956879712424E-1,
-2.710788326106E-1));
#3119=LINE('',#3118,#3117);
#3120=DIRECTION('',(1.E0,0.E0,0.E0));
#3121=VECTOR('',#3120,1.000000000010E-2);
#3122=CARTESIAN_POINT('',(-3.597339194554E1,1.681202875755E-2,
2.892116738941E-2));
#3123=LINE('',#3122,#3121);
#3124=DIRECTION('',(0.E0,1.E0,0.E0));
#3125=VECTOR('',#3124,7.125E-1);
#3126=CARTESIAN_POINT('',(-3.597339194554E1,-6.956879712424E-1,
2.892116738941E-2));
#3127=LINE('',#3126,#3125);
#3128=DIRECTION('',(1.E0,0.E0,0.E0));
#3129=VECTOR('',#3128,1.000000000010E-2);
#3130=CARTESIAN_POINT('',(-3.597339194554E1,1.681202875755E-2,
2.203921167389E0));
#3131=LINE('',#3130,#3129);
#3132=DIRECTION('',(0.E0,0.E0,1.E0));
#3133=VECTOR('',#3132,2.175E0);
#3134=CARTESIAN_POINT('',(-3.597339194554E1,1.681202875755E-2,
2.892116738941E-2));
#3135=LINE('',#3134,#3133);
#3136=DIRECTION('',(1.E0,0.E0,0.E0));
#3137=VECTOR('',#3136,1.000000000010E-2);
#3138=CARTESIAN_POINT('',(-3.597339194554E1,3.918120287576E-1,
2.203921167389E0));
#3139=LINE('',#3138,#3137);
#3140=DIRECTION('',(0.E0,1.E0,0.E0));
#3141=VECTOR('',#3140,3.75E-1);
#3142=CARTESIAN_POINT('',(-3.597339194554E1,1.681202875755E-2,
2.203921167389E0));
#3143=LINE('',#3142,#3141);
#3144=DIRECTION('',(1.E0,0.E0,0.E0));
#3145=VECTOR('',#3144,1.000000000010E-2);
#3146=CARTESIAN_POINT('',(-3.597339194554E1,3.918120287575E-1,
-7.960788326106E-1));
#3147=LINE('',#3146,#3145);
#3148=DIRECTION('',(0.E0,0.E0,-1.E0));
#3149=VECTOR('',#3148,3.E0);
#3150=CARTESIAN_POINT('',(-3.597339194554E1,3.918120287576E-1,
2.203921167389E0));
#3151=LINE('',#3150,#3149);
#3152=DIRECTION('',(1.E0,0.E0,1.110223024614E-14));
#3153=VECTOR('',#3152,1.000000000010E-2);
#3154=CARTESIAN_POINT('',(-3.597339194554E1,9.181202875755E-2,
-7.960788326106E-1));
#3155=LINE('',#3154,#3153);
#3156=DIRECTION('',(0.E0,-1.E0,0.E0));
#3157=VECTOR('',#3156,3.E-1);
#3158=CARTESIAN_POINT('',(-3.597339194554E1,3.918120287575E-1,
-7.960788326106E-1));
#3159=LINE('',#3158,#3157);
#3160=DIRECTION('',(1.E0,-1.110223024614E-14,3.330669073843E-14));
#3161=VECTOR('',#3160,1.000000000010E-2);
#3162=CARTESIAN_POINT('',(-3.597339194554E1,5.431202875755E-2,
-6.835788326106E-1));
#3163=LINE('',#3162,#3161);
#3164=DIRECTION('',(1.E0,0.E0,2.220446049229E-14));
#3165=VECTOR('',#3164,1.000000000010E-2);
#3166=CARTESIAN_POINT('',(-3.597339194554E1,-5.818797124245E-2,
-5.335788326106E-1));
#3167=LINE('',#3166,#3165);
#3168=DIRECTION('',(1.E0,0.E0,0.E0));
#3169=VECTOR('',#3168,1.000000000010E-2);
#3170=CARTESIAN_POINT('',(-3.597339194554E1,-1.706879712424E-1,
-4.210788326106E-1));
#3171=LINE('',#3170,#3169);
#3172=DIRECTION('',(1.E0,-1.110223024614E-14,0.E0));
#3173=VECTOR('',#3172,1.000000000010E-2);
#3174=CARTESIAN_POINT('',(-3.597339194554E1,-6.956879712424E-1,
-2.710788326106E-1));
#3175=LINE('',#3174,#3173);
#3176=DIRECTION('',(0.E0,-1.E0,0.E0));
#3177=VECTOR('',#3176,7.5E-2);
#3178=CARTESIAN_POINT('',(-3.597339194554E1,-6.206879712424E-1,
-2.710788326106E-1));
#3179=LINE('',#3178,#3177);
#3180=DIRECTION('',(1.E0,1.110223024614E-14,0.E0));
#3181=VECTOR('',#3180,1.000000000010E-2);
#3182=CARTESIAN_POINT('',(-3.597339194554E1,-6.206879712424E-1,
-2.710788326106E-1));
#3183=LINE('',#3182,#3181);
#3184=DIRECTION('',(1.E0,-2.775557561536E-14,0.E0));
#3185=VECTOR('',#3184,1.000000000010E-2);
#3186=CARTESIAN_POINT('',(-3.597339194554E1,-4.331879712425E-1,
-3.085788326106E-1));
#3187=LINE('',#3186,#3185);
#3188=DIRECTION('',(0.E0,0.E0,1.E0));
#3189=VECTOR('',#3188,8.E-1);
#3190=CARTESIAN_POINT('',(-3.491373394554E1,-9.193275753330E-1,1.2673E1));
#3191=LINE('',#3190,#3189);
#3192=DIRECTION('',(0.E0,0.E0,1.E0));
#3193=VECTOR('',#3192,8.E-1);
#3194=CARTESIAN_POINT('',(-3.491373394554E1,-1.578327575333E0,1.2673E1));
#3195=LINE('',#3194,#3193);
#3196=DIRECTION('',(0.E0,0.E0,1.E0));
#3197=VECTOR('',#3196,8.E-1);
#3198=CARTESIAN_POINT('',(-3.430563394554E1,-1.578327575333E0,1.2673E1));
#3199=LINE('',#3198,#3197);
#3200=DIRECTION('',(0.E0,0.E0,1.E0));
#3201=VECTOR('',#3200,8.E-1);
#3202=CARTESIAN_POINT('',(-3.430563394554E1,-2.919327575333E0,1.2673E1));
#3203=LINE('',#3202,#3201);
#3204=DIRECTION('',(-1.E0,0.E0,0.E0));
#3205=VECTOR('',#3204,2.583380020410E1);
#3206=CARTESIAN_POINT('',(-8.471833741440E0,-2.919327575333E0,1.2673E1));
#3207=LINE('',#3206,#3205);
#3208=DIRECTION('',(0.E0,0.E0,1.E0));
#3209=VECTOR('',#3208,8.E-1);
#3210=CARTESIAN_POINT('',(-8.471833741440E0,-2.919327575333E0,1.2673E1));
#3211=LINE('',#3210,#3209);
#3212=DIRECTION('',(1.E0,0.E0,0.E0));
#3213=VECTOR('',#3212,2.815000020410E1);
#3214=CARTESIAN_POINT('',(-3.546373394554E1,-2.919327575333E0,-2.127E0));
#3215=LINE('',#3214,#3213);
#3216=DIRECTION('',(0.E0,0.E0,1.E0));
#3217=VECTOR('',#3216,8.E-1);
#3218=CARTESIAN_POINT('',(-8.471833741440E0,-1.578327575333E0,1.2673E1));
#3219=LINE('',#3218,#3217);
#3220=DIRECTION('',(0.E0,0.E0,1.E0));
#3221=VECTOR('',#3220,8.E-1);
#3222=CARTESIAN_POINT('',(-7.863733741440E0,-1.578327575333E0,1.2673E1));
#3223=LINE('',#3222,#3221);
#3224=DIRECTION('',(0.E0,0.E0,1.E0));
#3225=VECTOR('',#3224,8.E-1);
#3226=CARTESIAN_POINT('',(-7.863733741440E0,-9.193275753330E-1,1.2673E1));
#3227=LINE('',#3226,#3225);
#3228=DIRECTION('',(0.E0,0.E0,1.E0));
#3229=VECTOR('',#3228,8.E-1);
#3230=CARTESIAN_POINT('',(-6.813733741440E0,-9.193275753330E-1,1.2673E1));
#3231=LINE('',#3230,#3229);
#3232=DIRECTION('',(0.E0,0.E0,1.E0));
#3233=VECTOR('',#3232,1.56E1);
#3234=CARTESIAN_POINT('',(-7.313733741440E0,-2.919327575333E0,-2.127E0));
#3235=LINE('',#3234,#3233);
#3236=DIRECTION('',(0.E0,0.E0,-1.E0));
#3237=VECTOR('',#3236,1.56E1);
#3238=CARTESIAN_POINT('',(-6.813733741440E0,-2.419327575333E0,1.3473E1));
#3239=LINE('',#3238,#3237);
#3240=DIRECTION('',(0.E0,0.E0,1.E0));
#3241=VECTOR('',#3240,1.56E1);
#3242=CARTESIAN_POINT('',(-3.596373394554E1,-2.419327575333E0,-2.127E0));
#3243=LINE('',#3242,#3241);
#3244=DIRECTION('',(0.E0,0.E0,-1.E0));
#3245=VECTOR('',#3244,1.56E1);
#3246=CARTESIAN_POINT('',(-3.546373394554E1,-2.919327575333E0,1.3473E1));
#3247=LINE('',#3246,#3245);
#3248=DIRECTION('',(0.E0,0.E0,1.E0));
#3249=VECTOR('',#3248,8.E-1);
#3250=CARTESIAN_POINT('',(-3.491373394554E1,7.565049356208E0,1.2673E1));
#3251=LINE('',#3250,#3249);
#3252=DIRECTION('',(0.E0,0.E0,1.E0));
#3253=VECTOR('',#3252,8.E-1);
#3254=CARTESIAN_POINT('',(-3.491373394554E1,8.224049356208E0,1.2673E1));
#3255=LINE('',#3254,#3253);
#3256=DIRECTION('',(0.E0,0.E0,1.E0));
#3257=VECTOR('',#3256,8.E-1);
#3258=CARTESIAN_POINT('',(-3.430563394554E1,8.224049356208E0,1.2673E1));
#3259=LINE('',#3258,#3257);
#3260=DIRECTION('',(0.E0,-5.118051695374E-1,-8.591015472194E-1));
#3261=VECTOR('',#3260,3.028496104086E0);
#3262=CARTESIAN_POINT('',(-2.2538734E1,1.111504929540E1,4.747857142864E-1));
#3263=LINE('',#3262,#3261);
#3264=DIRECTION('',(0.E0,0.E0,-1.E0));
#3265=VECTOR('',#3264,6.002631642678E-1);
#3266=CARTESIAN_POINT('',(-2.2538734E1,1.111504929540E1,1.075048878554E0));
#3267=LINE('',#3266,#3265);
#3268=DIRECTION('',(0.E0,1.E0,0.E0));
#3269=VECTOR('',#3268,1.549999939192E0);
#3270=CARTESIAN_POINT('',(-2.2538734E1,9.565049356208E0,1.075048878554E0));
#3271=LINE('',#3270,#3269);
#3272=DIRECTION('',(0.E0,5.118051695374E-1,8.591015472194E-1));
#3273=VECTOR('',#3272,3.028496104086E0);
#3274=CARTESIAN_POINT('',(-2.0238734E1,9.565049333405E0,-2.126999974482E0));
#3275=LINE('',#3274,#3273);
#3276=DIRECTION('',(0.E0,-7.121420753677E-9,-1.E0));
#3277=VECTOR('',#3276,3.202048853036E0);
#3278=CARTESIAN_POINT('',(-2.0238734E1,9.565049356208E0,1.075048878554E0));
#3279=LINE('',#3278,#3277);
#3280=DIRECTION('',(0.E0,1.E0,0.E0));
#3281=VECTOR('',#3280,1.549999939192E0);
#3282=CARTESIAN_POINT('',(-2.0238734E1,9.565049356208E0,1.075048878554E0));
#3283=LINE('',#3282,#3281);
#3284=DIRECTION('',(1.E0,0.E0,0.E0));
#3285=VECTOR('',#3284,2.3E0);
#3286=CARTESIAN_POINT('',(-2.2538734E1,9.565049356208E0,1.075048878554E0));
#3287=LINE('',#3286,#3285);
#3288=DIRECTION('',(-1.E0,0.E0,0.E0));
#3289=VECTOR('',#3288,2.3E0);
#3290=CARTESIAN_POINT('',(-2.0238734E1,1.111504929540E1,4.747857142864E-1));
#3291=LINE('',#3290,#3289);
#3292=DIRECTION('',(0.E0,0.E0,-1.E0));
#3293=VECTOR('',#3292,6.002631642678E-1);
#3294=CARTESIAN_POINT('',(-2.0238734E1,1.111504929540E1,1.075048878554E0));
#3295=LINE('',#3294,#3293);
#3296=DIRECTION('',(1.E0,0.E0,0.E0));
#3297=VECTOR('',#3296,2.3E0);
#3298=CARTESIAN_POINT('',(-2.2538734E1,1.111504929540E1,1.075048878554E0));
#3299=LINE('',#3298,#3297);
#3300=DIRECTION('',(0.E0,0.E0,1.E0));
#3301=VECTOR('',#3300,1.56E1);
#3302=CARTESIAN_POINT('',(-6.813733741440E0,9.065049356208E0,-2.127E0));
#3303=LINE('',#3302,#3301);
#3304=DIRECTION('',(0.E0,0.E0,-1.E0));
#3305=VECTOR('',#3304,1.56E1);
#3306=CARTESIAN_POINT('',(-7.313733741440E0,9.565049356208E0,1.3473E1));
#3307=LINE('',#3306,#3305);
#3308=CARTESIAN_POINT('',(-7.513733741440E0,8.865049356208E0,1.4573E1));
#3309=DIRECTION('',(0.E0,0.E0,1.E0));
#3310=DIRECTION('',(1.E0,0.E0,0.E0));
#3311=AXIS2_PLACEMENT_3D('',#3308,#3309,#3310);
#3313=DIRECTION('',(-1.032756101792E-9,-3.517616093761E-9,1.E0));
#3314=VECTOR('',#3313,1.100000001136E0);
#3315=CARTESIAN_POINT('',(-6.813733741440E0,8.865049356208E0,1.3473E1));
#3316=LINE('',#3315,#3314);
#3317=DIRECTION('',(7.071067811865E-1,-2.171479741450E-9,-7.071067811865E-1));
#3318=VECTOR('',#3317,4.242640683294E-1);
#3319=CARTESIAN_POINT('',(-7.113733742306E0,8.865049353260E0,1.487300000087E1));
#3320=LINE('',#3319,#3318);
#3321=CARTESIAN_POINT('',(-7.513733741440E0,8.865049356208E0,1.4873E1));
#3322=DIRECTION('',(0.E0,0.E0,1.E0));
#3323=DIRECTION('',(-1.E0,0.E0,0.E0));
#3324=AXIS2_PLACEMENT_3D('',#3321,#3322,#3323);
#3326=CARTESIAN_POINT('',(-7.513733741440E0,8.865049356208E0,1.4873E1));
#3327=DIRECTION('',(0.E0,0.E0,1.E0));
#3328=DIRECTION('',(1.E0,0.E0,0.E0));
#3329=AXIS2_PLACEMENT_3D('',#3326,#3327,#3328);
#3331=DIRECTION('',(-7.071067811865E-1,2.171475554536E-9,-7.071067811865E-1));
#3332=VECTOR('',#3331,4.242640683294E-1);
#3333=CARTESIAN_POINT('',(-7.913733740575E0,8.865049359156E0,1.487300000087E1));
#3334=LINE('',#3333,#3332);
#3335=CARTESIAN_POINT('',(-7.513733741440E0,8.865049356208E0,1.4573E1));
#3336=DIRECTION('',(0.E0,0.E0,1.E0));
#3337=DIRECTION('',(-1.E0,0.E0,0.E0));
#3338=AXIS2_PLACEMENT_3D('',#3335,#3336,#3337);
#3340=DIRECTION('',(1.032751257183E-9,3.517616093761E-9,1.E0));
#3341=VECTOR('',#3340,1.100000001136E0);
#3342=CARTESIAN_POINT('',(-8.213733741440E0,8.865049356208E0,1.3473E1));
#3343=LINE('',#3342,#3341);
#3344=DIRECTION('',(7.071067811865E-1,-7.071067811866E-1,0.E0));
#3345=VECTOR('',#3344,1.887706441849E0);
#3346=CARTESIAN_POINT('',(-2.966656889439E1,4.700706073235E0,
-1.963285165183E0));
#3347=LINE('',#3346,#3345);
#3348=DIRECTION('',(6.813179851691E-1,2.822111497459E-1,6.753981566782E-1));
#3349=VECTOR('',#3348,2.423975150046E-1);
#3350=CARTESIAN_POINT('',(-2.983171868092E1,4.632298791830E0,-2.127E0));
#3351=LINE('',#3350,#3349);
#3352=DIRECTION('',(-2.822111497458E-1,-6.813179851691E-1,-6.753981566781E-1));
#3353=VECTOR('',#3352,2.423975150046E-1);
#3354=CARTESIAN_POINT('',(-2.833175886847E1,3.365896047314E0,
-1.963285165183E0));
#3355=LINE('',#3354,#3353);
#3356=DIRECTION('',(0.E0,1.E0,0.E0));
#3357=VECTOR('',#3356,3.985330947389E0);
#3358=CARTESIAN_POINT('',(-2.983171868092E1,4.632298791830E0,-2.127E0));
#3359=LINE('',#3358,#3357);
#3360=DIRECTION('',(5.790223992947E-1,-5.790223992945E-1,5.739913956064E-1));
#3361=VECTOR('',#3360,2.643322962559E-1);
#3362=CARTESIAN_POINT('',(-2.983171868092E1,8.617629739219E0,-2.127E0));
#3363=LINE('',#3362,#3361);
#3364=DIRECTION('',(-1.231025091287E-14,1.E0,-2.391029504231E-14));
#3365=VECTOR('',#3364,3.751773879452E0);
#3366=CARTESIAN_POINT('',(-2.967866436053E1,4.712801539379E0,
-1.975275536368E0));
#3367=LINE('',#3366,#3365);
#3368=DIRECTION('',(0.E0,0.E0,-1.E0));
#3369=VECTOR('',#3368,1.094827553637E1);
#3370=CARTESIAN_POINT('',(-2.967866436053E1,4.712801539379E0,8.972999999999E0));
#3371=LINE('',#3370,#3369);
#3372=DIRECTION('',(0.E0,1.E0,0.E0));
#3373=VECTOR('',#3372,5.110774837660E0);
#3374=CARTESIAN_POINT('',(-1.879880363947E1,3.353800581170E0,
-1.975275536368E0));
#3375=LINE('',#3374,#3373);
#3376=DIRECTION('',(0.E0,-1.E0,0.E0));
#3377=VECTOR('',#3376,5.416883478438E0);
#3378=CARTESIAN_POINT('',(-1.864574931908E1,8.617629739219E0,-2.127E0));
#3379=LINE('',#3378,#3377);
#3380=DIRECTION('',(0.E0,0.E0,1.E0));
#3381=VECTOR('',#3380,1.094827553637E1);
#3382=CARTESIAN_POINT('',(-1.879880363947E1,3.353800581170E0,
-1.975275536368E0));
#3383=LINE('',#3382,#3381);
#3384=DIRECTION('',(0.E0,0.E0,-1.E0));
#3385=VECTOR('',#3384,1.094827553637E1);
#3386=CARTESIAN_POINT('',(-1.879880363947E1,8.464575418830E0,8.972999999999E0));
#3387=LINE('',#3386,#3385);
#3388=DIRECTION('',(5.790223992947E-1,-5.790223992946E-1,-5.739913956064E-1));
#3389=VECTOR('',#3388,2.643322962559E-1);
#3390=CARTESIAN_POINT('',(-1.879880363947E1,3.353800581170E0,
-1.975275536368E0));
#3391=LINE('',#3390,#3389);
#3392=DIRECTION('',(1.E0,0.E0,0.E0));
#3393=VECTOR('',#3392,3.820859762855E0);
#3394=CARTESIAN_POINT('',(-2.261966340232E1,3.353800581170E0,
-1.975275536368E0));
#3395=LINE('',#3394,#3393);
#3396=DIRECTION('',(5.790223992940E-1,-5.790223992950E-1,-5.739913956066E-1));
#3397=VECTOR('',#3396,2.088946154510E-2);
#3398=CARTESIAN_POINT('',(-2.263175886847E1,3.365896047314E0,
-1.963285165183E0));
#3399=LINE('',#3398,#3397);
#3400=DIRECTION('',(-1.E0,0.E0,0.E0));
#3401=VECTOR('',#3400,4.054416830793E0);
#3402=CARTESIAN_POINT('',(-1.864574931908E1,3.200746260781E0,-2.127E0));
#3403=LINE('',#3402,#3401);
#3404=DIRECTION('',(-5.790223992942E-1,5.790223992946E-1,-5.739913956068E-1));
#3405=VECTOR('',#3404,2.088946154479E-2);
#3406=CARTESIAN_POINT('',(-2.396656889439E1,4.700706073235E0,
-1.963285165183E0));
#3407=LINE('',#3406,#3405);
#3408=DIRECTION('',(0.E0,0.E0,-1.E0));
#3409=VECTOR('',#3408,1.094827553637E1);
#3410=CARTESIAN_POINT('',(-2.261966340232E1,3.353800581170E0,8.972999999999E0));
#3411=LINE('',#3410,#3409);
#3412=DIRECTION('',(-7.071067811865E-1,7.071067811866E-1,0.E0));
#3413=VECTOR('',#3412,1.921917586377E0);
#3414=CARTESIAN_POINT('',(-2.261966340232E1,3.353800581170E0,8.972999999999E0));
#3415=LINE('',#3414,#3413);
#3416=DIRECTION('',(-1.E0,0.E0,0.E0));
#3417=VECTOR('',#3416,3.820859762855E0);
#3418=CARTESIAN_POINT('',(-1.879880363947E1,3.353800581170E0,8.972999999999E0));
#3419=LINE('',#3418,#3417);
#3420=DIRECTION('',(0.E0,-1.E0,0.E0));
#3421=VECTOR('',#3420,5.110774837660E0);
#3422=CARTESIAN_POINT('',(-1.879880363947E1,8.464575418830E0,8.972999999999E0));
#3423=LINE('',#3422,#3421);
#3424=DIRECTION('',(1.E0,0.E0,0.E0));
#3425=VECTOR('',#3424,5.179860721063E0);
#3426=CARTESIAN_POINT('',(-2.397866436053E1,8.464575418830E0,8.972999999999E0));
#3427=LINE('',#3426,#3425);
#3428=DIRECTION('',(0.E0,1.E0,0.E0));
#3429=VECTOR('',#3428,3.751773879452E0);
#3430=CARTESIAN_POINT('',(-2.397866436053E1,4.712801539379E0,8.972999999999E0));
#3431=LINE('',#3430,#3429);
#3432=DIRECTION('',(1.E0,0.E0,0.E0));
#3433=VECTOR('',#3432,9.239999999999E-1);
#3434=CARTESIAN_POINT('',(-2.1850734E1,5.536628E0,8.972999999999E0));
#3435=LINE('',#3434,#3433);
#3436=CARTESIAN_POINT('',(-2.1850734E1,5.636628E0,8.972999999999E0));
#3437=DIRECTION('',(0.E0,0.E0,1.E0));
#3438=DIRECTION('',(-1.E0,0.E0,0.E0));
#3439=AXIS2_PLACEMENT_3D('',#3436,#3437,#3438);
#3441=DIRECTION('',(0.E0,-1.E0,0.E0));
#3442=VECTOR('',#3441,9.24E-1);
#3443=CARTESIAN_POINT('',(-2.1950734E1,6.560628E0,8.972999999999E0));
#3444=LINE('',#3443,#3442);
#3445=CARTESIAN_POINT('',(-2.1850734E1,6.560628E0,8.972999999999E0));
#3446=DIRECTION('',(0.E0,0.E0,1.E0));
#3447=DIRECTION('',(0.E0,1.E0,0.E0));
#3448=AXIS2_PLACEMENT_3D('',#3445,#3446,#3447);
#3450=DIRECTION('',(-1.E0,0.E0,0.E0));
#3451=VECTOR('',#3450,9.239999999999E-1);
#3452=CARTESIAN_POINT('',(-2.0926734E1,6.660628E0,8.972999999999E0));
#3453=LINE('',#3452,#3451);
#3454=CARTESIAN_POINT('',(-2.0926734E1,6.560628E0,8.972999999999E0));
#3455=DIRECTION('',(0.E0,0.E0,1.E0));
#3456=DIRECTION('',(1.E0,1.865174681370E-13,0.E0));
#3457=AXIS2_PLACEMENT_3D('',#3454,#3455,#3456);
#3459=DIRECTION('',(0.E0,1.E0,0.E0));
#3460=VECTOR('',#3459,9.24E-1);
#3461=CARTESIAN_POINT('',(-2.0826734E1,5.636628E0,8.972999999999E0));
#3462=LINE('',#3461,#3460);
#3463=CARTESIAN_POINT('',(-2.0926734E1,5.636628E0,8.972999999999E0));
#3464=DIRECTION('',(0.E0,0.E0,1.E0));
#3465=DIRECTION('',(0.E0,-1.E0,0.E0));
#3466=AXIS2_PLACEMENT_3D('',#3463,#3464,#3465);
#3468=DIRECTION('',(1.E0,0.E0,0.E0));
#3469=VECTOR('',#3468,5.179860721063E0);
#3470=CARTESIAN_POINT('',(-2.397866436053E1,8.464575418830E0,
-1.975275536368E0));
#3471=LINE('',#3470,#3469);
#3472=DIRECTION('',(0.E0,0.E0,-1.E0));
#3473=VECTOR('',#3472,1.094827553637E1);
#3474=CARTESIAN_POINT('',(-2.397866436053E1,8.464575418830E0,8.972999999999E0));
#3475=LINE('',#3474,#3473);
#3476=DIRECTION('',(1.E0,0.E0,0.E0));
#3477=VECTOR('',#3476,5.485969361842E0);
#3478=CARTESIAN_POINT('',(-2.413171868092E1,8.617629739219E0,-2.127E0));
#3479=LINE('',#3478,#3477);
#3480=DIRECTION('',(-5.790223992948E-1,-5.790223992945E-1,5.739913956064E-1));
#3481=VECTOR('',#3480,2.643322962559E-1);
#3482=CARTESIAN_POINT('',(-1.864574931908E1,8.617629739219E0,-2.127E0));
#3483=LINE('',#3482,#3481);
#3484=DIRECTION('',(0.E0,1.E0,0.E0));
#3485=VECTOR('',#3484,3.985330947389E0);
#3486=CARTESIAN_POINT('',(-2.413171868092E1,4.632298791830E0,-2.127E0));
#3487=LINE('',#3486,#3485);
#3488=DIRECTION('',(5.790223992949E-1,-5.790223992944E-1,5.739913956064E-1));
#3489=VECTOR('',#3488,2.643322962559E-1);
#3490=CARTESIAN_POINT('',(-2.413171868092E1,8.617629739219E0,-2.127E0));
#3491=LINE('',#3490,#3489);
#3492=DIRECTION('',(7.071067811865E-1,-7.071067811865E-1,0.E0));
#3493=VECTOR('',#3492,1.887706441849E0);
#3494=CARTESIAN_POINT('',(-2.396656889439E1,4.700706073235E0,
-1.963285165183E0));
#3495=LINE('',#3494,#3493);
#3496=DIRECTION('',(6.813179851691E-1,2.822111497458E-1,6.753981566782E-1));
#3497=VECTOR('',#3496,2.423975150046E-1);
#3498=CARTESIAN_POINT('',(-2.413171868092E1,4.632298791830E0,-2.127E0));
#3499=LINE('',#3498,#3497);
#3500=DIRECTION('',(-2.822111497458E-1,-6.813179851691E-1,-6.753981566781E-1));
#3501=VECTOR('',#3500,2.423975150046E-1);
#3502=CARTESIAN_POINT('',(-2.263175886847E1,3.365896047314E0,
-1.963285165183E0));
#3503=LINE('',#3502,#3501);
#3504=DIRECTION('',(-1.799190518035E-14,1.E0,-2.840827133740E-14));
#3505=VECTOR('',#3504,3.751773879452E0);
#3506=CARTESIAN_POINT('',(-2.397866436053E1,4.712801539379E0,
-1.975275536368E0));
#3507=LINE('',#3506,#3505);
#3508=DIRECTION('',(0.E0,0.E0,-1.E0));
#3509=VECTOR('',#3508,1.094827553637E1);
#3510=CARTESIAN_POINT('',(-2.397866436053E1,4.712801539379E0,8.972999999999E0));
#3511=LINE('',#3510,#3509);
#3512=DIRECTION('',(1.E0,0.E0,0.E0));
#3513=VECTOR('',#3512,9.239999999999E-1);
#3514=CARTESIAN_POINT('',(-2.1850734E1,5.536628E0,2.499287745611E0));
#3515=LINE('',#3514,#3513);
#3516=DIRECTION('',(0.E0,0.E0,1.E0));
#3517=VECTOR('',#3516,6.473712254388E0);
#3518=CARTESIAN_POINT('',(-2.0826734E1,5.636628E0,2.499287745611E0));
#3519=LINE('',#3518,#3517);
#3520=CARTESIAN_POINT('',(-2.085602332188E1,5.565917321881E0,2.469998423730E0));
#3521=CARTESIAN_POINT('',(-2.083828867086E1,5.583651972900E0,2.487733074748E0));
#3522=CARTESIAN_POINT('',(-2.0826734E1,5.605910683382E0,2.499287745611E0));
#3523=CARTESIAN_POINT('',(-2.0826734E1,5.636628E0,2.499287745611E0));
#3525=CARTESIAN_POINT('',(-2.0926734E1,5.536628E0,2.499287745611E0));
#3526=CARTESIAN_POINT('',(-2.089601668338E1,5.536628E0,2.499287745611E0));
#3527=CARTESIAN_POINT('',(-2.087375797290E1,5.548182670863E0,2.487733074748E0));
#3528=CARTESIAN_POINT('',(-2.085602332188E1,5.565917321881E0,2.469998423730E0));
#3530=DIRECTION('',(0.E0,0.E0,-1.E0));
#3531=VECTOR('',#3530,6.473712254388E0);
#3532=CARTESIAN_POINT('',(-2.0926734E1,5.536628E0,8.972999999999E0));
#3533=LINE('',#3532,#3531);
#3534=DIRECTION('',(0.E0,1.E0,0.E0));
#3535=VECTOR('',#3534,9.24E-1);
#3536=CARTESIAN_POINT('',(-2.0826734E1,5.636628E0,2.499287745611E0));
#3537=LINE('',#3536,#3535);
#3538=DIRECTION('',(0.E0,0.E0,1.E0));
#3539=VECTOR('',#3538,6.473712254388E0);
#3540=CARTESIAN_POINT('',(-2.0926734E1,6.660628E0,2.499287745611E0));
#3541=LINE('',#3540,#3539);
#3542=CARTESIAN_POINT('',(-2.085602332188E1,6.631338678119E0,2.469998423730E0));
#3543=CARTESIAN_POINT('',(-2.087375797290E1,6.649073329137E0,2.487733074748E0));
#3544=CARTESIAN_POINT('',(-2.089601668338E1,6.660628E0,2.499287745611E0));
#3545=CARTESIAN_POINT('',(-2.0926734E1,6.660628E0,2.499287745611E0));
#3547=CARTESIAN_POINT('',(-2.0826734E1,6.560628E0,2.499287745611E0));
#3548=CARTESIAN_POINT('',(-2.0826734E1,6.591345316618E0,2.499287745611E0));
#3549=CARTESIAN_POINT('',(-2.083828867086E1,6.613604027100E0,2.487733074748E0));
#3550=CARTESIAN_POINT('',(-2.085602332188E1,6.631338678119E0,2.469998423730E0));
#3552=DIRECTION('',(0.E0,0.E0,-1.E0));
#3553=VECTOR('',#3552,6.473712254388E0);
#3554=CARTESIAN_POINT('',(-2.0826734E1,6.560628E0,8.972999999999E0));
#3555=LINE('',#3554,#3553);
#3556=DIRECTION('',(-1.E0,0.E0,0.E0));
#3557=VECTOR('',#3556,9.239999999999E-1);
#3558=CARTESIAN_POINT('',(-2.0926734E1,6.660628E0,2.499287745611E0));
#3559=LINE('',#3558,#3557);
#3560=DIRECTION('',(0.E0,0.E0,1.E0));
#3561=VECTOR('',#3560,6.473712254388E0);
#3562=CARTESIAN_POINT('',(-2.1950734E1,6.560628E0,2.499287745611E0));
#3563=LINE('',#3562,#3561);
#3564=CARTESIAN_POINT('',(-2.192144467812E1,6.631338678119E0,2.469998423730E0));
#3565=CARTESIAN_POINT('',(-2.193917932914E1,6.613604027100E0,2.487733074748E0));
#3566=CARTESIAN_POINT('',(-2.1950734E1,6.591345316618E0,2.499287745611E0));
#3567=CARTESIAN_POINT('',(-2.1950734E1,6.560628E0,2.499287745611E0));
#3569=CARTESIAN_POINT('',(-2.1850734E1,6.660628E0,2.499287745611E0));
#3570=CARTESIAN_POINT('',(-2.188145131662E1,6.660628E0,2.499287745611E0));
#3571=CARTESIAN_POINT('',(-2.190371002710E1,6.649073329137E0,2.487733074748E0));
#3572=CARTESIAN_POINT('',(-2.192144467812E1,6.631338678119E0,2.469998423730E0));
#3574=DIRECTION('',(0.E0,0.E0,-1.E0));
#3575=VECTOR('',#3574,6.473712254388E0);
#3576=CARTESIAN_POINT('',(-2.1850734E1,6.660628E0,8.972999999999E0));
#3577=LINE('',#3576,#3575);
#3578=DIRECTION('',(0.E0,-1.E0,0.E0));
#3579=VECTOR('',#3578,9.24E-1);
#3580=CARTESIAN_POINT('',(-2.1950734E1,6.560628E0,2.499287745611E0));
#3581=LINE('',#3580,#3579);
#3582=DIRECTION('',(0.E0,0.E0,1.E0));
#3583=VECTOR('',#3582,6.473712254388E0);
#3584=CARTESIAN_POINT('',(-2.1850734E1,5.536628E0,2.499287745611E0));
#3585=LINE('',#3584,#3583);
#3586=CARTESIAN_POINT('',(-2.192144467812E1,5.565917321881E0,2.469998423730E0));
#3587=CARTESIAN_POINT('',(-2.190371002710E1,5.548182670863E0,2.487733074748E0));
#3588=CARTESIAN_POINT('',(-2.188145131662E1,5.536628E0,2.499287745611E0));
#3589=CARTESIAN_POINT('',(-2.1850734E1,5.536628E0,2.499287745611E0));
#3591=CARTESIAN_POINT('',(-2.1950734E1,5.636628E0,2.499287745611E0));
#3592=CARTESIAN_POINT('',(-2.1950734E1,5.605910683382E0,2.499287745611E0));
#3593=CARTESIAN_POINT('',(-2.193917932914E1,5.583651972900E0,2.487733074748E0));
#3594=CARTESIAN_POINT('',(-2.192144467812E1,5.565917321881E0,2.469998423730E0));
#3596=DIRECTION('',(0.E0,0.E0,-1.E0));
#3597=VECTOR('',#3596,6.473712254388E0);
#3598=CARTESIAN_POINT('',(-2.1950734E1,5.636628E0,8.972999999999E0));
#3599=LINE('',#3598,#3597);
#3600=DIRECTION('',(-5.773502691896E-1,5.773502691896E-1,-5.773502691896E-1));
#3601=VECTOR('',#3600,6.420897294098E-1);
#3602=CARTESIAN_POINT('',(-2.085602332188E1,5.565917321881E0,2.469998423730E0));
#3603=LINE('',#3602,#3601);
#3604=DIRECTION('',(5.773502691896E-1,5.773502691896E-1,5.773502691896E-1));
#3605=VECTOR('',#3604,6.420897294097E-1);
#3606=CARTESIAN_POINT('',(-2.1226734E1,6.260628E0,2.099287745611E0));
#3607=LINE('',#3606,#3605);
#3608=DIRECTION('',(5.773502691896E-1,-5.773502691896E-1,-5.773502691896E-1));
#3609=VECTOR('',#3608,6.420897294098E-1);
#3610=CARTESIAN_POINT('',(-2.192144467812E1,6.631338678119E0,2.469998423730E0));
#3611=LINE('',#3610,#3609);
#3612=DIRECTION('',(-5.773502691896E-1,-5.773502691896E-1,5.773502691896E-1));
#3613=VECTOR('',#3612,6.420897294098E-1);
#3614=CARTESIAN_POINT('',(-2.1550734E1,5.936628E0,2.099287745611E0));
#3615=LINE('',#3614,#3613);
#3616=DIRECTION('',(6.579099405186E-14,1.E0,0.E0));
#3617=VECTOR('',#3616,3.24E-1);
#3618=CARTESIAN_POINT('',(-2.1550734E1,5.936628E0,2.099287745611E0));
#3619=LINE('',#3618,#3617);
#3620=DIRECTION('',(-1.E0,5.482582837655E-14,0.E0));
#3621=VECTOR('',#3620,3.24E-1);
#3622=CARTESIAN_POINT('',(-2.1226734E1,5.936628E0,2.099287745611E0));
#3623=LINE('',#3622,#3621);
#3624=DIRECTION('',(-2.193033135062E-14,-1.E0,0.E0));
#3625=VECTOR('',#3624,3.24E-1);
#3626=CARTESIAN_POINT('',(-2.1226734E1,6.260628E0,2.099287745611E0));
#3627=LINE('',#3626,#3625);
#3628=DIRECTION('',(1.E0,0.E0,0.E0));
#3629=VECTOR('',#3628,3.24E-1);
#3630=CARTESIAN_POINT('',(-2.1550734E1,6.260628E0,2.099287745611E0));
#3631=LINE('',#3630,#3629);
#3632=DIRECTION('',(0.E0,1.E0,0.E0));
#3633=VECTOR('',#3632,5.110774837660E0);
#3634=CARTESIAN_POINT('',(-1.309880363947E1,3.353800581170E0,
-1.975275536368E0));
#3635=LINE('',#3634,#3633);
#3636=DIRECTION('',(0.E0,-1.E0,0.E0));
#3637=VECTOR('',#3636,5.416883478438E0);
#3638=CARTESIAN_POINT('',(-1.294574931908E1,8.617629739219E0,-2.127E0));
#3639=LINE('',#3638,#3637);
#3640=DIRECTION('',(0.E0,0.E0,1.E0));
#3641=VECTOR('',#3640,1.094827553637E1);
#3642=CARTESIAN_POINT('',(-1.309880363947E1,3.353800581170E0,
-1.975275536368E0));
#3643=LINE('',#3642,#3641);
#3644=DIRECTION('',(0.E0,0.E0,-1.E0));
#3645=VECTOR('',#3644,1.094827553637E1);
#3646=CARTESIAN_POINT('',(-1.309880363947E1,8.464575418830E0,8.972999999999E0));
#3647=LINE('',#3646,#3645);
#3648=DIRECTION('',(5.790223992946E-1,-5.790223992946E-1,-5.739913956064E-1));
#3649=VECTOR('',#3648,2.643322962558E-1);
#3650=CARTESIAN_POINT('',(-1.309880363947E1,3.353800581170E0,
-1.975275536368E0));
#3651=LINE('',#3650,#3649);
#3652=DIRECTION('',(1.E0,0.E0,0.E0));
#3653=VECTOR('',#3652,3.820859762855E0);
#3654=CARTESIAN_POINT('',(-1.691966340232E1,3.353800581170E0,
-1.975275536368E0));
#3655=LINE('',#3654,#3653);
#3656=DIRECTION('',(5.790223992949E-1,-5.790223992941E-1,-5.739913956067E-1));
#3657=VECTOR('',#3656,2.088946154508E-2);
#3658=CARTESIAN_POINT('',(-1.693175886847E1,3.365896047314E0,
-1.963285165183E0));
#3659=LINE('',#3658,#3657);
#3660=DIRECTION('',(-1.E0,0.E0,0.E0));
#3661=VECTOR('',#3660,4.054416830793E0);
#3662=CARTESIAN_POINT('',(-1.294574931908E1,3.200746260781E0,-2.127E0));
#3663=LINE('',#3662,#3661);
#3664=DIRECTION('',(-5.790223992942E-1,5.790223992948E-1,-5.739913956067E-1));
#3665=VECTOR('',#3664,2.088946154481E-2);
#3666=CARTESIAN_POINT('',(-1.826656889439E1,4.700706073235E0,
-1.963285165183E0));
#3667=LINE('',#3666,#3665);
#3668=DIRECTION('',(0.E0,0.E0,-1.E0));
#3669=VECTOR('',#3668,1.094827553637E1);
#3670=CARTESIAN_POINT('',(-1.691966340232E1,3.353800581170E0,8.972999999999E0));
#3671=LINE('',#3670,#3669);
#3672=DIRECTION('',(-7.071067811865E-1,7.071067811865E-1,0.E0));
#3673=VECTOR('',#3672,1.921917586377E0);
#3674=CARTESIAN_POINT('',(-1.691966340232E1,3.353800581170E0,8.972999999999E0));
#3675=LINE('',#3674,#3673);
#3676=DIRECTION('',(-1.E0,0.E0,0.E0));
#3677=VECTOR('',#3676,3.820859762855E0);
#3678=CARTESIAN_POINT('',(-1.309880363947E1,3.353800581170E0,8.972999999999E0));
#3679=LINE('',#3678,#3677);
#3680=DIRECTION('',(0.E0,-1.E0,0.E0));
#3681=VECTOR('',#3680,5.110774837660E0);
#3682=CARTESIAN_POINT('',(-1.309880363947E1,8.464575418830E0,8.972999999999E0));
#3683=LINE('',#3682,#3681);
#3684=DIRECTION('',(1.E0,0.E0,0.E0));
#3685=VECTOR('',#3684,5.179860721063E0);
#3686=CARTESIAN_POINT('',(-1.827866436053E1,8.464575418830E0,8.972999999999E0));
#3687=LINE('',#3686,#3685);
#3688=DIRECTION('',(0.E0,1.E0,0.E0));
#3689=VECTOR('',#3688,3.751773879452E0);
#3690=CARTESIAN_POINT('',(-1.827866436053E1,4.712801539379E0,8.972999999999E0));
#3691=LINE('',#3690,#3689);
#3692=DIRECTION('',(1.E0,0.E0,0.E0));
#3693=VECTOR('',#3692,9.239999999999E-1);
#3694=CARTESIAN_POINT('',(-1.6150734E1,5.536628E0,8.972999999999E0));
#3695=LINE('',#3694,#3693);
#3696=CARTESIAN_POINT('',(-1.6150734E1,5.636628E0,8.972999999999E0));
#3697=DIRECTION('',(0.E0,0.E0,1.E0));
#3698=DIRECTION('',(-1.E0,0.E0,0.E0));
#3699=AXIS2_PLACEMENT_3D('',#3696,#3697,#3698);
#3701=DIRECTION('',(0.E0,-1.E0,0.E0));
#3702=VECTOR('',#3701,9.24E-1);
#3703=CARTESIAN_POINT('',(-1.6250734E1,6.560628E0,8.972999999999E0));
#3704=LINE('',#3703,#3702);
#3705=CARTESIAN_POINT('',(-1.6150734E1,6.560628E0,8.972999999999E0));
#3706=DIRECTION('',(0.E0,0.E0,1.E0));
#3707=DIRECTION('',(0.E0,1.E0,0.E0));
#3708=AXIS2_PLACEMENT_3D('',#3705,#3706,#3707);
#3710=DIRECTION('',(-1.E0,0.E0,0.E0));
#3711=VECTOR('',#3710,9.239999999999E-1);
#3712=CARTESIAN_POINT('',(-1.5226734E1,6.660628E0,8.972999999999E0));
#3713=LINE('',#3712,#3711);
#3714=CARTESIAN_POINT('',(-1.5226734E1,6.560628E0,8.972999999999E0));
#3715=DIRECTION('',(0.E0,0.E0,1.E0));
#3716=DIRECTION('',(1.E0,0.E0,0.E0));
#3717=AXIS2_PLACEMENT_3D('',#3714,#3715,#3716);
#3719=DIRECTION('',(0.E0,1.E0,0.E0));
#3720=VECTOR('',#3719,9.24E-1);
#3721=CARTESIAN_POINT('',(-1.5126734E1,5.636628E0,8.972999999999E0));
#3722=LINE('',#3721,#3720);
#3723=CARTESIAN_POINT('',(-1.5226734E1,5.636628E0,8.972999999999E0));
#3724=DIRECTION('',(0.E0,0.E0,1.E0));
#3725=DIRECTION('',(1.776356839400E-14,-1.E0,0.E0));
#3726=AXIS2_PLACEMENT_3D('',#3723,#3724,#3725);
#3728=DIRECTION('',(1.E0,0.E0,-1.144546402066E-14));
#3729=VECTOR('',#3728,5.179860721063E0);
#3730=CARTESIAN_POINT('',(-1.827866436053E1,8.464575418830E0,
-1.975275536368E0));
#3731=LINE('',#3730,#3729);
#3732=DIRECTION('',(0.E0,0.E0,-1.E0));
#3733=VECTOR('',#3732,1.094827553637E1);
#3734=CARTESIAN_POINT('',(-1.827866436053E1,8.464575418830E0,8.972999999999E0));
#3735=LINE('',#3734,#3733);
#3736=DIRECTION('',(1.E0,0.E0,0.E0));
#3737=VECTOR('',#3736,5.485969361842E0);
#3738=CARTESIAN_POINT('',(-1.843171868092E1,8.617629739219E0,-2.127E0));
#3739=LINE('',#3738,#3737);
#3740=DIRECTION('',(-5.790223992947E-1,-5.790223992946E-1,5.739913956064E-1));
#3741=VECTOR('',#3740,2.643322962558E-1);
#3742=CARTESIAN_POINT('',(-1.294574931908E1,8.617629739219E0,-2.127E0));
#3743=LINE('',#3742,#3741);
#3744=DIRECTION('',(0.E0,1.E0,0.E0));
#3745=VECTOR('',#3744,3.985330947389E0);
#3746=CARTESIAN_POINT('',(-1.843171868092E1,4.632298791830E0,-2.127E0));
#3747=LINE('',#3746,#3745);
#3748=DIRECTION('',(5.790223992949E-1,-5.790223992944E-1,5.739913956064E-1));
#3749=VECTOR('',#3748,2.643322962559E-1);
#3750=CARTESIAN_POINT('',(-1.843171868092E1,8.617629739219E0,-2.127E0));
#3751=LINE('',#3750,#3749);
#3752=DIRECTION('',(7.071067811865E-1,-7.071067811865E-1,0.E0));
#3753=VECTOR('',#3752,1.887706441849E0);
#3754=CARTESIAN_POINT('',(-1.826656889439E1,4.700706073235E0,
-1.963285165183E0));
#3755=LINE('',#3754,#3753);
#3756=DIRECTION('',(6.813179851691E-1,2.822111497458E-1,6.753981566781E-1));
#3757=VECTOR('',#3756,2.423975150046E-1);
#3758=CARTESIAN_POINT('',(-1.843171868092E1,4.632298791830E0,-2.127E0));
#3759=LINE('',#3758,#3757);
#3760=DIRECTION('',(-2.822111497458E-1,-6.813179851691E-1,-6.753981566781E-1));
#3761=VECTOR('',#3760,2.423975150046E-1);
#3762=CARTESIAN_POINT('',(-1.693175886847E1,3.365896047314E0,
-1.963285165183E0));
#3763=LINE('',#3762,#3761);
#3764=DIRECTION('',(-1.515107804661E-14,1.E0,-2.722459336500E-14));
#3765=VECTOR('',#3764,3.751773879452E0);
#3766=CARTESIAN_POINT('',(-1.827866436053E1,4.712801539379E0,
-1.975275536368E0));
#3767=LINE('',#3766,#3765);
#3768=DIRECTION('',(0.E0,0.E0,-1.E0));
#3769=VECTOR('',#3768,1.094827553637E1);
#3770=CARTESIAN_POINT('',(-1.827866436053E1,4.712801539379E0,8.972999999999E0));
#3771=LINE('',#3770,#3769);
#3772=DIRECTION('',(1.E0,0.E0,0.E0));
#3773=VECTOR('',#3772,9.239999999999E-1);
#3774=CARTESIAN_POINT('',(-1.6150734E1,5.536628E0,2.499287745611E0));
#3775=LINE('',#3774,#3773);
#3776=DIRECTION('',(0.E0,0.E0,1.E0));
#3777=VECTOR('',#3776,6.473712254388E0);
#3778=CARTESIAN_POINT('',(-1.5126734E1,5.636628E0,2.499287745611E0));
#3779=LINE('',#3778,#3777);
#3780=CARTESIAN_POINT('',(-1.515602332188E1,5.565917321881E0,2.469998423730E0));
#3781=CARTESIAN_POINT('',(-1.513828867086E1,5.583651972900E0,2.487733074748E0));
#3782=CARTESIAN_POINT('',(-1.5126734E1,5.605910683382E0,2.499287745611E0));
#3783=CARTESIAN_POINT('',(-1.5126734E1,5.636628E0,2.499287745611E0));
#3785=CARTESIAN_POINT('',(-1.5226734E1,5.536628E0,2.499287745611E0));
#3786=CARTESIAN_POINT('',(-1.519601668338E1,5.536628E0,2.499287745611E0));
#3787=CARTESIAN_POINT('',(-1.517375797290E1,5.548182670863E0,2.487733074748E0));
#3788=CARTESIAN_POINT('',(-1.515602332188E1,5.565917321881E0,2.469998423730E0));
#3790=DIRECTION('',(0.E0,0.E0,-1.E0));
#3791=VECTOR('',#3790,6.473712254388E0);
#3792=CARTESIAN_POINT('',(-1.5226734E1,5.536628E0,8.972999999999E0));
#3793=LINE('',#3792,#3791);
#3794=DIRECTION('',(0.E0,1.E0,0.E0));
#3795=VECTOR('',#3794,9.24E-1);
#3796=CARTESIAN_POINT('',(-1.5126734E1,5.636628E0,2.499287745611E0));
#3797=LINE('',#3796,#3795);
#3798=DIRECTION('',(0.E0,0.E0,1.E0));
#3799=VECTOR('',#3798,6.473712254388E0);
#3800=CARTESIAN_POINT('',(-1.5226734E1,6.660628E0,2.499287745611E0));
#3801=LINE('',#3800,#3799);
#3802=CARTESIAN_POINT('',(-1.515602332188E1,6.631338678119E0,2.469998423730E0));
#3803=CARTESIAN_POINT('',(-1.517375797290E1,6.649073329137E0,2.487733074748E0));
#3804=CARTESIAN_POINT('',(-1.519601668338E1,6.660628E0,2.499287745611E0));
#3805=CARTESIAN_POINT('',(-1.5226734E1,6.660628E0,2.499287745611E0));
#3807=CARTESIAN_POINT('',(-1.5126734E1,6.560628E0,2.499287745611E0));
#3808=CARTESIAN_POINT('',(-1.5126734E1,6.591345316618E0,2.499287745611E0));
#3809=CARTESIAN_POINT('',(-1.513828867086E1,6.613604027100E0,2.487733074748E0));
#3810=CARTESIAN_POINT('',(-1.515602332188E1,6.631338678119E0,2.469998423730E0));
#3812=DIRECTION('',(0.E0,0.E0,-1.E0));
#3813=VECTOR('',#3812,6.473712254388E0);
#3814=CARTESIAN_POINT('',(-1.5126734E1,6.560628E0,8.972999999999E0));
#3815=LINE('',#3814,#3813);
#3816=DIRECTION('',(-1.E0,0.E0,0.E0));
#3817=VECTOR('',#3816,9.239999999999E-1);
#3818=CARTESIAN_POINT('',(-1.5226734E1,6.660628E0,2.499287745611E0));
#3819=LINE('',#3818,#3817);
#3820=DIRECTION('',(0.E0,0.E0,1.E0));
#3821=VECTOR('',#3820,6.473712254388E0);
#3822=CARTESIAN_POINT('',(-1.6250734E1,6.560628E0,2.499287745611E0));
#3823=LINE('',#3822,#3821);
#3824=CARTESIAN_POINT('',(-1.622144467812E1,6.631338678119E0,2.469998423730E0));
#3825=CARTESIAN_POINT('',(-1.623917932914E1,6.613604027100E0,2.487733074748E0));
#3826=CARTESIAN_POINT('',(-1.6250734E1,6.591345316618E0,2.499287745611E0));
#3827=CARTESIAN_POINT('',(-1.6250734E1,6.560628E0,2.499287745611E0));
#3829=CARTESIAN_POINT('',(-1.6150734E1,6.660628E0,2.499287745611E0));
#3830=CARTESIAN_POINT('',(-1.618145131662E1,6.660628E0,2.499287745611E0));
#3831=CARTESIAN_POINT('',(-1.620371002710E1,6.649073329137E0,2.487733074748E0));
#3832=CARTESIAN_POINT('',(-1.622144467812E1,6.631338678119E0,2.469998423730E0));
#3834=DIRECTION('',(0.E0,0.E0,-1.E0));
#3835=VECTOR('',#3834,6.473712254388E0);
#3836=CARTESIAN_POINT('',(-1.6150734E1,6.660628E0,8.972999999999E0));
#3837=LINE('',#3836,#3835);
#3838=DIRECTION('',(0.E0,-1.E0,0.E0));
#3839=VECTOR('',#3838,9.24E-1);
#3840=CARTESIAN_POINT('',(-1.6250734E1,6.560628E0,2.499287745611E0));
#3841=LINE('',#3840,#3839);
#3842=DIRECTION('',(0.E0,0.E0,1.E0));
#3843=VECTOR('',#3842,6.473712254388E0);
#3844=CARTESIAN_POINT('',(-1.6150734E1,5.536628E0,2.499287745611E0));
#3845=LINE('',#3844,#3843);
#3846=CARTESIAN_POINT('',(-1.622144467812E1,5.565917321881E0,2.469998423730E0));
#3847=CARTESIAN_POINT('',(-1.620371002710E1,5.548182670863E0,2.487733074748E0));
#3848=CARTESIAN_POINT('',(-1.618145131662E1,5.536628E0,2.499287745611E0));
#3849=CARTESIAN_POINT('',(-1.6150734E1,5.536628E0,2.499287745611E0));
#3851=CARTESIAN_POINT('',(-1.6250734E1,5.636628E0,2.499287745611E0));
#3852=CARTESIAN_POINT('',(-1.6250734E1,5.605910683382E0,2.499287745611E0));
#3853=CARTESIAN_POINT('',(-1.623917932914E1,5.583651972900E0,2.487733074748E0));
#3854=CARTESIAN_POINT('',(-1.622144467812E1,5.565917321881E0,2.469998423730E0));
#3856=DIRECTION('',(0.E0,0.E0,-1.E0));
#3857=VECTOR('',#3856,6.473712254388E0);
#3858=CARTESIAN_POINT('',(-1.6250734E1,5.636628E0,8.972999999999E0));
#3859=LINE('',#3858,#3857);
#3860=DIRECTION('',(-5.773502691896E-1,5.773502691896E-1,-5.773502691896E-1));
#3861=VECTOR('',#3860,6.420897294097E-1);
#3862=CARTESIAN_POINT('',(-1.515602332188E1,5.565917321881E0,2.469998423730E0));
#3863=LINE('',#3862,#3861);
#3864=DIRECTION('',(5.773502691896E-1,5.773502691896E-1,5.773502691896E-1));
#3865=VECTOR('',#3864,6.420897294097E-1);
#3866=CARTESIAN_POINT('',(-1.5526734E1,6.260628E0,2.099287745611E0));
#3867=LINE('',#3866,#3865);
#3868=DIRECTION('',(5.773502691896E-1,-5.773502691896E-1,-5.773502691896E-1));
#3869=VECTOR('',#3868,6.420897294098E-1);
#3870=CARTESIAN_POINT('',(-1.622144467812E1,6.631338678119E0,2.469998423730E0));
#3871=LINE('',#3870,#3869);
#3872=DIRECTION('',(-5.773502691896E-1,-5.773502691896E-1,5.773502691896E-1));
#3873=VECTOR('',#3872,6.420897294098E-1);
#3874=CARTESIAN_POINT('',(-1.5850734E1,5.936628E0,2.099287745611E0));
#3875=LINE('',#3874,#3873);
#3876=DIRECTION('',(-2.193033135062E-14,1.E0,0.E0));
#3877=VECTOR('',#3876,3.24E-1);
#3878=CARTESIAN_POINT('',(-1.5850734E1,5.936628E0,2.099287745611E0));
#3879=LINE('',#3878,#3877);
#3880=DIRECTION('',(-1.E0,-2.193033135062E-14,0.E0));
#3881=VECTOR('',#3880,3.24E-1);
#3882=CARTESIAN_POINT('',(-1.5526734E1,5.936628E0,2.099287745611E0));
#3883=LINE('',#3882,#3881);
#3884=DIRECTION('',(2.741291418827E-14,-1.E0,0.E0));
#3885=VECTOR('',#3884,3.24E-1);
#3886=CARTESIAN_POINT('',(-1.5526734E1,6.260628E0,2.099287745611E0));
#3887=LINE('',#3886,#3885);
#3888=DIRECTION('',(1.E0,0.E0,0.E0));
#3889=VECTOR('',#3888,3.24E-1);
#3890=CARTESIAN_POINT('',(-1.5850734E1,6.260628E0,2.099287745611E0));
#3891=LINE('',#3890,#3889);
#3892=DIRECTION('',(7.071067811865E-1,7.071067811865E-1,0.E0));
#3893=VECTOR('',#3892,1.921916231265E0);
#3894=CARTESIAN_POINT('',(-8.757803639469E0,3.353800581170E0,-1.9762E0));
#3895=LINE('',#3894,#3893);
#3896=DIRECTION('',(6.785983445458E-1,-2.810846377148E-1,-6.785983445458E-1));
#3897=VECTOR('',#3896,2.222227643378E-1);
#3898=CARTESIAN_POINT('',(-7.398803639469E0,4.712800581170E0,-1.9762E0));
#3899=LINE('',#3898,#3897);
#3900=DIRECTION('',(0.E0,0.E0,-1.E0));
#3901=VECTOR('',#3900,1.09492E1);
#3902=CARTESIAN_POINT('',(-7.398803639469E0,4.712800581170E0,8.972999999999E0));
#3903=LINE('',#3902,#3901);
#3904=DIRECTION('',(6.159792489783E-5,-9.999999905142E-1,-1.231958497976E-4));
#3905=VECTOR('',#3904,3.752008014877E0);
#3906=CARTESIAN_POINT('',(-7.399034755377E0,8.464808560457E0,
-1.975737768184E0));
#3907=LINE('',#3906,#3905);
#3908=DIRECTION('',(-2.110890887213E-5,2.129392732232E-5,-9.999999995505E-1));
#3909=VECTOR('',#3908,1.094873777310E1);
#3910=CARTESIAN_POINT('',(-7.398803639469E0,8.464575418830E0,8.972999999999E0));
#3911=LINE('',#3910,#3909);
#3912=DIRECTION('',(0.E0,-1.E0,0.E0));
#3913=VECTOR('',#3912,3.967292563255E0);
#3914=CARTESIAN_POINT('',(-7.248003639469E0,8.617629739219E0,-2.127E0));
#3915=LINE('',#3914,#3913);
#3916=DIRECTION('',(-9.999999950051E-1,-4.501125428804E-5,8.924032195966E-5));
#3917=VECTOR('',#3916,5.179629631027E0);
#3918=CARTESIAN_POINT('',(-7.399034755377E0,8.464808560457E0,
-1.975737768184E0));
#3919=LINE('',#3918,#3917);
#3920=DIRECTION('',(-5.747783453745E-1,-5.815907784256E-1,5.756579020033E-1));
#3921=VECTOR('',#3920,2.627641022376E-1);
#3922=CARTESIAN_POINT('',(-7.248003639469E0,8.617629739219E0,-2.127E0));
#3923=LINE('',#3922,#3921);
#3924=DIRECTION('',(1.E0,0.E0,0.E0));
#3925=VECTOR('',#3924,5.483715041453E0);
#3926=CARTESIAN_POINT('',(-1.273171868092E1,8.617629739219E0,-2.127E0));
#3927=LINE('',#3926,#3925);
#3928=DIRECTION('',(-5.790223992947E-1,5.790223992945E-1,-5.739913956064E-1));
#3929=VECTOR('',#3928,2.643322962559E-1);
#3930=CARTESIAN_POINT('',(-1.257866436053E1,8.464575418830E0,
-1.975275536368E0));
#3931=LINE('',#3930,#3929);
#3932=DIRECTION('',(0.E0,0.E0,-1.E0));
#3933=VECTOR('',#3932,1.094827553637E1);
#3934=CARTESIAN_POINT('',(-1.257866436053E1,8.464575418830E0,8.972999999999E0));
#3935=LINE('',#3934,#3933);
#3936=DIRECTION('',(0.E0,1.E0,0.E0));
#3937=VECTOR('',#3936,5.110774837660E0);
#3938=CARTESIAN_POINT('',(-1.257866436053E1,3.353800581170E0,8.972999999999E0));
#3939=LINE('',#3938,#3937);
#3940=DIRECTION('',(-1.E0,0.E0,0.E0));
#3941=VECTOR('',#3940,3.820860721063E0);
#3942=CARTESIAN_POINT('',(-8.757803639469E0,3.353800581170E0,8.972999999999E0));
#3943=LINE('',#3942,#3941);
#3944=DIRECTION('',(-7.071067811865E-1,-7.071067811865E-1,1.109116085604E-14));
#3945=VECTOR('',#3944,1.921916231265E0);
#3946=CARTESIAN_POINT('',(-7.398803639469E0,4.712800581170E0,8.972999999999E0));
#3947=LINE('',#3946,#3945);
#3948=DIRECTION('',(0.E0,-1.E0,0.E0));
#3949=VECTOR('',#3948,3.751774837660E0);
#3950=CARTESIAN_POINT('',(-7.398803639469E0,8.464575418830E0,8.972999999999E0));
#3951=LINE('',#3950,#3949);
#3952=DIRECTION('',(1.E0,0.E0,0.E0));
#3953=VECTOR('',#3952,5.179860721063E0);
#3954=CARTESIAN_POINT('',(-1.257866436053E1,8.464575418830E0,8.972999999999E0));
#3955=LINE('',#3954,#3953);
#3956=DIRECTION('',(0.E0,1.E0,0.E0));
#3957=VECTOR('',#3956,9.24E-1);
#3958=CARTESIAN_POINT('',(-9.426734000001E0,5.636628E0,8.972999999999E0));
#3959=LINE('',#3958,#3957);
#3960=CARTESIAN_POINT('',(-9.526734000001E0,5.636628E0,8.972999999999E0));
#3961=DIRECTION('',(0.E0,0.E0,1.E0));
#3962=DIRECTION('',(1.776356839400E-14,-1.E0,0.E0));
#3963=AXIS2_PLACEMENT_3D('',#3960,#3961,#3962);
#3965=DIRECTION('',(1.E0,0.E0,0.E0));
#3966=VECTOR('',#3965,9.239999999999E-1);
#3967=CARTESIAN_POINT('',(-1.0450734E1,5.536628E0,8.972999999999E0));
#3968=LINE('',#3967,#3966);
#3969=CARTESIAN_POINT('',(-1.0450734E1,5.636628E0,8.972999999999E0));
#3970=DIRECTION('',(0.E0,0.E0,1.E0));
#3971=DIRECTION('',(-1.E0,9.769962616701E-14,0.E0));
#3972=AXIS2_PLACEMENT_3D('',#3969,#3970,#3971);
#3974=DIRECTION('',(0.E0,-1.E0,0.E0));
#3975=VECTOR('',#3974,9.24E-1);
#3976=CARTESIAN_POINT('',(-1.0550734E1,6.560628E0,8.972999999999E0));
#3977=LINE('',#3976,#3975);
#3978=CARTESIAN_POINT('',(-1.0450734E1,6.560628E0,8.972999999999E0));
#3979=DIRECTION('',(0.E0,0.E0,1.E0));
#3980=DIRECTION('',(0.E0,1.E0,0.E0));
#3981=AXIS2_PLACEMENT_3D('',#3978,#3979,#3980);
#3983=DIRECTION('',(-1.E0,0.E0,0.E0));
#3984=VECTOR('',#3983,9.239999999999E-1);
#3985=CARTESIAN_POINT('',(-9.526734000001E0,6.660628E0,8.972999999999E0));
#3986=LINE('',#3985,#3984);
#3987=CARTESIAN_POINT('',(-9.526734000001E0,6.560628E0,8.972999999999E0));
#3988=DIRECTION('',(0.E0,0.E0,1.E0));
#3989=DIRECTION('',(1.E0,-7.993605777301E-14,0.E0));
#3990=AXIS2_PLACEMENT_3D('',#3987,#3988,#3989);
#3992=DIRECTION('',(-9.999999908541E-1,6.048422628104E-5,1.209684525660E-4));
#3993=VECTOR('',#3992,3.821093897637E0);
#3994=CARTESIAN_POINT('',(-8.757803639469E0,3.353800581170E0,-1.9762E0));
#3995=LINE('',#3994,#3993);
#3996=DIRECTION('',(0.E0,0.E0,-1.E0));
#3997=VECTOR('',#3996,1.09492E1);
#3998=CARTESIAN_POINT('',(-8.757803639469E0,3.353800581170E0,8.972999999999E0));
#3999=LINE('',#3998,#3997);
#4000=DIRECTION('',(2.129392732427E-5,-2.110890887465E-5,9.999999995505E-1));
#4001=VECTOR('',#4000,1.094873777310E1);
#4002=CARTESIAN_POINT('',(-1.257889750216E1,3.354031697078E0,
-1.975737768184E0));
#4003=LINE('',#4002,#4001);
#4004=DIRECTION('',(-1.E0,0.E0,0.E0));
#4005=VECTOR('',#4004,4.036378446658E0);
#4006=CARTESIAN_POINT('',(-8.695340234263E0,3.203000581170E0,-2.127E0));
#4007=LINE('',#4006,#4005);
#4008=DIRECTION('',(2.810846377148E-1,-6.785983445458E-1,-6.785983445458E-1));
#4009=VECTOR('',#4008,2.222227643378E-1);
#4010=CARTESIAN_POINT('',(-8.757803639469E0,3.353800581170E0,-1.9762E0));
#4011=LINE('',#4010,#4009);
#4012=DIRECTION('',(0.E0,1.E0,0.E0));
#4013=VECTOR('',#4012,5.414629158049E0);
#4014=CARTESIAN_POINT('',(-1.273171868092E1,3.203000581170E0,-2.127E0));
#4015=LINE('',#4014,#4013);
#4016=DIRECTION('',(-5.815907784258E-1,-5.747783453744E-1,-5.756579020033E-1));
#4017=VECTOR('',#4016,2.627641022377E-1);
#4018=CARTESIAN_POINT('',(-1.257889750216E1,3.354031697078E0,
-1.975737768184E0));
#4019=LINE('',#4018,#4017);
#4020=DIRECTION('',(-4.561973009312E-5,-9.999999948691E-1,-9.044669973183E-5));
#4021=VECTOR('',#4020,5.110543747974E0);
#4022=CARTESIAN_POINT('',(-1.257866436053E1,8.464575418830E0,
-1.975275536368E0));
#4023=LINE('',#4022,#4021);
#4024=DIRECTION('',(0.E0,1.E0,0.E0));
#4025=VECTOR('',#4024,9.24E-1);
#4026=CARTESIAN_POINT('',(-9.426734000001E0,5.636628E0,2.499287745611E0));
#4027=LINE('',#4026,#4025);
#4028=DIRECTION('',(0.E0,0.E0,1.E0));
#4029=VECTOR('',#4028,6.473712254388E0);
#4030=CARTESIAN_POINT('',(-9.426734000001E0,5.636628E0,2.499287745611E0));
#4031=LINE('',#4030,#4029);
#4032=CARTESIAN_POINT('',(-9.456023321882E0,5.565917321881E0,2.469998423730E0));
#4033=CARTESIAN_POINT('',(-9.438288670864E0,5.583651972900E0,2.487733074748E0));
#4034=CARTESIAN_POINT('',(-9.426734000001E0,5.605910683382E0,2.499287745611E0));
#4035=CARTESIAN_POINT('',(-9.426734000001E0,5.636628E0,2.499287745611E0));
#4037=CARTESIAN_POINT('',(-9.526734000001E0,5.536628E0,2.499287745611E0));
#4038=CARTESIAN_POINT('',(-9.496016683382E0,5.536628E0,2.499287745611E0));
#4039=CARTESIAN_POINT('',(-9.473757972900E0,5.548182670863E0,2.487733074748E0));
#4040=CARTESIAN_POINT('',(-9.456023321882E0,5.565917321881E0,2.469998423730E0));
#4042=DIRECTION('',(0.E0,0.E0,-1.E0));
#4043=VECTOR('',#4042,6.473712254388E0);
#4044=CARTESIAN_POINT('',(-9.526734000001E0,5.536628E0,8.972999999999E0));
#4045=LINE('',#4044,#4043);
#4046=DIRECTION('',(-5.773502691896E-1,5.773502691896E-1,-5.773502691896E-1));
#4047=VECTOR('',#4046,6.420897294098E-1);
#4048=CARTESIAN_POINT('',(-9.456023321882E0,5.565917321881E0,2.469998423730E0));
#4049=LINE('',#4048,#4047);
#4050=DIRECTION('',(5.773502691896E-1,5.773502691896E-1,5.773502691896E-1));
#4051=VECTOR('',#4050,6.420897294098E-1);
#4052=CARTESIAN_POINT('',(-9.826734000001E0,6.260628E0,2.099287745611E0));
#4053=LINE('',#4052,#4051);
#4054=DIRECTION('',(-5.773502691896E-1,-5.773502691896E-1,5.773502691896E-1));
#4055=VECTOR('',#4054,6.420897294098E-1);
#4056=CARTESIAN_POINT('',(-1.0150734E1,5.936628E0,2.099287745611E0));
#4057=LINE('',#4056,#4055);
#4058=DIRECTION('',(5.773502691896E-1,-5.773502691896E-1,-5.773502691896E-1));
#4059=VECTOR('',#4058,6.420897294098E-1);
#4060=CARTESIAN_POINT('',(-1.052144467812E1,6.631338678119E0,2.469998423730E0));
#4061=LINE('',#4060,#4059);
#4062=DIRECTION('',(0.E0,-1.E0,0.E0));
#4063=VECTOR('',#4062,9.24E-1);
#4064=CARTESIAN_POINT('',(-1.0550734E1,6.560628E0,2.499287745611E0));
#4065=LINE('',#4064,#4063);
#4066=DIRECTION('',(0.E0,0.E0,1.E0));
#4067=VECTOR('',#4066,6.473712254388E0);
#4068=CARTESIAN_POINT('',(-1.0450734E1,5.536628E0,2.499287745611E0));
#4069=LINE('',#4068,#4067);
#4070=CARTESIAN_POINT('',(-1.052144467812E1,5.565917321881E0,2.469998423730E0));
#4071=CARTESIAN_POINT('',(-1.050371002710E1,5.548182670863E0,2.487733074748E0));
#4072=CARTESIAN_POINT('',(-1.048145131662E1,5.536628E0,2.499287745611E0));
#4073=CARTESIAN_POINT('',(-1.0450734E1,5.536628E0,2.499287745611E0));
#4075=CARTESIAN_POINT('',(-1.0550734E1,5.636628E0,2.499287745611E0));
#4076=CARTESIAN_POINT('',(-1.0550734E1,5.605910683382E0,2.499287745611E0));
#4077=CARTESIAN_POINT('',(-1.053917932914E1,5.583651972900E0,2.487733074748E0));
#4078=CARTESIAN_POINT('',(-1.052144467812E1,5.565917321881E0,2.469998423730E0));
#4080=DIRECTION('',(0.E0,0.E0,-1.E0));
#4081=VECTOR('',#4080,6.473712254388E0);
#4082=CARTESIAN_POINT('',(-1.0550734E1,5.636628E0,8.972999999999E0));
#4083=LINE('',#4082,#4081);
#4084=DIRECTION('',(1.E0,0.E0,0.E0));
#4085=VECTOR('',#4084,9.24E-1);
#4086=CARTESIAN_POINT('',(-1.0450734E1,5.536628E0,2.499287745611E0));
#4087=LINE('',#4086,#4085);
#4088=DIRECTION('',(0.E0,0.E0,1.E0));
#4089=VECTOR('',#4088,6.473712254388E0);
#4090=CARTESIAN_POINT('',(-1.0550734E1,6.560628E0,2.499287745611E0));
#4091=LINE('',#4090,#4089);
#4092=CARTESIAN_POINT('',(-1.052144467812E1,6.631338678119E0,2.469998423730E0));
#4093=CARTESIAN_POINT('',(-1.053917932914E1,6.613604027100E0,2.487733074748E0));
#4094=CARTESIAN_POINT('',(-1.0550734E1,6.591345316618E0,2.499287745611E0));
#4095=CARTESIAN_POINT('',(-1.0550734E1,6.560628E0,2.499287745611E0));
#4097=CARTESIAN_POINT('',(-1.0450734E1,6.660628E0,2.499287745611E0));
#4098=CARTESIAN_POINT('',(-1.048145131662E1,6.660628E0,2.499287745611E0));
#4099=CARTESIAN_POINT('',(-1.050371002710E1,6.649073329137E0,2.487733074748E0));
#4100=CARTESIAN_POINT('',(-1.052144467812E1,6.631338678119E0,2.469998423730E0));
#4102=DIRECTION('',(0.E0,0.E0,-1.E0));
#4103=VECTOR('',#4102,6.473712254388E0);
#4104=CARTESIAN_POINT('',(-1.0450734E1,6.660628E0,8.972999999999E0));
#4105=LINE('',#4104,#4103);
#4106=DIRECTION('',(-1.E0,0.E0,0.E0));
#4107=VECTOR('',#4106,9.24E-1);
#4108=CARTESIAN_POINT('',(-9.526734000001E0,6.660628E0,2.499287745611E0));
#4109=LINE('',#4108,#4107);
#4110=DIRECTION('',(0.E0,0.E0,1.E0));
#4111=VECTOR('',#4110,6.473712254388E0);
#4112=CARTESIAN_POINT('',(-9.526734000001E0,6.660628E0,2.499287745611E0));
#4113=LINE('',#4112,#4111);
#4114=CARTESIAN_POINT('',(-9.456023321882E0,6.631338678119E0,2.469998423730E0));
#4115=CARTESIAN_POINT('',(-9.473757972900E0,6.649073329137E0,2.487733074748E0));
#4116=CARTESIAN_POINT('',(-9.496016683382E0,6.660628E0,2.499287745611E0));
#4117=CARTESIAN_POINT('',(-9.526734000001E0,6.660628E0,2.499287745611E0));
#4119=CARTESIAN_POINT('',(-9.426734000001E0,6.560628E0,2.499287745611E0));
#4120=CARTESIAN_POINT('',(-9.426734000001E0,6.591345316618E0,2.499287745611E0));
#4121=CARTESIAN_POINT('',(-9.438288670864E0,6.613604027100E0,2.487733074748E0));
#4122=CARTESIAN_POINT('',(-9.456023321882E0,6.631338678119E0,2.469998423730E0));
#4124=DIRECTION('',(0.E0,0.E0,-1.E0));
#4125=VECTOR('',#4124,6.473712254388E0);
#4126=CARTESIAN_POINT('',(-9.426734000001E0,6.560628E0,8.972999999999E0));
#4127=LINE('',#4126,#4125);
#4128=DIRECTION('',(-3.837807986358E-14,1.E0,0.E0));
#4129=VECTOR('',#4128,3.24E-1);
#4130=CARTESIAN_POINT('',(-1.0150734E1,5.936628E0,2.099287745611E0));
#4131=LINE('',#4130,#4129);
#4132=DIRECTION('',(-1.E0,-3.563678844476E-14,0.E0));
#4133=VECTOR('',#4132,3.24E-1);
#4134=CARTESIAN_POINT('',(-9.826734000001E0,5.936628E0,2.099287745611E0));
#4135=LINE('',#4134,#4133);
#4136=DIRECTION('',(2.193033135062E-14,-1.E0,0.E0));
#4137=VECTOR('',#4136,3.24E-1);
#4138=CARTESIAN_POINT('',(-9.826734000001E0,6.260628E0,2.099287745611E0));
#4139=LINE('',#4138,#4137);
#4140=DIRECTION('',(1.E0,-1.096516567531E-14,0.E0));
#4141=VECTOR('',#4140,3.24E-1);
#4142=CARTESIAN_POINT('',(-1.0150734E1,6.260628E0,2.099287745611E0));
#4143=LINE('',#4142,#4141);
#4144=DIRECTION('',(0.E0,1.E0,0.E0));
#4145=VECTOR('',#4144,5.110774837660E0);
#4146=CARTESIAN_POINT('',(-3.019880363947E1,3.353800581170E0,
-1.975275536368E0));
#4147=LINE('',#4146,#4145);
#4148=DIRECTION('',(0.E0,-1.E0,0.E0));
#4149=VECTOR('',#4148,5.416883478438E0);
#4150=CARTESIAN_POINT('',(-3.004574931908E1,8.617629739219E0,-2.127E0));
#4151=LINE('',#4150,#4149);
#4152=DIRECTION('',(0.E0,0.E0,1.E0));
#4153=VECTOR('',#4152,1.094827553637E1);
#4154=CARTESIAN_POINT('',(-3.019880363947E1,3.353800581170E0,
-1.975275536368E0));
#4155=LINE('',#4154,#4153);
#4156=DIRECTION('',(0.E0,0.E0,-1.E0));
#4157=VECTOR('',#4156,1.094827553637E1);
#4158=CARTESIAN_POINT('',(-3.019880363947E1,8.464575418830E0,8.972999999999E0));
#4159=LINE('',#4158,#4157);
#4160=DIRECTION('',(5.790223992947E-1,-5.790223992946E-1,-5.739913956064E-1));
#4161=VECTOR('',#4160,2.643322962559E-1);
#4162=CARTESIAN_POINT('',(-3.019880363947E1,3.353800581170E0,
-1.975275536368E0));
#4163=LINE('',#4162,#4161);
#4164=DIRECTION('',(1.E0,0.E0,0.E0));
#4165=VECTOR('',#4164,3.820859762855E0);
#4166=CARTESIAN_POINT('',(-3.401966340232E1,3.353800581170E0,
-1.975275536368E0));
#4167=LINE('',#4166,#4165);
#4168=DIRECTION('',(5.790223992952E-1,-5.790223992945E-1,-5.739913956059E-1));
#4169=VECTOR('',#4168,2.088946154516E-2);
#4170=CARTESIAN_POINT('',(-3.403175886847E1,3.365896047314E0,
-1.963285165183E0));
#4171=LINE('',#4170,#4169);
#4172=DIRECTION('',(-1.E0,0.E0,0.E0));
#4173=VECTOR('',#4172,4.054416830793E0);
#4174=CARTESIAN_POINT('',(-3.004574931908E1,3.200746260781E0,-2.127E0));
#4175=LINE('',#4174,#4173);
#4176=DIRECTION('',(-5.790223992940E-1,5.790223992947E-1,-5.739913956070E-1));
#4177=VECTOR('',#4176,2.088946154477E-2);
#4178=CARTESIAN_POINT('',(-3.536656889439E1,4.700706073235E0,
-1.963285165183E0));
#4179=LINE('',#4178,#4177);
#4180=DIRECTION('',(0.E0,0.E0,-1.E0));
#4181=VECTOR('',#4180,1.094827553637E1);
#4182=CARTESIAN_POINT('',(-3.401966340232E1,3.353800581170E0,8.972999999999E0));
#4183=LINE('',#4182,#4181);
#4184=DIRECTION('',(-7.071067811865E-1,7.071067811865E-1,0.E0));
#4185=VECTOR('',#4184,1.921917586377E0);
#4186=CARTESIAN_POINT('',(-3.401966340232E1,3.353800581170E0,8.972999999999E0));
#4187=LINE('',#4186,#4185);
#4188=DIRECTION('',(-1.E0,0.E0,0.E0));
#4189=VECTOR('',#4188,3.820859762855E0);
#4190=CARTESIAN_POINT('',(-3.019880363947E1,3.353800581170E0,8.972999999999E0));
#4191=LINE('',#4190,#4189);
#4192=DIRECTION('',(0.E0,-1.E0,0.E0));
#4193=VECTOR('',#4192,5.110774837660E0);
#4194=CARTESIAN_POINT('',(-3.019880363947E1,8.464575418830E0,8.972999999999E0));
#4195=LINE('',#4194,#4193);
#4196=DIRECTION('',(1.E0,0.E0,0.E0));
#4197=VECTOR('',#4196,5.179860721063E0);
#4198=CARTESIAN_POINT('',(-3.537866436053E1,8.464575418830E0,8.972999999999E0));
#4199=LINE('',#4198,#4197);
#4200=DIRECTION('',(0.E0,1.E0,0.E0));
#4201=VECTOR('',#4200,3.751773879452E0);
#4202=CARTESIAN_POINT('',(-3.537866436053E1,4.712801539379E0,8.972999999999E0));
#4203=LINE('',#4202,#4201);
#4204=DIRECTION('',(1.E0,0.E0,0.E0));
#4205=VECTOR('',#4204,9.239999999999E-1);
#4206=CARTESIAN_POINT('',(-3.3250734E1,5.536628E0,8.972999999999E0));
#4207=LINE('',#4206,#4205);
#4208=CARTESIAN_POINT('',(-3.3250734E1,5.636628E0,8.972999999999E0));
#4209=DIRECTION('',(0.E0,0.E0,1.E0));
#4210=DIRECTION('',(-1.E0,0.E0,0.E0));
#4211=AXIS2_PLACEMENT_3D('',#4208,#4209,#4210);
#4213=DIRECTION('',(0.E0,-1.E0,0.E0));
#4214=VECTOR('',#4213,9.24E-1);
#4215=CARTESIAN_POINT('',(-3.3350734E1,6.560628E0,8.972999999999E0));
#4216=LINE('',#4215,#4214);
#4217=CARTESIAN_POINT('',(-3.3250734E1,6.560628E0,8.972999999999E0));
#4218=DIRECTION('',(0.E0,0.E0,1.E0));
#4219=DIRECTION('',(0.E0,1.E0,0.E0));
#4220=AXIS2_PLACEMENT_3D('',#4217,#4218,#4219);
#4222=DIRECTION('',(-1.E0,0.E0,0.E0));
#4223=VECTOR('',#4222,9.239999999999E-1);
#4224=CARTESIAN_POINT('',(-3.2326734E1,6.660628E0,8.972999999999E0));
#4225=LINE('',#4224,#4223);
#4226=CARTESIAN_POINT('',(-3.2326734E1,6.560628E0,8.972999999999E0));
#4227=DIRECTION('',(0.E0,0.E0,1.E0));
#4228=DIRECTION('',(1.E0,3.641531520770E-13,0.E0));
#4229=AXIS2_PLACEMENT_3D('',#4226,#4227,#4228);
#4231=DIRECTION('',(0.E0,1.E0,0.E0));
#4232=VECTOR('',#4231,9.24E-1);
#4233=CARTESIAN_POINT('',(-3.2226734E1,5.636628E0,8.972999999999E0));
#4234=LINE('',#4233,#4232);
#4235=CARTESIAN_POINT('',(-3.2326734E1,5.636628E0,8.972999999999E0));
#4236=DIRECTION('',(0.E0,0.E0,1.E0));
#4237=DIRECTION('',(0.E0,-1.E0,0.E0));
#4238=AXIS2_PLACEMENT_3D('',#4235,#4236,#4237);
#4240=DIRECTION('',(1.E0,0.E0,0.E0));
#4241=VECTOR('',#4240,5.179860721063E0);
#4242=CARTESIAN_POINT('',(-3.537866436053E1,8.464575418830E0,
-1.975275536368E0));
#4243=LINE('',#4242,#4241);
#4244=DIRECTION('',(0.E0,0.E0,-1.E0));
#4245=VECTOR('',#4244,1.094827553637E1);
#4246=CARTESIAN_POINT('',(-3.537866436053E1,8.464575418830E0,8.972999999999E0));
#4247=LINE('',#4246,#4245);
#4248=DIRECTION('',(1.E0,0.E0,0.E0));
#4249=VECTOR('',#4248,5.485969361842E0);
#4250=CARTESIAN_POINT('',(-3.553171868092E1,8.617629739219E0,-2.127E0));
#4251=LINE('',#4250,#4249);
#4252=DIRECTION('',(-5.790223992948E-1,-5.790223992945E-1,5.739913956064E-1));
#4253=VECTOR('',#4252,2.643322962558E-1);
#4254=CARTESIAN_POINT('',(-3.004574931908E1,8.617629739219E0,-2.127E0));
#4255=LINE('',#4254,#4253);
#4256=DIRECTION('',(0.E0,1.E0,0.E0));
#4257=VECTOR('',#4256,3.985330947389E0);
#4258=CARTESIAN_POINT('',(-3.553171868092E1,4.632298791830E0,-2.127E0));
#4259=LINE('',#4258,#4257);
#4260=DIRECTION('',(5.790223992949E-1,-5.790223992944E-1,5.739913956063E-1));
#4261=VECTOR('',#4260,2.643322962559E-1);
#4262=CARTESIAN_POINT('',(-3.553171868092E1,8.617629739219E0,-2.127E0));
#4263=LINE('',#4262,#4261);
#4264=DIRECTION('',(7.071067811865E-1,-7.071067811865E-1,1.046877279232E-14));
#4265=VECTOR('',#4264,1.887706441849E0);
#4266=CARTESIAN_POINT('',(-3.536656889439E1,4.700706073235E0,
-1.963285165183E0));
#4267=LINE('',#4266,#4265);
#4268=DIRECTION('',(6.813179851691E-1,2.822111497458E-1,6.753981566781E-1));
#4269=VECTOR('',#4268,2.423975150046E-1);
#4270=CARTESIAN_POINT('',(-3.553171868092E1,4.632298791830E0,-2.127E0));
#4271=LINE('',#4270,#4269);
#4272=DIRECTION('',(-2.822111497458E-1,-6.813179851691E-1,-6.753981566781E-1));
#4273=VECTOR('',#4272,2.423975150046E-1);
#4274=CARTESIAN_POINT('',(-3.403175886847E1,3.365896047314E0,
-1.963285165183E0));
#4275=LINE('',#4274,#4273);
#4276=DIRECTION('',(-1.515107804661E-14,1.E0,-2.941439761393E-14));
#4277=VECTOR('',#4276,3.751773879452E0);
#4278=CARTESIAN_POINT('',(-3.537866436053E1,4.712801539379E0,
-1.975275536368E0));
#4279=LINE('',#4278,#4277);
#4280=DIRECTION('',(0.E0,0.E0,-1.E0));
#4281=VECTOR('',#4280,1.094827553637E1);
#4282=CARTESIAN_POINT('',(-3.537866436053E1,4.712801539379E0,8.972999999999E0));
#4283=LINE('',#4282,#4281);
#4284=DIRECTION('',(1.E0,0.E0,0.E0));
#4285=VECTOR('',#4284,9.239999999999E-1);
#4286=CARTESIAN_POINT('',(-3.3250734E1,5.536628E0,2.499287745611E0));
#4287=LINE('',#4286,#4285);
#4288=DIRECTION('',(0.E0,0.E0,1.E0));
#4289=VECTOR('',#4288,6.473712254388E0);
#4290=CARTESIAN_POINT('',(-3.2226734E1,5.636628E0,2.499287745611E0));
#4291=LINE('',#4290,#4289);
#4292=CARTESIAN_POINT('',(-3.225602332188E1,5.565917321881E0,2.469998423730E0));
#4293=CARTESIAN_POINT('',(-3.223828867086E1,5.583651972900E0,2.487733074748E0));
#4294=CARTESIAN_POINT('',(-3.2226734E1,5.605910683382E0,2.499287745611E0));
#4295=CARTESIAN_POINT('',(-3.2226734E1,5.636628E0,2.499287745611E0));
#4297=CARTESIAN_POINT('',(-3.2326734E1,5.536628E0,2.499287745611E0));
#4298=CARTESIAN_POINT('',(-3.229601668338E1,5.536628E0,2.499287745611E0));
#4299=CARTESIAN_POINT('',(-3.227375797290E1,5.548182670863E0,2.487733074748E0));
#4300=CARTESIAN_POINT('',(-3.225602332188E1,5.565917321881E0,2.469998423730E0));
#4302=DIRECTION('',(0.E0,0.E0,-1.E0));
#4303=VECTOR('',#4302,6.473712254388E0);
#4304=CARTESIAN_POINT('',(-3.2326734E1,5.536628E0,8.972999999999E0));
#4305=LINE('',#4304,#4303);
#4306=DIRECTION('',(0.E0,1.E0,0.E0));
#4307=VECTOR('',#4306,9.24E-1);
#4308=CARTESIAN_POINT('',(-3.2226734E1,5.636628E0,2.499287745611E0));
#4309=LINE('',#4308,#4307);
#4310=DIRECTION('',(0.E0,0.E0,1.E0));
#4311=VECTOR('',#4310,6.473712254388E0);
#4312=CARTESIAN_POINT('',(-3.2326734E1,6.660628E0,2.499287745611E0));
#4313=LINE('',#4312,#4311);
#4314=CARTESIAN_POINT('',(-3.225602332188E1,6.631338678119E0,2.469998423730E0));
#4315=CARTESIAN_POINT('',(-3.227375797290E1,6.649073329137E0,2.487733074748E0));
#4316=CARTESIAN_POINT('',(-3.229601668338E1,6.660628E0,2.499287745611E0));
#4317=CARTESIAN_POINT('',(-3.2326734E1,6.660628E0,2.499287745611E0));
#4319=CARTESIAN_POINT('',(-3.2226734E1,6.560628E0,2.499287745611E0));
#4320=CARTESIAN_POINT('',(-3.2226734E1,6.591345316618E0,2.499287745611E0));
#4321=CARTESIAN_POINT('',(-3.223828867086E1,6.613604027100E0,2.487733074748E0));
#4322=CARTESIAN_POINT('',(-3.225602332188E1,6.631338678119E0,2.469998423730E0));
#4324=DIRECTION('',(0.E0,0.E0,-1.E0));
#4325=VECTOR('',#4324,6.473712254388E0);
#4326=CARTESIAN_POINT('',(-3.2226734E1,6.560628E0,8.972999999999E0));
#4327=LINE('',#4326,#4325);
#4328=DIRECTION('',(-1.E0,0.E0,0.E0));
#4329=VECTOR('',#4328,9.239999999999E-1);
#4330=CARTESIAN_POINT('',(-3.2326734E1,6.660628E0,2.499287745611E0));
#4331=LINE('',#4330,#4329);
#4332=DIRECTION('',(0.E0,0.E0,1.E0));
#4333=VECTOR('',#4332,6.473712254388E0);
#4334=CARTESIAN_POINT('',(-3.3350734E1,6.560628E0,2.499287745611E0));
#4335=LINE('',#4334,#4333);
#4336=CARTESIAN_POINT('',(-3.332144467812E1,6.631338678119E0,2.469998423730E0));
#4337=CARTESIAN_POINT('',(-3.333917932914E1,6.613604027100E0,2.487733074748E0));
#4338=CARTESIAN_POINT('',(-3.3350734E1,6.591345316618E0,2.499287745611E0));
#4339=CARTESIAN_POINT('',(-3.3350734E1,6.560628E0,2.499287745611E0));
#4341=CARTESIAN_POINT('',(-3.3250734E1,6.660628E0,2.499287745611E0));
#4342=CARTESIAN_POINT('',(-3.328145131662E1,6.660628E0,2.499287745611E0));
#4343=CARTESIAN_POINT('',(-3.330371002710E1,6.649073329137E0,2.487733074748E0));
#4344=CARTESIAN_POINT('',(-3.332144467812E1,6.631338678119E0,2.469998423730E0));
#4346=DIRECTION('',(0.E0,0.E0,-1.E0));
#4347=VECTOR('',#4346,6.473712254388E0);
#4348=CARTESIAN_POINT('',(-3.3250734E1,6.660628E0,8.972999999999E0));
#4349=LINE('',#4348,#4347);
#4350=DIRECTION('',(0.E0,-1.E0,0.E0));
#4351=VECTOR('',#4350,9.24E-1);
#4352=CARTESIAN_POINT('',(-3.3350734E1,6.560628E0,2.499287745611E0));
#4353=LINE('',#4352,#4351);
#4354=DIRECTION('',(0.E0,0.E0,1.E0));
#4355=VECTOR('',#4354,6.473712254388E0);
#4356=CARTESIAN_POINT('',(-3.3250734E1,5.536628E0,2.499287745611E0));
#4357=LINE('',#4356,#4355);
#4358=CARTESIAN_POINT('',(-3.332144467812E1,5.565917321881E0,2.469998423730E0));
#4359=CARTESIAN_POINT('',(-3.330371002710E1,5.548182670863E0,2.487733074748E0));
#4360=CARTESIAN_POINT('',(-3.328145131662E1,5.536628E0,2.499287745611E0));
#4361=CARTESIAN_POINT('',(-3.3250734E1,5.536628E0,2.499287745611E0));
#4363=CARTESIAN_POINT('',(-3.3350734E1,5.636628E0,2.499287745611E0));
#4364=CARTESIAN_POINT('',(-3.3350734E1,5.605910683382E0,2.499287745611E0));
#4365=CARTESIAN_POINT('',(-3.333917932914E1,5.583651972900E0,2.487733074748E0));
#4366=CARTESIAN_POINT('',(-3.332144467812E1,5.565917321881E0,2.469998423730E0));
#4368=DIRECTION('',(0.E0,0.E0,-1.E0));
#4369=VECTOR('',#4368,6.473712254388E0);
#4370=CARTESIAN_POINT('',(-3.3350734E1,5.636628E0,8.972999999999E0));
#4371=LINE('',#4370,#4369);
#4372=DIRECTION('',(-5.773502691896E-1,5.773502691896E-1,-5.773502691896E-1));
#4373=VECTOR('',#4372,6.420897294098E-1);
#4374=CARTESIAN_POINT('',(-3.225602332188E1,5.565917321881E0,2.469998423730E0));
#4375=LINE('',#4374,#4373);
#4376=DIRECTION('',(5.773502691896E-1,5.773502691896E-1,5.773502691896E-1));
#4377=VECTOR('',#4376,6.420897294097E-1);
#4378=CARTESIAN_POINT('',(-3.2626734E1,6.260628E0,2.099287745611E0));
#4379=LINE('',#4378,#4377);
#4380=DIRECTION('',(5.773502691896E-1,-5.773502691896E-1,-5.773502691896E-1));
#4381=VECTOR('',#4380,6.420897294098E-1);
#4382=CARTESIAN_POINT('',(-3.332144467812E1,6.631338678119E0,2.469998423730E0));
#4383=LINE('',#4382,#4381);
#4384=DIRECTION('',(-5.773502691896E-1,-5.773502691896E-1,5.773502691896E-1));
#4385=VECTOR('',#4384,6.420897294098E-1);
#4386=CARTESIAN_POINT('',(-3.2950734E1,5.936628E0,2.099287745611E0));
#4387=LINE('',#4386,#4385);
#4388=DIRECTION('',(0.E0,1.E0,0.E0));
#4389=VECTOR('',#4388,3.24E-1);
#4390=CARTESIAN_POINT('',(-3.2950734E1,5.936628E0,2.099287745611E0));
#4391=LINE('',#4390,#4389);
#4392=DIRECTION('',(-1.E0,3.289549702593E-14,0.E0));
#4393=VECTOR('',#4392,3.24E-1);
#4394=CARTESIAN_POINT('',(-3.2626734E1,5.936628E0,2.099287745611E0));
#4395=LINE('',#4394,#4393);
#4396=DIRECTION('',(-8.772132540248E-14,-1.E0,0.E0));
#4397=VECTOR('',#4396,3.24E-1);
#4398=CARTESIAN_POINT('',(-3.2626734E1,6.260628E0,2.099287745611E0));
#4399=LINE('',#4398,#4397);
#4400=DIRECTION('',(1.E0,-2.193033135062E-14,0.E0));
#4401=VECTOR('',#4400,3.24E-1);
#4402=CARTESIAN_POINT('',(-3.2950734E1,6.260628E0,2.099287745611E0));
#4403=LINE('',#4402,#4401);
#4404=DIRECTION('',(-1.E0,0.E0,0.E0));
#4405=VECTOR('',#4404,4.036378446658E0);
#4406=CARTESIAN_POINT('',(-2.579534023426E1,-2.496999418830E0,-2.127E0));
#4407=LINE('',#4406,#4405);
#4408=DIRECTION('',(2.129392732508E-5,-2.110890887660E-5,9.999999995505E-1));
#4409=VECTOR('',#4408,1.094873777310E1);
#4410=CARTESIAN_POINT('',(-2.967889750216E1,-2.345968302922E0,
-1.975737768184E0));
#4411=LINE('',#4410,#4409);
#4412=DIRECTION('',(-9.999999908541E-1,6.048422628662E-5,1.209684525695E-4));
#4413=VECTOR('',#4412,3.821093897637E0);
#4414=CARTESIAN_POINT('',(-2.585780363947E1,-2.346199418830E0,-1.9762E0));
#4415=LINE('',#4414,#4413);
#4416=DIRECTION('',(0.E0,0.E0,-1.E0));
#4417=VECTOR('',#4416,1.09492E1);
#4418=CARTESIAN_POINT('',(-2.585780363947E1,-2.346199418830E0,
8.972999999999E0));
#4419=LINE('',#4418,#4417);
#4420=DIRECTION('',(4.561973009207E-5,9.999999948691E-1,9.044669973161E-5));
#4421=VECTOR('',#4420,5.110543747974E0);
#4422=CARTESIAN_POINT('',(-2.967889750216E1,-2.345968302922E0,
-1.975737768184E0));
#4423=LINE('',#4422,#4421);
#4424=DIRECTION('',(-5.815907784257E-1,-5.747783453744E-1,-5.756579020033E-1));
#4425=VECTOR('',#4424,2.627641022377E-1);
#4426=CARTESIAN_POINT('',(-2.967889750216E1,-2.345968302922E0,
-1.975737768184E0));
#4427=LINE('',#4426,#4425);
#4428=DIRECTION('',(5.790223992947E-1,-5.790223992945E-1,5.739913956064E-1));
#4429=VECTOR('',#4428,2.643322962559E-1);
#4430=CARTESIAN_POINT('',(-2.983171868092E1,2.917629739219E0,-2.127E0));
#4431=LINE('',#4430,#4429);
#4432=DIRECTION('',(0.E0,1.E0,0.E0));
#4433=VECTOR('',#4432,5.414629158049E0);
#4434=CARTESIAN_POINT('',(-2.983171868092E1,-2.496999418830E0,-2.127E0));
#4435=LINE('',#4434,#4433);
#4436=DIRECTION('',(1.E0,0.E0,0.E0));
#4437=VECTOR('',#4436,5.483715041453E0);
#4438=CARTESIAN_POINT('',(-2.983171868092E1,2.917629739219E0,-2.127E0));
#4439=LINE('',#4438,#4437);
#4440=DIRECTION('',(9.999999950051E-1,4.501125429044E-5,-8.924032196309E-5));
#4441=VECTOR('',#4440,5.179629631027E0);
#4442=CARTESIAN_POINT('',(-2.967866436053E1,2.764575418830E0,
-1.975275536368E0));
#4443=LINE('',#4442,#4441);
#4444=DIRECTION('',(0.E0,0.E0,-1.E0));
#4445=VECTOR('',#4444,1.094827553637E1);
#4446=CARTESIAN_POINT('',(-2.967866436053E1,2.764575418830E0,8.972999999999E0));
#4447=LINE('',#4446,#4445);
#4448=DIRECTION('',(0.E0,1.E0,0.E0));
#4449=VECTOR('',#4448,5.110774837660E0);
#4450=CARTESIAN_POINT('',(-2.967866436053E1,-2.346199418830E0,
8.972999999999E0));
#4451=LINE('',#4450,#4449);
#4452=DIRECTION('',(-1.E0,0.E0,0.E0));
#4453=VECTOR('',#4452,3.820860721063E0);
#4454=CARTESIAN_POINT('',(-2.585780363947E1,-2.346199418830E0,
8.972999999999E0));
#4455=LINE('',#4454,#4453);
#4456=DIRECTION('',(-7.071067811865E-1,-7.071067811865E-1,0.E0));
#4457=VECTOR('',#4456,1.921916231265E0);
#4458=CARTESIAN_POINT('',(-2.449880363947E1,-9.871994188301E-1,
8.972999999999E0));
#4459=LINE('',#4458,#4457);
#4460=DIRECTION('',(0.E0,-1.E0,0.E0));
#4461=VECTOR('',#4460,3.751774837660E0);
#4462=CARTESIAN_POINT('',(-2.449880363947E1,2.764575418830E0,8.972999999999E0));
#4463=LINE('',#4462,#4461);
#4464=DIRECTION('',(1.E0,0.E0,0.E0));
#4465=VECTOR('',#4464,5.179860721063E0);
#4466=CARTESIAN_POINT('',(-2.967866436053E1,2.764575418830E0,8.972999999999E0));
#4467=LINE('',#4466,#4465);
#4468=DIRECTION('',(-1.E0,0.E0,0.E0));
#4469=VECTOR('',#4468,9.24E-1);
#4470=CARTESIAN_POINT('',(-2.6629302E1,9.60628E-1,8.972999999999E0));
#4471=LINE('',#4470,#4469);
#4472=CARTESIAN_POINT('',(-2.6629302E1,8.60628E-1,8.972999999999E0));
#4473=DIRECTION('',(0.E0,0.E0,1.E0));
#4474=DIRECTION('',(1.E0,0.E0,0.E0));
#4475=AXIS2_PLACEMENT_3D('',#4472,#4473,#4474);
#4477=DIRECTION('',(0.E0,1.E0,0.E0));
#4478=VECTOR('',#4477,9.24E-1);
#4479=CARTESIAN_POINT('',(-2.6529302E1,-6.337199999999E-2,8.972999999999E0));
#4480=LINE('',#4479,#4478);
#4481=CARTESIAN_POINT('',(-2.6629302E1,-6.337199999999E-2,8.972999999999E0));
#4482=DIRECTION('',(0.E0,0.E0,1.E0));
#4483=DIRECTION('',(0.E0,-1.E0,0.E0));
#4484=AXIS2_PLACEMENT_3D('',#4481,#4482,#4483);
#4486=DIRECTION('',(1.E0,0.E0,0.E0));
#4487=VECTOR('',#4486,9.24E-1);
#4488=CARTESIAN_POINT('',(-2.7553302E1,-1.63372E-1,8.972999999999E0));
#4489=LINE('',#4488,#4487);
#4490=CARTESIAN_POINT('',(-2.7553302E1,-6.337199999999E-2,8.972999999999E0));
#4491=DIRECTION('',(0.E0,0.E0,1.E0));
#4492=DIRECTION('',(-1.E0,0.E0,0.E0));
#4493=AXIS2_PLACEMENT_3D('',#4490,#4491,#4492);
#4495=DIRECTION('',(0.E0,-1.E0,0.E0));
#4496=VECTOR('',#4495,9.24E-1);
#4497=CARTESIAN_POINT('',(-2.7653302E1,8.60628E-1,8.972999999999E0));
#4498=LINE('',#4497,#4496);
#4499=CARTESIAN_POINT('',(-2.7553302E1,8.60628E-1,8.972999999999E0));
#4500=DIRECTION('',(0.E0,0.E0,1.E0));
#4501=DIRECTION('',(0.E0,1.E0,0.E0));
#4502=AXIS2_PLACEMENT_3D('',#4499,#4500,#4501);
#4504=DIRECTION('',(0.E0,0.E0,-1.E0));
#4505=VECTOR('',#4504,1.09492E1);
#4506=CARTESIAN_POINT('',(-2.449880363947E1,-9.871994188301E-1,
8.972999999999E0));
#4507=LINE('',#4506,#4505);
#4508=DIRECTION('',(7.071067811865E-1,7.071067811865E-1,0.E0));
#4509=VECTOR('',#4508,1.921916231265E0);
#4510=CARTESIAN_POINT('',(-2.585780363947E1,-2.346199418830E0,-1.9762E0));
#4511=LINE('',#4510,#4509);
#4512=DIRECTION('',(-2.810846377148E-1,6.785983445459E-1,6.785983445459E-1));
#4513=VECTOR('',#4512,2.222227643377E-1);
#4514=CARTESIAN_POINT('',(-2.579534023426E1,-2.496999418830E0,-2.127E0));
#4515=LINE('',#4514,#4513);
#4516=DIRECTION('',(6.785983445459E-1,-2.810846377148E-1,-6.785983445458E-1));
#4517=VECTOR('',#4516,2.222227643377E-1);
#4518=CARTESIAN_POINT('',(-2.449880363947E1,-9.871994188301E-1,-1.9762E0));
#4519=LINE('',#4518,#4517);
#4520=DIRECTION('',(0.E0,-1.E0,0.E0));
#4521=VECTOR('',#4520,3.967292563255E0);
#4522=CARTESIAN_POINT('',(-2.434800363947E1,2.917629739219E0,-2.127E0));
#4523=LINE('',#4522,#4521);
#4524=DIRECTION('',(5.747783453745E-1,5.815907784256E-1,-5.756579020033E-1));
#4525=VECTOR('',#4524,2.627641022376E-1);
#4526=CARTESIAN_POINT('',(-2.449903475538E1,2.764808560457E0,
-1.975737768184E0));
#4527=LINE('',#4526,#4525);
#4528=DIRECTION('',(6.159792489854E-5,-9.999999905142E-1,-1.231958497967E-4));
#4529=VECTOR('',#4528,3.752008014877E0);
#4530=CARTESIAN_POINT('',(-2.449903475538E1,2.764808560457E0,
-1.975737768184E0));
#4531=LINE('',#4530,#4529);
#4532=DIRECTION('',(-2.110890887197E-5,2.129392732191E-5,-9.999999995505E-1));
#4533=VECTOR('',#4532,1.094873777310E1);
#4534=CARTESIAN_POINT('',(-2.449880363947E1,2.764575418830E0,8.972999999999E0));
#4535=LINE('',#4534,#4533);
#4536=DIRECTION('',(-1.E0,0.E0,0.E0));
#4537=VECTOR('',#4536,9.24E-1);
#4538=CARTESIAN_POINT('',(-2.6629302E1,9.60628E-1,2.499287745611E0));
#4539=LINE('',#4538,#4537);
#4540=DIRECTION('',(0.E0,0.E0,1.E0));
#4541=VECTOR('',#4540,6.473712254388E0);
#4542=CARTESIAN_POINT('',(-2.7653302E1,8.60628E-1,2.499287745611E0));
#4543=LINE('',#4542,#4541);
#4544=CARTESIAN_POINT('',(-2.762401267812E1,9.313386781187E-1,
2.469998423730E0));
#4545=CARTESIAN_POINT('',(-2.764174732914E1,9.136040271003E-1,
2.487733074748E0));
#4546=CARTESIAN_POINT('',(-2.7653302E1,8.913453166184E-1,2.499287745611E0));
#4547=CARTESIAN_POINT('',(-2.7653302E1,8.60628E-1,2.499287745611E0));
#4549=CARTESIAN_POINT('',(-2.7553302E1,9.60628E-1,2.499287745611E0));
#4550=CARTESIAN_POINT('',(-2.758401931662E1,9.60628E-1,2.499287745611E0));
#4551=CARTESIAN_POINT('',(-2.760627802710E1,9.490733291371E-1,
2.487733074748E0));
#4552=CARTESIAN_POINT('',(-2.762401267812E1,9.313386781187E-1,
2.469998423730E0));
#4554=DIRECTION('',(0.E0,0.E0,-1.E0));
#4555=VECTOR('',#4554,6.473712254388E0);
#4556=CARTESIAN_POINT('',(-2.7553302E1,9.60628E-1,8.972999999999E0));
#4557=LINE('',#4556,#4555);
#4558=DIRECTION('',(0.E0,-1.E0,0.E0));
#4559=VECTOR('',#4558,9.24E-1);
#4560=CARTESIAN_POINT('',(-2.7653302E1,8.60628E-1,2.499287745611E0));
#4561=LINE('',#4560,#4559);
#4562=DIRECTION('',(0.E0,0.E0,1.E0));
#4563=VECTOR('',#4562,6.473712254388E0);
#4564=CARTESIAN_POINT('',(-2.7553302E1,-1.63372E-1,2.499287745611E0));
#4565=LINE('',#4564,#4563);
#4566=CARTESIAN_POINT('',(-2.762401267812E1,-1.340826781187E-1,
2.469998423730E0));
#4567=CARTESIAN_POINT('',(-2.760627802710E1,-1.518173291370E-1,
2.487733074748E0));
#4568=CARTESIAN_POINT('',(-2.758401931662E1,-1.63372E-1,2.499287745611E0));
#4569=CARTESIAN_POINT('',(-2.7553302E1,-1.63372E-1,2.499287745611E0));
#4571=CARTESIAN_POINT('',(-2.7653302E1,-6.337199999999E-2,2.499287745611E0));
#4572=CARTESIAN_POINT('',(-2.7653302E1,-9.408931661836E-2,2.499287745611E0));
#4573=CARTESIAN_POINT('',(-2.764174732914E1,-1.163480271003E-1,
2.487733074748E0));
#4574=CARTESIAN_POINT('',(-2.762401267812E1,-1.340826781187E-1,
2.469998423730E0));
#4576=DIRECTION('',(0.E0,0.E0,-1.E0));
#4577=VECTOR('',#4576,6.473712254388E0);
#4578=CARTESIAN_POINT('',(-2.7653302E1,-6.337199999999E-2,8.972999999999E0));
#4579=LINE('',#4578,#4577);
#4580=DIRECTION('',(0.E0,0.E0,1.E0));
#4581=VECTOR('',#4580,6.473712254388E0);
#4582=CARTESIAN_POINT('',(-2.6529302E1,-6.337199999999E-2,2.499287745611E0));
#4583=LINE('',#4582,#4581);
#4584=CARTESIAN_POINT('',(-2.655859132188E1,-1.340826781186E-1,
2.469998423730E0));
#4585=CARTESIAN_POINT('',(-2.654085667087E1,-1.163480271002E-1,
2.487733074748E0));
#4586=CARTESIAN_POINT('',(-2.6529302E1,-9.408931661832E-2,2.499287745611E0));
#4587=CARTESIAN_POINT('',(-2.6529302E1,-6.337199999999E-2,2.499287745611E0));
#4589=CARTESIAN_POINT('',(-2.6629302E1,-1.63372E-1,2.499287745611E0));
#4590=CARTESIAN_POINT('',(-2.659858468338E1,-1.63372E-1,2.499287745611E0));
#4591=CARTESIAN_POINT('',(-2.657632597290E1,-1.518173291370E-1,
2.487733074748E0));
#4592=CARTESIAN_POINT('',(-2.655859132188E1,-1.340826781186E-1,
2.469998423730E0));
#4594=DIRECTION('',(0.E0,0.E0,-1.E0));
#4595=VECTOR('',#4594,6.473712254388E0);
#4596=CARTESIAN_POINT('',(-2.6629302E1,-1.63372E-1,8.972999999999E0));
#4597=LINE('',#4596,#4595);
#4598=DIRECTION('',(0.E0,1.E0,0.E0));
#4599=VECTOR('',#4598,9.24E-1);
#4600=CARTESIAN_POINT('',(-2.6529302E1,-6.337199999999E-2,2.499287745611E0));
#4601=LINE('',#4600,#4599);
#4602=DIRECTION('',(0.E0,0.E0,1.E0));
#4603=VECTOR('',#4602,6.473712254388E0);
#4604=CARTESIAN_POINT('',(-2.6629302E1,9.60628E-1,2.499287745611E0));
#4605=LINE('',#4604,#4603);
#4606=CARTESIAN_POINT('',(-2.655859132188E1,9.313386781187E-1,
2.469998423730E0));
#4607=CARTESIAN_POINT('',(-2.657632597290E1,9.490733291370E-1,
2.487733074748E0));
#4608=CARTESIAN_POINT('',(-2.659858468338E1,9.60628E-1,2.499287745611E0));
#4609=CARTESIAN_POINT('',(-2.6629302E1,9.60628E-1,2.499287745611E0));
#4611=CARTESIAN_POINT('',(-2.6529302E1,8.60628E-1,2.499287745611E0));
#4612=CARTESIAN_POINT('',(-2.6529302E1,8.913453166183E-1,2.499287745611E0));
#4613=CARTESIAN_POINT('',(-2.654085667087E1,9.136040271002E-1,
2.487733074748E0));
#4614=CARTESIAN_POINT('',(-2.655859132188E1,9.313386781186E-1,
2.469998423730E0));
#4616=DIRECTION('',(0.E0,0.E0,-1.E0));
#4617=VECTOR('',#4616,6.473712254388E0);
#4618=CARTESIAN_POINT('',(-2.6529302E1,8.60628E-1,8.972999999999E0));
#4619=LINE('',#4618,#4617);
#4620=DIRECTION('',(5.773502691896E-1,-5.773502691896E-1,-5.773502691896E-1));
#4621=VECTOR('',#4620,6.420897294099E-1);
#4622=CARTESIAN_POINT('',(-2.762401267812E1,9.313386781187E-1,
2.469998423730E0));
#4623=LINE('',#4622,#4621);
#4624=DIRECTION('',(-5.773502691897E-1,-5.773502691896E-1,5.773502691896E-1));
#4625=VECTOR('',#4624,6.420897294099E-1);
#4626=CARTESIAN_POINT('',(-2.7253302E1,2.36628E-1,2.099287745611E0));
#4627=LINE('',#4626,#4625);
#4628=DIRECTION('',(2.193033135062E-14,-1.E0,0.E0));
#4629=VECTOR('',#4628,3.24E-1);
#4630=CARTESIAN_POINT('',(-2.7253302E1,5.60628E-1,2.099287745611E0));
#4631=LINE('',#4630,#4629);
#4632=DIRECTION('',(-1.E0,0.E0,0.E0));
#4633=VECTOR('',#4632,9.24E-1);
#4634=CARTESIAN_POINT('',(-2.6629302E1,-1.63372E-1,2.499287745611E0));
#4635=LINE('',#4634,#4633);
#4636=DIRECTION('',(-5.773502691896E-1,5.773502691896E-1,-5.773502691896E-1));
#4637=VECTOR('',#4636,6.420897294098E-1);
#4638=CARTESIAN_POINT('',(-2.655859132188E1,-1.340826781186E-1,
2.469998423730E0));
#4639=LINE('',#4638,#4637);
#4640=DIRECTION('',(5.773502691896E-1,5.773502691896E-1,5.773502691896E-1));
#4641=VECTOR('',#4640,6.420897294098E-1);
#4642=CARTESIAN_POINT('',(-2.6929302E1,5.60628E-1,2.099287745611E0));
#4643=LINE('',#4642,#4641);
#4644=DIRECTION('',(0.E0,1.E0,0.E0));
#4645=VECTOR('',#4644,3.24E-1);
#4646=CARTESIAN_POINT('',(-2.6929302E1,2.36628E-1,2.099287745611E0));
#4647=LINE('',#4646,#4645);
#4648=DIRECTION('',(1.E0,-2.021702421386E-14,0.E0));
#4649=VECTOR('',#4648,3.239999999999E-1);
#4650=CARTESIAN_POINT('',(-2.7253302E1,5.60628E-1,2.099287745611E0));
#4651=LINE('',#4650,#4649);
#4652=DIRECTION('',(-1.E0,-1.996002814334E-14,0.E0));
#4653=VECTOR('',#4652,3.239999999999E-1);
#4654=CARTESIAN_POINT('',(-2.6929302E1,2.36628E-1,2.099287745611E0));
#4655=LINE('',#4654,#4653);
#4656=DIRECTION('',(-5.773502691896E-1,5.773502691896E-1,5.773502691896E-1));
#4657=VECTOR('',#4656,2.611932617814E-1);
#4658=CARTESIAN_POINT('',(-1.294800363947E1,-2.496999418830E0,-2.127E0));
#4659=LINE('',#4658,#4657);
#4660=DIRECTION('',(0.E0,-1.E0,0.E0));
#4661=VECTOR('',#4660,5.414629158049E0);
#4662=CARTESIAN_POINT('',(-1.294800363947E1,2.917629739219E0,-2.127E0));
#4663=LINE('',#4662,#4661);
#4664=DIRECTION('',(5.747783453745E-1,5.815907784256E-1,-5.756579020033E-1));
#4665=VECTOR('',#4664,2.627641022376E-1);
#4666=CARTESIAN_POINT('',(-1.309903475538E1,2.764808560457E0,
-1.975737768184E0));
#4667=LINE('',#4666,#4665);
#4668=DIRECTION('',(-1.E0,0.E0,0.E0));
#4669=VECTOR('',#4668,4.053732614766E0);
#4670=CARTESIAN_POINT('',(-1.294800363947E1,-2.496999418830E0,-2.127E0));
#4671=LINE('',#4670,#4669);
#4672=DIRECTION('',(2.888039824399E-1,6.769757232452E-1,6.769757232453E-1));
#4673=VECTOR('',#4672,2.227554029221E-1);
#4674=CARTESIAN_POINT('',(-1.700173625423E1,-2.496999418830E0,-2.127E0));
#4675=LINE('',#4674,#4673);
#4676=DIRECTION('',(-1.E0,0.E0,0.E0));
#4677=VECTOR('',#4676,3.838599967292E0);
#4678=CARTESIAN_POINT('',(-1.309880363947E1,-2.346199418830E0,-1.9762E0));
#4679=LINE('',#4678,#4677);
#4680=DIRECTION('',(8.188613300004E-1,3.074774157452E-13,5.739913956063E-1));
#4681=VECTOR('',#4680,2.166447942723E-2);
#4682=CARTESIAN_POINT('',(-1.693740360676E1,-2.346199418830E0,-1.9762E0));
#4683=LINE('',#4682,#4681);
#4684=DIRECTION('',(0.E0,0.E0,1.E0));
#4685=VECTOR('',#4684,1.09492E1);
#4686=CARTESIAN_POINT('',(-1.309880363947E1,-2.346199418830E0,-1.9762E0));
#4687=LINE('',#4686,#4685);
#4688=DIRECTION('',(4.521924200690E-5,-9.999999948881E-1,-9.043848402289E-5));
#4689=VECTOR('',#4688,5.111008005414E0);
#4690=CARTESIAN_POINT('',(-1.309903475538E1,2.764808560457E0,
-1.975737768184E0));
#4691=LINE('',#4690,#4689);
#4692=DIRECTION('',(-2.110890887197E-5,2.129392732196E-5,-9.999999995505E-1));
#4693=VECTOR('',#4692,1.094873777310E1);
#4694=CARTESIAN_POINT('',(-1.309880363947E1,2.764575418830E0,8.972999999999E0));
#4695=LINE('',#4694,#4693);
#4696=DIRECTION('',(9.999999950051E-1,4.501125429070E-5,-8.924032196553E-5));
#4697=VECTOR('',#4696,5.179629631027E0);
#4698=CARTESIAN_POINT('',(-1.827866436053E1,2.764575418830E0,
-1.975275536368E0));
#4699=LINE('',#4698,#4697);
#4700=DIRECTION('',(0.E0,0.E0,-1.E0));
#4701=VECTOR('',#4700,1.094827553637E1);
#4702=CARTESIAN_POINT('',(-1.827866436053E1,2.764575418830E0,8.972999999999E0));
#4703=LINE('',#4702,#4701);
#4704=DIRECTION('',(1.E0,0.E0,0.E0));
#4705=VECTOR('',#4704,5.483715041453E0);
#4706=CARTESIAN_POINT('',(-1.843171868092E1,2.917629739219E0,-2.127E0));
#4707=LINE('',#4706,#4705);
#4708=DIRECTION('',(0.E0,1.E0,0.E0));
#4709=VECTOR('',#4708,3.984646731363E0);
#4710=CARTESIAN_POINT('',(-1.843171868092E1,-1.067016992144E0,-2.127E0));
#4711=LINE('',#4710,#4709);
#4712=DIRECTION('',(5.790223992948E-1,-5.790223992945E-1,5.739913956064E-1));
#4713=VECTOR('',#4712,2.643322962559E-1);
#4714=CARTESIAN_POINT('',(-1.843171868092E1,2.917629739219E0,-2.127E0));
#4715=LINE('',#4714,#4713);
#4716=DIRECTION('',(7.071067811865E-1,-7.071067811866E-1,-1.281813427674E-14));
#4717=VECTOR('',#4716,1.905496230140E0);
#4718=CARTESIAN_POINT('',(-1.826705270818E1,-9.988101129730E-1,
-1.963764775219E0));
#4719=LINE('',#4718,#4717);
#4720=DIRECTION('',(6.813179851691E-1,2.822111497458E-1,6.753981566781E-1));
#4721=VECTOR('',#4720,2.416874004874E-1);
#4722=CARTESIAN_POINT('',(-1.843171868092E1,-1.067016992144E0,-2.127E0));
#4723=LINE('',#4722,#4721);
#4724=DIRECTION('',(0.E0,0.E0,-1.E0));
#4725=VECTOR('',#4724,1.093676477522E1);
#4726=CARTESIAN_POINT('',(-1.691966340232E1,-2.346199418830E0,
8.972999999999E0));
#4727=LINE('',#4726,#4725);
#4728=DIRECTION('',(-5.790223992942E-1,5.790223992949E-1,-5.739913956066E-1));
#4729=VECTOR('',#4728,2.005389146556E-2);
#4730=CARTESIAN_POINT('',(-1.826705270818E1,-9.988101129730E-1,
-1.963764775219E0));
#4731=LINE('',#4730,#4729);
#4732=DIRECTION('',(-1.E0,0.E0,0.E0));
#4733=VECTOR('',#4732,3.820859762855E0);
#4734=CARTESIAN_POINT('',(-1.309880363947E1,-2.346199418830E0,
8.972999999999E0));
#4735=LINE('',#4734,#4733);
#4736=DIRECTION('',(0.E0,-1.E0,0.E0));
#4737=VECTOR('',#4736,5.110774837660E0);
#4738=CARTESIAN_POINT('',(-1.309880363947E1,2.764575418830E0,8.972999999999E0));
#4739=LINE('',#4738,#4737);
#4740=DIRECTION('',(1.E0,0.E0,0.E0));
#4741=VECTOR('',#4740,5.179860721063E0);
#4742=CARTESIAN_POINT('',(-1.827866436053E1,2.764575418830E0,8.972999999999E0));
#4743=LINE('',#4742,#4741);
#4744=DIRECTION('',(0.E0,1.E0,0.E0));
#4745=VECTOR('',#4744,3.751773879452E0);
#4746=CARTESIAN_POINT('',(-1.827866436053E1,-9.871984606215E-1,
8.972999999999E0));
#4747=LINE('',#4746,#4745);
#4748=DIRECTION('',(-7.071067811865E-1,7.071067811866E-1,0.E0));
#4749=VECTOR('',#4748,1.921917586377E0);
#4750=CARTESIAN_POINT('',(-1.691966340232E1,-2.346199418830E0,
8.972999999999E0));
#4751=LINE('',#4750,#4749);
#4752=DIRECTION('',(-1.E0,0.E0,0.E0));
#4753=VECTOR('',#4752,9.24E-1);
#4754=CARTESIAN_POINT('',(-1.5229302E1,9.60628E-1,8.972999999999E0));
#4755=LINE('',#4754,#4753);
#4756=CARTESIAN_POINT('',(-1.5229302E1,8.60628E-1,8.972999999999E0));
#4757=DIRECTION('',(0.E0,0.E0,1.E0));
#4758=DIRECTION('',(1.E0,0.E0,0.E0));
#4759=AXIS2_PLACEMENT_3D('',#4756,#4757,#4758);
#4761=DIRECTION('',(0.E0,1.E0,0.E0));
#4762=VECTOR('',#4761,9.24E-1);
#4763=CARTESIAN_POINT('',(-1.5129302E1,-6.337199999999E-2,8.972999999999E0));
#4764=LINE('',#4763,#4762);
#4765=CARTESIAN_POINT('',(-1.5229302E1,-6.337199999999E-2,8.972999999999E0));
#4766=DIRECTION('',(0.E0,0.E0,1.E0));
#4767=DIRECTION('',(0.E0,-1.E0,0.E0));
#4768=AXIS2_PLACEMENT_3D('',#4765,#4766,#4767);
#4770=DIRECTION('',(1.E0,0.E0,0.E0));
#4771=VECTOR('',#4770,9.24E-1);
#4772=CARTESIAN_POINT('',(-1.6153302E1,-1.63372E-1,8.972999999999E0));
#4773=LINE('',#4772,#4771);
#4774=CARTESIAN_POINT('',(-1.6153302E1,-6.337199999999E-2,8.972999999999E0));
#4775=DIRECTION('',(0.E0,0.E0,1.E0));
#4776=DIRECTION('',(-1.E0,-1.723621245731E-13,0.E0));
#4777=AXIS2_PLACEMENT_3D('',#4774,#4775,#4776);
#4779=DIRECTION('',(0.E0,-1.E0,0.E0));
#4780=VECTOR('',#4779,9.24E-1);
#4781=CARTESIAN_POINT('',(-1.6253302E1,8.60628E-1,8.972999999999E0));
#4782=LINE('',#4781,#4780);
#4783=CARTESIAN_POINT('',(-1.6153302E1,8.60628E-1,8.972999999999E0));
#4784=DIRECTION('',(0.E0,0.E0,1.E0));
#4785=DIRECTION('',(0.E0,1.E0,0.E0));
#4786=AXIS2_PLACEMENT_3D('',#4783,#4784,#4785);
#4788=DIRECTION('',(-1.136330853496E-14,1.E0,-2.953276541117E-14));
#4789=VECTOR('',#4788,3.751773879452E0);
#4790=CARTESIAN_POINT('',(-1.827866436053E1,-9.871984606215E-1,
-1.975275536368E0));
#4791=LINE('',#4790,#4789);
#4792=DIRECTION('',(0.E0,0.E0,-1.E0));
#4793=VECTOR('',#4792,1.094827553637E1);
#4794=CARTESIAN_POINT('',(-1.827866436053E1,-9.871984606215E-1,
8.972999999999E0));
#4795=LINE('',#4794,#4793);
#4796=DIRECTION('',(-1.E0,0.E0,0.E0));
#4797=VECTOR('',#4796,9.24E-1);
#4798=CARTESIAN_POINT('',(-1.5229302E1,9.60628E-1,2.499287745611E0));
#4799=LINE('',#4798,#4797);
#4800=DIRECTION('',(0.E0,0.E0,1.E0));
#4801=VECTOR('',#4800,6.473712254388E0);
#4802=CARTESIAN_POINT('',(-1.6253302E1,8.60628E-1,2.499287745611E0));
#4803=LINE('',#4802,#4801);
#4804=CARTESIAN_POINT('',(-1.622401267812E1,9.313386781187E-1,
2.469998423730E0));
#4805=CARTESIAN_POINT('',(-1.624174732914E1,9.136040271003E-1,
2.487733074748E0));
#4806=CARTESIAN_POINT('',(-1.6253302E1,8.913453166184E-1,2.499287745611E0));
#4807=CARTESIAN_POINT('',(-1.6253302E1,8.60628E-1,2.499287745611E0));
#4809=CARTESIAN_POINT('',(-1.6153302E1,9.60628E-1,2.499287745611E0));
#4810=CARTESIAN_POINT('',(-1.618401931662E1,9.60628E-1,2.499287745611E0));
#4811=CARTESIAN_POINT('',(-1.620627802710E1,9.490733291370E-1,
2.487733074748E0));
#4812=CARTESIAN_POINT('',(-1.622401267812E1,9.313386781187E-1,
2.469998423730E0));
#4814=DIRECTION('',(0.E0,0.E0,-1.E0));
#4815=VECTOR('',#4814,6.473712254388E0);
#4816=CARTESIAN_POINT('',(-1.6153302E1,9.60628E-1,8.972999999999E0));
#4817=LINE('',#4816,#4815);
#4818=DIRECTION('',(0.E0,-1.E0,0.E0));
#4819=VECTOR('',#4818,9.24E-1);
#4820=CARTESIAN_POINT('',(-1.6253302E1,8.60628E-1,2.499287745611E0));
#4821=LINE('',#4820,#4819);
#4822=DIRECTION('',(0.E0,0.E0,1.E0));
#4823=VECTOR('',#4822,6.473712254388E0);
#4824=CARTESIAN_POINT('',(-1.6153302E1,-1.63372E-1,2.499287745611E0));
#4825=LINE('',#4824,#4823);
#4826=CARTESIAN_POINT('',(-1.622401267812E1,-1.340826781187E-1,
2.469998423730E0));
#4827=CARTESIAN_POINT('',(-1.620627802710E1,-1.518173291370E-1,
2.487733074748E0));
#4828=CARTESIAN_POINT('',(-1.618401931662E1,-1.63372E-1,2.499287745611E0));
#4829=CARTESIAN_POINT('',(-1.6153302E1,-1.63372E-1,2.499287745611E0));
#4831=CARTESIAN_POINT('',(-1.6253302E1,-6.337200000001E-2,2.499287745611E0));
#4832=CARTESIAN_POINT('',(-1.6253302E1,-9.408931661837E-2,2.499287745611E0));
#4833=CARTESIAN_POINT('',(-1.624174732914E1,-1.163480271003E-1,
2.487733074748E0));
#4834=CARTESIAN_POINT('',(-1.622401267812E1,-1.340826781187E-1,
2.469998423730E0));
#4836=DIRECTION('',(0.E0,0.E0,-1.E0));
#4837=VECTOR('',#4836,6.473712254388E0);
#4838=CARTESIAN_POINT('',(-1.6253302E1,-6.337199999999E-2,8.972999999999E0));
#4839=LINE('',#4838,#4837);
#4840=DIRECTION('',(0.E0,0.E0,1.E0));
#4841=VECTOR('',#4840,6.473712254388E0);
#4842=CARTESIAN_POINT('',(-1.5129302E1,-6.337199999999E-2,2.499287745611E0));
#4843=LINE('',#4842,#4841);
#4844=CARTESIAN_POINT('',(-1.515859132188E1,-1.340826781186E-1,
2.469998423730E0));
#4845=CARTESIAN_POINT('',(-1.514085667087E1,-1.163480271002E-1,
2.487733074748E0));
#4846=CARTESIAN_POINT('',(-1.5129302E1,-9.408931661832E-2,2.499287745611E0));
#4847=CARTESIAN_POINT('',(-1.5129302E1,-6.337199999999E-2,2.499287745611E0));
#4849=CARTESIAN_POINT('',(-1.5229302E1,-1.63372E-1,2.499287745611E0));
#4850=CARTESIAN_POINT('',(-1.519858468338E1,-1.63372E-1,2.499287745611E0));
#4851=CARTESIAN_POINT('',(-1.517632597290E1,-1.518173291370E-1,
2.487733074748E0));
#4852=CARTESIAN_POINT('',(-1.515859132188E1,-1.340826781187E-1,
2.469998423730E0));
#4854=DIRECTION('',(0.E0,0.E0,-1.E0));
#4855=VECTOR('',#4854,6.473712254388E0);
#4856=CARTESIAN_POINT('',(-1.5229302E1,-1.63372E-1,8.972999999999E0));
#4857=LINE('',#4856,#4855);
#4858=DIRECTION('',(0.E0,1.E0,0.E0));
#4859=VECTOR('',#4858,9.24E-1);
#4860=CARTESIAN_POINT('',(-1.5129302E1,-6.337199999999E-2,2.499287745611E0));
#4861=LINE('',#4860,#4859);
#4862=DIRECTION('',(0.E0,0.E0,1.E0));
#4863=VECTOR('',#4862,6.473712254388E0);
#4864=CARTESIAN_POINT('',(-1.5229302E1,9.60628E-1,2.499287745611E0));
#4865=LINE('',#4864,#4863);
#4866=CARTESIAN_POINT('',(-1.515859132188E1,9.313386781187E-1,
2.469998423730E0));
#4867=CARTESIAN_POINT('',(-1.517632597290E1,9.490733291370E-1,
2.487733074748E0));
#4868=CARTESIAN_POINT('',(-1.519858468338E1,9.60628E-1,2.499287745611E0));
#4869=CARTESIAN_POINT('',(-1.5229302E1,9.60628E-1,2.499287745611E0));
#4871=CARTESIAN_POINT('',(-1.5129302E1,8.60628E-1,2.499287745611E0));
#4872=CARTESIAN_POINT('',(-1.5129302E1,8.913453166183E-1,2.499287745611E0));
#4873=CARTESIAN_POINT('',(-1.514085667087E1,9.136040271003E-1,
2.487733074748E0));
#4874=CARTESIAN_POINT('',(-1.515859132188E1,9.313386781186E-1,
2.469998423730E0));
#4876=DIRECTION('',(0.E0,0.E0,-1.E0));
#4877=VECTOR('',#4876,6.473712254388E0);
#4878=CARTESIAN_POINT('',(-1.5129302E1,8.60628E-1,8.972999999999E0));
#4879=LINE('',#4878,#4877);
#4880=DIRECTION('',(5.773502691896E-1,-5.773502691896E-1,-5.773502691896E-1));
#4881=VECTOR('',#4880,6.420897294099E-1);
#4882=CARTESIAN_POINT('',(-1.622401267812E1,9.313386781187E-1,
2.469998423730E0));
#4883=LINE('',#4882,#4881);
#4884=DIRECTION('',(-5.773502691896E-1,-5.773502691896E-1,5.773502691896E-1));
#4885=VECTOR('',#4884,6.420897294099E-1);
#4886=CARTESIAN_POINT('',(-1.5853302E1,2.36628E-1,2.099287745611E0));
#4887=LINE('',#4886,#4885);
#4888=DIRECTION('',(1.096516567531E-14,-1.E0,0.E0));
#4889=VECTOR('',#4888,3.24E-1);
#4890=CARTESIAN_POINT('',(-1.5853302E1,5.60628E-1,2.099287745611E0));
#4891=LINE('',#4890,#4889);
#4892=DIRECTION('',(-1.E0,0.E0,0.E0));
#4893=VECTOR('',#4892,9.24E-1);
#4894=CARTESIAN_POINT('',(-1.5229302E1,-1.63372E-1,2.499287745611E0));
#4895=LINE('',#4894,#4893);
#4896=DIRECTION('',(-5.773502691896E-1,5.773502691896E-1,-5.773502691896E-1));
#4897=VECTOR('',#4896,6.420897294098E-1);
#4898=CARTESIAN_POINT('',(-1.515859132188E1,-1.340826781186E-1,
2.469998423730E0));
#4899=LINE('',#4898,#4897);
#4900=DIRECTION('',(5.773502691896E-1,5.773502691896E-1,5.773502691896E-1));
#4901=VECTOR('',#4900,6.420897294098E-1);
#4902=CARTESIAN_POINT('',(-1.5529302E1,5.60628E-1,2.099287745611E0));
#4903=LINE('',#4902,#4901);
#4904=DIRECTION('',(0.E0,1.E0,0.E0));
#4905=VECTOR('',#4904,3.24E-1);
#4906=CARTESIAN_POINT('',(-1.5529302E1,2.36628E-1,2.099287745611E0));
#4907=LINE('',#4906,#4905);
#4908=DIRECTION('',(1.E0,0.E0,0.E0));
#4909=VECTOR('',#4908,3.239999999999E-1);
#4910=CARTESIAN_POINT('',(-1.5853302E1,5.60628E-1,2.099287745611E0));
#4911=LINE('',#4910,#4909);
#4912=DIRECTION('',(-1.E0,0.E0,0.E0));
#4913=VECTOR('',#4912,3.239999999999E-1);
#4914=CARTESIAN_POINT('',(-1.5529302E1,2.36628E-1,2.099287745611E0));
#4915=LINE('',#4914,#4913);
#4916=DIRECTION('',(5.790223992948E-1,5.790223992945E-1,5.739913956064E-1));
#4917=VECTOR('',#4916,2.643322962560E-1);
#4918=CARTESIAN_POINT('',(-3.553171868092E1,-2.499253739219E0,-2.127E0));
#4919=LINE('',#4918,#4917);
#4920=DIRECTION('',(5.790223992947E-1,-5.790223992946E-1,-5.739913956064E-1));
#4921=VECTOR('',#4920,2.643322962559E-1);
#4922=CARTESIAN_POINT('',(-3.019880363947E1,-2.346199418830E0,
-1.975275536368E0));
#4923=LINE('',#4922,#4921);
#4924=DIRECTION('',(1.E0,0.E0,0.E0));
#4925=VECTOR('',#4924,5.179860721063E0);
#4926=CARTESIAN_POINT('',(-3.537866436053E1,-2.346199418830E0,
-1.975275536368E0));
#4927=LINE('',#4926,#4925);
#4928=DIRECTION('',(0.E0,1.E0,0.E0));
#4929=VECTOR('',#4928,5.416883478438E0);
#4930=CARTESIAN_POINT('',(-3.553171868092E1,-2.499253739219E0,-2.127E0));
#4931=LINE('',#4930,#4929);
#4932=DIRECTION('',(5.790223992949E-1,-5.790223992944E-1,5.739913956064E-1));
#4933=VECTOR('',#4932,2.643322962559E-1);
#4934=CARTESIAN_POINT('',(-3.553171868092E1,2.917629739219E0,-2.127E0));
#4935=LINE('',#4934,#4933);
#4936=DIRECTION('',(0.E0,1.E0,0.E0));
#4937=VECTOR('',#4936,5.110774837660E0);
#4938=CARTESIAN_POINT('',(-3.537866436053E1,-2.346199418830E0,
-1.975275536368E0));
#4939=LINE('',#4938,#4937);
#4940=DIRECTION('',(0.E0,0.E0,1.E0));
#4941=VECTOR('',#4940,1.094827553637E1);
#4942=CARTESIAN_POINT('',(-3.537866436053E1,-2.346199418830E0,
-1.975275536368E0));
#4943=LINE('',#4942,#4941);
#4944=DIRECTION('',(0.E0,0.E0,-1.E0));
#4945=VECTOR('',#4944,1.094827553637E1);
#4946=CARTESIAN_POINT('',(-3.019880363947E1,-2.346199418830E0,
8.972999999999E0));
#4947=LINE('',#4946,#4945);
#4948=DIRECTION('',(0.E0,-1.E0,0.E0));
#4949=VECTOR('',#4948,5.110774837660E0);
#4950=CARTESIAN_POINT('',(-3.019880363947E1,2.764575418830E0,
-1.975275536368E0));
#4951=LINE('',#4950,#4949);
#4952=DIRECTION('',(0.E0,0.E0,-1.E0));
#4953=VECTOR('',#4952,1.094827553637E1);
#4954=CARTESIAN_POINT('',(-3.019880363947E1,2.764575418830E0,8.972999999999E0));
#4955=LINE('',#4954,#4953);
#4956=DIRECTION('',(0.E0,-1.E0,0.E0));
#4957=VECTOR('',#4956,5.416883478438E0);
#4958=CARTESIAN_POINT('',(-3.004574931908E1,2.917629739219E0,-2.127E0));
#4959=LINE('',#4958,#4957);
#4960=DIRECTION('',(1.E0,0.E0,0.E0));
#4961=VECTOR('',#4960,5.485969361842E0);
#4962=CARTESIAN_POINT('',(-3.553171868092E1,2.917629739219E0,-2.127E0));
#4963=LINE('',#4962,#4961);
#4964=DIRECTION('',(-5.790223992948E-1,-5.790223992945E-1,5.739913956064E-1));
#4965=VECTOR('',#4964,2.643322962558E-1);
#4966=CARTESIAN_POINT('',(-3.004574931908E1,2.917629739219E0,-2.127E0));
#4967=LINE('',#4966,#4965);
#4968=DIRECTION('',(1.E0,0.E0,0.E0));
#4969=VECTOR('',#4968,5.179860721063E0);
#4970=CARTESIAN_POINT('',(-3.537866436053E1,2.764575418830E0,
-1.975275536368E0));
#4971=LINE('',#4970,#4969);
#4972=DIRECTION('',(0.E0,0.E0,-1.E0));
#4973=VECTOR('',#4972,1.094827553637E1);
#4974=CARTESIAN_POINT('',(-3.537866436053E1,2.764575418830E0,8.972999999999E0));
#4975=LINE('',#4974,#4973);
#4976=DIRECTION('',(0.E0,1.E0,0.E0));
#4977=VECTOR('',#4976,5.110774837660E0);
#4978=CARTESIAN_POINT('',(-3.537866436053E1,-2.346199418830E0,
8.972999999999E0));
#4979=LINE('',#4978,#4977);
#4980=DIRECTION('',(-1.E0,0.E0,0.E0));
#4981=VECTOR('',#4980,5.179860721063E0);
#4982=CARTESIAN_POINT('',(-3.019880363947E1,-2.346199418830E0,
8.972999999999E0));
#4983=LINE('',#4982,#4981);
#4984=DIRECTION('',(0.E0,-1.E0,0.E0));
#4985=VECTOR('',#4984,5.110774837660E0);
#4986=CARTESIAN_POINT('',(-3.019880363947E1,2.764575418830E0,8.972999999999E0));
#4987=LINE('',#4986,#4985);
#4988=DIRECTION('',(1.E0,0.E0,0.E0));
#4989=VECTOR('',#4988,5.179860721063E0);
#4990=CARTESIAN_POINT('',(-3.537866436053E1,2.764575418830E0,8.972999999999E0));
#4991=LINE('',#4990,#4989);
#4992=DIRECTION('',(-1.E0,0.E0,0.E0));
#4993=VECTOR('',#4992,9.24E-1);
#4994=CARTESIAN_POINT('',(-3.2329302E1,9.60628E-1,8.972999999999E0));
#4995=LINE('',#4994,#4993);
#4996=CARTESIAN_POINT('',(-3.2329302E1,8.60628E-1,8.972999999999E0));
#4997=DIRECTION('',(0.E0,0.E0,1.E0));
#4998=DIRECTION('',(1.E0,0.E0,0.E0));
#4999=AXIS2_PLACEMENT_3D('',#4996,#4997,#4998);
#5001=DIRECTION('',(0.E0,1.E0,0.E0));
#5002=VECTOR('',#5001,9.24E-1);
#5003=CARTESIAN_POINT('',(-3.2229302E1,-6.337199999999E-2,8.972999999999E0));
#5004=LINE('',#5003,#5002);
#5005=CARTESIAN_POINT('',(-3.2329302E1,-6.337199999999E-2,8.972999999999E0));
#5006=DIRECTION('',(0.E0,0.E0,1.E0));
#5007=DIRECTION('',(0.E0,-1.E0,0.E0));
#5008=AXIS2_PLACEMENT_3D('',#5005,#5006,#5007);
#5010=DIRECTION('',(1.E0,0.E0,0.E0));
#5011=VECTOR('',#5010,9.24E-1);
#5012=CARTESIAN_POINT('',(-3.3253302E1,-1.63372E-1,8.972999999999E0));
#5013=LINE('',#5012,#5011);
#5014=CARTESIAN_POINT('',(-3.3253302E1,-6.337199999999E-2,8.972999999999E0));
#5015=DIRECTION('',(0.E0,0.E0,1.E0));
#5016=DIRECTION('',(-1.E0,0.E0,0.E0));
#5017=AXIS2_PLACEMENT_3D('',#5014,#5015,#5016);
#5019=DIRECTION('',(0.E0,-1.E0,0.E0));
#5020=VECTOR('',#5019,9.24E-1);
#5021=CARTESIAN_POINT('',(-3.3353302E1,8.60628E-1,8.972999999999E0));
#5022=LINE('',#5021,#5020);
#5023=CARTESIAN_POINT('',(-3.3253302E1,8.60628E-1,8.972999999999E0));
#5024=DIRECTION('',(0.E0,0.E0,1.E0));
#5025=DIRECTION('',(0.E0,1.E0,0.E0));
#5026=AXIS2_PLACEMENT_3D('',#5023,#5024,#5025);
#5028=DIRECTION('',(-1.E0,0.E0,0.E0));
#5029=VECTOR('',#5028,9.24E-1);
#5030=CARTESIAN_POINT('',(-3.2329302E1,9.60628E-1,2.499287745611E0));
#5031=LINE('',#5030,#5029);
#5032=DIRECTION('',(0.E0,0.E0,1.E0));
#5033=VECTOR('',#5032,6.473712254388E0);
#5034=CARTESIAN_POINT('',(-3.3353302E1,8.60628E-1,2.499287745611E0));
#5035=LINE('',#5034,#5033);
#5036=CARTESIAN_POINT('',(-3.332401267812E1,9.313386781186E-1,
2.469998423730E0));
#5037=CARTESIAN_POINT('',(-3.334174732914E1,9.136040271003E-1,
2.487733074748E0));
#5038=CARTESIAN_POINT('',(-3.3353302E1,8.913453166183E-1,2.499287745611E0));
#5039=CARTESIAN_POINT('',(-3.3353302E1,8.60628E-1,2.499287745611E0));
#5041=CARTESIAN_POINT('',(-3.3253302E1,9.60628E-1,2.499287745611E0));
#5042=CARTESIAN_POINT('',(-3.328401931662E1,9.60628E-1,2.499287745611E0));
#5043=CARTESIAN_POINT('',(-3.330627802710E1,9.490733291370E-1,
2.487733074748E0));
#5044=CARTESIAN_POINT('',(-3.332401267812E1,9.313386781186E-1,
2.469998423730E0));
#5046=DIRECTION('',(0.E0,0.E0,-1.E0));
#5047=VECTOR('',#5046,6.473712254388E0);
#5048=CARTESIAN_POINT('',(-3.3253302E1,9.60628E-1,8.972999999999E0));
#5049=LINE('',#5048,#5047);
#5050=DIRECTION('',(0.E0,-1.E0,0.E0));
#5051=VECTOR('',#5050,9.24E-1);
#5052=CARTESIAN_POINT('',(-3.3353302E1,8.60628E-1,2.499287745611E0));
#5053=LINE('',#5052,#5051);
#5054=DIRECTION('',(0.E0,0.E0,1.E0));
#5055=VECTOR('',#5054,6.473712254388E0);
#5056=CARTESIAN_POINT('',(-3.3253302E1,-1.63372E-1,2.499287745611E0));
#5057=LINE('',#5056,#5055);
#5058=CARTESIAN_POINT('',(-3.332401267812E1,-1.340826781186E-1,
2.469998423730E0));
#5059=CARTESIAN_POINT('',(-3.330627802710E1,-1.518173291370E-1,
2.487733074748E0));
#5060=CARTESIAN_POINT('',(-3.328401931662E1,-1.63372E-1,2.499287745611E0));
#5061=CARTESIAN_POINT('',(-3.3253302E1,-1.63372E-1,2.499287745611E0));
#5063=CARTESIAN_POINT('',(-3.3353302E1,-6.337199999999E-2,2.499287745611E0));
#5064=CARTESIAN_POINT('',(-3.3353302E1,-9.408931661833E-2,2.499287745611E0));
#5065=CARTESIAN_POINT('',(-3.334174732914E1,-1.163480271002E-1,
2.487733074748E0));
#5066=CARTESIAN_POINT('',(-3.332401267812E1,-1.340826781186E-1,
2.469998423730E0));
#5068=DIRECTION('',(0.E0,0.E0,-1.E0));
#5069=VECTOR('',#5068,6.473712254388E0);
#5070=CARTESIAN_POINT('',(-3.3353302E1,-6.337199999999E-2,8.972999999999E0));
#5071=LINE('',#5070,#5069);
#5072=DIRECTION('',(0.E0,0.E0,1.E0));
#5073=VECTOR('',#5072,6.473712254388E0);
#5074=CARTESIAN_POINT('',(-3.2229302E1,-6.337199999999E-2,2.499287745611E0));
#5075=LINE('',#5074,#5073);
#5076=CARTESIAN_POINT('',(-3.225859132188E1,-1.340826781186E-1,
2.469998423730E0));
#5077=CARTESIAN_POINT('',(-3.224085667087E1,-1.163480271003E-1,
2.487733074748E0));
#5078=CARTESIAN_POINT('',(-3.2229302E1,-9.408931661834E-2,2.499287745611E0));
#5079=CARTESIAN_POINT('',(-3.2229302E1,-6.337199999999E-2,2.499287745611E0));
#5081=CARTESIAN_POINT('',(-3.2329302E1,-1.63372E-1,2.499287745611E0));
#5082=CARTESIAN_POINT('',(-3.229858468338E1,-1.63372E-1,2.499287745611E0));
#5083=CARTESIAN_POINT('',(-3.227632597290E1,-1.518173291371E-1,
2.487733074748E0));
#5084=CARTESIAN_POINT('',(-3.225859132188E1,-1.340826781187E-1,
2.469998423730E0));
#5086=DIRECTION('',(0.E0,0.E0,-1.E0));
#5087=VECTOR('',#5086,6.473712254388E0);
#5088=CARTESIAN_POINT('',(-3.2329302E1,-1.63372E-1,8.972999999999E0));
#5089=LINE('',#5088,#5087);
#5090=DIRECTION('',(0.E0,1.E0,0.E0));
#5091=VECTOR('',#5090,9.24E-1);
#5092=CARTESIAN_POINT('',(-3.2229302E1,-6.337199999999E-2,2.499287745611E0));
#5093=LINE('',#5092,#5091);
#5094=DIRECTION('',(0.E0,0.E0,1.E0));
#5095=VECTOR('',#5094,6.473712254388E0);
#5096=CARTESIAN_POINT('',(-3.2329302E1,9.60628E-1,2.499287745611E0));
#5097=LINE('',#5096,#5095);
#5098=CARTESIAN_POINT('',(-3.225859132188E1,9.313386781187E-1,
2.469998423730E0));
#5099=CARTESIAN_POINT('',(-3.227632597290E1,9.490733291371E-1,
2.487733074748E0));
#5100=CARTESIAN_POINT('',(-3.229858468338E1,9.60628E-1,2.499287745611E0));
#5101=CARTESIAN_POINT('',(-3.2329302E1,9.60628E-1,2.499287745611E0));
#5103=CARTESIAN_POINT('',(-3.2229302E1,8.60628E-1,2.499287745611E0));
#5104=CARTESIAN_POINT('',(-3.2229302E1,8.913453166183E-1,2.499287745611E0));
#5105=CARTESIAN_POINT('',(-3.224085667087E1,9.136040271003E-1,
2.487733074748E0));
#5106=CARTESIAN_POINT('',(-3.225859132188E1,9.313386781187E-1,
2.469998423730E0));
#5108=DIRECTION('',(0.E0,0.E0,-1.E0));
#5109=VECTOR('',#5108,6.473712254388E0);
#5110=CARTESIAN_POINT('',(-3.2229302E1,8.60628E-1,8.972999999999E0));
#5111=LINE('',#5110,#5109);
#5112=DIRECTION('',(5.773502691896E-1,-5.773502691896E-1,-5.773502691896E-1));
#5113=VECTOR('',#5112,6.420897294098E-1);
#5114=CARTESIAN_POINT('',(-3.332401267812E1,9.313386781187E-1,
2.469998423730E0));
#5115=LINE('',#5114,#5113);
#5116=DIRECTION('',(-5.773502691896E-1,-5.773502691896E-1,5.773502691896E-1));
#5117=VECTOR('',#5116,6.420897294098E-1);
#5118=CARTESIAN_POINT('',(-3.2953302E1,2.36628E-1,2.099287745611E0));
#5119=LINE('',#5118,#5117);
#5120=DIRECTION('',(2.193033135062E-14,-1.E0,0.E0));
#5121=VECTOR('',#5120,3.24E-1);
#5122=CARTESIAN_POINT('',(-3.2953302E1,5.60628E-1,2.099287745611E0));
#5123=LINE('',#5122,#5121);
#5124=DIRECTION('',(-1.E0,0.E0,0.E0));
#5125=VECTOR('',#5124,9.24E-1);
#5126=CARTESIAN_POINT('',(-3.2329302E1,-1.63372E-1,2.499287745611E0));
#5127=LINE('',#5126,#5125);
#5128=DIRECTION('',(-5.773502691896E-1,5.773502691896E-1,-5.773502691896E-1));
#5129=VECTOR('',#5128,6.420897294098E-1);
#5130=CARTESIAN_POINT('',(-3.225859132188E1,-1.340826781187E-1,
2.469998423730E0));
#5131=LINE('',#5130,#5129);
#5132=DIRECTION('',(5.773502691896E-1,5.773502691896E-1,5.773502691896E-1));
#5133=VECTOR('',#5132,6.420897294098E-1);
#5134=CARTESIAN_POINT('',(-3.2629302E1,5.60628E-1,2.099287745611E0));
#5135=LINE('',#5134,#5133);
#5136=DIRECTION('',(0.E0,1.E0,0.E0));
#5137=VECTOR('',#5136,3.24E-1);
#5138=CARTESIAN_POINT('',(-3.2629302E1,2.36628E-1,2.099287745611E0));
#5139=LINE('',#5138,#5137);
#5140=DIRECTION('',(1.E0,3.632211129947E-14,0.E0));
#5141=VECTOR('',#5140,3.24E-1);
#5142=CARTESIAN_POINT('',(-3.2953302E1,5.60628E-1,2.099287745611E0));
#5143=LINE('',#5142,#5141);
#5144=DIRECTION('',(-1.E0,3.298116238277E-14,0.E0));
#5145=VECTOR('',#5144,3.24E-1);
#5146=CARTESIAN_POINT('',(-3.2629302E1,2.36628E-1,2.099287745611E0));
#5147=LINE('',#5146,#5145);
#5148=DIRECTION('',(-1.E0,0.E0,0.E0));
#5149=VECTOR('',#5148,4.036378446658E0);
#5150=CARTESIAN_POINT('',(-2.009534023426E1,-2.496999418830E0,-2.127E0));
#5151=LINE('',#5150,#5149);
#5152=DIRECTION('',(2.129392732735E-5,-2.110890887741E-5,9.999999995505E-1));
#5153=VECTOR('',#5152,1.094873777310E1);
#5154=CARTESIAN_POINT('',(-2.397889750216E1,-2.345968302922E0,
-1.975737768184E0));
#5155=LINE('',#5154,#5153);
#5156=DIRECTION('',(-9.999999908541E-1,6.048422628894E-5,1.209684525728E-4));
#5157=VECTOR('',#5156,3.821093897637E0);
#5158=CARTESIAN_POINT('',(-2.015780363947E1,-2.346199418830E0,-1.9762E0));
#5159=LINE('',#5158,#5157);
#5160=DIRECTION('',(0.E0,0.E0,-1.E0));
#5161=VECTOR('',#5160,1.09492E1);
#5162=CARTESIAN_POINT('',(-2.015780363947E1,-2.346199418830E0,
8.972999999999E0));
#5163=LINE('',#5162,#5161);
#5164=DIRECTION('',(4.561973008929E-5,9.999999948691E-1,9.044669973161E-5));
#5165=VECTOR('',#5164,5.110543747974E0);
#5166=CARTESIAN_POINT('',(-2.397889750216E1,-2.345968302922E0,
-1.975737768184E0));
#5167=LINE('',#5166,#5165);
#5168=DIRECTION('',(-5.815907784259E-1,-5.747783453743E-1,-5.756579020032E-1));
#5169=VECTOR('',#5168,2.627641022377E-1);
#5170=CARTESIAN_POINT('',(-2.397889750216E1,-2.345968302922E0,
-1.975737768184E0));
#5171=LINE('',#5170,#5169);
#5172=DIRECTION('',(5.790223992949E-1,-5.790223992944E-1,5.739913956064E-1));
#5173=VECTOR('',#5172,2.643322962559E-1);
#5174=CARTESIAN_POINT('',(-2.413171868092E1,2.917629739219E0,-2.127E0));
#5175=LINE('',#5174,#5173);
#5176=DIRECTION('',(0.E0,1.E0,0.E0));
#5177=VECTOR('',#5176,5.414629158049E0);
#5178=CARTESIAN_POINT('',(-2.413171868092E1,-2.496999418830E0,-2.127E0));
#5179=LINE('',#5178,#5177);
#5180=DIRECTION('',(1.E0,0.E0,0.E0));
#5181=VECTOR('',#5180,5.483715041453E0);
#5182=CARTESIAN_POINT('',(-2.413171868092E1,2.917629739219E0,-2.127E0));
#5183=LINE('',#5182,#5181);
#5184=DIRECTION('',(9.999999950051E-1,4.501125429285E-5,-8.924032196549E-5));
#5185=VECTOR('',#5184,5.179629631027E0);
#5186=CARTESIAN_POINT('',(-2.397866436053E1,2.764575418830E0,
-1.975275536368E0));
#5187=LINE('',#5186,#5185);
#5188=DIRECTION('',(0.E0,0.E0,-1.E0));
#5189=VECTOR('',#5188,1.094827553637E1);
#5190=CARTESIAN_POINT('',(-2.397866436053E1,2.764575418830E0,8.972999999999E0));
#5191=LINE('',#5190,#5189);
#5192=DIRECTION('',(0.E0,1.E0,0.E0));
#5193=VECTOR('',#5192,5.110774837660E0);
#5194=CARTESIAN_POINT('',(-2.397866436053E1,-2.346199418830E0,
8.972999999999E0));
#5195=LINE('',#5194,#5193);
#5196=DIRECTION('',(-1.E0,0.E0,0.E0));
#5197=VECTOR('',#5196,3.820860721063E0);
#5198=CARTESIAN_POINT('',(-2.015780363947E1,-2.346199418830E0,
8.972999999999E0));
#5199=LINE('',#5198,#5197);
#5200=DIRECTION('',(-7.071067811865E-1,-7.071067811865E-1,0.E0));
#5201=VECTOR('',#5200,1.921916231265E0);
#5202=CARTESIAN_POINT('',(-1.879880363947E1,-9.871994188301E-1,
8.972999999999E0));
#5203=LINE('',#5202,#5201);
#5204=DIRECTION('',(0.E0,-1.E0,0.E0));
#5205=VECTOR('',#5204,3.751774837660E0);
#5206=CARTESIAN_POINT('',(-1.879880363947E1,2.764575418830E0,8.972999999999E0));
#5207=LINE('',#5206,#5205);
#5208=DIRECTION('',(1.E0,0.E0,0.E0));
#5209=VECTOR('',#5208,5.179860721063E0);
#5210=CARTESIAN_POINT('',(-2.397866436053E1,2.764575418830E0,8.972999999999E0));
#5211=LINE('',#5210,#5209);
#5212=DIRECTION('',(-1.E0,0.E0,0.E0));
#5213=VECTOR('',#5212,9.24E-1);
#5214=CARTESIAN_POINT('',(-2.0929302E1,9.60628E-1,8.972999999999E0));
#5215=LINE('',#5214,#5213);
#5216=CARTESIAN_POINT('',(-2.0929302E1,8.60628E-1,8.972999999999E0));
#5217=DIRECTION('',(0.E0,0.E0,1.E0));
#5218=DIRECTION('',(1.E0,1.754152378908E-13,0.E0));
#5219=AXIS2_PLACEMENT_3D('',#5216,#5217,#5218);
#5221=DIRECTION('',(0.E0,1.E0,0.E0));
#5222=VECTOR('',#5221,9.24E-1);
#5223=CARTESIAN_POINT('',(-2.0829302E1,-6.337199999999E-2,8.972999999999E0));
#5224=LINE('',#5223,#5222);
#5225=CARTESIAN_POINT('',(-2.0929302E1,-6.337199999999E-2,8.972999999999E0));
#5226=DIRECTION('',(0.E0,0.E0,1.E0));
#5227=DIRECTION('',(0.E0,-1.E0,0.E0));
#5228=AXIS2_PLACEMENT_3D('',#5225,#5226,#5227);
#5230=DIRECTION('',(1.E0,0.E0,0.E0));
#5231=VECTOR('',#5230,9.24E-1);
#5232=CARTESIAN_POINT('',(-2.1853302E1,-1.63372E-1,8.972999999999E0));
#5233=LINE('',#5232,#5231);
#5234=CARTESIAN_POINT('',(-2.1853302E1,-6.337199999999E-2,8.972999999999E0));
#5235=DIRECTION('',(0.E0,0.E0,1.E0));
#5236=DIRECTION('',(-1.E0,-1.723621245731E-13,0.E0));
#5237=AXIS2_PLACEMENT_3D('',#5234,#5235,#5236);
#5239=DIRECTION('',(0.E0,-1.E0,0.E0));
#5240=VECTOR('',#5239,9.24E-1);
#5241=CARTESIAN_POINT('',(-2.1953302E1,8.60628E-1,8.972999999999E0));
#5242=LINE('',#5241,#5240);
#5243=CARTESIAN_POINT('',(-2.1853302E1,8.60628E-1,8.972999999999E0));
#5244=DIRECTION('',(0.E0,0.E0,1.E0));
#5245=DIRECTION('',(0.E0,1.E0,0.E0));
#5246=AXIS2_PLACEMENT_3D('',#5243,#5244,#5245);
#5248=DIRECTION('',(0.E0,0.E0,-1.E0));
#5249=VECTOR('',#5248,1.09492E1);
#5250=CARTESIAN_POINT('',(-1.879880363947E1,-9.871994188301E-1,
8.972999999999E0));
#5251=LINE('',#5250,#5249);
#5252=DIRECTION('',(7.071067811865E-1,7.071067811865E-1,0.E0));
#5253=VECTOR('',#5252,1.921916231265E0);
#5254=CARTESIAN_POINT('',(-2.015780363947E1,-2.346199418830E0,-1.9762E0));
#5255=LINE('',#5254,#5253);
#5256=DIRECTION('',(-2.810846377149E-1,6.785983445458E-1,6.785983445458E-1));
#5257=VECTOR('',#5256,2.222227643378E-1);
#5258=CARTESIAN_POINT('',(-2.009534023426E1,-2.496999418830E0,-2.127E0));
#5259=LINE('',#5258,#5257);
#5260=DIRECTION('',(6.785983445458E-1,-2.810846377149E-1,-6.785983445458E-1));
#5261=VECTOR('',#5260,2.222227643378E-1);
#5262=CARTESIAN_POINT('',(-1.879880363947E1,-9.871994188301E-1,-1.9762E0));
#5263=LINE('',#5262,#5261);
#5264=DIRECTION('',(0.E0,-1.E0,0.E0));
#5265=VECTOR('',#5264,3.967292563255E0);
#5266=CARTESIAN_POINT('',(-1.864800363947E1,2.917629739219E0,-2.127E0));
#5267=LINE('',#5266,#5265);
#5268=DIRECTION('',(5.747783453745E-1,5.815907784256E-1,-5.756579020033E-1));
#5269=VECTOR('',#5268,2.627641022376E-1);
#5270=CARTESIAN_POINT('',(-1.879903475538E1,2.764808560457E0,
-1.975737768184E0));
#5271=LINE('',#5270,#5269);
#5272=DIRECTION('',(6.159792489949E-5,-9.999999905142E-1,-1.231958497968E-4));
#5273=VECTOR('',#5272,3.752008014877E0);
#5274=CARTESIAN_POINT('',(-1.879903475538E1,2.764808560457E0,
-1.975737768184E0));
#5275=LINE('',#5274,#5273);
#5276=DIRECTION('',(-2.110890887197E-5,2.129392732191E-5,-9.999999995505E-1));
#5277=VECTOR('',#5276,1.094873777310E1);
#5278=CARTESIAN_POINT('',(-1.879880363947E1,2.764575418830E0,8.972999999999E0));
#5279=LINE('',#5278,#5277);
#5280=DIRECTION('',(-1.E0,0.E0,0.E0));
#5281=VECTOR('',#5280,9.24E-1);
#5282=CARTESIAN_POINT('',(-2.0929302E1,9.60628E-1,2.499287745611E0));
#5283=LINE('',#5282,#5281);
#5284=DIRECTION('',(0.E0,0.E0,1.E0));
#5285=VECTOR('',#5284,6.473712254388E0);
#5286=CARTESIAN_POINT('',(-2.1953302E1,8.60628E-1,2.499287745611E0));
#5287=LINE('',#5286,#5285);
#5288=CARTESIAN_POINT('',(-2.192401267812E1,9.313386781186E-1,
2.469998423730E0));
#5289=CARTESIAN_POINT('',(-2.194174732914E1,9.136040271003E-1,
2.487733074748E0));
#5290=CARTESIAN_POINT('',(-2.1953302E1,8.913453166184E-1,2.499287745611E0));
#5291=CARTESIAN_POINT('',(-2.1953302E1,8.60628E-1,2.499287745611E0));
#5293=CARTESIAN_POINT('',(-2.1853302E1,9.60628E-1,2.499287745611E0));
#5294=CARTESIAN_POINT('',(-2.188401931662E1,9.60628E-1,2.499287745611E0));
#5295=CARTESIAN_POINT('',(-2.190627802710E1,9.490733291370E-1,
2.487733074748E0));
#5296=CARTESIAN_POINT('',(-2.192401267812E1,9.313386781187E-1,
2.469998423730E0));
#5298=DIRECTION('',(0.E0,0.E0,-1.E0));
#5299=VECTOR('',#5298,6.473712254388E0);
#5300=CARTESIAN_POINT('',(-2.1853302E1,9.60628E-1,8.972999999999E0));
#5301=LINE('',#5300,#5299);
#5302=DIRECTION('',(0.E0,-1.E0,0.E0));
#5303=VECTOR('',#5302,9.24E-1);
#5304=CARTESIAN_POINT('',(-2.1953302E1,8.60628E-1,2.499287745611E0));
#5305=LINE('',#5304,#5303);
#5306=DIRECTION('',(0.E0,0.E0,1.E0));
#5307=VECTOR('',#5306,6.473712254388E0);
#5308=CARTESIAN_POINT('',(-2.1853302E1,-1.63372E-1,2.499287745611E0));
#5309=LINE('',#5308,#5307);
#5310=CARTESIAN_POINT('',(-2.192401267812E1,-1.340826781186E-1,
2.469998423730E0));
#5311=CARTESIAN_POINT('',(-2.190627802710E1,-1.518173291370E-1,
2.487733074748E0));
#5312=CARTESIAN_POINT('',(-2.188401931662E1,-1.63372E-1,2.499287745611E0));
#5313=CARTESIAN_POINT('',(-2.1853302E1,-1.63372E-1,2.499287745611E0));
#5315=CARTESIAN_POINT('',(-2.1953302E1,-6.337200000001E-2,2.499287745611E0));
#5316=CARTESIAN_POINT('',(-2.1953302E1,-9.408931661835E-2,2.499287745611E0));
#5317=CARTESIAN_POINT('',(-2.194174732914E1,-1.163480271003E-1,
2.487733074748E0));
#5318=CARTESIAN_POINT('',(-2.192401267812E1,-1.340826781186E-1,
2.469998423730E0));
#5320=DIRECTION('',(0.E0,0.E0,-1.E0));
#5321=VECTOR('',#5320,6.473712254388E0);
#5322=CARTESIAN_POINT('',(-2.1953302E1,-6.337199999999E-2,8.972999999999E0));
#5323=LINE('',#5322,#5321);
#5324=DIRECTION('',(0.E0,0.E0,1.E0));
#5325=VECTOR('',#5324,6.473712254388E0);
#5326=CARTESIAN_POINT('',(-2.0829302E1,-6.337199999999E-2,2.499287745611E0));
#5327=LINE('',#5326,#5325);
#5328=CARTESIAN_POINT('',(-2.085859132188E1,-1.340826781186E-1,
2.469998423730E0));
#5329=CARTESIAN_POINT('',(-2.084085667087E1,-1.163480271003E-1,
2.487733074748E0));
#5330=CARTESIAN_POINT('',(-2.0829302E1,-9.408931661834E-2,2.499287745611E0));
#5331=CARTESIAN_POINT('',(-2.0829302E1,-6.3372E-2,2.499287745611E0));
#5333=CARTESIAN_POINT('',(-2.0929302E1,-1.63372E-1,2.499287745611E0));
#5334=CARTESIAN_POINT('',(-2.089858468338E1,-1.63372E-1,2.499287745611E0));
#5335=CARTESIAN_POINT('',(-2.087632597290E1,-1.518173291370E-1,
2.487733074748E0));
#5336=CARTESIAN_POINT('',(-2.085859132188E1,-1.340826781187E-1,
2.469998423730E0));
#5338=DIRECTION('',(0.E0,0.E0,-1.E0));
#5339=VECTOR('',#5338,6.473712254388E0);
#5340=CARTESIAN_POINT('',(-2.0929302E1,-1.63372E-1,8.972999999999E0));
#5341=LINE('',#5340,#5339);
#5342=DIRECTION('',(0.E0,1.E0,0.E0));
#5343=VECTOR('',#5342,9.24E-1);
#5344=CARTESIAN_POINT('',(-2.0829302E1,-6.337199999999E-2,2.499287745611E0));
#5345=LINE('',#5344,#5343);
#5346=DIRECTION('',(0.E0,0.E0,1.E0));
#5347=VECTOR('',#5346,6.473712254388E0);
#5348=CARTESIAN_POINT('',(-2.0929302E1,9.60628E-1,2.499287745611E0));
#5349=LINE('',#5348,#5347);
#5350=CARTESIAN_POINT('',(-2.085859132188E1,9.313386781187E-1,
2.469998423730E0));
#5351=CARTESIAN_POINT('',(-2.087632597290E1,9.490733291371E-1,
2.487733074748E0));
#5352=CARTESIAN_POINT('',(-2.089858468338E1,9.60628E-1,2.499287745611E0));
#5353=CARTESIAN_POINT('',(-2.0929302E1,9.60628E-1,2.499287745611E0));
#5355=CARTESIAN_POINT('',(-2.0829302E1,8.60628E-1,2.499287745611E0));
#5356=CARTESIAN_POINT('',(-2.0829302E1,8.913453166183E-1,2.499287745611E0));
#5357=CARTESIAN_POINT('',(-2.084085667087E1,9.136040271003E-1,
2.487733074748E0));
#5358=CARTESIAN_POINT('',(-2.085859132188E1,9.313386781186E-1,
2.469998423730E0));
#5360=DIRECTION('',(0.E0,0.E0,-1.E0));
#5361=VECTOR('',#5360,6.473712254388E0);
#5362=CARTESIAN_POINT('',(-2.0829302E1,8.60628E-1,8.972999999999E0));
#5363=LINE('',#5362,#5361);
#5364=DIRECTION('',(5.773502691896E-1,-5.773502691896E-1,-5.773502691896E-1));
#5365=VECTOR('',#5364,6.420897294098E-1);
#5366=CARTESIAN_POINT('',(-2.192401267812E1,9.313386781187E-1,
2.469998423730E0));
#5367=LINE('',#5366,#5365);
#5368=DIRECTION('',(-5.773502691896E-1,-5.773502691896E-1,5.773502691896E-1));
#5369=VECTOR('',#5368,6.420897294098E-1);
#5370=CARTESIAN_POINT('',(-2.1553302E1,2.36628E-1,2.099287745611E0));
#5371=LINE('',#5370,#5369);
#5372=DIRECTION('',(0.E0,-1.E0,0.E0));
#5373=VECTOR('',#5372,3.24E-1);
#5374=CARTESIAN_POINT('',(-2.1553302E1,5.60628E-1,2.099287745611E0));
#5375=LINE('',#5374,#5373);
#5376=DIRECTION('',(-1.E0,0.E0,0.E0));
#5377=VECTOR('',#5376,9.24E-1);
#5378=CARTESIAN_POINT('',(-2.0929302E1,-1.63372E-1,2.499287745611E0));
#5379=LINE('',#5378,#5377);
#5380=DIRECTION('',(-5.773502691896E-1,5.773502691896E-1,-5.773502691896E-1));
#5381=VECTOR('',#5380,6.420897294098E-1);
#5382=CARTESIAN_POINT('',(-2.085859132188E1,-1.340826781186E-1,
2.469998423730E0));
#5383=LINE('',#5382,#5381);
#5384=DIRECTION('',(5.773502691896E-1,5.773502691896E-1,5.773502691896E-1));
#5385=VECTOR('',#5384,6.420897294098E-1);
#5386=CARTESIAN_POINT('',(-2.1229302E1,5.60628E-1,2.099287745611E0));
#5387=LINE('',#5386,#5385);
#5388=DIRECTION('',(1.096516567531E-14,1.E0,0.E0));
#5389=VECTOR('',#5388,3.24E-1);
#5390=CARTESIAN_POINT('',(-2.1229302E1,2.36628E-1,2.099287745611E0));
#5391=LINE('',#5390,#5389);
#5392=DIRECTION('',(1.E0,-1.267847281208E-14,0.E0));
#5393=VECTOR('',#5392,3.24E-1);
#5394=CARTESIAN_POINT('',(-2.1553302E1,5.60628E-1,2.099287745611E0));
#5395=LINE('',#5394,#5393);
#5396=DIRECTION('',(-1.E0,0.E0,0.E0));
#5397=VECTOR('',#5396,3.24E-1);
#5398=CARTESIAN_POINT('',(-2.1229302E1,2.36628E-1,2.099287745611E0));
#5399=LINE('',#5398,#5397);
#5400=DIRECTION('',(0.E0,1.E0,0.E0));
#5401=VECTOR('',#5400,5.416883478438E0);
#5402=CARTESIAN_POINT('',(-1.273171868092E1,-2.499253739219E0,-2.127E0));
#5403=LINE('',#5402,#5401);
#5404=DIRECTION('',(-5.790223992947E-1,-5.790223992946E-1,-5.739913956064E-1));
#5405=VECTOR('',#5404,2.643322962559E-1);
#5406=CARTESIAN_POINT('',(-1.257866436053E1,-2.346199418830E0,
-1.975275536368E0));
#5407=LINE('',#5406,#5405);
#5408=DIRECTION('',(5.790223992946E-1,5.790223992946E-1,5.739913956064E-1));
#5409=VECTOR('',#5408,8.111429103294E-2);
#5410=CARTESIAN_POINT('',(-8.821946107269E0,-2.346199418830E0,
-1.975275536368E0));
#5411=LINE('',#5410,#5409);
#5412=DIRECTION('',(1.E0,0.E0,0.E0));
#5413=VECTOR('',#5412,3.756718253263E0);
#5414=CARTESIAN_POINT('',(-1.257866436053E1,-2.346199418830E0,
-1.975275536368E0));
#5415=LINE('',#5414,#5413);
#5416=DIRECTION('',(-1.E0,0.E0,0.E0));
#5417=VECTOR('',#5416,4.039591105175E0);
#5418=CARTESIAN_POINT('',(-8.692127575746E0,-2.499253739219E0,-2.127E0));
#5419=LINE('',#5418,#5417);
#5420=DIRECTION('',(2.822111497458E-1,-6.813179851691E-1,-6.753981566781E-1));
#5421=VECTOR('',#5420,2.935799672901E-1);
#5422=CARTESIAN_POINT('',(-8.774979115858E0,-2.299232427419E0,
-1.928716631255E0));
#5423=LINE('',#5422,#5421);
#5424=DIRECTION('',(0.E0,0.E0,-1.E0));
#5425=VECTOR('',#5424,1.094827553637E1);
#5426=CARTESIAN_POINT('',(-7.398803639469E0,-9.230569510301E-1,
8.972999999999E0));
#5427=LINE('',#5426,#5425);
#5428=DIRECTION('',(-7.071067811865E-1,-7.071067811865E-1,0.E0));
#5429=VECTOR('',#5428,1.879784666677E0);
#5430=CARTESIAN_POINT('',(-7.445770630880E0,-9.700239424411E-1,
-1.928716631255E0));
#5431=LINE('',#5430,#5429);
#5432=DIRECTION('',(0.E0,1.E0,-1.023626518353E-14));
#5433=VECTOR('',#5432,3.687632369860E0);
#5434=CARTESIAN_POINT('',(-7.398803639469E0,-9.230569510301E-1,
-1.975275536368E0));
#5435=LINE('',#5434,#5433);
#5436=DIRECTION('',(5.790223992946E-1,5.790223992946E-1,-5.739913956064E-1));
#5437=VECTOR('',#5436,8.111429103294E-2);
#5438=CARTESIAN_POINT('',(-7.445770630880E0,-9.700239424411E-1,
-1.928716631255E0));
#5439=LINE('',#5438,#5437);
#5440=DIRECTION('',(-6.813179851691E-1,2.822111497458E-1,6.753981566781E-1));
#5441=VECTOR('',#5440,2.935799672901E-1);
#5442=CARTESIAN_POINT('',(-7.245749319080E0,-1.052875482552E0,-2.127E0));
#5443=LINE('',#5442,#5441);
#5444=DIRECTION('',(0.E0,-1.E0,0.E0));
#5445=VECTOR('',#5444,3.970505221772E0);
#5446=CARTESIAN_POINT('',(-7.245749319080E0,2.917629739219E0,-2.127E0));
#5447=LINE('',#5446,#5445);
#5448=DIRECTION('',(0.E0,0.E0,-1.E0));
#5449=VECTOR('',#5448,1.094827553637E1);
#5450=CARTESIAN_POINT('',(-7.398803639469E0,2.764575418830E0,8.972999999999E0));
#5451=LINE('',#5450,#5449);
#5452=DIRECTION('',(0.E0,0.E0,-1.E0));
#5453=VECTOR('',#5452,1.094827553637E1);
#5454=CARTESIAN_POINT('',(-1.257866436053E1,2.764575418830E0,8.972999999999E0));
#5455=LINE('',#5454,#5453);
#5456=DIRECTION('',(-1.E0,0.E0,0.E0));
#5457=VECTOR('',#5456,5.179860721063E0);
#5458=CARTESIAN_POINT('',(-7.398803639469E0,2.764575418830E0,
-1.975275536368E0));
#5459=LINE('',#5458,#5457);
#5460=DIRECTION('',(-5.790223992947E-1,-5.790223992946E-1,5.739913956064E-1));
#5461=VECTOR('',#5460,2.643322962558E-1);
#5462=CARTESIAN_POINT('',(-7.245749319080E0,2.917629739219E0,-2.127E0));
#5463=LINE('',#5462,#5461);
#5464=DIRECTION('',(1.E0,0.E0,0.E0));
#5465=VECTOR('',#5464,5.485969361842E0);
#5466=CARTESIAN_POINT('',(-1.273171868092E1,2.917629739219E0,-2.127E0));
#5467=LINE('',#5466,#5465);
#5468=DIRECTION('',(-5.790223992947E-1,5.790223992945E-1,-5.739913956064E-1));
#5469=VECTOR('',#5468,2.643322962559E-1);
#5470=CARTESIAN_POINT('',(-1.257866436053E1,2.764575418830E0,
-1.975275536368E0));
#5471=LINE('',#5470,#5469);
#5472=DIRECTION('',(0.E0,1.E0,0.E0));
#5473=VECTOR('',#5472,5.110774837660E0);
#5474=CARTESIAN_POINT('',(-1.257866436053E1,-2.346199418830E0,
-1.975275536368E0));
#5475=LINE('',#5474,#5473);
#5476=DIRECTION('',(0.E0,0.E0,-1.E0));
#5477=VECTOR('',#5476,1.094827553637E1);
#5478=CARTESIAN_POINT('',(-1.257866436053E1,-2.346199418830E0,
8.972999999999E0));
#5479=LINE('',#5478,#5477);
#5480=DIRECTION('',(0.E0,0.E0,-1.E0));
#5481=VECTOR('',#5480,1.094827553637E1);
#5482=CARTESIAN_POINT('',(-8.821946107269E0,-2.346199418830E0,
8.972999999999E0));
#5483=LINE('',#5482,#5481);
#5484=DIRECTION('',(0.E0,-1.E0,0.E0));
#5485=VECTOR('',#5484,3.687632369860E0);
#5486=CARTESIAN_POINT('',(-7.398803639469E0,2.764575418830E0,8.972999999999E0));
#5487=LINE('',#5486,#5485);
#5488=DIRECTION('',(1.E0,0.E0,0.E0));
#5489=VECTOR('',#5488,5.179860721063E0);
#5490=CARTESIAN_POINT('',(-1.257866436053E1,2.764575418830E0,8.972999999999E0));
#5491=LINE('',#5490,#5489);
#5492=DIRECTION('',(0.E0,1.E0,0.E0));
#5493=VECTOR('',#5492,5.110774837660E0);
#5494=CARTESIAN_POINT('',(-1.257866436053E1,-2.346199418830E0,
8.972999999999E0));
#5495=LINE('',#5494,#5493);
#5496=DIRECTION('',(-1.E0,0.E0,0.E0));
#5497=VECTOR('',#5496,3.756718253263E0);
#5498=CARTESIAN_POINT('',(-8.821946107269E0,-2.346199418830E0,
8.972999999999E0));
#5499=LINE('',#5498,#5497);
#5500=DIRECTION('',(-7.071067811865E-1,-7.071067811865E-1,0.E0));
#5501=VECTOR('',#5500,2.012627379152E0);
#5502=CARTESIAN_POINT('',(-7.398803639469E0,-9.230569510301E-1,
8.972999999999E0));
#5503=LINE('',#5502,#5501);
#5504=DIRECTION('',(0.E0,-1.E0,0.E0));
#5505=VECTOR('',#5504,9.24E-1);
#5506=CARTESIAN_POINT('',(-1.0553302E1,8.60628E-1,8.972999999999E0));
#5507=LINE('',#5506,#5505);
#5508=CARTESIAN_POINT('',(-1.0453302E1,8.60628E-1,8.972999999999E0));
#5509=DIRECTION('',(0.E0,0.E0,1.E0));
#5510=DIRECTION('',(0.E0,1.E0,0.E0));
#5511=AXIS2_PLACEMENT_3D('',#5508,#5509,#5510);
#5513=DIRECTION('',(-1.E0,0.E0,0.E0));
#5514=VECTOR('',#5513,9.24E-1);
#5515=CARTESIAN_POINT('',(-9.529302000002E0,9.60628E-1,8.972999999999E0));
#5516=LINE('',#5515,#5514);
#5517=CARTESIAN_POINT('',(-9.529302000002E0,8.60628E-1,8.972999999999E0));
#5518=DIRECTION('',(0.E0,0.E0,1.E0));
#5519=DIRECTION('',(1.E0,0.E0,0.E0));
#5520=AXIS2_PLACEMENT_3D('',#5517,#5518,#5519);
#5522=DIRECTION('',(0.E0,1.E0,0.E0));
#5523=VECTOR('',#5522,9.24E-1);
#5524=CARTESIAN_POINT('',(-9.429302000002E0,-6.337199999999E-2,
8.972999999999E0));
#5525=LINE('',#5524,#5523);
#5526=CARTESIAN_POINT('',(-9.529302000002E0,-6.337199999999E-2,
8.972999999999E0));
#5527=DIRECTION('',(0.E0,0.E0,1.E0));
#5528=DIRECTION('',(0.E0,-1.E0,0.E0));
#5529=AXIS2_PLACEMENT_3D('',#5526,#5527,#5528);
#5531=DIRECTION('',(1.E0,0.E0,0.E0));
#5532=VECTOR('',#5531,9.24E-1);
#5533=CARTESIAN_POINT('',(-1.0453302E1,-1.63372E-1,8.972999999999E0));
#5534=LINE('',#5533,#5532);
#5535=CARTESIAN_POINT('',(-1.0453302E1,-6.337199999999E-2,8.972999999999E0));
#5536=DIRECTION('',(0.E0,0.E0,1.E0));
#5537=DIRECTION('',(-1.E0,8.520961713998E-14,0.E0));
#5538=AXIS2_PLACEMENT_3D('',#5535,#5536,#5537);
#5540=DIRECTION('',(0.E0,-1.E0,0.E0));
#5541=VECTOR('',#5540,9.24E-1);
#5542=CARTESIAN_POINT('',(-1.0553302E1,8.60628E-1,2.499287745611E0));
#5543=LINE('',#5542,#5541);
#5544=DIRECTION('',(0.E0,0.E0,1.E0));
#5545=VECTOR('',#5544,6.473712254388E0);
#5546=CARTESIAN_POINT('',(-1.0453302E1,-1.63372E-1,2.499287745611E0));
#5547=LINE('',#5546,#5545);
#5548=CARTESIAN_POINT('',(-1.052401267812E1,-1.340826781187E-1,
2.469998423730E0));
#5549=CARTESIAN_POINT('',(-1.050627802710E1,-1.518173291370E-1,
2.487733074748E0));
#5550=CARTESIAN_POINT('',(-1.048401931662E1,-1.63372E-1,2.499287745611E0));
#5551=CARTESIAN_POINT('',(-1.0453302E1,-1.63372E-1,2.499287745611E0));
#5553=CARTESIAN_POINT('',(-1.0553302E1,-6.337199999998E-2,2.499287745611E0));
#5554=CARTESIAN_POINT('',(-1.0553302E1,-9.408931661834E-2,2.499287745611E0));
#5555=CARTESIAN_POINT('',(-1.054174732914E1,-1.163480271003E-1,
2.487733074748E0));
#5556=CARTESIAN_POINT('',(-1.052401267812E1,-1.340826781187E-1,
2.469998423730E0));
#5558=DIRECTION('',(0.E0,0.E0,-1.E0));
#5559=VECTOR('',#5558,6.473712254388E0);
#5560=CARTESIAN_POINT('',(-1.0553302E1,-6.337199999999E-2,8.972999999999E0));
#5561=LINE('',#5560,#5559);
#5562=DIRECTION('',(0.E0,0.E0,1.E0));
#5563=VECTOR('',#5562,6.473712254388E0);
#5564=CARTESIAN_POINT('',(-9.429302000002E0,-6.337199999999E-2,
2.499287745611E0));
#5565=LINE('',#5564,#5563);
#5566=CARTESIAN_POINT('',(-9.458591321884E0,-1.340826781186E-1,
2.469998423730E0));
#5567=CARTESIAN_POINT('',(-9.440856670865E0,-1.163480271003E-1,
2.487733074748E0));
#5568=CARTESIAN_POINT('',(-9.429302000002E0,-9.408931661834E-2,
2.499287745611E0));
#5569=CARTESIAN_POINT('',(-9.429302000002E0,-6.337199999999E-2,
2.499287745611E0));
#5571=CARTESIAN_POINT('',(-9.529302000002E0,-1.63372E-1,2.499287745611E0));
#5572=CARTESIAN_POINT('',(-9.498584683384E0,-1.63372E-1,2.499287745611E0));
#5573=CARTESIAN_POINT('',(-9.476325972902E0,-1.518173291370E-1,
2.487733074748E0));
#5574=CARTESIAN_POINT('',(-9.458591321884E0,-1.340826781187E-1,
2.469998423730E0));
#5576=DIRECTION('',(0.E0,0.E0,-1.E0));
#5577=VECTOR('',#5576,6.473712254388E0);
#5578=CARTESIAN_POINT('',(-9.529302000002E0,-1.63372E-1,8.972999999999E0));
#5579=LINE('',#5578,#5577);
#5580=DIRECTION('',(0.E0,1.E0,0.E0));
#5581=VECTOR('',#5580,9.24E-1);
#5582=CARTESIAN_POINT('',(-9.429302000002E0,-6.337199999999E-2,
2.499287745611E0));
#5583=LINE('',#5582,#5581);
#5584=DIRECTION('',(0.E0,0.E0,1.E0));
#5585=VECTOR('',#5584,6.473712254388E0);
#5586=CARTESIAN_POINT('',(-9.529302000002E0,9.60628E-1,2.499287745611E0));
#5587=LINE('',#5586,#5585);
#5588=CARTESIAN_POINT('',(-9.458591321884E0,9.313386781187E-1,
2.469998423730E0));
#5589=CARTESIAN_POINT('',(-9.476325972902E0,9.490733291371E-1,
2.487733074748E0));
#5590=CARTESIAN_POINT('',(-9.498584683384E0,9.60628E-1,2.499287745611E0));
#5591=CARTESIAN_POINT('',(-9.529302000002E0,9.60628E-1,2.499287745611E0));
#5593=CARTESIAN_POINT('',(-9.429302000002E0,8.60628E-1,2.499287745611E0));
#5594=CARTESIAN_POINT('',(-9.429302000002E0,8.913453166183E-1,
2.499287745611E0));
#5595=CARTESIAN_POINT('',(-9.440856670865E0,9.136040271003E-1,
2.487733074748E0));
#5596=CARTESIAN_POINT('',(-9.458591321884E0,9.313386781187E-1,
2.469998423730E0));
#5598=DIRECTION('',(0.E0,0.E0,-1.E0));
#5599=VECTOR('',#5598,6.473712254388E0);
#5600=CARTESIAN_POINT('',(-9.429302000002E0,8.60628E-1,8.972999999999E0));
#5601=LINE('',#5600,#5599);
#5602=DIRECTION('',(-1.E0,0.E0,0.E0));
#5603=VECTOR('',#5602,9.24E-1);
#5604=CARTESIAN_POINT('',(-9.529302000002E0,9.60628E-1,2.499287745611E0));
#5605=LINE('',#5604,#5603);
#5606=DIRECTION('',(0.E0,0.E0,1.E0));
#5607=VECTOR('',#5606,6.473712254388E0);
#5608=CARTESIAN_POINT('',(-1.0553302E1,8.60628E-1,2.499287745611E0));
#5609=LINE('',#5608,#5607);
#5610=CARTESIAN_POINT('',(-1.052401267812E1,9.313386781187E-1,
2.469998423730E0));
#5611=CARTESIAN_POINT('',(-1.054174732914E1,9.136040271003E-1,
2.487733074748E0));
#5612=CARTESIAN_POINT('',(-1.0553302E1,8.913453166184E-1,2.499287745611E0));
#5613=CARTESIAN_POINT('',(-1.0553302E1,8.60628E-1,2.499287745611E0));
#5615=CARTESIAN_POINT('',(-1.0453302E1,9.60628E-1,2.499287745611E0));
#5616=CARTESIAN_POINT('',(-1.048401931662E1,9.60628E-1,2.499287745611E0));
#5617=CARTESIAN_POINT('',(-1.050627802710E1,9.490733291371E-1,
2.487733074748E0));
#5618=CARTESIAN_POINT('',(-1.052401267812E1,9.313386781187E-1,
2.469998423730E0));
#5620=DIRECTION('',(0.E0,0.E0,-1.E0));
#5621=VECTOR('',#5620,6.473712254388E0);
#5622=CARTESIAN_POINT('',(-1.0453302E1,9.60628E-1,8.972999999999E0));
#5623=LINE('',#5622,#5621);
#5624=DIRECTION('',(5.773502691896E-1,-5.773502691896E-1,-5.773502691896E-1));
#5625=VECTOR('',#5624,6.420897294098E-1);
#5626=CARTESIAN_POINT('',(-1.052401267812E1,9.313386781187E-1,
2.469998423730E0));
#5627=LINE('',#5626,#5625);
#5628=DIRECTION('',(-5.773502691896E-1,-5.773502691896E-1,5.773502691896E-1));
#5629=VECTOR('',#5628,6.420897294098E-1);
#5630=CARTESIAN_POINT('',(-1.0153302E1,2.36628E-1,2.099287745611E0));
#5631=LINE('',#5630,#5629);
#5632=DIRECTION('',(0.E0,-1.E0,0.E0));
#5633=VECTOR('',#5632,3.24E-1);
#5634=CARTESIAN_POINT('',(-1.0153302E1,5.60628E-1,2.099287745611E0));
#5635=LINE('',#5634,#5633);
#5636=DIRECTION('',(5.773502691896E-1,5.773502691896E-1,5.773502691896E-1));
#5637=VECTOR('',#5636,6.420897294098E-1);
#5638=CARTESIAN_POINT('',(-9.829302000002E0,5.60628E-1,2.099287745611E0));
#5639=LINE('',#5638,#5637);
#5640=DIRECTION('',(1.096516567531E-14,1.E0,0.E0));
#5641=VECTOR('',#5640,3.24E-1);
#5642=CARTESIAN_POINT('',(-9.829302000002E0,2.36628E-1,2.099287745611E0));
#5643=LINE('',#5642,#5641);
#5644=DIRECTION('',(-5.773502691896E-1,5.773502691896E-1,-5.773502691896E-1));
#5645=VECTOR('',#5644,6.420897294098E-1);
#5646=CARTESIAN_POINT('',(-9.458591321884E0,-1.340826781187E-1,
2.469998423730E0));
#5647=LINE('',#5646,#5645);
#5648=DIRECTION('',(1.E0,-3.837807986359E-14,0.E0));
#5649=VECTOR('',#5648,3.24E-1);
#5650=CARTESIAN_POINT('',(-1.0153302E1,5.60628E-1,2.099287745611E0));
#5651=LINE('',#5650,#5649);
#5652=DIRECTION('',(-1.E0,-3.829241450675E-14,0.E0));
#5653=VECTOR('',#5652,3.24E-1);
#5654=CARTESIAN_POINT('',(-9.829302000002E0,2.36628E-1,2.099287745611E0));
#5655=LINE('',#5654,#5653);
#5656=DIRECTION('',(-1.E0,0.E0,0.E0));
#5657=VECTOR('',#5656,9.24E-1);
#5658=CARTESIAN_POINT('',(-9.529302000002E0,-1.63372E-1,2.499287745611E0));
#5659=LINE('',#5658,#5657);
#5660=DIRECTION('',(1.E0,0.E0,0.E0));
#5661=VECTOR('',#5660,9.24E-1);
#5662=CARTESIAN_POINT('',(-2.7550734E1,5.536628E0,2.499287745611E0));
#5663=LINE('',#5662,#5661);
#5664=DIRECTION('',(0.E0,0.E0,1.E0));
#5665=VECTOR('',#5664,6.473712254388E0);
#5666=CARTESIAN_POINT('',(-2.6526734E1,5.636628E0,2.499287745611E0));
#5667=LINE('',#5666,#5665);
#5668=CARTESIAN_POINT('',(-2.655602332188E1,5.565917321881E0,2.469998423730E0));
#5669=CARTESIAN_POINT('',(-2.653828867086E1,5.583651972900E0,2.487733074748E0));
#5670=CARTESIAN_POINT('',(-2.6526734E1,5.605910683382E0,2.499287745611E0));
#5671=CARTESIAN_POINT('',(-2.6526734E1,5.636628E0,2.499287745611E0));
#5673=CARTESIAN_POINT('',(-2.6626734E1,5.536628E0,2.499287745611E0));
#5674=CARTESIAN_POINT('',(-2.659601668338E1,5.536628E0,2.499287745611E0));
#5675=CARTESIAN_POINT('',(-2.657375797290E1,5.548182670863E0,2.487733074748E0));
#5676=CARTESIAN_POINT('',(-2.655602332188E1,5.565917321881E0,2.469998423730E0));
#5678=DIRECTION('',(0.E0,0.E0,-1.E0));
#5679=VECTOR('',#5678,6.473712254388E0);
#5680=CARTESIAN_POINT('',(-2.6626734E1,5.536628E0,8.972999999999E0));
#5681=LINE('',#5680,#5679);
#5682=DIRECTION('',(0.E0,1.E0,0.E0));
#5683=VECTOR('',#5682,9.24E-1);
#5684=CARTESIAN_POINT('',(-2.6526734E1,5.636628E0,2.499287745611E0));
#5685=LINE('',#5684,#5683);
#5686=DIRECTION('',(0.E0,0.E0,1.E0));
#5687=VECTOR('',#5686,6.473712254388E0);
#5688=CARTESIAN_POINT('',(-2.6626734E1,6.660628E0,2.499287745611E0));
#5689=LINE('',#5688,#5687);
#5690=CARTESIAN_POINT('',(-2.655602332188E1,6.631338678119E0,2.469998423730E0));
#5691=CARTESIAN_POINT('',(-2.657375797290E1,6.649073329137E0,2.487733074748E0));
#5692=CARTESIAN_POINT('',(-2.659601668338E1,6.660628E0,2.499287745611E0));
#5693=CARTESIAN_POINT('',(-2.6626734E1,6.660628E0,2.499287745611E0));
#5695=CARTESIAN_POINT('',(-2.6526734E1,6.560628E0,2.499287745611E0));
#5696=CARTESIAN_POINT('',(-2.6526734E1,6.591345316618E0,2.499287745611E0));
#5697=CARTESIAN_POINT('',(-2.653828867086E1,6.613604027100E0,2.487733074748E0));
#5698=CARTESIAN_POINT('',(-2.655602332188E1,6.631338678119E0,2.469998423730E0));
#5700=DIRECTION('',(0.E0,0.E0,-1.E0));
#5701=VECTOR('',#5700,6.473712254388E0);
#5702=CARTESIAN_POINT('',(-2.6526734E1,6.560628E0,8.972999999999E0));
#5703=LINE('',#5702,#5701);
#5704=DIRECTION('',(-1.E0,0.E0,0.E0));
#5705=VECTOR('',#5704,9.24E-1);
#5706=CARTESIAN_POINT('',(-2.6626734E1,6.660628E0,2.499287745611E0));
#5707=LINE('',#5706,#5705);
#5708=DIRECTION('',(0.E0,0.E0,1.E0));
#5709=VECTOR('',#5708,6.473712254388E0);
#5710=CARTESIAN_POINT('',(-2.7650734E1,6.560628E0,2.499287745611E0));
#5711=LINE('',#5710,#5709);
#5712=CARTESIAN_POINT('',(-2.762144467812E1,6.631338678119E0,2.469998423730E0));
#5713=CARTESIAN_POINT('',(-2.763917932914E1,6.613604027100E0,2.487733074748E0));
#5714=CARTESIAN_POINT('',(-2.7650734E1,6.591345316618E0,2.499287745611E0));
#5715=CARTESIAN_POINT('',(-2.7650734E1,6.560628E0,2.499287745611E0));
#5717=CARTESIAN_POINT('',(-2.7550734E1,6.660628E0,2.499287745611E0));
#5718=CARTESIAN_POINT('',(-2.758145131662E1,6.660628E0,2.499287745611E0));
#5719=CARTESIAN_POINT('',(-2.760371002710E1,6.649073329137E0,2.487733074748E0));
#5720=CARTESIAN_POINT('',(-2.762144467812E1,6.631338678119E0,2.469998423730E0));
#5722=DIRECTION('',(0.E0,0.E0,-1.E0));
#5723=VECTOR('',#5722,6.473712254388E0);
#5724=CARTESIAN_POINT('',(-2.7550734E1,6.660628E0,8.972999999999E0));
#5725=LINE('',#5724,#5723);
#5726=DIRECTION('',(0.E0,-1.E0,0.E0));
#5727=VECTOR('',#5726,9.24E-1);
#5728=CARTESIAN_POINT('',(-2.7650734E1,6.560628E0,2.499287745611E0));
#5729=LINE('',#5728,#5727);
#5730=DIRECTION('',(0.E0,0.E0,1.E0));
#5731=VECTOR('',#5730,6.473712254388E0);
#5732=CARTESIAN_POINT('',(-2.7550734E1,5.536628E0,2.499287745611E0));
#5733=LINE('',#5732,#5731);
#5734=CARTESIAN_POINT('',(-2.762144467812E1,5.565917321881E0,2.469998423730E0));
#5735=CARTESIAN_POINT('',(-2.760371002710E1,5.548182670863E0,2.487733074748E0));
#5736=CARTESIAN_POINT('',(-2.758145131662E1,5.536628E0,2.499287745611E0));
#5737=CARTESIAN_POINT('',(-2.7550734E1,5.536628E0,2.499287745611E0));
#5739=CARTESIAN_POINT('',(-2.7650734E1,5.636628E0,2.499287745611E0));
#5740=CARTESIAN_POINT('',(-2.7650734E1,5.605910683382E0,2.499287745611E0));
#5741=CARTESIAN_POINT('',(-2.763917932914E1,5.583651972900E0,2.487733074748E0));
#5742=CARTESIAN_POINT('',(-2.762144467812E1,5.565917321881E0,2.469998423730E0));
#5744=DIRECTION('',(0.E0,0.E0,-1.E0));
#5745=VECTOR('',#5744,6.473712254388E0);
#5746=CARTESIAN_POINT('',(-2.7650734E1,5.636628E0,8.972999999999E0));
#5747=LINE('',#5746,#5745);
#5748=DIRECTION('',(-5.773502691896E-1,5.773502691896E-1,-5.773502691896E-1));
#5749=VECTOR('',#5748,6.420897294098E-1);
#5750=CARTESIAN_POINT('',(-2.655602332188E1,5.565917321881E0,2.469998423730E0));
#5751=LINE('',#5750,#5749);
#5752=DIRECTION('',(5.773502691896E-1,5.773502691896E-1,5.773502691896E-1));
#5753=VECTOR('',#5752,6.420897294098E-1);
#5754=CARTESIAN_POINT('',(-2.6926734E1,6.260628E0,2.099287745611E0));
#5755=LINE('',#5754,#5753);
#5756=DIRECTION('',(5.773502691896E-1,-5.773502691896E-1,-5.773502691896E-1));
#5757=VECTOR('',#5756,6.420897294099E-1);
#5758=CARTESIAN_POINT('',(-2.762144467812E1,6.631338678119E0,2.469998423730E0));
#5759=LINE('',#5758,#5757);
#5760=DIRECTION('',(-5.773502691896E-1,-5.773502691896E-1,5.773502691896E-1));
#5761=VECTOR('',#5760,6.420897294099E-1);
#5762=CARTESIAN_POINT('',(-2.7250734E1,5.936628E0,2.099287745611E0));
#5763=LINE('',#5762,#5761);
#5764=DIRECTION('',(-5.482582837655E-14,1.E0,0.E0));
#5765=VECTOR('',#5764,3.24E-1);
#5766=CARTESIAN_POINT('',(-2.7250734E1,5.936628E0,2.099287745611E0));
#5767=LINE('',#5766,#5765);
#5768=DIRECTION('',(-1.E0,-1.918903993180E-14,0.E0));
#5769=VECTOR('',#5768,3.239999999999E-1);
#5770=CARTESIAN_POINT('',(-2.6926734E1,5.936628E0,2.099287745611E0));
#5771=LINE('',#5770,#5769);
#5772=DIRECTION('',(4.386066270124E-14,-1.E0,0.E0));
#5773=VECTOR('',#5772,3.24E-1);
#5774=CARTESIAN_POINT('',(-2.6926734E1,6.260628E0,2.099287745611E0));
#5775=LINE('',#5774,#5773);
#5776=DIRECTION('',(1.E0,3.289549702594E-14,0.E0));
#5777=VECTOR('',#5776,3.239999999999E-1);
#5778=CARTESIAN_POINT('',(-2.7250734E1,6.260628E0,2.099287745611E0));
#5779=LINE('',#5778,#5777);
#5780=CARTESIAN_POINT('',(-2.967866436053E1,4.712801539379E0,8.972999999999E0));
#5781=CARTESIAN_POINT('',(-2.967866436053E1,4.712801539379E0,
-1.975275536368E0));
#5782=VERTEX_POINT('',#5780);
#5783=VERTEX_POINT('',#5781);
#5784=CARTESIAN_POINT('',(-2.966656889439E1,4.700706073235E0,
-1.963285165183E0));
#5785=VERTEX_POINT('',#5784);
#5786=CARTESIAN_POINT('',(-2.833175886847E1,3.365896047314E0,
-1.963285165183E0));
#5787=VERTEX_POINT('',#5786);
#5788=CARTESIAN_POINT('',(-2.831966340232E1,3.353800581170E0,
-1.975275536368E0));
#5789=VERTEX_POINT('',#5788);
#5790=CARTESIAN_POINT('',(-2.831966340232E1,3.353800581170E0,8.972999999999E0));
#5791=VERTEX_POINT('',#5790);
#5792=CARTESIAN_POINT('',(-9.031393106104E0,9.565049356208E0,
-1.226746861680E0));
#5793=CARTESIAN_POINT('',(-9.187643106104E0,9.565049356208E0,
-1.164246861680E0));
#5794=VERTEX_POINT('',#5792);
#5795=VERTEX_POINT('',#5793);
#5796=CARTESIAN_POINT('',(-8.906393106104E0,9.565049356208E0,
-1.257996861680E0));
#5797=VERTEX_POINT('',#5796);
#5798=CARTESIAN_POINT('',(-8.687643106104E0,9.565049356208E0,
-1.257996861680E0));
#5799=VERTEX_POINT('',#5798);
#5800=CARTESIAN_POINT('',(-8.562643106104E0,9.565049356208E0,
-1.226746861680E0));
#5801=VERTEX_POINT('',#5800);
#5802=CARTESIAN_POINT('',(-8.406393106104E0,9.565049356208E0,
-1.164246861680E0));
#5803=VERTEX_POINT('',#5802);
#5804=CARTESIAN_POINT('',(-8.312643106104E0,9.565049356208E0,
-1.101746861680E0));
#5805=VERTEX_POINT('',#5804);
#5806=CARTESIAN_POINT('',(-8.218893106104E0,9.565049356208E0,
-1.007996861680E0));
#5807=VERTEX_POINT('',#5806);
#5808=CARTESIAN_POINT('',(-8.125143106104E0,9.565049356208E0,
-8.829968616799E-1));
#5809=VERTEX_POINT('',#5808);
#5810=CARTESIAN_POINT('',(-8.062643106104E0,9.565049356208E0,
-7.579968616799E-1));
#5811=VERTEX_POINT('',#5810);
#5812=CARTESIAN_POINT('',(-8.000143106104E0,9.565049356208E0,
-6.017468616799E-1));
#5813=VERTEX_POINT('',#5812);
#5814=CARTESIAN_POINT('',(-7.968893106104E0,9.565049356208E0,
-4.142468616799E-1));
#5815=VERTEX_POINT('',#5814);
#5816=CARTESIAN_POINT('',(-7.937643106104E0,9.565049356208E0,
-1.329968616799E-1));
#5817=VERTEX_POINT('',#5816);
#5818=CARTESIAN_POINT('',(-7.937643106104E0,9.565049356208E0,
1.170031383201E-1));
#5819=VERTEX_POINT('',#5818);
#5820=CARTESIAN_POINT('',(-7.968893106104E0,9.565049356208E0,
3.982531383200E-1));
#5821=VERTEX_POINT('',#5820);
#5822=CARTESIAN_POINT('',(-8.000143106104E0,9.565049356208E0,
5.857531383201E-1));
#5823=VERTEX_POINT('',#5822);
#5824=CARTESIAN_POINT('',(-8.062643106104E0,9.565049356208E0,
7.420031383201E-1));
#5825=VERTEX_POINT('',#5824);
#5826=CARTESIAN_POINT('',(-8.125143106104E0,9.565049356208E0,
8.670031383201E-1));
#5827=VERTEX_POINT('',#5826);
#5828=CARTESIAN_POINT('',(-8.218893106104E0,9.565049356208E0,
9.920031383201E-1));
#5829=VERTEX_POINT('',#5828);
#5830=CARTESIAN_POINT('',(-8.312643106104E0,9.565049356208E0,1.085753138320E0));
#5831=VERTEX_POINT('',#5830);
#5832=CARTESIAN_POINT('',(-8.406393106104E0,9.565049356208E0,1.148253138320E0));
#5833=VERTEX_POINT('',#5832);
#5834=CARTESIAN_POINT('',(-8.562643106104E0,9.565049356208E0,1.210753138320E0));
#5835=VERTEX_POINT('',#5834);
#5836=CARTESIAN_POINT('',(-8.687643106104E0,9.565049356208E0,1.242003138320E0));
#5837=VERTEX_POINT('',#5836);
#5838=CARTESIAN_POINT('',(-8.906393106104E0,9.565049356208E0,1.242003138320E0));
#5839=VERTEX_POINT('',#5838);
#5840=CARTESIAN_POINT('',(-9.031393106104E0,9.565049356208E0,1.210753138320E0));
#5841=VERTEX_POINT('',#5840);
#5842=CARTESIAN_POINT('',(-9.187643106104E0,9.565049356208E0,1.148253138320E0));
#5843=VERTEX_POINT('',#5842);
#5844=CARTESIAN_POINT('',(-9.281393106104E0,9.565049356208E0,1.085753138320E0));
#5845=VERTEX_POINT('',#5844);
#5846=CARTESIAN_POINT('',(-9.375143106104E0,9.565049356208E0,
9.920031383200E-1));
#5847=VERTEX_POINT('',#5846);
#5848=CARTESIAN_POINT('',(-9.468893106104E0,9.565049356208E0,
8.670031383200E-1));
#5849=VERTEX_POINT('',#5848);
#5850=CARTESIAN_POINT('',(-9.531393106104E0,9.565049356208E0,
7.420031383201E-1));
#5851=VERTEX_POINT('',#5850);
#5852=CARTESIAN_POINT('',(-9.593893106104E0,9.565049356208E0,
5.857531383201E-1));
#5853=VERTEX_POINT('',#5852);
#5854=CARTESIAN_POINT('',(-9.625143106104E0,9.565049356208E0,
3.982531383200E-1));
#5855=VERTEX_POINT('',#5854);
#5856=CARTESIAN_POINT('',(-9.656393106104E0,9.565049356208E0,
1.170031383201E-1));
#5857=VERTEX_POINT('',#5856);
#5858=CARTESIAN_POINT('',(-9.656393106104E0,9.565049356208E0,
-1.329968616799E-1));
#5859=VERTEX_POINT('',#5858);
#5860=CARTESIAN_POINT('',(-9.625143106104E0,9.565049356208E0,
-4.142468616799E-1));
#5861=VERTEX_POINT('',#5860);
#5862=CARTESIAN_POINT('',(-9.593893106104E0,9.565049356208E0,
-6.017468616800E-1));
#5863=VERTEX_POINT('',#5862);
#5864=CARTESIAN_POINT('',(-9.531393106104E0,9.565049356208E0,
-7.579968616799E-1));
#5865=VERTEX_POINT('',#5864);
#5866=CARTESIAN_POINT('',(-9.468893106104E0,9.565049356208E0,
-8.829968616799E-1));
#5867=VERTEX_POINT('',#5866);
#5868=CARTESIAN_POINT('',(-9.375143106104E0,9.565049356208E0,
-1.007996861680E0));
#5869=VERTEX_POINT('',#5868);
#5870=CARTESIAN_POINT('',(-9.281393106104E0,9.565049356208E0,
-1.101746861680E0));
#5871=VERTEX_POINT('',#5870);
#5872=CARTESIAN_POINT('',(-9.218893106104E0,9.565049356208E0,
6.795031383201E-1));
#5873=CARTESIAN_POINT('',(-9.281393106104E0,9.565049356208E0,
5.232531383201E-1));
#5874=VERTEX_POINT('',#5872);
#5875=VERTEX_POINT('',#5873);
#5876=CARTESIAN_POINT('',(-9.156393106104E0,9.565049356208E0,
7.732531383201E-1));
#5877=VERTEX_POINT('',#5876);
#5878=CARTESIAN_POINT('',(-9.031393106104E0,9.565049356208E0,
8.670031383201E-1));
#5879=VERTEX_POINT('',#5878);
#5880=CARTESIAN_POINT('',(-8.906393106104E0,9.565049356208E0,
9.295031383201E-1));
#5881=VERTEX_POINT('',#5880);
#5882=CARTESIAN_POINT('',(-8.687643106104E0,9.565049356208E0,
9.295031383201E-1));
#5883=VERTEX_POINT('',#5882);
#5884=CARTESIAN_POINT('',(-8.562643106104E0,9.565049356208E0,
8.670031383201E-1));
#5885=VERTEX_POINT('',#5884);
#5886=CARTESIAN_POINT('',(-8.437643106104E0,9.565049356208E0,
7.732531383201E-1));
#5887=VERTEX_POINT('',#5886);
#5888=CARTESIAN_POINT('',(-8.375143106104E0,9.565049356208E0,
6.795031383201E-1));
#5889=VERTEX_POINT('',#5888);
#5890=CARTESIAN_POINT('',(-8.312643106104E0,9.565049356208E0,
5.232531383200E-1));
#5891=VERTEX_POINT('',#5890);
#5892=CARTESIAN_POINT('',(-8.281393106104E0,9.565049356208E0,
1.795031383201E-1));
#5893=VERTEX_POINT('',#5892);
#5894=CARTESIAN_POINT('',(-8.281393106104E0,9.565049356208E0,
-1.954968616799E-1));
#5895=VERTEX_POINT('',#5894);
#5896=CARTESIAN_POINT('',(-8.312643106104E0,9.565049356208E0,
-5.392468616799E-1));
#5897=VERTEX_POINT('',#5896);
#5898=CARTESIAN_POINT('',(-8.375143106104E0,9.565049356208E0,
-6.954968616799E-1));
#5899=VERTEX_POINT('',#5898);
#5900=CARTESIAN_POINT('',(-8.437643106104E0,9.565049356208E0,
-7.892468616799E-1));
#5901=VERTEX_POINT('',#5900);
#5902=CARTESIAN_POINT('',(-8.562643106104E0,9.565049356208E0,
-8.829968616799E-1));
#5903=VERTEX_POINT('',#5902);
#5904=CARTESIAN_POINT('',(-8.687643106104E0,9.565049356208E0,
-9.454968616799E-1));
#5905=VERTEX_POINT('',#5904);
#5906=CARTESIAN_POINT('',(-8.906393106104E0,9.565049356208E0,
-9.454968616799E-1));
#5907=VERTEX_POINT('',#5906);
#5908=CARTESIAN_POINT('',(-9.031393106104E0,9.565049356208E0,
-8.829968616799E-1));
#5909=VERTEX_POINT('',#5908);
#5910=CARTESIAN_POINT('',(-9.156393106104E0,9.565049356208E0,
-7.892468616799E-1));
#5911=VERTEX_POINT('',#5910);
#5912=CARTESIAN_POINT('',(-9.218893106104E0,9.565049356208E0,
-6.954968616799E-1));
#5913=VERTEX_POINT('',#5912);
#5914=CARTESIAN_POINT('',(-9.281393106104E0,9.565049356208E0,
-5.392468616799E-1));
#5915=VERTEX_POINT('',#5914);
#5916=CARTESIAN_POINT('',(-9.312643106104E0,9.565049356208E0,
-1.954968616799E-1));
#5917=VERTEX_POINT('',#5916);
#5918=CARTESIAN_POINT('',(-9.312643106104E0,9.565049356208E0,
1.795031383200E-1));
#5919=VERTEX_POINT('',#5918);
#5920=CARTESIAN_POINT('',(-9.312643106104E0,9.575049356208E0,
-1.954968616799E-1));
#5921=VERTEX_POINT('',#5920);
#5922=CARTESIAN_POINT('',(-9.312643106104E0,9.575049356208E0,
1.795031383200E-1));
#5923=VERTEX_POINT('',#5922);
#5924=CARTESIAN_POINT('',(-8.906393106104E0,9.575049356208E0,
9.295031383201E-1));
#5925=VERTEX_POINT('',#5924);
#5926=CARTESIAN_POINT('',(-8.687643106104E0,9.575049356208E0,
9.295031383201E-1));
#5927=VERTEX_POINT('',#5926);
#5928=CARTESIAN_POINT('',(-2.7653302E1,8.60628E-1,2.499287745611E0));
#5929=CARTESIAN_POINT('',(-2.7653302E1,8.60628E-1,8.972999999999E0));
#5930=VERTEX_POINT('',#5928);
#5931=VERTEX_POINT('',#5929);
#5932=VERTEX_POINT('',#4544);
#5933=VERTEX_POINT('',#4549);
#5934=CARTESIAN_POINT('',(-2.7553302E1,9.60628E-1,8.972999999999E0));
#5935=VERTEX_POINT('',#5934);
#5936=CARTESIAN_POINT('',(-2.6926734E1,5.936628E0,1.6453E1));
#5937=CARTESIAN_POINT('',(-2.7250734E1,5.936628E0,1.6453E1));
#5938=VERTEX_POINT('',#5936);
#5939=VERTEX_POINT('',#5937);
#5940=CARTESIAN_POINT('',(-2.7250734E1,6.260628E0,1.6453E1));
#5941=VERTEX_POINT('',#5940);
#5942=CARTESIAN_POINT('',(-2.6926734E1,6.260628E0,1.6453E1));
#5943=VERTEX_POINT('',#5942);
#5944=CARTESIAN_POINT('',(-1.0453302E1,9.60628E-1,8.972999999999E0));
#5945=CARTESIAN_POINT('',(-1.0553302E1,8.60628E-1,8.972999999999E0));
#5946=VERTEX_POINT('',#5944);
#5947=VERTEX_POINT('',#5945);
#5948=CARTESIAN_POINT('',(-9.529302000002E0,9.60628E-1,8.972999999999E0));
#5949=VERTEX_POINT('',#5948);
#5950=CARTESIAN_POINT('',(-9.429302000002E0,8.60628E-1,8.972999999999E0));
#5951=VERTEX_POINT('',#5950);
#5952=CARTESIAN_POINT('',(-9.429302000002E0,-6.337199999999E-2,
8.972999999999E0));
#5953=VERTEX_POINT('',#5952);
#5954=CARTESIAN_POINT('',(-9.529302000002E0,-1.63372E-1,8.972999999999E0));
#5955=VERTEX_POINT('',#5954);
#5956=CARTESIAN_POINT('',(-1.0453302E1,-1.63372E-1,8.972999999999E0));
#5957=VERTEX_POINT('',#5956);
#5958=CARTESIAN_POINT('',(-1.0553302E1,-6.337199999998E-2,8.972999999999E0));
#5959=VERTEX_POINT('',#5958);
#5960=CARTESIAN_POINT('',(-1.257866436053E1,2.764575418830E0,8.972999999999E0));
#5961=CARTESIAN_POINT('',(-7.398803639469E0,2.764575418830E0,8.972999999999E0));
#5962=VERTEX_POINT('',#5960);
#5963=VERTEX_POINT('',#5961);
#5964=CARTESIAN_POINT('',(-1.257866436053E1,-2.346199418830E0,
8.972999999999E0));
#5965=VERTEX_POINT('',#5964);
#5966=CARTESIAN_POINT('',(-8.821946107269E0,-2.346199418830E0,
8.972999999999E0));
#5967=VERTEX_POINT('',#5966);
#5968=CARTESIAN_POINT('',(-7.398803639469E0,-9.230569510301E-1,
8.972999999999E0));
#5969=VERTEX_POINT('',#5968);
#5970=VERTEX_POINT('',#2766);
#5971=VERTEX_POINT('',#2769);
#5972=CARTESIAN_POINT('',(-3.2626734E1,6.260628E0,1.6453E1));
#5973=VERTEX_POINT('',#5972);
#5974=CARTESIAN_POINT('',(-3.2950734E1,6.260628E0,1.6453E1));
#5975=VERTEX_POINT('',#5974);
#5976=CARTESIAN_POINT('',(-3.332144467812E1,6.631338678119E0,1.608228932188E1));
#5977=VERTEX_POINT('',#5976);
#5978=VERTEX_POINT('',#2783);
#5979=CARTESIAN_POINT('',(-3.2326734E1,5.536628E0,1.6053E1));
#5980=CARTESIAN_POINT('',(-3.2326734E1,5.536628E0,1.2673E1));
#5981=VERTEX_POINT('',#5979);
#5982=VERTEX_POINT('',#5980);
#5983=CARTESIAN_POINT('',(-3.3250734E1,5.536628E0,1.2673E1));
#5984=VERTEX_POINT('',#5983);
#5985=CARTESIAN_POINT('',(-3.3250734E1,5.536628E0,1.6053E1));
#5986=VERTEX_POINT('',#5985);
#5987=CARTESIAN_POINT('',(-3.2626734E1,5.936628E0,2.099287745611E0));
#5988=CARTESIAN_POINT('',(-3.2950734E1,5.936628E0,2.099287745611E0));
#5989=VERTEX_POINT('',#5987);
#5990=VERTEX_POINT('',#5988);
#5991=CARTESIAN_POINT('',(-3.2626734E1,6.260628E0,2.099287745611E0));
#5992=VERTEX_POINT('',#5991);
#5993=CARTESIAN_POINT('',(-3.2950734E1,6.260628E0,2.099287745611E0));
#5994=VERTEX_POINT('',#5993);
#5995=VERTEX_POINT('',#4336);
#5996=VERTEX_POINT('',#4339);
#5997=CARTESIAN_POINT('',(-3.3350734E1,5.636628E0,2.499287745611E0));
#5998=VERTEX_POINT('',#5997);
#5999=VERTEX_POINT('',#4366);
#6000=CARTESIAN_POINT('',(-2.579534023426E1,-2.496999418830E0,-2.127E0));
#6001=CARTESIAN_POINT('',(-2.585780363947E1,-2.346199418830E0,-1.9762E0));
#6002=VERTEX_POINT('',#6000);
#6003=VERTEX_POINT('',#6001);
#6004=CARTESIAN_POINT('',(-2.434800363947E1,-1.049662824036E0,-2.127E0));
#6005=VERTEX_POINT('',#6004);
#6006=CARTESIAN_POINT('',(-2.449880363947E1,-9.871994188301E-1,-1.9762E0));
#6007=VERTEX_POINT('',#6006);
#6008=CARTESIAN_POINT('',(-8.218893106104E0,9.575049356208E0,
9.920031383201E-1));
#6009=VERTEX_POINT('',#6008);
#6010=CARTESIAN_POINT('',(-8.312643106104E0,9.575049356208E0,1.085753138320E0));
#6011=VERTEX_POINT('',#6010);
#6012=CARTESIAN_POINT('',(-1.257866436053E1,2.764575418830E0,
-1.975275536368E0));
#6013=VERTEX_POINT('',#6012);
#6014=CARTESIAN_POINT('',(-7.398803639469E0,2.764575418830E0,
-1.975275536368E0));
#6015=VERTEX_POINT('',#6014);
#6016=CARTESIAN_POINT('',(-3.553171868092E1,8.617629739219E0,-2.127E0));
#6017=CARTESIAN_POINT('',(-3.537866436053E1,8.464575418830E0,
-1.975275536368E0));
#6018=VERTEX_POINT('',#6016);
#6019=VERTEX_POINT('',#6017);
#6020=CARTESIAN_POINT('',(-3.019880363947E1,8.464575418830E0,
-1.975275536368E0));
#6021=VERTEX_POINT('',#6020);
#6022=CARTESIAN_POINT('',(-3.004574931908E1,8.617629739219E0,-2.127E0));
#6023=VERTEX_POINT('',#6022);
#6024=VERTEX_POINT('',#5717);
#6025=VERTEX_POINT('',#5720);
#6026=CARTESIAN_POINT('',(-2.7250734E1,6.260628E0,2.099287745611E0));
#6027=VERTEX_POINT('',#6026);
#6028=CARTESIAN_POINT('',(-2.6926734E1,6.260628E0,2.099287745611E0));
#6029=VERTEX_POINT('',#6028);
#6030=CARTESIAN_POINT('',(-2.655602332188E1,6.631338678119E0,2.469998423730E0));
#6031=VERTEX_POINT('',#6030);
#6032=VERTEX_POINT('',#5693);
#6033=CARTESIAN_POINT('',(-9.281393106104E0,9.575049356208E0,
-5.392468616799E-1));
#6034=VERTEX_POINT('',#6033);
#6035=CARTESIAN_POINT('',(-3.2953302E1,5.60628E-1,1.6453E1));
#6036=CARTESIAN_POINT('',(-3.2629302E1,5.60628E-1,1.6453E1));
#6037=VERTEX_POINT('',#6035);
#6038=VERTEX_POINT('',#6036);
#6039=CARTESIAN_POINT('',(-3.2629302E1,2.36628E-1,1.6453E1));
#6040=VERTEX_POINT('',#6039);
#6041=CARTESIAN_POINT('',(-3.2953302E1,2.36628E-1,1.6453E1));
#6042=VERTEX_POINT('',#6041);
#6043=CARTESIAN_POINT('',(-1.879880363947E1,3.353800581170E0,
-1.975275536368E0));
#6044=CARTESIAN_POINT('',(-1.879880363947E1,3.353800581170E0,8.972999999999E0));
#6045=VERTEX_POINT('',#6043);
#6046=VERTEX_POINT('',#6044);
#6047=CARTESIAN_POINT('',(-2.261966340232E1,3.353800581170E0,8.972999999999E0));
#6048=VERTEX_POINT('',#6047);
#6049=CARTESIAN_POINT('',(-2.261966340232E1,3.353800581170E0,
-1.975275536368E0));
#6050=VERTEX_POINT('',#6049);
#6051=CARTESIAN_POINT('',(-9.281393106104E0,9.575049356208E0,1.085753138320E0));
#6052=VERTEX_POINT('',#6051);
#6053=CARTESIAN_POINT('',(-9.375143106104E0,9.575049356208E0,
9.920031383201E-1));
#6054=VERTEX_POINT('',#6053);
#6055=VERTEX_POINT('',#2102);
#6056=VERTEX_POINT('',#2105);
#6057=CARTESIAN_POINT('',(-1.5529302E1,5.60628E-1,1.6453E1));
#6058=VERTEX_POINT('',#6057);
#6059=CARTESIAN_POINT('',(-1.5853302E1,5.60628E-1,1.6453E1));
#6060=VERTEX_POINT('',#6059);
#6061=CARTESIAN_POINT('',(-1.622401267812E1,9.313386781187E-1,
1.608228932188E1));
#6062=VERTEX_POINT('',#6061);
#6063=VERTEX_POINT('',#2119);
#6064=VERTEX_POINT('',#5715);
#6065=CARTESIAN_POINT('',(-2.7650734E1,5.636628E0,2.499287745611E0));
#6066=VERTEX_POINT('',#6065);
#6067=VERTEX_POINT('',#5742);
#6068=CARTESIAN_POINT('',(-2.7250734E1,5.936628E0,2.099287745611E0));
#6069=VERTEX_POINT('',#6068);
#6070=CARTESIAN_POINT('',(-3.3350734E1,5.636628E0,8.972999999999E0));
#6071=VERTEX_POINT('',#6070);
#6072=CARTESIAN_POINT('',(-3.3350734E1,6.560628E0,8.972999999999E0));
#6073=VERTEX_POINT('',#6072);
#6074=CARTESIAN_POINT('',(-2.1850734E1,6.660628E0,1.6053E1));
#6075=CARTESIAN_POINT('',(-2.1850734E1,6.660628E0,1.2673E1));
#6076=VERTEX_POINT('',#6074);
#6077=VERTEX_POINT('',#6075);
#6078=VERTEX_POINT('',#2546);
#6079=VERTEX_POINT('',#2499);
#6080=CARTESIAN_POINT('',(-2.1950734E1,6.560628E0,1.2673E1));
#6081=VERTEX_POINT('',#6080);
#6082=CARTESIAN_POINT('',(-7.398803639469E0,-9.230569510301E-1,
-1.975275536368E0));
#6083=VERTEX_POINT('',#6082);
#6084=CARTESIAN_POINT('',(-2.0829302E1,8.60628E-1,8.972999999999E0));
#6085=CARTESIAN_POINT('',(-2.0929302E1,9.60628E-1,8.972999999999E0));
#6086=VERTEX_POINT('',#6084);
#6087=VERTEX_POINT('',#6085);
#6088=CARTESIAN_POINT('',(-2.0829302E1,-6.337199999999E-2,8.972999999999E0));
#6089=VERTEX_POINT('',#6088);
#6090=CARTESIAN_POINT('',(-2.0929302E1,-1.63372E-1,8.972999999999E0));
#6091=VERTEX_POINT('',#6090);
#6092=CARTESIAN_POINT('',(-2.1853302E1,-1.63372E-1,8.972999999999E0));
#6093=VERTEX_POINT('',#6092);
#6094=CARTESIAN_POINT('',(-2.1953302E1,-6.337200000001E-2,8.972999999999E0));
#6095=VERTEX_POINT('',#6094);
#6096=CARTESIAN_POINT('',(-2.1953302E1,8.60628E-1,8.972999999999E0));
#6097=VERTEX_POINT('',#6096);
#6098=CARTESIAN_POINT('',(-2.1853302E1,9.60628E-1,8.972999999999E0));
#6099=VERTEX_POINT('',#6098);
#6100=CARTESIAN_POINT('',(-2.015780363947E1,-2.346199418830E0,
8.972999999999E0));
#6101=CARTESIAN_POINT('',(-2.397866436053E1,-2.346199418830E0,
8.972999999999E0));
#6102=VERTEX_POINT('',#6100);
#6103=VERTEX_POINT('',#6101);
#6104=CARTESIAN_POINT('',(-1.879880363947E1,-9.871994188301E-1,
8.972999999999E0));
#6105=VERTEX_POINT('',#6104);
#6106=CARTESIAN_POINT('',(-1.879880363947E1,2.764575418830E0,8.972999999999E0));
#6107=VERTEX_POINT('',#6106);
#6108=CARTESIAN_POINT('',(-2.397866436053E1,2.764575418830E0,8.972999999999E0));
#6109=VERTEX_POINT('',#6108);
#6110=VERTEX_POINT('',#1812);
#6111=VERTEX_POINT('',#1815);
#6112=CARTESIAN_POINT('',(-3.225859132188E1,9.313386781187E-1,
1.608228932188E1));
#6113=VERTEX_POINT('',#6112);
#6114=VERTEX_POINT('',#1825);
#6115=CARTESIAN_POINT('',(-9.625143106104E0,9.575049356208E0,
-4.142468616799E-1));
#6116=VERTEX_POINT('',#6115);
#6117=CARTESIAN_POINT('',(-9.593893106104E0,9.575049356208E0,
-6.017468616799E-1));
#6118=VERTEX_POINT('',#6117);
#6119=CARTESIAN_POINT('',(-2.1226734E1,5.936628E0,2.099287745611E0));
#6120=CARTESIAN_POINT('',(-2.1550734E1,5.936628E0,2.099287745611E0));
#6121=VERTEX_POINT('',#6119);
#6122=VERTEX_POINT('',#6120);
#6123=CARTESIAN_POINT('',(-2.1226734E1,6.260628E0,2.099287745611E0));
#6124=VERTEX_POINT('',#6123);
#6125=CARTESIAN_POINT('',(-2.1550734E1,6.260628E0,2.099287745611E0));
#6126=VERTEX_POINT('',#6125);
#6127=CARTESIAN_POINT('',(-2.397866436053E1,4.712801539379E0,8.972999999999E0));
#6128=CARTESIAN_POINT('',(-2.397866436053E1,4.712801539379E0,
-1.975275536368E0));
#6129=VERTEX_POINT('',#6127);
#6130=VERTEX_POINT('',#6128);
#6131=CARTESIAN_POINT('',(-2.397866436053E1,8.464575418830E0,8.972999999999E0));
#6132=VERTEX_POINT('',#6131);
#6133=CARTESIAN_POINT('',(-2.397866436053E1,8.464575418830E0,
-1.975275536368E0));
#6134=VERTEX_POINT('',#6133);
#6135=VERTEX_POINT('',#2389);
#6136=VERTEX_POINT('',#2392);
#6137=VERTEX_POINT('',#2455);
#6138=CARTESIAN_POINT('',(-1.6150734E1,5.536628E0,1.2673E1));
#6139=VERTEX_POINT('',#6138);
#6140=CARTESIAN_POINT('',(-1.6250734E1,5.636628E0,1.2673E1));
#6141=VERTEX_POINT('',#6140);
#6142=CARTESIAN_POINT('',(-3.2329302E1,9.60628E-1,2.499287745611E0));
#6143=CARTESIAN_POINT('',(-3.2329302E1,9.60628E-1,8.972999999999E0));
#6144=VERTEX_POINT('',#6142);
#6145=VERTEX_POINT('',#6143);
#6146=VERTEX_POINT('',#5098);
#6147=VERTEX_POINT('',#5103);
#6148=CARTESIAN_POINT('',(-3.2229302E1,8.60628E-1,8.972999999999E0));
#6149=VERTEX_POINT('',#6148);
#6150=VERTEX_POINT('',#4297);
#6151=VERTEX_POINT('',#4300);
#6152=VERTEX_POINT('',#4361);
#6153=CARTESIAN_POINT('',(-2.7653302E1,-6.337199999999E-2,1.2673E1));
#6154=CARTESIAN_POINT('',(-2.7653302E1,8.60628E-1,1.2673E1));
#6155=VERTEX_POINT('',#6153);
#6156=VERTEX_POINT('',#6154);
#6157=CARTESIAN_POINT('',(-2.7653302E1,8.60628E-1,1.6053E1));
#6158=VERTEX_POINT('',#6157);
#6159=CARTESIAN_POINT('',(-2.7653302E1,-6.337199999999E-2,1.6053E1));
#6160=VERTEX_POINT('',#6159);
#6161=CARTESIAN_POINT('',(-2.6529302E1,8.60628E-1,1.2673E1));
#6162=CARTESIAN_POINT('',(-2.6529302E1,-6.337199999999E-2,1.2673E1));
#6163=VERTEX_POINT('',#6161);
#6164=VERTEX_POINT('',#6162);
#6165=CARTESIAN_POINT('',(-2.6529302E1,-6.337199999999E-2,1.6053E1));
#6166=VERTEX_POINT('',#6165);
#6167=CARTESIAN_POINT('',(-2.6529302E1,8.60628E-1,1.6053E1));
#6168=VERTEX_POINT('',#6167);
#6169=CARTESIAN_POINT('',(-9.468893106104E0,9.575049356208E0,
8.670031383201E-1));
#6170=VERTEX_POINT('',#6169);
#6171=VERTEX_POINT('',#3564);
#6172=VERTEX_POINT('',#3567);
#6173=CARTESIAN_POINT('',(-2.1950734E1,5.636628E0,2.499287745611E0));
#6174=VERTEX_POINT('',#6173);
#6175=VERTEX_POINT('',#3594);
#6176=CARTESIAN_POINT('',(-8.375143106104E0,9.575049356208E0,
6.795031383201E-1));
#6177=CARTESIAN_POINT('',(-8.312643106104E0,9.575049356208E0,
5.232531383201E-1));
#6178=VERTEX_POINT('',#6176);
#6179=VERTEX_POINT('',#6177);
#6180=CARTESIAN_POINT('',(-8.437643106104E0,9.575049356208E0,
7.732531383201E-1));
#6181=VERTEX_POINT('',#6180);
#6182=CARTESIAN_POINT('',(-8.562643106104E0,9.575049356208E0,
8.670031383201E-1));
#6183=VERTEX_POINT('',#6182);
#6184=CARTESIAN_POINT('',(-9.031393106104E0,9.575049356208E0,
8.670031383201E-1));
#6185=VERTEX_POINT('',#6184);
#6186=CARTESIAN_POINT('',(-9.156393106104E0,9.575049356208E0,
7.732531383200E-1));
#6187=VERTEX_POINT('',#6186);
#6188=CARTESIAN_POINT('',(-9.218893106104E0,9.575049356208E0,
6.795031383201E-1));
#6189=VERTEX_POINT('',#6188);
#6190=CARTESIAN_POINT('',(-9.281393106104E0,9.575049356208E0,
5.232531383201E-1));
#6191=VERTEX_POINT('',#6190);
#6192=CARTESIAN_POINT('',(-9.218893106104E0,9.575049356208E0,
-6.954968616799E-1));
#6193=VERTEX_POINT('',#6192);
#6194=CARTESIAN_POINT('',(-9.156393106104E0,9.575049356208E0,
-7.892468616799E-1));
#6195=VERTEX_POINT('',#6194);
#6196=CARTESIAN_POINT('',(-9.031393106104E0,9.575049356208E0,
-8.829968616799E-1));
#6197=VERTEX_POINT('',#6196);
#6198=CARTESIAN_POINT('',(-8.906393106104E0,9.575049356208E0,
-9.454968616799E-1));
#6199=VERTEX_POINT('',#6198);
#6200=CARTESIAN_POINT('',(-8.687643106104E0,9.575049356208E0,
-9.454968616799E-1));
#6201=VERTEX_POINT('',#6200);
#6202=CARTESIAN_POINT('',(-8.562643106104E0,9.575049356208E0,
-8.829968616799E-1));
#6203=VERTEX_POINT('',#6202);
#6204=CARTESIAN_POINT('',(-8.437643106104E0,9.575049356208E0,
-7.892468616799E-1));
#6205=VERTEX_POINT('',#6204);
#6206=CARTESIAN_POINT('',(-8.375143106104E0,9.575049356208E0,
-6.954968616799E-1));
#6207=VERTEX_POINT('',#6206);
#6208=CARTESIAN_POINT('',(-8.312643106104E0,9.575049356208E0,
-5.392468616799E-1));
#6209=VERTEX_POINT('',#6208);
#6210=CARTESIAN_POINT('',(-8.281393106104E0,9.575049356208E0,
-1.954968616799E-1));
#6211=VERTEX_POINT('',#6210);
#6212=CARTESIAN_POINT('',(-8.281393106104E0,9.575049356208E0,
1.795031383201E-1));
#6213=VERTEX_POINT('',#6212);
#6214=CARTESIAN_POINT('',(-2.0238734E1,1.111504929540E1,4.747857142864E-1));
#6215=CARTESIAN_POINT('',(-2.2538734E1,1.111504929540E1,4.747857142864E-1));
#6216=VERTEX_POINT('',#6214);
#6217=VERTEX_POINT('',#6215);
#6218=CARTESIAN_POINT('',(-2.0238734E1,1.111504929540E1,1.075048878554E0));
#6219=VERTEX_POINT('',#6218);
#6220=CARTESIAN_POINT('',(-2.2538734E1,1.111504929540E1,1.075048878554E0));
#6221=VERTEX_POINT('',#6220);
#6222=VERTEX_POINT('',#2242);
#6223=VERTEX_POINT('',#2207);
#6224=CARTESIAN_POINT('',(-2.6629302E1,9.60628E-1,1.2673E1));
#6225=VERTEX_POINT('',#6224);
#6226=VERTEX_POINT('',#2226);
#6227=CARTESIAN_POINT('',(-2.6929302E1,2.36628E-1,1.6453E1));
#6228=VERTEX_POINT('',#6227);
#6229=CARTESIAN_POINT('',(-2.6929302E1,5.60628E-1,1.6453E1));
#6230=VERTEX_POINT('',#6229);
#6231=CARTESIAN_POINT('',(-2.0926734E1,5.536628E0,8.972999999999E0));
#6232=CARTESIAN_POINT('',(-2.0926734E1,5.536628E0,2.499287745611E0));
#6233=VERTEX_POINT('',#6231);
#6234=VERTEX_POINT('',#6232);
#6235=CARTESIAN_POINT('',(-2.1850734E1,5.536628E0,2.499287745611E0));
#6236=VERTEX_POINT('',#6235);
#6237=CARTESIAN_POINT('',(-2.1850734E1,5.536628E0,8.972999999999E0));
#6238=VERTEX_POINT('',#6237);
#6239=CARTESIAN_POINT('',(-1.106264310610E1,9.575049356208E0,
-8.204968616799E-1));
#6240=CARTESIAN_POINT('',(-1.106264310610E1,9.565049356208E0,
-8.204968616799E-1));
#6241=VERTEX_POINT('',#6239);
#6242=VERTEX_POINT('',#6240);
#6243=CARTESIAN_POINT('',(-1.100014310610E1,9.575049356208E0,
-8.204968616799E-1));
#6244=VERTEX_POINT('',#6243);
#6245=CARTESIAN_POINT('',(-1.100014310610E1,9.565049356208E0,
-8.204968616799E-1));
#6246=VERTEX_POINT('',#6245);
#6247=CARTESIAN_POINT('',(-2.397889750216E1,-2.345968302922E0,
-1.975737768184E0));
#6248=CARTESIAN_POINT('',(-2.397866436053E1,2.764575418830E0,
-1.975275536368E0));
#6249=VERTEX_POINT('',#6247);
#6250=VERTEX_POINT('',#6248);
#6251=CARTESIAN_POINT('',(-2.413171868092E1,2.917629739219E0,-2.127E0));
#6252=VERTEX_POINT('',#6251);
#6253=CARTESIAN_POINT('',(-2.413171868092E1,-2.496999418830E0,-2.127E0));
#6254=VERTEX_POINT('',#6253);
#6255=VERTEX_POINT('',#2509);
#6256=VERTEX_POINT('',#2512);
#6257=VERTEX_POINT('',#2575);
#6258=CARTESIAN_POINT('',(-2.1850734E1,5.536628E0,1.2673E1));
#6259=VERTEX_POINT('',#6258);
#6260=CARTESIAN_POINT('',(-2.1950734E1,5.636628E0,1.2673E1));
#6261=VERTEX_POINT('',#6260);
#6262=VERTEX_POINT('',#2087);
#6263=CARTESIAN_POINT('',(-1.6253302E1,8.60628E-1,1.2673E1));
#6264=VERTEX_POINT('',#6263);
#6265=CARTESIAN_POINT('',(-1.6153302E1,9.60628E-1,1.2673E1));
#6266=VERTEX_POINT('',#6265);
#6267=CARTESIAN_POINT('',(-9.531393106104E0,9.575049356208E0,
7.420031383199E-1));
#6268=VERTEX_POINT('',#6267);
#6269=CARTESIAN_POINT('',(-9.625143106104E0,9.575049356208E0,
3.982531383203E-1));
#6270=VERTEX_POINT('',#6269);
#6271=CARTESIAN_POINT('',(-9.656393106104E0,9.575049356208E0,
1.170031383201E-1));
#6272=VERTEX_POINT('',#6271);
#6273=CARTESIAN_POINT('',(-8.406393106104E0,9.575049356208E0,1.148253138320E0));
#6274=VERTEX_POINT('',#6273);
#6275=CARTESIAN_POINT('',(-3.3250734E1,6.660628E0,8.972999999999E0));
#6276=CARTESIAN_POINT('',(-3.3250734E1,6.660628E0,2.499287745611E0));
#6277=VERTEX_POINT('',#6275);
#6278=VERTEX_POINT('',#6276);
#6279=CARTESIAN_POINT('',(-3.2326734E1,6.660628E0,2.499287745611E0));
#6280=VERTEX_POINT('',#6279);
#6281=CARTESIAN_POINT('',(-3.2326734E1,6.660628E0,8.972999999999E0));
#6282=VERTEX_POINT('',#6281);
#6283=VERTEX_POINT('',#2599);
#6284=VERTEX_POINT('',#2602);
#6285=VERTEX_POINT('',#2529);
#6286=CARTESIAN_POINT('',(-2.0926734E1,6.660628E0,1.2673E1));
#6287=VERTEX_POINT('',#6286);
#6288=CARTESIAN_POINT('',(-2.0826734E1,6.560628E0,1.2673E1));
#6289=VERTEX_POINT('',#6288);
#6290=VERTEX_POINT('',#2749);
#6291=VERTEX_POINT('',#2752);
#6292=CARTESIAN_POINT('',(-3.3350734E1,5.636628E0,1.2673E1));
#6293=VERTEX_POINT('',#6292);
#6294=CARTESIAN_POINT('',(-3.596373394554E1,-1.647139109561E0,2.532996E0));
#6295=CARTESIAN_POINT('',(-3.596373394554E1,1.852860890439E0,2.532996E0));
#6296=VERTEX_POINT('',#6294);
#6297=VERTEX_POINT('',#6295);
#6298=CARTESIAN_POINT('',(-3.596373394554E1,1.852860890439E0,
-9.670040000001E-1));
#6299=VERTEX_POINT('',#6298);
#6300=CARTESIAN_POINT('',(-3.596373394554E1,-1.647139109561E0,
-9.670040000001E-1));
#6301=VERTEX_POINT('',#6300);
#6302=CARTESIAN_POINT('',(-3.596373394554E1,9.065049356208E0,-2.127E0));
#6303=CARTESIAN_POINT('',(-3.596373394554E1,-2.419327575333E0,-2.127E0));
#6304=VERTEX_POINT('',#6302);
#6305=VERTEX_POINT('',#6303);
#6306=CARTESIAN_POINT('',(-2.6626734E1,6.660628E0,8.972999999999E0));
#6307=VERTEX_POINT('',#6306);
#6308=VERTEX_POINT('',#5695);
#6309=CARTESIAN_POINT('',(-2.6526734E1,6.560628E0,8.972999999999E0));
#6310=VERTEX_POINT('',#6309);
#6311=VERTEX_POINT('',#2692);
#6312=VERTEX_POINT('',#2695);
#6313=CARTESIAN_POINT('',(-2.655602332188E1,5.565917321881E0,1.608228932188E1));
#6314=VERTEX_POINT('',#6313);
#6315=VERTEX_POINT('',#2701);
#6316=VERTEX_POINT('',#2376);
#6317=VERTEX_POINT('',#2379);
#6318=CARTESIAN_POINT('',(-1.5850734E1,6.260628E0,1.6453E1));
#6319=VERTEX_POINT('',#6318);
#6320=CARTESIAN_POINT('',(-1.5850734E1,5.936628E0,1.6453E1));
#6321=VERTEX_POINT('',#6320);
#6322=CARTESIAN_POINT('',(-2.6526734E1,5.636628E0,8.972999999999E0));
#6323=VERTEX_POINT('',#6322);
#6324=CARTESIAN_POINT('',(-2.6526734E1,5.636628E0,2.499287745611E0));
#6325=VERTEX_POINT('',#6324);
#6326=CARTESIAN_POINT('',(-1.6150734E1,6.660628E0,1.6053E1));
#6327=CARTESIAN_POINT('',(-1.6150734E1,6.660628E0,1.2673E1));
#6328=VERTEX_POINT('',#6326);
#6329=VERTEX_POINT('',#6327);
#6330=CARTESIAN_POINT('',(-1.6250734E1,6.560628E0,1.2673E1));
#6331=VERTEX_POINT('',#6330);
#6332=CARTESIAN_POINT('',(-3.3253302E1,9.60628E-1,8.972999999999E0));
#6333=CARTESIAN_POINT('',(-3.3253302E1,9.60628E-1,2.499287745611E0));
#6334=VERTEX_POINT('',#6332);
#6335=VERTEX_POINT('',#6333);
#6336=CARTESIAN_POINT('',(-3.3250734E1,6.660628E0,1.2673E1));
#6337=VERTEX_POINT('',#6336);
#6338=CARTESIAN_POINT('',(-3.2326734E1,6.660628E0,1.2673E1));
#6339=VERTEX_POINT('',#6338);
#6340=CARTESIAN_POINT('',(-9.593893106104E0,9.575049356208E0,
5.857531383201E-1));
#6341=VERTEX_POINT('',#6340);
#6342=CARTESIAN_POINT('',(-2.7253302E1,5.60628E-1,1.6453E1));
#6343=VERTEX_POINT('',#6342);
#6344=CARTESIAN_POINT('',(-2.7253302E1,2.36628E-1,1.6453E1));
#6345=VERTEX_POINT('',#6344);
#6346=CARTESIAN_POINT('',(-2.967889750216E1,-2.345968302922E0,
-1.975737768184E0));
#6347=VERTEX_POINT('',#6346);
#6348=CARTESIAN_POINT('',(-2.585780363947E1,-2.346199418830E0,
8.972999999999E0));
#6349=VERTEX_POINT('',#6348);
#6350=CARTESIAN_POINT('',(-2.967866436053E1,-2.346199418830E0,
8.972999999999E0));
#6351=VERTEX_POINT('',#6350);
#6352=CARTESIAN_POINT('',(-8.562643106104E0,9.575049356208E0,1.210753138320E0));
#6353=VERTEX_POINT('',#6352);
#6354=CARTESIAN_POINT('',(-1.257889750216E1,3.354031697078E0,
-1.975737768184E0));
#6355=CARTESIAN_POINT('',(-1.273171868092E1,3.203000581170E0,-2.127E0));
#6356=VERTEX_POINT('',#6354);
#6357=VERTEX_POINT('',#6355);
#6358=CARTESIAN_POINT('',(-1.257866436053E1,8.464575418830E0,
-1.975275536368E0));
#6359=VERTEX_POINT('',#6358);
#6360=CARTESIAN_POINT('',(-1.273171868092E1,8.617629739219E0,-2.127E0));
#6361=VERTEX_POINT('',#6360);
#6362=CARTESIAN_POINT('',(-2.1850734E1,6.660628E0,8.972999999999E0));
#6363=CARTESIAN_POINT('',(-2.1850734E1,6.660628E0,2.499287745611E0));
#6364=VERTEX_POINT('',#6362);
#6365=VERTEX_POINT('',#6363);
#6366=CARTESIAN_POINT('',(-2.0926734E1,6.660628E0,2.499287745611E0));
#6367=VERTEX_POINT('',#6366);
#6368=CARTESIAN_POINT('',(-2.0926734E1,6.660628E0,8.972999999999E0));
#6369=VERTEX_POINT('',#6368);
#6370=CARTESIAN_POINT('',(-2.0929302E1,-1.63372E-1,1.2673E1));
#6371=CARTESIAN_POINT('',(-2.1853302E1,-1.63372E-1,1.2673E1));
#6372=VERTEX_POINT('',#6370);
#6373=VERTEX_POINT('',#6371);
#6374=CARTESIAN_POINT('',(-2.1853302E1,-1.63372E-1,1.6053E1));
#6375=VERTEX_POINT('',#6374);
#6376=CARTESIAN_POINT('',(-2.0929302E1,-1.63372E-1,1.6053E1));
#6377=VERTEX_POINT('',#6376);
#6378=CARTESIAN_POINT('',(-2.015780363947E1,-2.346199418830E0,-1.9762E0));
#6379=VERTEX_POINT('',#6378);
#6380=CARTESIAN_POINT('',(-2.009534023426E1,-2.496999418830E0,-2.127E0));
#6381=VERTEX_POINT('',#6380);
#6382=CARTESIAN_POINT('',(-2.263175886847E1,3.365896047314E0,
-1.963285165183E0));
#6383=VERTEX_POINT('',#6382);
#6384=CARTESIAN_POINT('',(-2.270016614987E1,3.200746260781E0,-2.127E0));
#6385=VERTEX_POINT('',#6384);
#6386=CARTESIAN_POINT('',(-1.864574931908E1,3.200746260781E0,-2.127E0));
#6387=VERTEX_POINT('',#6386);
#6388=CARTESIAN_POINT('',(-3.3250734E1,5.536628E0,8.972999999999E0));
#6389=VERTEX_POINT('',#6388);
#6390=CARTESIAN_POINT('',(-3.2226734E1,6.560628E0,8.972999999999E0));
#6391=VERTEX_POINT('',#6390);
#6392=CARTESIAN_POINT('',(-3.2226734E1,5.636628E0,8.972999999999E0));
#6393=VERTEX_POINT('',#6392);
#6394=CARTESIAN_POINT('',(-3.2326734E1,5.536628E0,8.972999999999E0));
#6395=VERTEX_POINT('',#6394);
#6396=CARTESIAN_POINT('',(-3.019880363947E1,3.353800581170E0,8.972999999999E0));
#6397=CARTESIAN_POINT('',(-3.401966340232E1,3.353800581170E0,8.972999999999E0));
#6398=VERTEX_POINT('',#6396);
#6399=VERTEX_POINT('',#6397);
#6400=CARTESIAN_POINT('',(-3.019880363947E1,8.464575418830E0,8.972999999999E0));
#6401=VERTEX_POINT('',#6400);
#6402=CARTESIAN_POINT('',(-3.537866436053E1,8.464575418830E0,8.972999999999E0));
#6403=VERTEX_POINT('',#6402);
#6404=CARTESIAN_POINT('',(-3.537866436053E1,4.712801539379E0,8.972999999999E0));
#6405=VERTEX_POINT('',#6404);
#6406=CARTESIAN_POINT('',(-1.046889310610E1,9.575049356208E0,
-5.704968616799E-1));
#6407=CARTESIAN_POINT('',(-1.046889310610E1,9.565049356208E0,
-5.704968616799E-1));
#6408=VERTEX_POINT('',#6406);
#6409=VERTEX_POINT('',#6407);
#6410=CARTESIAN_POINT('',(-1.106264310610E1,9.575049356208E0,
-5.704968616799E-1));
#6411=VERTEX_POINT('',#6410);
#6412=CARTESIAN_POINT('',(-1.106264310610E1,9.565049356208E0,
-5.704968616799E-1));
#6413=VERTEX_POINT('',#6412);
#6414=CARTESIAN_POINT('',(-1.257866436053E1,8.464575418830E0,8.972999999999E0));
#6415=VERTEX_POINT('',#6414);
#6416=CARTESIAN_POINT('',(-7.398803639469E0,8.464575418830E0,8.972999999999E0));
#6417=VERTEX_POINT('',#6416);
#6418=CARTESIAN_POINT('',(-7.399034755377E0,8.464808560457E0,
-1.975737768184E0));
#6419=VERTEX_POINT('',#6418);
#6420=VERTEX_POINT('',#5076);
#6421=VERTEX_POINT('',#5079);
#6422=CARTESIAN_POINT('',(-3.2629302E1,5.60628E-1,2.099287745611E0));
#6423=VERTEX_POINT('',#6422);
#6424=CARTESIAN_POINT('',(-3.2629302E1,2.36628E-1,2.099287745611E0));
#6425=VERTEX_POINT('',#6424);
#6426=CARTESIAN_POINT('',(-3.019880363947E1,3.353800581170E0,
-1.975275536368E0));
#6427=VERTEX_POINT('',#6426);
#6428=CARTESIAN_POINT('',(-3.401966340232E1,3.353800581170E0,
-1.975275536368E0));
#6429=VERTEX_POINT('',#6428);
#6430=CARTESIAN_POINT('',(-1.257866436053E1,3.353800581170E0,8.972999999999E0));
#6431=VERTEX_POINT('',#6430);
#6432=VERTEX_POINT('',#5673);
#6433=VERTEX_POINT('',#5676);
#6434=CARTESIAN_POINT('',(-2.6926734E1,5.936628E0,2.099287745611E0));
#6435=VERTEX_POINT('',#6434);
#6436=VERTEX_POINT('',#5737);
#6437=CARTESIAN_POINT('',(-9.526734000001E0,5.536628E0,8.972999999999E0));
#6438=CARTESIAN_POINT('',(-9.426734000001E0,5.636628E0,8.972999999999E0));
#6439=VERTEX_POINT('',#6437);
#6440=VERTEX_POINT('',#6438);
#6441=CARTESIAN_POINT('',(-1.0450734E1,5.536628E0,8.972999999999E0));
#6442=VERTEX_POINT('',#6441);
#6443=CARTESIAN_POINT('',(-1.0550734E1,5.636628E0,8.972999999999E0));
#6444=VERTEX_POINT('',#6443);
#6445=CARTESIAN_POINT('',(-1.0550734E1,6.560628E0,8.972999999999E0));
#6446=VERTEX_POINT('',#6445);
#6447=CARTESIAN_POINT('',(-1.0450734E1,6.660628E0,8.972999999999E0));
#6448=VERTEX_POINT('',#6447);
#6449=CARTESIAN_POINT('',(-9.526734000001E0,6.660628E0,8.972999999999E0));
#6450=VERTEX_POINT('',#6449);
#6451=CARTESIAN_POINT('',(-9.426734000001E0,6.560628E0,8.972999999999E0));
#6452=VERTEX_POINT('',#6451);
#6453=CARTESIAN_POINT('',(-8.757803639469E0,3.353800581170E0,8.972999999999E0));
#6454=VERTEX_POINT('',#6453);
#6455=CARTESIAN_POINT('',(-7.398803639469E0,4.712800581170E0,8.972999999999E0));
#6456=VERTEX_POINT('',#6455);
#6457=CARTESIAN_POINT('',(-9.031393106104E0,9.575049356208E0,1.210753138320E0));
#6458=VERTEX_POINT('',#6457);
#6459=CARTESIAN_POINT('',(-9.187643106104E0,9.575049356208E0,1.148253138320E0));
#6460=VERTEX_POINT('',#6459);
#6461=CARTESIAN_POINT('',(-2.0929302E1,-1.63372E-1,2.499287745611E0));
#6462=VERTEX_POINT('',#6461);
#6463=CARTESIAN_POINT('',(-2.1853302E1,-1.63372E-1,2.499287745611E0));
#6464=VERTEX_POINT('',#6463);
#6465=CARTESIAN_POINT('',(-1.827866436053E1,4.712801539379E0,8.972999999999E0));
#6466=CARTESIAN_POINT('',(-1.827866436053E1,4.712801539379E0,
-1.975275536368E0));
#6467=VERTEX_POINT('',#6465);
#6468=VERTEX_POINT('',#6466);
#6469=CARTESIAN_POINT('',(-1.826656889439E1,4.700706073235E0,
-1.963285165183E0));
#6470=VERTEX_POINT('',#6469);
#6471=CARTESIAN_POINT('',(-1.693175886847E1,3.365896047314E0,
-1.963285165183E0));
#6472=VERTEX_POINT('',#6471);
#6473=CARTESIAN_POINT('',(-1.691966340232E1,3.353800581170E0,
-1.975275536368E0));
#6474=VERTEX_POINT('',#6473);
#6475=CARTESIAN_POINT('',(-1.691966340232E1,3.353800581170E0,8.972999999999E0));
#6476=VERTEX_POINT('',#6475);
#6477=CARTESIAN_POINT('',(-6.813733741440E0,-2.419327575333E0,-2.127E0));
#6478=CARTESIAN_POINT('',(-6.813733741440E0,9.065049356208E0,-2.127E0));
#6479=VERTEX_POINT('',#6477);
#6480=VERTEX_POINT('',#6478);
#6481=CARTESIAN_POINT('',(-8.687643106104E0,9.575049356208E0,1.242003138320E0));
#6482=VERTEX_POINT('',#6481);
#6483=CARTESIAN_POINT('',(-8.906393106104E0,9.575049356208E0,1.242003138320E0));
#6484=VERTEX_POINT('',#6483);
#6485=CARTESIAN_POINT('',(-3.3353302E1,-6.337199999999E-2,8.972999999999E0));
#6486=CARTESIAN_POINT('',(-3.3353302E1,-6.337199999999E-2,2.499287745611E0));
#6487=VERTEX_POINT('',#6485);
#6488=VERTEX_POINT('',#6486);
#6489=CARTESIAN_POINT('',(-3.3353302E1,8.60628E-1,2.499287745611E0));
#6490=VERTEX_POINT('',#6489);
#6491=CARTESIAN_POINT('',(-3.3353302E1,8.60628E-1,8.972999999999E0));
#6492=VERTEX_POINT('',#6491);
#6493=CARTESIAN_POINT('',(-3.2626734E1,5.936628E0,1.6453E1));
#6494=CARTESIAN_POINT('',(-3.2950734E1,5.936628E0,1.6453E1));
#6495=VERTEX_POINT('',#6493);
#6496=VERTEX_POINT('',#6494);
#6497=VERTEX_POINT('',#2839);
#6498=CARTESIAN_POINT('',(-3.2226734E1,6.560628E0,1.2673E1));
#6499=VERTEX_POINT('',#6498);
#6500=CARTESIAN_POINT('',(-3.597339194554E1,1.681202875755E-2,
2.892116738941E-2));
#6501=CARTESIAN_POINT('',(-3.596339194554E1,1.681202875755E-2,
2.892116738941E-2));
#6502=VERTEX_POINT('',#6500);
#6503=VERTEX_POINT('',#6501);
#6504=CARTESIAN_POINT('',(-3.597339194554E1,-6.956879712424E-1,
2.892116738941E-2));
#6505=VERTEX_POINT('',#6504);
#6506=CARTESIAN_POINT('',(-3.596339194554E1,-6.956879712425E-1,
2.892116738941E-2));
#6507=VERTEX_POINT('',#6506);
#6508=CARTESIAN_POINT('',(-3.225602332188E1,6.631338678119E0,2.469998423730E0));
#6509=VERTEX_POINT('',#6508);
#6510=VERTEX_POINT('',#2079);
#6511=VERTEX_POINT('',#2082);
#6512=VERTEX_POINT('',#2055);
#6513=CARTESIAN_POINT('',(-1.5129302E1,-6.337199999999E-2,1.2673E1));
#6514=VERTEX_POINT('',#6513);
#6515=CARTESIAN_POINT('',(-1.5229302E1,-1.63372E-1,1.2673E1));
#6516=VERTEX_POINT('',#6515);
#6517=CARTESIAN_POINT('',(-2.2538734E1,9.565049333405E0,-2.126999974482E0));
#6518=VERTEX_POINT('',#6517);
#6519=CARTESIAN_POINT('',(-2.0238734E1,9.565049333405E0,-2.126999974482E0));
#6520=VERTEX_POINT('',#6519);
#6521=CARTESIAN_POINT('',(-1.015639310610E1,9.575049356208E0,
-1.257996861680E0));
#6522=CARTESIAN_POINT('',(-1.015639310610E1,9.565049356208E0,
-1.257996861680E0));
#6523=VERTEX_POINT('',#6521);
#6524=VERTEX_POINT('',#6522);
#6525=CARTESIAN_POINT('',(-1.015639310610E1,9.575049356208E0,1.242003138320E0));
#6526=VERTEX_POINT('',#6525);
#6527=CARTESIAN_POINT('',(-1.015639310610E1,9.565049356208E0,1.242003138320E0));
#6528=VERTEX_POINT('',#6527);
#6529=CARTESIAN_POINT('',(-2.434574931908E1,3.200746260781E0,-2.127E0));
#6530=CARTESIAN_POINT('',(-2.840016614987E1,3.200746260781E0,-2.127E0));
#6531=VERTEX_POINT('',#6529);
#6532=VERTEX_POINT('',#6530);
#6533=CARTESIAN_POINT('',(-2.983171868092E1,4.632298791830E0,-2.127E0));
#6534=VERTEX_POINT('',#6533);
#6535=CARTESIAN_POINT('',(-2.983171868092E1,8.617629739219E0,-2.127E0));
#6536=VERTEX_POINT('',#6535);
#6537=CARTESIAN_POINT('',(-2.434574931908E1,8.617629739219E0,-2.127E0));
#6538=VERTEX_POINT('',#6537);
#6539=CARTESIAN_POINT('',(-2.413171868092E1,4.632298791830E0,-2.127E0));
#6540=VERTEX_POINT('',#6539);
#6541=CARTESIAN_POINT('',(-2.413171868092E1,8.617629739219E0,-2.127E0));
#6542=VERTEX_POINT('',#6541);
#6543=CARTESIAN_POINT('',(-1.864574931908E1,8.617629739219E0,-2.127E0));
#6544=VERTEX_POINT('',#6543);
#6545=CARTESIAN_POINT('',(-1.294574931908E1,3.200746260781E0,-2.127E0));
#6546=CARTESIAN_POINT('',(-1.700016614987E1,3.200746260781E0,-2.127E0));
#6547=VERTEX_POINT('',#6545);
#6548=VERTEX_POINT('',#6546);
#6549=CARTESIAN_POINT('',(-1.843171868092E1,4.632298791830E0,-2.127E0));
#6550=VERTEX_POINT('',#6549);
#6551=CARTESIAN_POINT('',(-1.843171868092E1,8.617629739219E0,-2.127E0));
#6552=VERTEX_POINT('',#6551);
#6553=CARTESIAN_POINT('',(-1.294574931908E1,8.617629739219E0,-2.127E0));
#6554=VERTEX_POINT('',#6553);
#6555=CARTESIAN_POINT('',(-8.695340234263E0,3.203000581170E0,-2.127E0));
#6556=VERTEX_POINT('',#6555);
#6557=CARTESIAN_POINT('',(-7.248003639469E0,8.617629739219E0,-2.127E0));
#6558=VERTEX_POINT('',#6557);
#6559=CARTESIAN_POINT('',(-7.248003639469E0,4.650337175964E0,-2.127E0));
#6560=VERTEX_POINT('',#6559);
#6561=CARTESIAN_POINT('',(-3.004574931908E1,3.200746260781E0,-2.127E0));
#6562=CARTESIAN_POINT('',(-3.410016614987E1,3.200746260781E0,-2.127E0));
#6563=VERTEX_POINT('',#6561);
#6564=VERTEX_POINT('',#6562);
#6565=CARTESIAN_POINT('',(-3.553171868092E1,4.632298791830E0,-2.127E0));
#6566=VERTEX_POINT('',#6565);
#6567=CARTESIAN_POINT('',(-2.983171868092E1,-2.496999418830E0,-2.127E0));
#6568=CARTESIAN_POINT('',(-2.983171868092E1,2.917629739219E0,-2.127E0));
#6569=VERTEX_POINT('',#6567);
#6570=VERTEX_POINT('',#6568);
#6571=CARTESIAN_POINT('',(-2.434800363947E1,2.917629739219E0,-2.127E0));
#6572=VERTEX_POINT('',#6571);
#6573=CARTESIAN_POINT('',(-1.294800363947E1,-2.496999418830E0,-2.127E0));
#6574=CARTESIAN_POINT('',(-1.700173625423E1,-2.496999418830E0,-2.127E0));
#6575=VERTEX_POINT('',#6573);
#6576=VERTEX_POINT('',#6574);
#6577=CARTESIAN_POINT('',(-1.843171868092E1,-1.067016992144E0,-2.127E0));
#6578=VERTEX_POINT('',#6577);
#6579=CARTESIAN_POINT('',(-1.843171868092E1,2.917629739219E0,-2.127E0));
#6580=VERTEX_POINT('',#6579);
#6581=CARTESIAN_POINT('',(-1.294800363947E1,2.917629739219E0,-2.127E0));
#6582=VERTEX_POINT('',#6581);
#6583=CARTESIAN_POINT('',(-3.553171868092E1,-2.499253739219E0,-2.127E0));
#6584=CARTESIAN_POINT('',(-3.553171868092E1,2.917629739219E0,-2.127E0));
#6585=VERTEX_POINT('',#6583);
#6586=VERTEX_POINT('',#6584);
#6587=CARTESIAN_POINT('',(-3.004574931908E1,2.917629739219E0,-2.127E0));
#6588=VERTEX_POINT('',#6587);
#6589=CARTESIAN_POINT('',(-3.004574931908E1,-2.499253739219E0,-2.127E0));
#6590=VERTEX_POINT('',#6589);
#6591=CARTESIAN_POINT('',(-1.864800363947E1,2.917629739219E0,-2.127E0));
#6592=VERTEX_POINT('',#6591);
#6593=CARTESIAN_POINT('',(-1.864800363947E1,-1.049662824036E0,-2.127E0));
#6594=VERTEX_POINT('',#6593);
#6595=CARTESIAN_POINT('',(-1.273171868092E1,2.917629739219E0,-2.127E0));
#6596=CARTESIAN_POINT('',(-7.245749319080E0,2.917629739219E0,-2.127E0));
#6597=VERTEX_POINT('',#6595);
#6598=VERTEX_POINT('',#6596);
#6599=CARTESIAN_POINT('',(-7.245749319080E0,-1.052875482552E0,-2.127E0));
#6600=VERTEX_POINT('',#6599);
#6601=CARTESIAN_POINT('',(-8.692127575746E0,-2.499253739219E0,-2.127E0));
#6602=VERTEX_POINT('',#6601);
#6603=CARTESIAN_POINT('',(-1.273171868092E1,-2.499253739219E0,-2.127E0));
#6604=VERTEX_POINT('',#6603);
#6605=CARTESIAN_POINT('',(-7.313733741440E0,9.565049356208E0,-2.127E0));
#6606=VERTEX_POINT('',#6605);
#6607=CARTESIAN_POINT('',(-3.546373394554E1,9.565049356208E0,-2.127E0));
#6608=VERTEX_POINT('',#6607);
#6609=CARTESIAN_POINT('',(-3.546373394554E1,-2.919327575333E0,-2.127E0));
#6610=VERTEX_POINT('',#6609);
#6611=CARTESIAN_POINT('',(-7.313733741440E0,-2.919327575333E0,-2.127E0));
#6612=VERTEX_POINT('',#6611);
#6613=VERTEX_POINT('',#4295);
#6614=CARTESIAN_POINT('',(-7.398803639469E0,4.712800581170E0,-1.9762E0));
#6615=VERTEX_POINT('',#6614);
#6616=CARTESIAN_POINT('',(-8.757803639469E0,3.353800581170E0,-1.9762E0));
#6617=VERTEX_POINT('',#6616);
#6618=CARTESIAN_POINT('',(-1.5126734E1,5.636628E0,1.2673E1));
#6619=CARTESIAN_POINT('',(-1.5126734E1,5.636628E0,1.6053E1));
#6620=VERTEX_POINT('',#6618);
#6621=VERTEX_POINT('',#6619);
#6622=CARTESIAN_POINT('',(-1.5126734E1,6.560628E0,1.6053E1));
#6623=VERTEX_POINT('',#6622);
#6624=CARTESIAN_POINT('',(-1.5126734E1,6.560628E0,1.2673E1));
#6625=VERTEX_POINT('',#6624);
#6626=CARTESIAN_POINT('',(-2.449903475538E1,2.764808560457E0,
-1.975737768184E0));
#6627=VERTEX_POINT('',#6626);
#6628=CARTESIAN_POINT('',(-2.449880363947E1,2.764575418830E0,8.972999999999E0));
#6629=VERTEX_POINT('',#6628);
#6630=CARTESIAN_POINT('',(-2.449880363947E1,-9.871994188301E-1,
8.972999999999E0));
#6631=VERTEX_POINT('',#6630);
#6632=CARTESIAN_POINT('',(-2.085602332188E1,6.631338678119E0,2.469998423730E0));
#6633=VERTEX_POINT('',#6632);
#6634=CARTESIAN_POINT('',(-3.597339194554E1,9.181202875755E-2,
-7.960788326106E-1));
#6635=CARTESIAN_POINT('',(-3.596339194554E1,9.181202875755E-2,
-7.960788326106E-1));
#6636=VERTEX_POINT('',#6634);
#6637=VERTEX_POINT('',#6635);
#6638=CARTESIAN_POINT('',(-3.597339194554E1,3.918120287575E-1,
-7.960788326106E-1));
#6639=VERTEX_POINT('',#6638);
#6640=CARTESIAN_POINT('',(-3.596339194554E1,3.918120287575E-1,
-7.960788326106E-1));
#6641=VERTEX_POINT('',#6640);
#6642=CARTESIAN_POINT('',(-3.597339194554E1,-5.818797124245E-2,
-5.335788326106E-1));
#6643=CARTESIAN_POINT('',(-3.596339194554E1,-5.818797124245E-2,
-5.335788326106E-1));
#6644=VERTEX_POINT('',#6642);
#6645=VERTEX_POINT('',#6643);
#6646=CARTESIAN_POINT('',(-3.597339194554E1,5.431202875755E-2,
-6.835788326106E-1));
#6647=VERTEX_POINT('',#6646);
#6648=CARTESIAN_POINT('',(-3.596339194554E1,5.431202875755E-2,
-6.835788326106E-1));
#6649=VERTEX_POINT('',#6648);
#6650=CARTESIAN_POINT('',(-2.967866436053E1,8.464575418830E0,
-1.975275536368E0));
#6651=VERTEX_POINT('',#6650);
#6652=CARTESIAN_POINT('',(-1.5529302E1,2.36628E-1,1.6453E1));
#6653=VERTEX_POINT('',#6652);
#6654=CARTESIAN_POINT('',(-1.5853302E1,2.36628E-1,1.6453E1));
#6655=VERTEX_POINT('',#6654);
#6656=CARTESIAN_POINT('',(-2.0826734E1,5.636628E0,8.972999999999E0));
#6657=CARTESIAN_POINT('',(-2.0826734E1,6.560628E0,8.972999999999E0));
#6658=VERTEX_POINT('',#6656);
#6659=VERTEX_POINT('',#6657);
#6660=CARTESIAN_POINT('',(-2.0826734E1,6.560628E0,2.499287745611E0));
#6661=VERTEX_POINT('',#6660);
#6662=CARTESIAN_POINT('',(-2.0826734E1,5.636628E0,2.499287745611E0));
#6663=VERTEX_POINT('',#6662);
#6664=CARTESIAN_POINT('',(-2.1550734E1,5.936628E0,1.6453E1));
#6665=VERTEX_POINT('',#6664);
#6666=CARTESIAN_POINT('',(-2.1226734E1,5.936628E0,1.6453E1));
#6667=VERTEX_POINT('',#6666);
#6668=CARTESIAN_POINT('',(-2.085602332188E1,5.565917321881E0,1.608228932188E1));
#6669=VERTEX_POINT('',#6668);
#6670=VERTEX_POINT('',#2581);
#6671=CARTESIAN_POINT('',(-2.7550734E1,6.660628E0,1.6053E1));
#6672=CARTESIAN_POINT('',(-2.7550734E1,6.660628E0,1.2673E1));
#6673=VERTEX_POINT('',#6671);
#6674=VERTEX_POINT('',#6672);
#6675=VERTEX_POINT('',#2666);
#6676=VERTEX_POINT('',#2619);
#6677=CARTESIAN_POINT('',(-2.7650734E1,6.560628E0,1.2673E1));
#6678=VERTEX_POINT('',#6677);
#6679=CARTESIAN_POINT('',(-1.084389310610E1,9.575049356208E0,
-8.517468616799E-1));
#6680=VERTEX_POINT('',#6679);
#6681=CARTESIAN_POINT('',(-1.084389310610E1,9.565049356208E0,
-8.517468616799E-1));
#6682=VERTEX_POINT('',#6681);
#6683=CARTESIAN_POINT('',(-3.403175886847E1,3.365896047314E0,
-1.963285165183E0));
#6684=VERTEX_POINT('',#6683);
#6685=CARTESIAN_POINT('',(-7.445770630880E0,-9.700239424411E-1,
-1.928716631255E0));
#6686=VERTEX_POINT('',#6685);
#6687=CARTESIAN_POINT('',(-8.774979115858E0,-2.299232427419E0,
-1.928716631255E0));
#6688=VERTEX_POINT('',#6687);
#6689=CARTESIAN_POINT('',(-8.821946107269E0,-2.346199418830E0,
-1.975275536368E0));
#6690=VERTEX_POINT('',#6689);
#6691=VERTEX_POINT('',#2070);
#6692=VERTEX_POINT('',#2073);
#6693=VERTEX_POINT('',#2739);
#6694=CARTESIAN_POINT('',(-2.0238734E1,9.565049356208E0,1.075048878554E0));
#6695=VERTEX_POINT('',#6694);
#6696=CARTESIAN_POINT('',(-2.6629302E1,9.60628E-1,2.499287745611E0));
#6697=VERTEX_POINT('',#6696);
#6698=CARTESIAN_POINT('',(-2.6629302E1,9.60628E-1,8.972999999999E0));
#6699=VERTEX_POINT('',#6698);
#6700=CARTESIAN_POINT('',(-2.7553302E1,-1.63372E-1,2.499287745611E0));
#6701=CARTESIAN_POINT('',(-2.7553302E1,-1.63372E-1,8.972999999999E0));
#6702=VERTEX_POINT('',#6700);
#6703=VERTEX_POINT('',#6701);
#6704=VERTEX_POINT('',#4566);
#6705=VERTEX_POINT('',#4571);
#6706=CARTESIAN_POINT('',(-2.7653302E1,-6.337199999999E-2,8.972999999999E0));
#6707=VERTEX_POINT('',#6706);
#6708=CARTESIAN_POINT('',(-2.967866436053E1,8.464575418830E0,8.972999999999E0));
#6709=VERTEX_POINT('',#6708);
#6710=CARTESIAN_POINT('',(-2.449880363947E1,8.464575418830E0,8.972999999999E0));
#6711=VERTEX_POINT('',#6710);
#6712=CARTESIAN_POINT('',(-2.449880363947E1,8.464575418830E0,
-1.975275536368E0));
#6713=VERTEX_POINT('',#6712);
#6714=CARTESIAN_POINT('',(-2.1853302E1,9.60628E-1,2.499287745611E0));
#6715=VERTEX_POINT('',#6714);
#6716=CARTESIAN_POINT('',(-2.0929302E1,9.60628E-1,2.499287745611E0));
#6717=VERTEX_POINT('',#6716);
#6718=CARTESIAN_POINT('',(-2.1950734E1,5.636628E0,8.972999999999E0));
#6719=VERTEX_POINT('',#6718);
#6720=CARTESIAN_POINT('',(-2.6529302E1,8.60628E-1,8.972999999999E0));
#6721=VERTEX_POINT('',#6720);
#6722=CARTESIAN_POINT('',(-2.6529302E1,-6.337199999999E-2,8.972999999999E0));
#6723=VERTEX_POINT('',#6722);
#6724=CARTESIAN_POINT('',(-2.6629302E1,-1.63372E-1,8.972999999999E0));
#6725=VERTEX_POINT('',#6724);
#6726=CARTESIAN_POINT('',(-2.967866436053E1,2.764575418830E0,8.972999999999E0));
#6727=VERTEX_POINT('',#6726);
#6728=VERTEX_POINT('',#2482);
#6729=VERTEX_POINT('',#2409);
#6730=CARTESIAN_POINT('',(-1.5226734E1,6.660628E0,1.2673E1));
#6731=VERTEX_POINT('',#6730);
#6732=CARTESIAN_POINT('',(-1.046889310610E1,9.565049356208E0,1.242003138320E0));
#6733=VERTEX_POINT('',#6732);
#6734=CARTESIAN_POINT('',(-1.075014310610E1,9.565049356208E0,
-8.829968616799E-1));
#6735=VERTEX_POINT('',#6734);
#6736=CARTESIAN_POINT('',(-1.062514310610E1,9.565049356208E0,
-9.454968616800E-1));
#6737=VERTEX_POINT('',#6736);
#6738=CARTESIAN_POINT('',(-1.053139310610E1,9.565049356208E0,
-1.039246861680E0));
#6739=VERTEX_POINT('',#6738);
#6740=CARTESIAN_POINT('',(-1.043764310610E1,9.565049356208E0,
-1.164246861680E0));
#6741=VERTEX_POINT('',#6740);
#6742=CARTESIAN_POINT('',(-1.040639310610E1,9.565049356208E0,
-1.257996861680E0));
#6743=VERTEX_POINT('',#6742);
#6744=CARTESIAN_POINT('',(-8.125143106104E0,9.575049356208E0,
8.670031383201E-1));
#6745=VERTEX_POINT('',#6744);
#6746=CARTESIAN_POINT('',(-2.1226734E1,6.260628E0,1.6453E1));
#6747=VERTEX_POINT('',#6746);
#6748=CARTESIAN_POINT('',(-2.1550734E1,6.260628E0,1.6453E1));
#6749=VERTEX_POINT('',#6748);
#6750=CARTESIAN_POINT('',(-2.2538734E1,9.565049356208E0,1.075048878554E0));
#6751=VERTEX_POINT('',#6750);
#6752=CARTESIAN_POINT('',(-2.7253302E1,5.60628E-1,2.099287745611E0));
#6753=CARTESIAN_POINT('',(-2.6929302E1,5.60628E-1,2.099287745611E0));
#6754=VERTEX_POINT('',#6752);
#6755=VERTEX_POINT('',#6753);
#6756=CARTESIAN_POINT('',(-2.7253302E1,2.36628E-1,2.099287745611E0));
#6757=VERTEX_POINT('',#6756);
#6758=CARTESIAN_POINT('',(-2.6929302E1,2.36628E-1,2.099287745611E0));
#6759=VERTEX_POINT('',#6758);
#6760=CARTESIAN_POINT('',(-3.536656889439E1,4.700706073235E0,
-1.963285165183E0));
#6761=VERTEX_POINT('',#6760);
#6762=CARTESIAN_POINT('',(-3.537866436053E1,4.712801539379E0,
-1.975275536368E0));
#6763=VERTEX_POINT('',#6762);
#6764=CARTESIAN_POINT('',(-1.0553302E1,-6.337199999998E-2,2.499287745611E0));
#6765=VERTEX_POINT('',#6764);
#6766=CARTESIAN_POINT('',(-1.0553302E1,8.60628E-1,2.499287745611E0));
#6767=VERTEX_POINT('',#6766);
#6768=CARTESIAN_POINT('',(-1.257866436053E1,-2.346199418830E0,
-1.975275536368E0));
#6769=VERTEX_POINT('',#6768);
#6770=VERTEX_POINT('',#4319);
#6771=CARTESIAN_POINT('',(-8.062643106104E0,9.575049356208E0,
7.420031383201E-1));
#6772=VERTEX_POINT('',#6771);
#6773=CARTESIAN_POINT('',(-7.726404479450E0,9.565049356208E0,
-1.776999999999E0));
#6774=CARTESIAN_POINT('',(-7.726404479450E0,9.565049356208E0,1.723000000001E0));
#6775=VERTEX_POINT('',#6773);
#6776=VERTEX_POINT('',#6774);
#6777=CARTESIAN_POINT('',(-1.122640447945E1,9.565049356208E0,
-1.776999999999E0));
#6778=VERTEX_POINT('',#6777);
#6779=CARTESIAN_POINT('',(-1.122640447945E1,9.565049356208E0,1.723000000001E0));
#6780=VERTEX_POINT('',#6779);
#6781=CARTESIAN_POINT('',(-2.6526734E1,5.636628E0,1.2673E1));
#6782=CARTESIAN_POINT('',(-2.6526734E1,5.636628E0,1.6053E1));
#6783=VERTEX_POINT('',#6781);
#6784=VERTEX_POINT('',#6782);
#6785=CARTESIAN_POINT('',(-2.6526734E1,6.560628E0,1.6053E1));
#6786=VERTEX_POINT('',#6785);
#6787=CARTESIAN_POINT('',(-2.6526734E1,6.560628E0,1.2673E1));
#6788=VERTEX_POINT('',#6787);
#6789=CARTESIAN_POINT('',(-1.6250734E1,5.636628E0,8.972999999999E0));
#6790=CARTESIAN_POINT('',(-1.6150734E1,5.536628E0,8.972999999999E0));
#6791=VERTEX_POINT('',#6789);
#6792=VERTEX_POINT('',#6790);
#6793=CARTESIAN_POINT('',(-1.6250734E1,6.560628E0,8.972999999999E0));
#6794=VERTEX_POINT('',#6793);
#6795=CARTESIAN_POINT('',(-1.6150734E1,6.660628E0,8.972999999999E0));
#6796=VERTEX_POINT('',#6795);
#6797=CARTESIAN_POINT('',(-1.5226734E1,6.660628E0,8.972999999999E0));
#6798=VERTEX_POINT('',#6797);
#6799=CARTESIAN_POINT('',(-1.5126734E1,6.560628E0,8.972999999999E0));
#6800=VERTEX_POINT('',#6799);
#6801=CARTESIAN_POINT('',(-1.5126734E1,5.636628E0,8.972999999999E0));
#6802=VERTEX_POINT('',#6801);
#6803=CARTESIAN_POINT('',(-1.5226734E1,5.536628E0,8.972999999999E0));
#6804=VERTEX_POINT('',#6803);
#6805=CARTESIAN_POINT('',(-1.309880363947E1,3.353800581170E0,8.972999999999E0));
#6806=VERTEX_POINT('',#6805);
#6807=CARTESIAN_POINT('',(-1.309880363947E1,8.464575418830E0,8.972999999999E0));
#6808=VERTEX_POINT('',#6807);
#6809=CARTESIAN_POINT('',(-1.827866436053E1,8.464575418830E0,8.972999999999E0));
#6810=VERTEX_POINT('',#6809);
#6811=CARTESIAN_POINT('',(-1.879880363947E1,8.464575418830E0,
-1.975275536368E0));
#6812=VERTEX_POINT('',#6811);
#6813=CARTESIAN_POINT('',(-1.879880363947E1,8.464575418830E0,8.972999999999E0));
#6814=VERTEX_POINT('',#6813);
#6815=CARTESIAN_POINT('',(-1.879903475538E1,2.764808560457E0,
-1.975737768184E0));
#6816=VERTEX_POINT('',#6815);
#6817=CARTESIAN_POINT('',(-1.879880363947E1,-9.871994188301E-1,-1.9762E0));
#6818=VERTEX_POINT('',#6817);
#6819=CARTESIAN_POINT('',(-2.449880363947E1,3.353800581170E0,
-1.975275536368E0));
#6820=VERTEX_POINT('',#6819);
#6821=CARTESIAN_POINT('',(-3.597339194554E1,-1.706879712424E-1,
-4.210788326106E-1));
#6822=CARTESIAN_POINT('',(-3.596339194554E1,-1.706879712424E-1,
-4.210788326106E-1));
#6823=VERTEX_POINT('',#6821);
#6824=VERTEX_POINT('',#6822);
#6825=VERTEX_POINT('',#2181);
#6826=CARTESIAN_POINT('',(-2.6629302E1,-1.63372E-1,1.2673E1));
#6827=VERTEX_POINT('',#6826);
#6828=CARTESIAN_POINT('',(-2.1553302E1,5.60628E-1,2.099287745611E0));
#6829=CARTESIAN_POINT('',(-2.1229302E1,5.60628E-1,2.099287745611E0));
#6830=VERTEX_POINT('',#6828);
#6831=VERTEX_POINT('',#6829);
#6832=CARTESIAN_POINT('',(-2.1553302E1,2.36628E-1,2.099287745611E0));
#6833=VERTEX_POINT('',#6832);
#6834=CARTESIAN_POINT('',(-2.1229302E1,2.36628E-1,2.099287745611E0));
#6835=VERTEX_POINT('',#6834);
#6836=CARTESIAN_POINT('',(-2.396656889439E1,4.700706073235E0,
-1.963285165183E0));
#6837=VERTEX_POINT('',#6836);
#6838=CARTESIAN_POINT('',(-2.1553302E1,5.60628E-1,1.6453E1));
#6839=CARTESIAN_POINT('',(-2.1229302E1,5.60628E-1,1.6453E1));
#6840=VERTEX_POINT('',#6838);
#6841=VERTEX_POINT('',#6839);
#6842=CARTESIAN_POINT('',(-2.1229302E1,2.36628E-1,1.6453E1));
#6843=VERTEX_POINT('',#6842);
#6844=CARTESIAN_POINT('',(-2.1553302E1,2.36628E-1,1.6453E1));
#6845=VERTEX_POINT('',#6844);
#6846=CARTESIAN_POINT('',(-2.6626734E1,5.536628E0,1.2673E1));
#6847=VERTEX_POINT('',#6846);
#6848=CARTESIAN_POINT('',(-2.7550734E1,5.536628E0,1.2673E1));
#6849=VERTEX_POINT('',#6848);
#6850=CARTESIAN_POINT('',(-1.5129302E1,8.60628E-1,1.2673E1));
#6851=VERTEX_POINT('',#6850);
#6852=CARTESIAN_POINT('',(-1.5129302E1,8.60628E-1,1.6053E1));
#6853=VERTEX_POINT('',#6852);
#6854=VERTEX_POINT('',#1999);
#6855=VERTEX_POINT('',#2002);
#6856=VERTEX_POINT('',#1967);
#6857=CARTESIAN_POINT('',(-2.0929302E1,9.60628E-1,1.2673E1));
#6858=VERTEX_POINT('',#6857);
#6859=CARTESIAN_POINT('',(-2.0829302E1,8.60628E-1,1.2673E1));
#6860=VERTEX_POINT('',#6859);
#6861=CARTESIAN_POINT('',(-1.0153302E1,5.60628E-1,2.099287745611E0));
#6862=CARTESIAN_POINT('',(-9.829302000002E0,5.60628E-1,2.099287745611E0));
#6863=VERTEX_POINT('',#6861);
#6864=VERTEX_POINT('',#6862);
#6865=CARTESIAN_POINT('',(-1.0153302E1,2.36628E-1,2.099287745611E0));
#6866=VERTEX_POINT('',#6865);
#6867=CARTESIAN_POINT('',(-9.829302000002E0,2.36628E-1,2.099287745611E0));
#6868=VERTEX_POINT('',#6867);
#6869=VERTEX_POINT('',#3520);
#6870=CARTESIAN_POINT('',(-3.3350734E1,6.560628E0,1.2673E1));
#6871=VERTEX_POINT('',#6870);
#6872=VERTEX_POINT('',#5310);
#6873=VERTEX_POINT('',#5315);
#6874=VERTEX_POINT('',#4589);
#6875=VERTEX_POINT('',#4592);
#6876=CARTESIAN_POINT('',(-2.1953302E1,8.60628E-1,2.499287745611E0));
#6877=VERTEX_POINT('',#6876);
#6878=VERTEX_POINT('',#5288);
#6879=CARTESIAN_POINT('',(-1.040639310610E1,9.575049356208E0,
-1.257996861680E0));
#6880=VERTEX_POINT('',#6879);
#6881=CARTESIAN_POINT('',(-2.7550734E1,5.536628E0,8.972999999999E0));
#6882=VERTEX_POINT('',#6881);
#6883=CARTESIAN_POINT('',(-2.7650734E1,5.636628E0,8.972999999999E0));
#6884=VERTEX_POINT('',#6883);
#6885=CARTESIAN_POINT('',(-2.7550734E1,6.660628E0,8.972999999999E0));
#6886=VERTEX_POINT('',#6885);
#6887=CARTESIAN_POINT('',(-2.7650734E1,6.560628E0,8.972999999999E0));
#6888=VERTEX_POINT('',#6887);
#6889=CARTESIAN_POINT('',(-2.762401267812E1,9.313386781187E-1,
1.608228932188E1));
#6890=VERTEX_POINT('',#6889);
#6891=VERTEX_POINT('',#2221);
#6892=CARTESIAN_POINT('',(-3.2229302E1,-6.337199999999E-2,8.972999999999E0));
#6893=VERTEX_POINT('',#6892);
#6894=CARTESIAN_POINT('',(-2.6626734E1,5.536628E0,8.972999999999E0));
#6895=VERTEX_POINT('',#6894);
#6896=VERTEX_POINT('',#2824);
#6897=VERTEX_POINT('',#2829);
#6898=CARTESIAN_POINT('',(-3.2226734E1,5.636628E0,1.2673E1));
#6899=VERTEX_POINT('',#6898);
#6900=CARTESIAN_POINT('',(-2.655602332188E1,6.631338678119E0,1.608228932188E1));
#6901=VERTEX_POINT('',#6900);
#6902=VERTEX_POINT('',#1865);
#6903=CARTESIAN_POINT('',(-3.332401267812E1,9.313386781186E-1,
1.608228932188E1));
#6904=VERTEX_POINT('',#6903);
#6905=VERTEX_POINT('',#1879);
#6906=VERTEX_POINT('',#2649);
#6907=CARTESIAN_POINT('',(-2.6626734E1,6.660628E0,1.2673E1));
#6908=VERTEX_POINT('',#6907);
#6909=VERTEX_POINT('',#2629);
#6910=CARTESIAN_POINT('',(-1.5226734E1,5.536628E0,1.6053E1));
#6911=CARTESIAN_POINT('',(-1.5226734E1,5.536628E0,1.2673E1));
#6912=VERTEX_POINT('',#6910);
#6913=VERTEX_POINT('',#6911);
#6914=VERTEX_POINT('',#2464);
#6915=VERTEX_POINT('',#2172);
#6916=VERTEX_POINT('',#2175);
#6917=CARTESIAN_POINT('',(-2.6529302E1,8.60628E-1,2.499287745611E0));
#6918=VERTEX_POINT('',#6917);
#6919=CARTESIAN_POINT('',(-2.6529302E1,-6.337199999999E-2,2.499287745611E0));
#6920=VERTEX_POINT('',#6919);
#6921=CARTESIAN_POINT('',(-3.537866436053E1,2.764575418830E0,
-1.975275536368E0));
#6922=VERTEX_POINT('',#6921);
#6923=CARTESIAN_POINT('',(-3.019880363947E1,2.764575418830E0,
-1.975275536368E0));
#6924=VERTEX_POINT('',#6923);
#6925=CARTESIAN_POINT('',(-2.1950734E1,6.560628E0,8.972999999999E0));
#6926=VERTEX_POINT('',#6925);
#6927=VERTEX_POINT('',#4614);
#6928=CARTESIAN_POINT('',(-1.122640447945E1,9.575049356208E0,
-1.776999999999E0));
#6929=CARTESIAN_POINT('',(-1.122640447945E1,9.575049356208E0,1.723000000001E0));
#6930=VERTEX_POINT('',#6928);
#6931=VERTEX_POINT('',#6929);
#6932=CARTESIAN_POINT('',(-7.726404479450E0,9.575049356208E0,
-1.776999999999E0));
#6933=VERTEX_POINT('',#6932);
#6934=CARTESIAN_POINT('',(-7.726404479450E0,9.575049356208E0,1.723000000001E0));
#6935=VERTEX_POINT('',#6934);
#6936=CARTESIAN_POINT('',(-8.000143106104E0,9.575049356208E0,
5.857531383200E-1));
#6937=VERTEX_POINT('',#6936);
#6938=CARTESIAN_POINT('',(-7.968893106104E0,9.575049356208E0,
3.982531383201E-1));
#6939=VERTEX_POINT('',#6938);
#6940=CARTESIAN_POINT('',(-7.937643106104E0,9.575049356208E0,
1.170031383201E-1));
#6941=VERTEX_POINT('',#6940);
#6942=CARTESIAN_POINT('',(-7.937643106104E0,9.575049356208E0,
-1.329968616800E-1));
#6943=VERTEX_POINT('',#6942);
#6944=CARTESIAN_POINT('',(-7.968893106104E0,9.575049356208E0,
-4.142468616799E-1));
#6945=VERTEX_POINT('',#6944);
#6946=CARTESIAN_POINT('',(-8.000143106104E0,9.575049356208E0,
-6.017468616799E-1));
#6947=VERTEX_POINT('',#6946);
#6948=CARTESIAN_POINT('',(-8.062643106104E0,9.575049356208E0,
-7.579968616799E-1));
#6949=VERTEX_POINT('',#6948);
#6950=CARTESIAN_POINT('',(-8.125143106104E0,9.575049356208E0,
-8.829968616799E-1));
#6951=VERTEX_POINT('',#6950);
#6952=CARTESIAN_POINT('',(-8.218893106104E0,9.575049356208E0,
-1.007996861680E0));
#6953=VERTEX_POINT('',#6952);
#6954=CARTESIAN_POINT('',(-8.312643106104E0,9.575049356208E0,
-1.101746861680E0));
#6955=VERTEX_POINT('',#6954);
#6956=CARTESIAN_POINT('',(-8.406393106104E0,9.575049356208E0,
-1.164246861680E0));
#6957=VERTEX_POINT('',#6956);
#6958=CARTESIAN_POINT('',(-8.562643106104E0,9.575049356208E0,
-1.226746861680E0));
#6959=VERTEX_POINT('',#6958);
#6960=CARTESIAN_POINT('',(-8.687643106104E0,9.575049356208E0,
-1.257996861680E0));
#6961=VERTEX_POINT('',#6960);
#6962=CARTESIAN_POINT('',(-8.906393106104E0,9.575049356208E0,
-1.257996861680E0));
#6963=VERTEX_POINT('',#6962);
#6964=CARTESIAN_POINT('',(-9.031393106104E0,9.575049356208E0,
-1.226746861680E0));
#6965=VERTEX_POINT('',#6964);
#6966=CARTESIAN_POINT('',(-9.187643106104E0,9.575049356208E0,
-1.164246861680E0));
#6967=VERTEX_POINT('',#6966);
#6968=CARTESIAN_POINT('',(-9.281393106104E0,9.575049356208E0,
-1.101746861680E0));
#6969=VERTEX_POINT('',#6968);
#6970=CARTESIAN_POINT('',(-9.375143106104E0,9.575049356208E0,
-1.007996861680E0));
#6971=VERTEX_POINT('',#6970);
#6972=CARTESIAN_POINT('',(-9.468893106104E0,9.575049356208E0,
-8.829968616799E-1));
#6973=VERTEX_POINT('',#6972);
#6974=CARTESIAN_POINT('',(-9.531393106104E0,9.575049356208E0,
-7.579968616799E-1));
#6975=VERTEX_POINT('',#6974);
#6976=CARTESIAN_POINT('',(-9.656393106104E0,9.575049356208E0,
-1.329968616800E-1));
#6977=VERTEX_POINT('',#6976);
#6978=CARTESIAN_POINT('',(-1.043764310610E1,9.575049356208E0,
-1.164246861680E0));
#6979=VERTEX_POINT('',#6978);
#6980=CARTESIAN_POINT('',(-1.053139310610E1,9.575049356208E0,
-1.039246861680E0));
#6981=VERTEX_POINT('',#6980);
#6982=CARTESIAN_POINT('',(-1.062514310610E1,9.575049356208E0,
-9.454968616799E-1));
#6983=VERTEX_POINT('',#6982);
#6984=CARTESIAN_POINT('',(-1.075014310610E1,9.575049356208E0,
-8.829968616799E-1));
#6985=VERTEX_POINT('',#6984);
#6986=CARTESIAN_POINT('',(-1.046889310610E1,9.575049356208E0,1.242003138320E0));
#6987=VERTEX_POINT('',#6986);
#6988=CARTESIAN_POINT('',(-3.597339194554E1,-3.206879712424E-1,
-3.460788326106E-1));
#6989=CARTESIAN_POINT('',(-3.596339194554E1,-3.206879712424E-1,
-3.460788326106E-1));
#6990=VERTEX_POINT('',#6988);
#6991=VERTEX_POINT('',#6989);
#6992=VERTEX_POINT('',#2346);
#6993=VERTEX_POINT('',#2349);
#6994=CARTESIAN_POINT('',(-1.0150734E1,6.260628E0,1.6453E1));
#6995=VERTEX_POINT('',#6994);
#6996=CARTESIAN_POINT('',(-1.0150734E1,5.936628E0,1.6453E1));
#6997=VERTEX_POINT('',#6996);
#6998=CARTESIAN_POINT('',(-1.052144467812E1,5.565917321881E0,1.608228932188E1));
#6999=VERTEX_POINT('',#6998);
#7000=VERTEX_POINT('',#2359);
#7001=CARTESIAN_POINT('',(-1.309880363947E1,3.353800581170E0,
-1.975275536368E0));
#7002=VERTEX_POINT('',#7001);
#7003=CARTESIAN_POINT('',(-1.309880363947E1,8.464575418830E0,
-1.975275536368E0));
#7004=VERTEX_POINT('',#7003);
#7005=CARTESIAN_POINT('',(-9.526734000001E0,5.536628E0,1.6053E1));
#7006=CARTESIAN_POINT('',(-9.526734000001E0,5.536628E0,1.2673E1));
#7007=VERTEX_POINT('',#7005);
#7008=VERTEX_POINT('',#7006);
#7009=CARTESIAN_POINT('',(-1.0450734E1,5.536628E0,1.2673E1));
#7010=VERTEX_POINT('',#7009);
#7011=CARTESIAN_POINT('',(-1.0450734E1,5.536628E0,1.6053E1));
#7012=VERTEX_POINT('',#7011);
#7013=CARTESIAN_POINT('',(-9.826734000001E0,6.260628E0,1.6453E1));
#7014=VERTEX_POINT('',#7013);
#7015=CARTESIAN_POINT('',(-9.826734000001E0,5.936628E0,1.6453E1));
#7016=VERTEX_POINT('',#7015);
#7017=CARTESIAN_POINT('',(-9.529302000002E0,9.60628E-1,2.499287745611E0));
#7018=VERTEX_POINT('',#7017);
#7019=VERTEX_POINT('',#5588);
#7020=VERTEX_POINT('',#5593);
#7021=VERTEX_POINT('',#2324);
#7022=VERTEX_POINT('',#2327);
#7023=CARTESIAN_POINT('',(-9.456023321882E0,6.631338678119E0,1.608228932188E1));
#7024=VERTEX_POINT('',#7023);
#7025=VERTEX_POINT('',#2341);
#7026=VERTEX_POINT('',#2905);
#7027=VERTEX_POINT('',#2908);
#7028=VERTEX_POINT('',#2945);
#7029=CARTESIAN_POINT('',(-9.429302000002E0,-6.337199999999E-2,1.2673E1));
#7030=VERTEX_POINT('',#7029);
#7031=CARTESIAN_POINT('',(-9.529302000002E0,-1.63372E-1,1.2673E1));
#7032=VERTEX_POINT('',#7031);
#7033=VERTEX_POINT('',#2910);
#7034=VERTEX_POINT('',#2913);
#7035=CARTESIAN_POINT('',(-1.0153302E1,5.60628E-1,1.6453E1));
#7036=VERTEX_POINT('',#7035);
#7037=CARTESIAN_POINT('',(-1.0153302E1,2.36628E-1,1.6453E1));
#7038=VERTEX_POINT('',#7037);
#7039=CARTESIAN_POINT('',(-1.052401267812E1,-1.340826781186E-1,
1.608228932188E1));
#7040=VERTEX_POINT('',#7039);
#7041=VERTEX_POINT('',#2923);
#7042=CARTESIAN_POINT('',(-1.0450734E1,6.660628E0,1.6053E1));
#7043=CARTESIAN_POINT('',(-1.0450734E1,6.660628E0,1.2673E1));
#7044=VERTEX_POINT('',#7042);
#7045=VERTEX_POINT('',#7043);
#7046=CARTESIAN_POINT('',(-9.526734000001E0,6.660628E0,1.2673E1));
#7047=VERTEX_POINT('',#7046);
#7048=CARTESIAN_POINT('',(-9.526734000001E0,6.660628E0,1.6053E1));
#7049=VERTEX_POINT('',#7048);
#7050=CARTESIAN_POINT('',(-9.429302000002E0,-6.337199999999E-2,
2.499287745611E0));
#7051=VERTEX_POINT('',#7050);
#7052=VERTEX_POINT('',#5566);
#7053=VERTEX_POINT('',#5571);
#7054=CARTESIAN_POINT('',(-9.826734000001E0,5.936628E0,2.099287745611E0));
#7055=CARTESIAN_POINT('',(-1.0150734E1,5.936628E0,2.099287745611E0));
#7056=VERTEX_POINT('',#7054);
#7057=VERTEX_POINT('',#7055);
#7058=CARTESIAN_POINT('',(-9.826734000001E0,6.260628E0,2.099287745611E0));
#7059=VERTEX_POINT('',#7058);
#7060=CARTESIAN_POINT('',(-1.0150734E1,6.260628E0,2.099287745611E0));
#7061=VERTEX_POINT('',#7060);
#7062=CARTESIAN_POINT('',(-1.0453302E1,9.60628E-1,2.499287745611E0));
#7063=VERTEX_POINT('',#7062);
#7064=CARTESIAN_POINT('',(-2.449880363947E1,3.353800581170E0,8.972999999999E0));
#7065=VERTEX_POINT('',#7064);
#7066=CARTESIAN_POINT('',(-1.0550734E1,5.636628E0,1.2673E1));
#7067=CARTESIAN_POINT('',(-1.0550734E1,6.560628E0,1.2673E1));
#7068=VERTEX_POINT('',#7066);
#7069=VERTEX_POINT('',#7067);
#7070=CARTESIAN_POINT('',(-9.426734000001E0,5.636628E0,1.2673E1));
#7071=VERTEX_POINT('',#7070);
#7072=CARTESIAN_POINT('',(-9.426734000001E0,6.560628E0,1.2673E1));
#7073=VERTEX_POINT('',#7072);
#7074=CARTESIAN_POINT('',(-2.1853302E1,9.60628E-1,1.2673E1));
#7075=VERTEX_POINT('',#7074);
#7076=CARTESIAN_POINT('',(-2.1853302E1,9.60628E-1,1.6053E1));
#7077=VERTEX_POINT('',#7076);
#7078=VERTEX_POINT('',#5618);
#7079=CARTESIAN_POINT('',(-3.2329302E1,-1.63372E-1,1.2673E1));
#7080=CARTESIAN_POINT('',(-3.3253302E1,-1.63372E-1,1.2673E1));
#7081=VERTEX_POINT('',#7079);
#7082=VERTEX_POINT('',#7080);
#7083=CARTESIAN_POINT('',(-3.3253302E1,-1.63372E-1,1.6053E1));
#7084=VERTEX_POINT('',#7083);
#7085=CARTESIAN_POINT('',(-3.2329302E1,-1.63372E-1,1.6053E1));
#7086=VERTEX_POINT('',#7085);
#7087=CARTESIAN_POINT('',(-1.0453302E1,-1.63372E-1,2.499287745611E0));
#7088=VERTEX_POINT('',#7087);
#7089=VERTEX_POINT('',#5548);
#7090=CARTESIAN_POINT('',(-9.429302000002E0,8.60628E-1,1.2673E1));
#7091=VERTEX_POINT('',#7090);
#7092=CARTESIAN_POINT('',(-9.429302000002E0,8.60628E-1,1.6053E1));
#7093=VERTEX_POINT('',#7092);
#7094=CARTESIAN_POINT('',(-1.0553302E1,-6.337199999999E-2,1.2673E1));
#7095=CARTESIAN_POINT('',(-1.0553302E1,8.60628E-1,1.2673E1));
#7096=VERTEX_POINT('',#7094);
#7097=VERTEX_POINT('',#7095);
#7098=VERTEX_POINT('',#2895);
#7099=CARTESIAN_POINT('',(-1.0453302E1,-1.63372E-1,1.2673E1));
#7100=VERTEX_POINT('',#7099);
#7101=VERTEX_POINT('',#2962);
#7102=VERTEX_POINT('',#2931);
#7103=CARTESIAN_POINT('',(-9.529302000002E0,9.60628E-1,1.2673E1));
#7104=VERTEX_POINT('',#7103);
#7105=CARTESIAN_POINT('',(-9.829302000002E0,2.36628E-1,1.6453E1));
#7106=VERTEX_POINT('',#7105);
#7107=CARTESIAN_POINT('',(-9.829302000002E0,5.60628E-1,1.6453E1));
#7108=VERTEX_POINT('',#7107);
#7109=CARTESIAN_POINT('',(-3.3253302E1,9.60628E-1,1.2673E1));
#7110=CARTESIAN_POINT('',(-3.2329302E1,9.60628E-1,1.2673E1));
#7111=VERTEX_POINT('',#7109);
#7112=VERTEX_POINT('',#7110);
#7113=VERTEX_POINT('',#1847);
#7114=CARTESIAN_POINT('',(-3.3353302E1,8.60628E-1,1.2673E1));
#7115=VERTEX_POINT('',#7114);
#7116=CARTESIAN_POINT('',(-3.019880363947E1,-2.346199418830E0,
-1.975275536368E0));
#7117=VERTEX_POINT('',#7116);
#7118=VERTEX_POINT('',#4032);
#7119=VERTEX_POINT('',#4035);
#7120=CARTESIAN_POINT('',(-9.426734000001E0,6.560628E0,2.499287745611E0));
#7121=VERTEX_POINT('',#7120);
#7122=VERTEX_POINT('',#4122);
#7123=CARTESIAN_POINT('',(-3.597339194554E1,3.918120287576E-1,
2.203921167389E0));
#7124=CARTESIAN_POINT('',(-3.596339194554E1,3.918120287576E-1,
2.203921167389E0));
#7125=VERTEX_POINT('',#7123);
#7126=VERTEX_POINT('',#7124);
#7127=CARTESIAN_POINT('',(-3.597339194554E1,1.681202875755E-2,
2.203921167389E0));
#7128=VERTEX_POINT('',#7127);
#7129=CARTESIAN_POINT('',(-3.596339194554E1,1.681202875755E-2,
2.203921167389E0));
#7130=VERTEX_POINT('',#7129);
#7131=CARTESIAN_POINT('',(-1.0450734E1,6.660628E0,2.499287745611E0));
#7132=VERTEX_POINT('',#7131);
#7133=CARTESIAN_POINT('',(-9.526734000001E0,6.660628E0,2.499287745611E0));
#7134=VERTEX_POINT('',#7133);
#7135=VERTEX_POINT('',#1830);
#7136=CARTESIAN_POINT('',(-3.2229302E1,8.60628E-1,1.2673E1));
#7137=CARTESIAN_POINT('',(-3.2229302E1,-6.337199999999E-2,1.2673E1));
#7138=VERTEX_POINT('',#7136);
#7139=VERTEX_POINT('',#7137);
#7140=CARTESIAN_POINT('',(-3.3353302E1,-6.337199999999E-2,1.2673E1));
#7141=VERTEX_POINT('',#7140);
#7142=CARTESIAN_POINT('',(-3.3353302E1,-6.337199999999E-2,1.6053E1));
#7143=VERTEX_POINT('',#7142);
#7144=CARTESIAN_POINT('',(-1.0550734E1,5.636628E0,2.499287745611E0));
#7145=VERTEX_POINT('',#7144);
#7146=CARTESIAN_POINT('',(-1.0550734E1,6.560628E0,2.499287745611E0));
#7147=VERTEX_POINT('',#7146);
#7148=VERTEX_POINT('',#4100);
#7149=VERTEX_POINT('',#4078);
#7150=CARTESIAN_POINT('',(-9.526734000001E0,5.536628E0,2.499287745611E0));
#7151=VERTEX_POINT('',#7150);
#7152=CARTESIAN_POINT('',(-1.0450734E1,5.536628E0,2.499287745611E0));
#7153=VERTEX_POINT('',#7152);
#7154=CARTESIAN_POINT('',(-1.0453302E1,9.60628E-1,1.2673E1));
#7155=VERTEX_POINT('',#7154);
#7156=CARTESIAN_POINT('',(-1.0453302E1,9.60628E-1,1.6053E1));
#7157=VERTEX_POINT('',#7156);
#7158=CARTESIAN_POINT('',(-3.597339194554E1,-4.331879712425E-1,
-3.085788326106E-1));
#7159=VERTEX_POINT('',#7158);
#7160=CARTESIAN_POINT('',(-3.597339194554E1,-6.206879712424E-1,
-2.710788326106E-1));
#7161=VERTEX_POINT('',#7160);
#7162=CARTESIAN_POINT('',(-3.597339194554E1,-6.956879712424E-1,
-2.710788326106E-1));
#7163=VERTEX_POINT('',#7162);
#7164=CARTESIAN_POINT('',(-3.597339194554E1,-1.647139109561E0,2.532996E0));
#7165=CARTESIAN_POINT('',(-3.597339194554E1,1.852860890439E0,2.532996E0));
#7166=VERTEX_POINT('',#7164);
#7167=VERTEX_POINT('',#7165);
#7168=CARTESIAN_POINT('',(-3.597339194554E1,-1.647139109561E0,
-9.670040000001E-1));
#7169=VERTEX_POINT('',#7168);
#7170=CARTESIAN_POINT('',(-3.597339194554E1,1.852860890439E0,
-9.670040000001E-1));
#7171=VERTEX_POINT('',#7170);
#7172=CARTESIAN_POINT('',(-2.7650734E1,5.636628E0,1.2673E1));
#7173=VERTEX_POINT('',#7172);
#7174=VERTEX_POINT('',#1944);
#7175=VERTEX_POINT('',#1989);
#7176=CARTESIAN_POINT('',(-2.0829302E1,-6.337199999999E-2,1.2673E1));
#7177=VERTEX_POINT('',#7176);
#7178=CARTESIAN_POINT('',(-2.1953302E1,8.60628E-1,1.2673E1));
#7179=VERTEX_POINT('',#7178);
#7180=CARTESIAN_POINT('',(-2.1953302E1,-6.337199999999E-2,1.2673E1));
#7181=VERTEX_POINT('',#7180);
#7182=CARTESIAN_POINT('',(-1.5229302E1,9.60628E-1,1.2673E1));
#7183=VERTEX_POINT('',#7182);
#7184=CARTESIAN_POINT('',(-1.6253302E1,-6.337199999999E-2,1.2673E1));
#7185=VERTEX_POINT('',#7184);
#7186=CARTESIAN_POINT('',(-1.6153302E1,-1.63372E-1,1.2673E1));
#7187=VERTEX_POINT('',#7186);
#7188=CARTESIAN_POINT('',(-2.7553302E1,-1.63372E-1,1.2673E1));
#7189=VERTEX_POINT('',#7188);
#7190=CARTESIAN_POINT('',(-2.7553302E1,9.60628E-1,1.2673E1));
#7191=VERTEX_POINT('',#7190);
#7192=CARTESIAN_POINT('',(-2.0926734E1,5.536628E0,1.2673E1));
#7193=VERTEX_POINT('',#7192);
#7194=CARTESIAN_POINT('',(-2.0826734E1,5.636628E0,1.2673E1));
#7195=VERTEX_POINT('',#7194);
#7196=CARTESIAN_POINT('',(-2.1953302E1,8.60628E-1,1.6053E1));
#7197=VERTEX_POINT('',#7196);
#7198=CARTESIAN_POINT('',(-2.1953302E1,-6.337199999999E-2,1.6053E1));
#7199=VERTEX_POINT('',#7198);
#7200=CARTESIAN_POINT('',(-3.596339194554E1,-4.331879712425E-1,
-3.085788326106E-1));
#7201=VERTEX_POINT('',#7200);
#7202=CARTESIAN_POINT('',(-2.967866436053E1,2.764575418830E0,
-1.975275536368E0));
#7203=VERTEX_POINT('',#7202);
#7204=CARTESIAN_POINT('',(-3.596339194554E1,-6.206879712424E-1,
-2.710788326106E-1));
#7205=VERTEX_POINT('',#7204);
#7206=CARTESIAN_POINT('',(-3.596339194554E1,-6.956879712425E-1,
-2.710788326106E-1));
#7207=VERTEX_POINT('',#7206);
#7208=CARTESIAN_POINT('',(-2.0826734E1,5.636628E0,1.6053E1));
#7209=VERTEX_POINT('',#7208);
#7210=CARTESIAN_POINT('',(-3.019880363947E1,2.764575418830E0,8.972999999999E0));
#7211=VERTEX_POINT('',#7210);
#7212=CARTESIAN_POINT('',(-3.019880363947E1,-2.346199418830E0,
8.972999999999E0));
#7213=VERTEX_POINT('',#7212);
#7214=VERTEX_POINT('',#5044);
#7215=CARTESIAN_POINT('',(-3.2953302E1,5.60628E-1,2.099287745611E0));
#7216=VERTEX_POINT('',#7215);
#7217=CARTESIAN_POINT('',(-3.2329302E1,-1.63372E-1,8.972999999999E0));
#7218=CARTESIAN_POINT('',(-3.2329302E1,-1.63372E-1,2.499287745611E0));
#7219=VERTEX_POINT('',#7217);
#7220=VERTEX_POINT('',#7218);
#7221=CARTESIAN_POINT('',(-3.3253302E1,-1.63372E-1,2.499287745611E0));
#7222=VERTEX_POINT('',#7221);
#7223=CARTESIAN_POINT('',(-3.3253302E1,-1.63372E-1,8.972999999999E0));
#7224=VERTEX_POINT('',#7223);
#7225=CARTESIAN_POINT('',(-3.2953302E1,2.36628E-1,2.099287745611E0));
#7226=VERTEX_POINT('',#7225);
#7227=CARTESIAN_POINT('',(-3.537866436053E1,-2.346199418830E0,
8.972999999999E0));
#7228=VERTEX_POINT('',#7227);
#7229=CARTESIAN_POINT('',(-3.537866436053E1,2.764575418830E0,8.972999999999E0));
#7230=VERTEX_POINT('',#7229);
#7231=CARTESIAN_POINT('',(-3.537866436053E1,-2.346199418830E0,
-1.975275536368E0));
#7232=VERTEX_POINT('',#7231);
#7233=VERTEX_POINT('',#5058);
#7234=CARTESIAN_POINT('',(-1.5526734E1,5.936628E0,1.6453E1));
#7235=VERTEX_POINT('',#7234);
#7236=CARTESIAN_POINT('',(-1.5526734E1,6.260628E0,1.6453E1));
#7237=VERTEX_POINT('',#7236);
#7238=VERTEX_POINT('',#1962);
#7239=CARTESIAN_POINT('',(-1.6253302E1,-6.337199999999E-2,1.6053E1));
#7240=VERTEX_POINT('',#7239);
#7241=CARTESIAN_POINT('',(-1.309903475538E1,2.764808560457E0,
-1.975737768184E0));
#7242=CARTESIAN_POINT('',(-1.309880363947E1,-2.346199418830E0,-1.9762E0));
#7243=VERTEX_POINT('',#7241);
#7244=VERTEX_POINT('',#7242);
#7245=CARTESIAN_POINT('',(-1.309880363947E1,2.764575418830E0,8.972999999999E0));
#7246=VERTEX_POINT('',#7245);
#7247=CARTESIAN_POINT('',(-1.309880363947E1,-2.346199418830E0,
8.972999999999E0));
#7248=VERTEX_POINT('',#7247);
#7249=CARTESIAN_POINT('',(-1.827866436053E1,2.764575418830E0,
-1.975275536368E0));
#7250=VERTEX_POINT('',#7249);
#7251=CARTESIAN_POINT('',(-1.691966340232E1,-2.346199418830E0,
8.972999999999E0));
#7252=VERTEX_POINT('',#7251);
#7253=CARTESIAN_POINT('',(-1.691966340232E1,-2.346199418830E0,
-1.963764775219E0));
#7254=VERTEX_POINT('',#7253);
#7255=CARTESIAN_POINT('',(-1.693740360676E1,-2.346199418830E0,-1.9762E0));
#7256=VERTEX_POINT('',#7255);
#7257=CARTESIAN_POINT('',(-1.827866436053E1,-9.871984606215E-1,
8.972999999999E0));
#7258=VERTEX_POINT('',#7257);
#7259=CARTESIAN_POINT('',(-1.827866436053E1,-9.871984606215E-1,
-1.975275536368E0));
#7260=VERTEX_POINT('',#7259);
#7261=CARTESIAN_POINT('',(-1.826705270818E1,-9.988101129730E-1,
-1.963764775219E0));
#7262=VERTEX_POINT('',#7261);
#7263=CARTESIAN_POINT('',(-1.5129302E1,8.60628E-1,8.972999999999E0));
#7264=CARTESIAN_POINT('',(-1.5229302E1,9.60628E-1,8.972999999999E0));
#7265=VERTEX_POINT('',#7263);
#7266=VERTEX_POINT('',#7264);
#7267=CARTESIAN_POINT('',(-1.5129302E1,-6.337199999999E-2,8.972999999999E0));
#7268=VERTEX_POINT('',#7267);
#7269=CARTESIAN_POINT('',(-1.5229302E1,-1.63372E-1,8.972999999999E0));
#7270=VERTEX_POINT('',#7269);
#7271=CARTESIAN_POINT('',(-1.6153302E1,-1.63372E-1,8.972999999999E0));
#7272=VERTEX_POINT('',#7271);
#7273=CARTESIAN_POINT('',(-1.6253302E1,-6.337200000001E-2,8.972999999999E0));
#7274=VERTEX_POINT('',#7273);
#7275=CARTESIAN_POINT('',(-1.6253302E1,8.60628E-1,8.972999999999E0));
#7276=VERTEX_POINT('',#7275);
#7277=CARTESIAN_POINT('',(-1.6153302E1,9.60628E-1,8.972999999999E0));
#7278=VERTEX_POINT('',#7277);
#7279=CARTESIAN_POINT('',(-1.827866436053E1,2.764575418830E0,8.972999999999E0));
#7280=VERTEX_POINT('',#7279);
#7281=CARTESIAN_POINT('',(-2.0829302E1,8.60628E-1,2.499287745611E0));
#7282=VERTEX_POINT('',#7281);
#7283=CARTESIAN_POINT('',(-2.0829302E1,-6.337199999999E-2,2.499287745611E0));
#7284=VERTEX_POINT('',#7283);
#7285=VERTEX_POINT('',#5328);
#7286=VERTEX_POINT('',#5358);
#7287=VERTEX_POINT('',#1946);
#7288=CARTESIAN_POINT('',(-1.6153302E1,9.60628E-1,2.499287745611E0));
#7289=VERTEX_POINT('',#7288);
#7290=CARTESIAN_POINT('',(-1.5229302E1,9.60628E-1,2.499287745611E0));
#7291=VERTEX_POINT('',#7290);
#7292=CARTESIAN_POINT('',(-1.6253302E1,8.60628E-1,2.499287745611E0));
#7293=VERTEX_POINT('',#7292);
#7294=VERTEX_POINT('',#4804);
#7295=CARTESIAN_POINT('',(-1.5853302E1,5.60628E-1,2.099287745611E0));
#7296=CARTESIAN_POINT('',(-1.5529302E1,5.60628E-1,2.099287745611E0));
#7297=VERTEX_POINT('',#7295);
#7298=VERTEX_POINT('',#7296);
#7299=CARTESIAN_POINT('',(-1.5853302E1,2.36628E-1,2.099287745611E0));
#7300=VERTEX_POINT('',#7299);
#7301=CARTESIAN_POINT('',(-1.5529302E1,2.36628E-1,2.099287745611E0));
#7302=VERTEX_POINT('',#7301);
#7303=CARTESIAN_POINT('',(-1.6253302E1,-6.337199999999E-2,2.499287745611E0));
#7304=VERTEX_POINT('',#7303);
#7305=VERTEX_POINT('',#4834);
#7306=CARTESIAN_POINT('',(-1.6153302E1,-1.63372E-1,2.499287745611E0));
#7307=VERTEX_POINT('',#7306);
#7308=CARTESIAN_POINT('',(-1.5229302E1,-1.63372E-1,2.499287745611E0));
#7309=VERTEX_POINT('',#7308);
#7310=CARTESIAN_POINT('',(-1.5129302E1,-6.337199999999E-2,2.499287745611E0));
#7311=VERTEX_POINT('',#7310);
#7312=VERTEX_POINT('',#4844);
#7313=CARTESIAN_POINT('',(-1.5129302E1,8.60628E-1,2.499287745611E0));
#7314=VERTEX_POINT('',#7313);
#7315=VERTEX_POINT('',#4874);
#7316=CARTESIAN_POINT('',(-1.827866436053E1,8.464575418830E0,
-1.975275536368E0));
#7317=VERTEX_POINT('',#7316);
#7318=VERTEX_POINT('',#3780);
#7319=VERTEX_POINT('',#3783);
#7320=VERTEX_POINT('',#3785);
#7321=CARTESIAN_POINT('',(-1.5126734E1,6.560628E0,2.499287745611E0));
#7322=VERTEX_POINT('',#7321);
#7323=CARTESIAN_POINT('',(-1.5226734E1,6.660628E0,2.499287745611E0));
#7324=VERTEX_POINT('',#7323);
#7325=VERTEX_POINT('',#3802);
#7326=VERTEX_POINT('',#3829);
#7327=VERTEX_POINT('',#3832);
#7328=CARTESIAN_POINT('',(-1.5850734E1,6.260628E0,2.099287745611E0));
#7329=VERTEX_POINT('',#7328);
#7330=CARTESIAN_POINT('',(-1.5526734E1,6.260628E0,2.099287745611E0));
#7331=VERTEX_POINT('',#7330);
#7332=VERTEX_POINT('',#3827);
#7333=CARTESIAN_POINT('',(-1.6250734E1,5.636628E0,2.499287745611E0));
#7334=VERTEX_POINT('',#7333);
#7335=CARTESIAN_POINT('',(-1.6150734E1,5.536628E0,2.499287745611E0));
#7336=VERTEX_POINT('',#7335);
#7337=VERTEX_POINT('',#3846);
#7338=CARTESIAN_POINT('',(-1.5850734E1,5.936628E0,2.099287745611E0));
#7339=VERTEX_POINT('',#7338);
#7340=CARTESIAN_POINT('',(-1.5526734E1,5.936628E0,2.099287745611E0));
#7341=VERTEX_POINT('',#7340);
#7342=CARTESIAN_POINT('',(-3.546373394554E1,9.565049356208E0,1.3473E1));
#7343=CARTESIAN_POINT('',(-3.596373394554E1,9.065049356208E0,1.3473E1));
#7344=VERTEX_POINT('',#7342);
#7345=VERTEX_POINT('',#7343);
#7346=CARTESIAN_POINT('',(-3.596373394554E1,7.565049356208E0,1.3473E1));
#7347=VERTEX_POINT('',#7346);
#7348=CARTESIAN_POINT('',(-3.491373394554E1,7.565049356208E0,1.3473E1));
#7349=VERTEX_POINT('',#7348);
#7350=CARTESIAN_POINT('',(-3.491373394554E1,8.224049356208E0,1.3473E1));
#7351=VERTEX_POINT('',#7350);
#7352=CARTESIAN_POINT('',(-3.430563394554E1,8.224049356208E0,1.3473E1));
#7353=VERTEX_POINT('',#7352);
#7354=CARTESIAN_POINT('',(-3.430563394554E1,9.565049356208E0,1.3473E1));
#7355=VERTEX_POINT('',#7354);
#7356=CARTESIAN_POINT('',(-3.546373394554E1,-2.919327575333E0,1.3473E1));
#7357=CARTESIAN_POINT('',(-3.430563394554E1,-2.919327575333E0,1.3473E1));
#7358=VERTEX_POINT('',#7356);
#7359=VERTEX_POINT('',#7357);
#7360=CARTESIAN_POINT('',(-3.430563394554E1,-1.578327575333E0,1.3473E1));
#7361=VERTEX_POINT('',#7360);
#7362=CARTESIAN_POINT('',(-3.491373394554E1,-1.578327575333E0,1.3473E1));
#7363=VERTEX_POINT('',#7362);
#7364=CARTESIAN_POINT('',(-3.491373394554E1,-9.193275753330E-1,1.3473E1));
#7365=VERTEX_POINT('',#7364);
#7366=CARTESIAN_POINT('',(-3.596373394554E1,-9.193275753330E-1,1.3473E1));
#7367=VERTEX_POINT('',#7366);
#7368=CARTESIAN_POINT('',(-3.596373394554E1,-2.419327575333E0,1.3473E1));
#7369=VERTEX_POINT('',#7368);
#7370=CARTESIAN_POINT('',(-8.471833741440E0,9.565049356208E0,1.3473E1));
#7371=CARTESIAN_POINT('',(-8.471833741440E0,8.224049356208E0,1.3473E1));
#7372=VERTEX_POINT('',#7370);
#7373=VERTEX_POINT('',#7371);
#7374=CARTESIAN_POINT('',(-7.863733741440E0,8.224049356208E0,1.3473E1));
#7375=VERTEX_POINT('',#7374);
#7376=CARTESIAN_POINT('',(-7.863733741440E0,7.565049356208E0,1.3473E1));
#7377=VERTEX_POINT('',#7376);
#7378=CARTESIAN_POINT('',(-6.813733741440E0,7.565049356208E0,1.3473E1));
#7379=VERTEX_POINT('',#7378);
#7380=CARTESIAN_POINT('',(-6.813733741440E0,9.065049356208E0,1.3473E1));
#7381=CARTESIAN_POINT('',(-7.313733741440E0,9.565049356208E0,1.3473E1));
#7382=VERTEX_POINT('',#7380);
#7383=VERTEX_POINT('',#7381);
#7384=CARTESIAN_POINT('',(-7.313733741440E0,-2.919327575333E0,1.3473E1));
#7385=CARTESIAN_POINT('',(-6.813733741440E0,-2.419327575333E0,1.3473E1));
#7386=VERTEX_POINT('',#7384);
#7387=VERTEX_POINT('',#7385);
#7388=CARTESIAN_POINT('',(-6.813733741440E0,-9.193275753330E-1,1.3473E1));
#7389=VERTEX_POINT('',#7388);
#7390=CARTESIAN_POINT('',(-7.863733741440E0,-9.193275753330E-1,1.3473E1));
#7391=VERTEX_POINT('',#7390);
#7392=CARTESIAN_POINT('',(-7.863733741440E0,-1.578327575333E0,1.3473E1));
#7393=VERTEX_POINT('',#7392);
#7394=CARTESIAN_POINT('',(-8.471833741440E0,-1.578327575333E0,1.3473E1));
#7395=VERTEX_POINT('',#7394);
#7396=CARTESIAN_POINT('',(-8.471833741440E0,-2.919327575333E0,1.3473E1));
#7397=VERTEX_POINT('',#7396);
#7398=CARTESIAN_POINT('',(-3.596373394554E1,7.565049356208E0,1.2673E1));
#7399=VERTEX_POINT('',#7398);
#7400=CARTESIAN_POINT('',(-3.491373394554E1,7.565049356208E0,1.2673E1));
#7401=VERTEX_POINT('',#7400);
#7402=CARTESIAN_POINT('',(-3.491373394554E1,8.224049356208E0,1.2673E1));
#7403=VERTEX_POINT('',#7402);
#7404=CARTESIAN_POINT('',(-3.430563394554E1,8.224049356208E0,1.2673E1));
#7405=VERTEX_POINT('',#7404);
#7406=CARTESIAN_POINT('',(-3.430563394554E1,9.565049356208E0,1.2673E1));
#7407=VERTEX_POINT('',#7406);
#7408=CARTESIAN_POINT('',(-3.430563394554E1,-2.919327575333E0,1.2673E1));
#7409=VERTEX_POINT('',#7408);
#7410=CARTESIAN_POINT('',(-3.430563394554E1,-1.578327575333E0,1.2673E1));
#7411=VERTEX_POINT('',#7410);
#7412=CARTESIAN_POINT('',(-3.491373394554E1,-1.578327575333E0,1.2673E1));
#7413=VERTEX_POINT('',#7412);
#7414=CARTESIAN_POINT('',(-3.491373394554E1,-9.193275753330E-1,1.2673E1));
#7415=VERTEX_POINT('',#7414);
#7416=CARTESIAN_POINT('',(-3.596373394554E1,-9.193275753330E-1,1.2673E1));
#7417=VERTEX_POINT('',#7416);
#7418=CARTESIAN_POINT('',(-8.471833741440E0,9.565049356208E0,1.2673E1));
#7419=VERTEX_POINT('',#7418);
#7420=CARTESIAN_POINT('',(-8.471833741440E0,8.224049356208E0,1.2673E1));
#7421=VERTEX_POINT('',#7420);
#7422=CARTESIAN_POINT('',(-7.863733741440E0,8.224049356208E0,1.2673E1));
#7423=VERTEX_POINT('',#7422);
#7424=CARTESIAN_POINT('',(-7.863733741440E0,7.565049356208E0,1.2673E1));
#7425=VERTEX_POINT('',#7424);
#7426=CARTESIAN_POINT('',(-6.813733741440E0,7.565049356208E0,1.2673E1));
#7427=VERTEX_POINT('',#7426);
#7428=CARTESIAN_POINT('',(-6.813733741440E0,-9.193275753330E-1,1.2673E1));
#7429=VERTEX_POINT('',#7428);
#7430=CARTESIAN_POINT('',(-7.863733741440E0,-9.193275753330E-1,1.2673E1));
#7431=VERTEX_POINT('',#7430);
#7432=CARTESIAN_POINT('',(-7.863733741440E0,-1.578327575333E0,1.2673E1));
#7433=VERTEX_POINT('',#7432);
#7434=CARTESIAN_POINT('',(-8.471833741440E0,-1.578327575333E0,1.2673E1));
#7435=VERTEX_POINT('',#7434);
#7436=CARTESIAN_POINT('',(-8.471833741440E0,-2.919327575333E0,1.2673E1));
#7437=VERTEX_POINT('',#7436);
#7438=CARTESIAN_POINT('',(-6.813733741440E0,8.865049356208E0,1.3473E1));
#7439=CARTESIAN_POINT('',(-7.513733741440E0,9.565049356208E0,1.3473E1));
#7440=VERTEX_POINT('',#7438);
#7441=VERTEX_POINT('',#7439);
#7442=CARTESIAN_POINT('',(-8.213733741440E0,8.865049356208E0,1.3473E1));
#7443=VERTEX_POINT('',#7442);
#7444=CARTESIAN_POINT('',(-7.913733741440E0,8.865049356208E0,1.4873E1));
#7445=CARTESIAN_POINT('',(-7.113733741440E0,8.865049356208E0,1.4873E1));
#7446=VERTEX_POINT('',#7444);
#7447=VERTEX_POINT('',#7445);
#7448=CARTESIAN_POINT('',(-8.213733741440E0,8.865049356208E0,1.4573E1));
#7449=CARTESIAN_POINT('',(-6.813733741440E0,8.865049356208E0,1.4573E1));
#7450=VERTEX_POINT('',#7448);
#7451=VERTEX_POINT('',#7449);
#7452=CARTESIAN_POINT('',(-2.967866436053E1,4.712801539379E0,
-2.127000032842E0));
#7453=DIRECTION('',(7.071067811865E-1,7.071067811865E-1,0.E0));
#7454=DIRECTION('',(-7.071067811865E-1,7.071067811865E-1,0.E0));
#7455=AXIS2_PLACEMENT_3D('',#7452,#7453,#7454);
#7456=PLANE('',#7455);
#7458=ORIENTED_EDGE('',*,*,#7457,.T.);
#7460=ORIENTED_EDGE('',*,*,#7459,.T.);
#7462=ORIENTED_EDGE('',*,*,#7461,.F.);
#7464=ORIENTED_EDGE('',*,*,#7463,.T.);
#7466=ORIENTED_EDGE('',*,*,#7465,.T.);
#7468=ORIENTED_EDGE('',*,*,#7467,.F.);
#7469=EDGE_LOOP('',(#7458,#7460,#7462,#7464,#7466,#7468));
#7470=FACE_OUTER_BOUND('',#7469,.F.);
#7471=ADVANCED_FACE('',(#7470),#7456,.T.);
#7472=CARTESIAN_POINT('',(-1.777181485501E1,-6.0319924E0,8.972999999999E0));
#7473=DIRECTION('',(0.E0,0.E0,1.E0));
#7474=DIRECTION('',(-1.E0,0.E0,0.E0));
#7475=AXIS2_PLACEMENT_3D('',#7472,#7473,#7474);
#7476=PLANE('',#7475);
#7477=ORIENTED_EDGE('',*,*,#7457,.F.);
#7479=ORIENTED_EDGE('',*,*,#7478,.F.);
#7481=ORIENTED_EDGE('',*,*,#7480,.F.);
#7483=ORIENTED_EDGE('',*,*,#7482,.F.);
#7485=ORIENTED_EDGE('',*,*,#7484,.F.);
#7486=EDGE_LOOP('',(#7477,#7479,#7481,#7483,#7485));
#7487=FACE_OUTER_BOUND('',#7486,.F.);
#7489=ORIENTED_EDGE('',*,*,#7488,.F.);
#7491=ORIENTED_EDGE('',*,*,#7490,.F.);
#7493=ORIENTED_EDGE('',*,*,#7492,.F.);
#7495=ORIENTED_EDGE('',*,*,#7494,.F.);
#7497=ORIENTED_EDGE('',*,*,#7496,.F.);
#7499=ORIENTED_EDGE('',*,*,#7498,.F.);
#7501=ORIENTED_EDGE('',*,*,#7500,.F.);
#7503=ORIENTED_EDGE('',*,*,#7502,.F.);
#7504=EDGE_LOOP('',(#7489,#7491,#7493,#7495,#7497,#7499,#7501,#7503));
#7505=FACE_BOUND('',#7504,.F.);
#7506=ADVANCED_FACE('',(#7487,#7505),#7476,.F.);
#7507=CARTESIAN_POINT('',(-2.831966340232E1,3.353800581170E0,
-2.127000032842E0));
#7508=DIRECTION('',(0.E0,1.E0,0.E0));
#7509=DIRECTION('',(-1.E0,0.E0,0.E0));
#7510=AXIS2_PLACEMENT_3D('',#7507,#7508,#7509);
#7511=PLANE('',#7510);
#7513=ORIENTED_EDGE('',*,*,#7512,.T.);
#7515=ORIENTED_EDGE('',*,*,#7514,.T.);
#7516=ORIENTED_EDGE('',*,*,#7478,.T.);
#7517=ORIENTED_EDGE('',*,*,#7467,.T.);
#7518=EDGE_LOOP('',(#7513,#7515,#7516,#7517));
#7519=FACE_OUTER_BOUND('',#7518,.F.);
#7520=ADVANCED_FACE('',(#7519),#7511,.T.);
#7521=CARTESIAN_POINT('',(-2.709588875988E1,3.326837077718E0,
-2.002004759617E0));
#7522=DIRECTION('',(0.E0,-7.040147244560E-1,7.101853756233E-1));
#7523=DIRECTION('',(0.E0,-7.101853756233E-1,-7.040147244560E-1));
#7524=AXIS2_PLACEMENT_3D('',#7521,#7522,#7523);
#7525=PLANE('',#7524);
#7527=ORIENTED_EDGE('',*,*,#7526,.F.);
#7528=ORIENTED_EDGE('',*,*,#7512,.F.);
#7529=ORIENTED_EDGE('',*,*,#7465,.F.);
#7531=ORIENTED_EDGE('',*,*,#7530,.T.);
#7533=ORIENTED_EDGE('',*,*,#7532,.F.);
#7534=EDGE_LOOP('',(#7527,#7528,#7529,#7531,#7533));
#7535=FACE_OUTER_BOUND('',#7534,.F.);
#7536=ADVANCED_FACE('',(#7535),#7525,.F.);
#7537=CARTESIAN_POINT('',(-2.447184013602E1,6.558895720704E0,
-2.002004759617E0));
#7538=DIRECTION('',(7.040147244560E-1,0.E0,7.101853756233E-1));
#7539=DIRECTION('',(7.101853756233E-1,0.E0,-7.040147244560E-1));
#7540=AXIS2_PLACEMENT_3D('',#7537,#7538,#7539);
#7541=PLANE('',#7540);
#7543=ORIENTED_EDGE('',*,*,#7542,.F.);
#7544=ORIENTED_EDGE('',*,*,#7526,.T.);
#7546=ORIENTED_EDGE('',*,*,#7545,.F.);
#7548=ORIENTED_EDGE('',*,*,#7547,.T.);
#7549=EDGE_LOOP('',(#7543,#7544,#7546,#7548));
#7550=FACE_OUTER_BOUND('',#7549,.F.);
#7551=ADVANCED_FACE('',(#7550),#7541,.F.);
#7552=CARTESIAN_POINT('',(-2.449880363947E1,4.776943048970E0,
-2.127000032842E0));
#7553=DIRECTION('',(-1.E0,0.E0,0.E0));
#7554=DIRECTION('',(0.E0,-1.E0,0.E0));
#7555=AXIS2_PLACEMENT_3D('',#7552,#7553,#7554);
#7556=PLANE('',#7555);
#7557=ORIENTED_EDGE('',*,*,#7514,.F.);
#7558=ORIENTED_EDGE('',*,*,#7542,.T.);
#7560=ORIENTED_EDGE('',*,*,#7559,.F.);
#7561=ORIENTED_EDGE('',*,*,#7480,.T.);
#7562=EDGE_LOOP('',(#7557,#7558,#7560,#7561));
#7563=FACE_OUTER_BOUND('',#7562,.F.);
#7564=ADVANCED_FACE('',(#7563),#7556,.T.);
#7565=CARTESIAN_POINT('',(-2.449880363947E1,8.464575418830E0,
-2.127000032842E0));
#7566=DIRECTION('',(0.E0,-1.E0,0.E0));
#7567=DIRECTION('',(1.E0,0.E0,0.E0));
#7568=AXIS2_PLACEMENT_3D('',#7565,#7566,#7567);
#7569=PLANE('',#7568);
#7571=ORIENTED_EDGE('',*,*,#7570,.F.);
#7573=ORIENTED_EDGE('',*,*,#7572,.F.);
#7574=ORIENTED_EDGE('',*,*,#7482,.T.);
#7575=ORIENTED_EDGE('',*,*,#7559,.T.);
#7576=EDGE_LOOP('',(#7571,#7573,#7574,#7575));
#7577=FACE_OUTER_BOUND('',#7576,.F.);
#7578=ADVANCED_FACE('',(#7577),#7569,.T.);
#7579=CARTESIAN_POINT('',(-2.7088734E1,8.491538922282E0,-2.002004759617E0));
#7580=DIRECTION('',(0.E0,-7.040147244560E-1,-7.101853756233E-1));
#7581=DIRECTION('',(0.E0,-7.101853756233E-1,7.040147244560E-1));
#7582=AXIS2_PLACEMENT_3D('',#7579,#7580,#7581);
#7583=PLANE('',#7582);
#7585=ORIENTED_EDGE('',*,*,#7584,.F.);
#7587=ORIENTED_EDGE('',*,*,#7586,.T.);
#7588=ORIENTED_EDGE('',*,*,#7570,.T.);
#7589=ORIENTED_EDGE('',*,*,#7547,.F.);
#7590=EDGE_LOOP('',(#7585,#7587,#7588,#7589));
#7591=FACE_OUTER_BOUND('',#7590,.F.);
#7592=ADVANCED_FACE('',(#7591),#7583,.T.);
#7593=CARTESIAN_POINT('',(-1.569873384349E1,3.030672424667E0,-2.127E0));
#7594=DIRECTION('',(0.E0,0.E0,-1.E0));
#7595=DIRECTION('',(-1.E0,0.E0,0.E0));
#7596=AXIS2_PLACEMENT_3D('',#7593,#7594,#7595);
#7597=PLANE('',#7596);
#7599=ORIENTED_EDGE('',*,*,#7598,.T.);
#7601=ORIENTED_EDGE('',*,*,#7600,.F.);
#7603=ORIENTED_EDGE('',*,*,#7602,.T.);
#7605=ORIENTED_EDGE('',*,*,#7604,.F.);
#7607=ORIENTED_EDGE('',*,*,#7606,.T.);
#7609=ORIENTED_EDGE('',*,*,#7608,.F.);
#7611=ORIENTED_EDGE('',*,*,#7610,.T.);
#7613=ORIENTED_EDGE('',*,*,#7612,.F.);
#7615=ORIENTED_EDGE('',*,*,#7614,.T.);
#7617=ORIENTED_EDGE('',*,*,#7616,.F.);
#7618=EDGE_LOOP('',(#7599,#7601,#7603,#7605,#7607,#7609,#7611,#7613,#7615,
#7617));
#7619=FACE_OUTER_BOUND('',#7618,.F.);
#7620=ORIENTED_EDGE('',*,*,#7545,.T.);
#7621=ORIENTED_EDGE('',*,*,#7532,.T.);
#7623=ORIENTED_EDGE('',*,*,#7622,.F.);
#7625=ORIENTED_EDGE('',*,*,#7624,.T.);
#7626=ORIENTED_EDGE('',*,*,#7584,.T.);
#7627=EDGE_LOOP('',(#7620,#7621,#7623,#7625,#7626));
#7628=FACE_BOUND('',#7627,.F.);
#7630=ORIENTED_EDGE('',*,*,#7629,.T.);
#7632=ORIENTED_EDGE('',*,*,#7631,.T.);
#7634=ORIENTED_EDGE('',*,*,#7633,.F.);
#7636=ORIENTED_EDGE('',*,*,#7635,.T.);
#7638=ORIENTED_EDGE('',*,*,#7637,.T.);
#7639=EDGE_LOOP('',(#7630,#7632,#7634,#7636,#7638));
#7640=FACE_BOUND('',#7639,.F.);
#7642=ORIENTED_EDGE('',*,*,#7641,.T.);
#7644=ORIENTED_EDGE('',*,*,#7643,.T.);
#7646=ORIENTED_EDGE('',*,*,#7645,.F.);
#7648=ORIENTED_EDGE('',*,*,#7647,.T.);
#7650=ORIENTED_EDGE('',*,*,#7649,.T.);
#7651=EDGE_LOOP('',(#7642,#7644,#7646,#7648,#7650));
#7652=FACE_BOUND('',#7651,.F.);
#7654=ORIENTED_EDGE('',*,*,#7653,.F.);
#7656=ORIENTED_EDGE('',*,*,#7655,.T.);
#7658=ORIENTED_EDGE('',*,*,#7657,.T.);
#7660=ORIENTED_EDGE('',*,*,#7659,.T.);
#7662=ORIENTED_EDGE('',*,*,#7661,.T.);
#7663=EDGE_LOOP('',(#7654,#7656,#7658,#7660,#7662));
#7664=FACE_BOUND('',#7663,.F.);
#7666=ORIENTED_EDGE('',*,*,#7665,.T.);
#7668=ORIENTED_EDGE('',*,*,#7667,.T.);
#7670=ORIENTED_EDGE('',*,*,#7669,.F.);
#7672=ORIENTED_EDGE('',*,*,#7671,.T.);
#7674=ORIENTED_EDGE('',*,*,#7673,.T.);
#7675=EDGE_LOOP('',(#7666,#7668,#7670,#7672,#7674));
#7676=FACE_BOUND('',#7675,.F.);
#7678=ORIENTED_EDGE('',*,*,#7677,.T.);
#7680=ORIENTED_EDGE('',*,*,#7679,.T.);
#7682=ORIENTED_EDGE('',*,*,#7681,.T.);
#7684=ORIENTED_EDGE('',*,*,#7683,.T.);
#7686=ORIENTED_EDGE('',*,*,#7685,.F.);
#7687=EDGE_LOOP('',(#7678,#7680,#7682,#7684,#7686));
#7688=FACE_BOUND('',#7687,.F.);
#7690=ORIENTED_EDGE('',*,*,#7689,.T.);
#7692=ORIENTED_EDGE('',*,*,#7691,.T.);
#7694=ORIENTED_EDGE('',*,*,#7693,.F.);
#7696=ORIENTED_EDGE('',*,*,#7695,.T.);
#7698=ORIENTED_EDGE('',*,*,#7697,.T.);
#7699=EDGE_LOOP('',(#7690,#7692,#7694,#7696,#7698));
#7700=FACE_BOUND('',#7699,.F.);
#7702=ORIENTED_EDGE('',*,*,#7701,.F.);
#7704=ORIENTED_EDGE('',*,*,#7703,.T.);
#7706=ORIENTED_EDGE('',*,*,#7705,.T.);
#7708=ORIENTED_EDGE('',*,*,#7707,.T.);
#7709=EDGE_LOOP('',(#7702,#7704,#7706,#7708));
#7710=FACE_BOUND('',#7709,.F.);
#7712=ORIENTED_EDGE('',*,*,#7711,.T.);
#7714=ORIENTED_EDGE('',*,*,#7713,.T.);
#7716=ORIENTED_EDGE('',*,*,#7715,.T.);
#7718=ORIENTED_EDGE('',*,*,#7717,.T.);
#7720=ORIENTED_EDGE('',*,*,#7719,.F.);
#7721=EDGE_LOOP('',(#7712,#7714,#7716,#7718,#7720));
#7722=FACE_BOUND('',#7721,.F.);
#7724=ORIENTED_EDGE('',*,*,#7723,.T.);
#7726=ORIENTED_EDGE('',*,*,#7725,.T.);
#7728=ORIENTED_EDGE('',*,*,#7727,.T.);
#7730=ORIENTED_EDGE('',*,*,#7729,.F.);
#7732=ORIENTED_EDGE('',*,*,#7731,.T.);
#7733=EDGE_LOOP('',(#7724,#7726,#7728,#7730,#7732));
#7734=FACE_BOUND('',#7733,.F.);
#7735=ADVANCED_FACE('',(#7619,#7628,#7640,#7652,#7664,#7676,#7688,#7700,#7710,
#7722,#7734),#7597,.T.);
#7736=CARTESIAN_POINT('',(-6.813733741440E0,1.140505442467E1,1.714400240001E1));
#7737=DIRECTION('',(-1.E0,0.E0,0.E0));
#7738=DIRECTION('',(0.E0,-1.E0,0.E0));
#7739=AXIS2_PLACEMENT_3D('',#7736,#7737,#7738);
#7740=PLANE('',#7739);
#7742=ORIENTED_EDGE('',*,*,#7741,.T.);
#7744=ORIENTED_EDGE('',*,*,#7743,.T.);
#7746=ORIENTED_EDGE('',*,*,#7745,.F.);
#7747=ORIENTED_EDGE('',*,*,#7598,.F.);
#7749=ORIENTED_EDGE('',*,*,#7748,.F.);
#7751=ORIENTED_EDGE('',*,*,#7750,.T.);
#7753=ORIENTED_EDGE('',*,*,#7752,.F.);
#7755=ORIENTED_EDGE('',*,*,#7754,.T.);
#7757=ORIENTED_EDGE('',*,*,#7756,.T.);
#7758=EDGE_LOOP('',(#7742,#7744,#7746,#7747,#7749,#7751,#7753,#7755,#7757));
#7759=FACE_OUTER_BOUND('',#7758,.F.);
#7760=ADVANCED_FACE('',(#7759),#7740,.F.);
#7761=CARTESIAN_POINT('',(0.E0,0.E0,1.3473E1));
#7762=DIRECTION('',(0.E0,0.E0,1.E0));
#7763=DIRECTION('',(1.E0,0.E0,0.E0));
#7764=AXIS2_PLACEMENT_3D('',#7761,#7762,#7763);
#7765=PLANE('',#7764);
#7767=ORIENTED_EDGE('',*,*,#7766,.F.);
#7769=ORIENTED_EDGE('',*,*,#7768,.F.);
#7771=ORIENTED_EDGE('',*,*,#7770,.F.);
#7773=ORIENTED_EDGE('',*,*,#7772,.F.);
#7775=ORIENTED_EDGE('',*,*,#7774,.F.);
#7777=ORIENTED_EDGE('',*,*,#7776,.F.);
#7779=ORIENTED_EDGE('',*,*,#7778,.F.);
#7780=EDGE_LOOP('',(#7767,#7769,#7771,#7773,#7775,#7777,#7779));
#7781=FACE_OUTER_BOUND('',#7780,.F.);
#7782=ADVANCED_FACE('',(#7781),#7765,.T.);
#7783=CARTESIAN_POINT('',(0.E0,0.E0,1.3473E1));
#7784=DIRECTION('',(0.E0,0.E0,1.E0));
#7785=DIRECTION('',(1.E0,0.E0,0.E0));
#7786=AXIS2_PLACEMENT_3D('',#7783,#7784,#7785);
#7787=PLANE('',#7786);
#7789=ORIENTED_EDGE('',*,*,#7788,.F.);
#7791=ORIENTED_EDGE('',*,*,#7790,.F.);
#7793=ORIENTED_EDGE('',*,*,#7792,.F.);
#7795=ORIENTED_EDGE('',*,*,#7794,.F.);
#7797=ORIENTED_EDGE('',*,*,#7796,.F.);
#7799=ORIENTED_EDGE('',*,*,#7798,.F.);
#7801=ORIENTED_EDGE('',*,*,#7800,.F.);
#7802=EDGE_LOOP('',(#7789,#7791,#7793,#7795,#7797,#7799,#7801));
#7803=FACE_OUTER_BOUND('',#7802,.F.);
#7804=ADVANCED_FACE('',(#7803),#7787,.T.);
#7805=CARTESIAN_POINT('',(0.E0,0.E0,1.3473E1));
#7806=DIRECTION('',(0.E0,0.E0,1.E0));
#7807=DIRECTION('',(1.E0,0.E0,0.E0));
#7808=AXIS2_PLACEMENT_3D('',#7805,#7806,#7807);
#7809=PLANE('',#7808);
#7811=ORIENTED_EDGE('',*,*,#7810,.F.);
#7813=ORIENTED_EDGE('',*,*,#7812,.F.);
#7815=ORIENTED_EDGE('',*,*,#7814,.F.);
#7817=ORIENTED_EDGE('',*,*,#7816,.F.);
#7819=ORIENTED_EDGE('',*,*,#7818,.F.);
#7821=ORIENTED_EDGE('',*,*,#7820,.F.);
#7822=ORIENTED_EDGE('',*,*,#7750,.F.);
#7823=EDGE_LOOP('',(#7811,#7813,#7815,#7817,#7819,#7821,#7822));
#7824=FACE_OUTER_BOUND('',#7823,.F.);
#7825=ADVANCED_FACE('',(#7824),#7809,.T.);
#7826=CARTESIAN_POINT('',(0.E0,0.E0,1.3473E1));
#7827=DIRECTION('',(0.E0,0.E0,1.E0));
#7828=DIRECTION('',(1.E0,0.E0,0.E0));
#7829=AXIS2_PLACEMENT_3D('',#7826,#7827,#7828);
#7830=PLANE('',#7829);
#7832=ORIENTED_EDGE('',*,*,#7831,.T.);
#7834=ORIENTED_EDGE('',*,*,#7833,.F.);
#7836=ORIENTED_EDGE('',*,*,#7835,.F.);
#7837=ORIENTED_EDGE('',*,*,#7743,.F.);
#7838=EDGE_LOOP('',(#7832,#7834,#7836,#7837));
#7839=FACE_OUTER_BOUND('',#7838,.F.);
#7840=ADVANCED_FACE('',(#7839),#7830,.T.);
#7841=CARTESIAN_POINT('',(0.E0,0.E0,1.3473E1));
#7842=DIRECTION('',(0.E0,0.E0,1.E0));
#7843=DIRECTION('',(1.E0,0.E0,0.E0));
#7844=AXIS2_PLACEMENT_3D('',#7841,#7842,#7843);
#7845=PLANE('',#7844);
#7847=ORIENTED_EDGE('',*,*,#7846,.T.);
#7849=ORIENTED_EDGE('',*,*,#7848,.T.);
#7850=ORIENTED_EDGE('',*,*,#7741,.F.);
#7852=ORIENTED_EDGE('',*,*,#7851,.F.);
#7854=ORIENTED_EDGE('',*,*,#7853,.F.);
#7856=ORIENTED_EDGE('',*,*,#7855,.F.);
#7858=ORIENTED_EDGE('',*,*,#7857,.F.);
#7860=ORIENTED_EDGE('',*,*,#7859,.F.);
#7861=EDGE_LOOP('',(#7847,#7849,#7850,#7852,#7854,#7856,#7858,#7860));
#7862=FACE_OUTER_BOUND('',#7861,.F.);
#7863=ADVANCED_FACE('',(#7862),#7845,.T.);
#7864=CARTESIAN_POINT('',(-3.546373394554E1,9.065049356208E0,0.E0));
#7865=DIRECTION('',(0.E0,0.E0,1.E0));
#7866=DIRECTION('',(1.E0,0.E0,0.E0));
#7867=AXIS2_PLACEMENT_3D('',#7864,#7865,#7866);
#7868=CYLINDRICAL_SURFACE('',#7867,5.E-1);
#7870=ORIENTED_EDGE('',*,*,#7869,.F.);
#7871=ORIENTED_EDGE('',*,*,#7766,.T.);
#7873=ORIENTED_EDGE('',*,*,#7872,.F.);
#7874=ORIENTED_EDGE('',*,*,#7608,.T.);
#7875=EDGE_LOOP('',(#7870,#7871,#7873,#7874));
#7876=FACE_OUTER_BOUND('',#7875,.F.);
#7877=ADVANCED_FACE('',(#7876),#7868,.T.);
#7878=CARTESIAN_POINT('',(-3.563873415651E1,9.565049356208E0,1.2343E1));
#7879=DIRECTION('',(0.E0,1.E0,0.E0));
#7880=DIRECTION('',(1.E0,0.E0,0.E0));
#7881=AXIS2_PLACEMENT_3D('',#7878,#7879,#7880);
#7882=PLANE('',#7881);
#7883=ORIENTED_EDGE('',*,*,#7833,.T.);
#7884=ORIENTED_EDGE('',*,*,#7859,.T.);
#7886=ORIENTED_EDGE('',*,*,#7885,.F.);
#7888=ORIENTED_EDGE('',*,*,#7887,.F.);
#7890=ORIENTED_EDGE('',*,*,#7889,.T.);
#7891=ORIENTED_EDGE('',*,*,#7768,.T.);
#7892=ORIENTED_EDGE('',*,*,#7869,.T.);
#7893=ORIENTED_EDGE('',*,*,#7606,.F.);
#7895=ORIENTED_EDGE('',*,*,#7894,.F.);
#7897=ORIENTED_EDGE('',*,*,#7896,.T.);
#7899=ORIENTED_EDGE('',*,*,#7898,.T.);
#7900=ORIENTED_EDGE('',*,*,#7602,.F.);
#7902=ORIENTED_EDGE('',*,*,#7901,.F.);
#7903=EDGE_LOOP('',(#7883,#7884,#7886,#7888,#7890,#7891,#7892,#7893,#7895,#7897,
#7899,#7900,#7902));
#7904=FACE_OUTER_BOUND('',#7903,.F.);
#7906=ORIENTED_EDGE('',*,*,#7905,.F.);
#7908=ORIENTED_EDGE('',*,*,#7907,.F.);
#7910=ORIENTED_EDGE('',*,*,#7909,.F.);
#7912=ORIENTED_EDGE('',*,*,#7911,.F.);
#7913=EDGE_LOOP('',(#7906,#7908,#7910,#7912));
#7914=FACE_BOUND('',#7913,.F.);
#7915=ADVANCED_FACE('',(#7904,#7914),#7882,.T.);
#7916=CARTESIAN_POINT('',(-7.726404479450E0,9.565049356208E0,1.723000000001E0));
#7917=DIRECTION('',(0.E0,0.E0,1.E0));
#7918=DIRECTION('',(-1.E0,0.E0,0.E0));
#7919=AXIS2_PLACEMENT_3D('',#7916,#7917,#7918);
#7920=PLANE('',#7919);
#7921=ORIENTED_EDGE('',*,*,#7905,.T.);
#7923=ORIENTED_EDGE('',*,*,#7922,.F.);
#7925=ORIENTED_EDGE('',*,*,#7924,.T.);
#7927=ORIENTED_EDGE('',*,*,#7926,.T.);
#7928=EDGE_LOOP('',(#7921,#7923,#7925,#7927));
#7929=FACE_OUTER_BOUND('',#7928,.F.);
#7930=ADVANCED_FACE('',(#7929),#7920,.T.);
#7931=CARTESIAN_POINT('',(-1.122640447945E1,9.565049356208E0,1.723000000001E0));
#7932=DIRECTION('',(-1.E0,0.E0,0.E0));
#7933=DIRECTION('',(0.E0,0.E0,-1.E0));
#7934=AXIS2_PLACEMENT_3D('',#7931,#7932,#7933);
#7935=PLANE('',#7934);
#7936=ORIENTED_EDGE('',*,*,#7911,.T.);
#7938=ORIENTED_EDGE('',*,*,#7937,.F.);
#7940=ORIENTED_EDGE('',*,*,#7939,.T.);
#7941=ORIENTED_EDGE('',*,*,#7922,.T.);
#7942=EDGE_LOOP('',(#7936,#7938,#7940,#7941));
#7943=FACE_OUTER_BOUND('',#7942,.F.);
#7944=ADVANCED_FACE('',(#7943),#7935,.T.);
#7945=CARTESIAN_POINT('',(-1.122640447945E1,9.565049356208E0,
-1.776999999999E0));
#7946=DIRECTION('',(0.E0,0.E0,-1.E0));
#7947=DIRECTION('',(1.E0,0.E0,0.E0));
#7948=AXIS2_PLACEMENT_3D('',#7945,#7946,#7947);
#7949=PLANE('',#7948);
#7950=ORIENTED_EDGE('',*,*,#7909,.T.);
#7952=ORIENTED_EDGE('',*,*,#7951,.F.);
#7954=ORIENTED_EDGE('',*,*,#7953,.T.);
#7955=ORIENTED_EDGE('',*,*,#7937,.T.);
#7956=EDGE_LOOP('',(#7950,#7952,#7954,#7955));
#7957=FACE_OUTER_BOUND('',#7956,.F.);
#7958=ADVANCED_FACE('',(#7957),#7949,.T.);
#7959=CARTESIAN_POINT('',(-7.726404479450E0,9.565049356208E0,
-1.776999999999E0));
#7960=DIRECTION('',(1.E0,0.E0,0.E0));
#7961=DIRECTION('',(0.E0,0.E0,1.E0));
#7962=AXIS2_PLACEMENT_3D('',#7959,#7960,#7961);
#7963=PLANE('',#7962);
#7964=ORIENTED_EDGE('',*,*,#7907,.T.);
#7965=ORIENTED_EDGE('',*,*,#7926,.F.);
#7967=ORIENTED_EDGE('',*,*,#7966,.T.);
#7968=ORIENTED_EDGE('',*,*,#7951,.T.);
#7969=EDGE_LOOP('',(#7964,#7965,#7967,#7968));
#7970=FACE_OUTER_BOUND('',#7969,.F.);
#7971=ADVANCED_FACE('',(#7970),#7963,.T.);
#7972=CARTESIAN_POINT('',(-2.138873384349E1,9.575049356208E0,6.874024439277E0));
#7973=DIRECTION('',(0.E0,1.E0,0.E0));
#7974=DIRECTION('',(1.E0,0.E0,0.E0));
#7975=AXIS2_PLACEMENT_3D('',#7972,#7973,#7974);
#7976=PLANE('',#7975);
#7977=ORIENTED_EDGE('',*,*,#7924,.F.);
#7978=ORIENTED_EDGE('',*,*,#7939,.F.);
#7979=ORIENTED_EDGE('',*,*,#7953,.F.);
#7980=ORIENTED_EDGE('',*,*,#7966,.F.);
#7981=EDGE_LOOP('',(#7977,#7978,#7979,#7980));
#7982=FACE_OUTER_BOUND('',#7981,.F.);
#7984=ORIENTED_EDGE('',*,*,#7983,.F.);
#7986=ORIENTED_EDGE('',*,*,#7985,.F.);
#7988=ORIENTED_EDGE('',*,*,#7987,.F.);
#7990=ORIENTED_EDGE('',*,*,#7989,.F.);
#7992=ORIENTED_EDGE('',*,*,#7991,.F.);
#7994=ORIENTED_EDGE('',*,*,#7993,.F.);
#7996=ORIENTED_EDGE('',*,*,#7995,.F.);
#7998=ORIENTED_EDGE('',*,*,#7997,.F.);
#8000=ORIENTED_EDGE('',*,*,#7999,.F.);
#8002=ORIENTED_EDGE('',*,*,#8001,.F.);
#8004=ORIENTED_EDGE('',*,*,#8003,.F.);
#8006=ORIENTED_EDGE('',*,*,#8005,.F.);
#8008=ORIENTED_EDGE('',*,*,#8007,.F.);
#8010=ORIENTED_EDGE('',*,*,#8009,.F.);
#8012=ORIENTED_EDGE('',*,*,#8011,.F.);
#8014=ORIENTED_EDGE('',*,*,#8013,.F.);
#8016=ORIENTED_EDGE('',*,*,#8015,.F.);
#8018=ORIENTED_EDGE('',*,*,#8017,.F.);
#8020=ORIENTED_EDGE('',*,*,#8019,.F.);
#8022=ORIENTED_EDGE('',*,*,#8021,.F.);
#8024=ORIENTED_EDGE('',*,*,#8023,.F.);
#8026=ORIENTED_EDGE('',*,*,#8025,.F.);
#8028=ORIENTED_EDGE('',*,*,#8027,.F.);
#8030=ORIENTED_EDGE('',*,*,#8029,.F.);
#8032=ORIENTED_EDGE('',*,*,#8031,.F.);
#8034=ORIENTED_EDGE('',*,*,#8033,.F.);
#8036=ORIENTED_EDGE('',*,*,#8035,.F.);
#8038=ORIENTED_EDGE('',*,*,#8037,.F.);
#8040=ORIENTED_EDGE('',*,*,#8039,.F.);
#8042=ORIENTED_EDGE('',*,*,#8041,.F.);
#8044=ORIENTED_EDGE('',*,*,#8043,.F.);
#8046=ORIENTED_EDGE('',*,*,#8045,.F.);
#8048=ORIENTED_EDGE('',*,*,#8047,.F.);
#8050=ORIENTED_EDGE('',*,*,#8049,.F.);
#8052=ORIENTED_EDGE('',*,*,#8051,.F.);
#8054=ORIENTED_EDGE('',*,*,#8053,.F.);
#8056=ORIENTED_EDGE('',*,*,#8055,.F.);
#8058=ORIENTED_EDGE('',*,*,#8057,.F.);
#8060=ORIENTED_EDGE('',*,*,#8059,.F.);
#8062=ORIENTED_EDGE('',*,*,#8061,.F.);
#8063=EDGE_LOOP('',(#7984,#7986,#7988,#7990,#7992,#7994,#7996,#7998,#8000,#8002,
#8004,#8006,#8008,#8010,#8012,#8014,#8016,#8018,#8020,#8022,#8024,#8026,#8028,
#8030,#8032,#8034,#8036,#8038,#8040,#8042,#8044,#8046,#8048,#8050,#8052,#8054,
#8056,#8058,#8060,#8062));
#8064=FACE_BOUND('',#8063,.F.);
#8066=ORIENTED_EDGE('',*,*,#8065,.F.);
#8068=ORIENTED_EDGE('',*,*,#8067,.F.);
#8070=ORIENTED_EDGE('',*,*,#8069,.F.);
#8072=ORIENTED_EDGE('',*,*,#8071,.F.);
#8074=ORIENTED_EDGE('',*,*,#8073,.F.);
#8076=ORIENTED_EDGE('',*,*,#8075,.F.);
#8078=ORIENTED_EDGE('',*,*,#8077,.F.);
#8080=ORIENTED_EDGE('',*,*,#8079,.F.);
#8082=ORIENTED_EDGE('',*,*,#8081,.F.);
#8084=ORIENTED_EDGE('',*,*,#8083,.F.);
#8086=ORIENTED_EDGE('',*,*,#8085,.F.);
#8088=ORIENTED_EDGE('',*,*,#8087,.F.);
#8090=ORIENTED_EDGE('',*,*,#8089,.F.);
#8091=EDGE_LOOP('',(#8066,#8068,#8070,#8072,#8074,#8076,#8078,#8080,#8082,#8084,
#8086,#8088,#8090));
#8092=FACE_BOUND('',#8091,.F.);
#8093=ADVANCED_FACE('',(#7982,#8064,#8092),#7976,.T.);
#8094=CARTESIAN_POINT('',(-9.656393106104E0,9.565049356208E0,
-1.329968616799E-1));
#8095=DIRECTION('',(1.E0,0.E0,0.E0));
#8096=DIRECTION('',(0.E0,0.E0,1.E0));
#8097=AXIS2_PLACEMENT_3D('',#8094,#8095,#8096);
#8098=PLANE('',#8097);
#8100=ORIENTED_EDGE('',*,*,#8099,.T.);
#8102=ORIENTED_EDGE('',*,*,#8101,.F.);
#8103=ORIENTED_EDGE('',*,*,#7983,.T.);
#8105=ORIENTED_EDGE('',*,*,#8104,.T.);
#8106=EDGE_LOOP('',(#8100,#8102,#8103,#8105));
#8107=FACE_OUTER_BOUND('',#8106,.F.);
#8108=ADVANCED_FACE('',(#8107),#8098,.T.);
#8109=CARTESIAN_POINT('',(-3.563873415651E1,9.565049356208E0,1.2343E1));
#8110=DIRECTION('',(0.E0,1.E0,0.E0));
#8111=DIRECTION('',(1.E0,0.E0,0.E0));
#8112=AXIS2_PLACEMENT_3D('',#8109,#8110,#8111);
#8113=PLANE('',#8112);
#8115=ORIENTED_EDGE('',*,*,#8114,.F.);
#8117=ORIENTED_EDGE('',*,*,#8116,.F.);
#8119=ORIENTED_EDGE('',*,*,#8118,.F.);
#8121=ORIENTED_EDGE('',*,*,#8120,.F.);
#8123=ORIENTED_EDGE('',*,*,#8122,.F.);
#8125=ORIENTED_EDGE('',*,*,#8124,.F.);
#8127=ORIENTED_EDGE('',*,*,#8126,.F.);
#8129=ORIENTED_EDGE('',*,*,#8128,.F.);
#8131=ORIENTED_EDGE('',*,*,#8130,.F.);
#8133=ORIENTED_EDGE('',*,*,#8132,.F.);
#8135=ORIENTED_EDGE('',*,*,#8134,.F.);
#8137=ORIENTED_EDGE('',*,*,#8136,.F.);
#8139=ORIENTED_EDGE('',*,*,#8138,.F.);
#8141=ORIENTED_EDGE('',*,*,#8140,.F.);
#8143=ORIENTED_EDGE('',*,*,#8142,.F.);
#8145=ORIENTED_EDGE('',*,*,#8144,.F.);
#8147=ORIENTED_EDGE('',*,*,#8146,.F.);
#8149=ORIENTED_EDGE('',*,*,#8148,.F.);
#8151=ORIENTED_EDGE('',*,*,#8150,.F.);
#8153=ORIENTED_EDGE('',*,*,#8152,.F.);
#8155=ORIENTED_EDGE('',*,*,#8154,.F.);
#8157=ORIENTED_EDGE('',*,*,#8156,.F.);
#8159=ORIENTED_EDGE('',*,*,#8158,.F.);
#8161=ORIENTED_EDGE('',*,*,#8160,.F.);
#8163=ORIENTED_EDGE('',*,*,#8162,.F.);
#8165=ORIENTED_EDGE('',*,*,#8164,.F.);
#8167=ORIENTED_EDGE('',*,*,#8166,.F.);
#8169=ORIENTED_EDGE('',*,*,#8168,.F.);
#8171=ORIENTED_EDGE('',*,*,#8170,.F.);
#8173=ORIENTED_EDGE('',*,*,#8172,.F.);
#8175=ORIENTED_EDGE('',*,*,#8174,.F.);
#8177=ORIENTED_EDGE('',*,*,#8176,.F.);
#8179=ORIENTED_EDGE('',*,*,#8178,.F.);
#8180=ORIENTED_EDGE('',*,*,#8099,.F.);
#8182=ORIENTED_EDGE('',*,*,#8181,.F.);
#8184=ORIENTED_EDGE('',*,*,#8183,.F.);
#8186=ORIENTED_EDGE('',*,*,#8185,.F.);
#8188=ORIENTED_EDGE('',*,*,#8187,.F.);
#8190=ORIENTED_EDGE('',*,*,#8189,.F.);
#8192=ORIENTED_EDGE('',*,*,#8191,.F.);
#8193=EDGE_LOOP('',(#8115,#8117,#8119,#8121,#8123,#8125,#8127,#8129,#8131,#8133,
#8135,#8137,#8139,#8141,#8143,#8145,#8147,#8149,#8151,#8153,#8155,#8157,#8159,
#8161,#8163,#8165,#8167,#8169,#8171,#8173,#8175,#8177,#8179,#8180,#8182,#8184,
#8186,#8188,#8190,#8192));
#8194=FACE_OUTER_BOUND('',#8193,.F.);
#8196=ORIENTED_EDGE('',*,*,#8195,.F.);
#8198=ORIENTED_EDGE('',*,*,#8197,.F.);
#8200=ORIENTED_EDGE('',*,*,#8199,.F.);
#8202=ORIENTED_EDGE('',*,*,#8201,.F.);
#8204=ORIENTED_EDGE('',*,*,#8203,.F.);
#8206=ORIENTED_EDGE('',*,*,#8205,.F.);
#8208=ORIENTED_EDGE('',*,*,#8207,.F.);
#8210=ORIENTED_EDGE('',*,*,#8209,.F.);
#8212=ORIENTED_EDGE('',*,*,#8211,.F.);
#8214=ORIENTED_EDGE('',*,*,#8213,.F.);
#8216=ORIENTED_EDGE('',*,*,#8215,.F.);
#8218=ORIENTED_EDGE('',*,*,#8217,.F.);
#8220=ORIENTED_EDGE('',*,*,#8219,.F.);
#8222=ORIENTED_EDGE('',*,*,#8221,.F.);
#8224=ORIENTED_EDGE('',*,*,#8223,.F.);
#8226=ORIENTED_EDGE('',*,*,#8225,.F.);
#8228=ORIENTED_EDGE('',*,*,#8227,.F.);
#8230=ORIENTED_EDGE('',*,*,#8229,.F.);
#8232=ORIENTED_EDGE('',*,*,#8231,.F.);
#8234=ORIENTED_EDGE('',*,*,#8233,.F.);
#8236=ORIENTED_EDGE('',*,*,#8235,.F.);
#8238=ORIENTED_EDGE('',*,*,#8237,.F.);
#8240=ORIENTED_EDGE('',*,*,#8239,.F.);
#8242=ORIENTED_EDGE('',*,*,#8241,.F.);
#8243=EDGE_LOOP('',(#8196,#8198,#8200,#8202,#8204,#8206,#8208,#8210,#8212,#8214,
#8216,#8218,#8220,#8222,#8224,#8226,#8228,#8230,#8232,#8234,#8236,#8238,#8240,
#8242));
#8244=FACE_BOUND('',#8243,.F.);
#8245=ADVANCED_FACE('',(#8194,#8244),#8113,.T.);
#8246=CARTESIAN_POINT('',(-9.187643106104E0,9.565049356208E0,
-1.164246861680E0));
#8247=DIRECTION('',(5.547001962252E-1,0.E0,8.320502943378E-1));
#8248=DIRECTION('',(-8.320502943378E-1,0.E0,5.547001962252E-1));
#8249=AXIS2_PLACEMENT_3D('',#8246,#8247,#8248);
#8250=PLANE('',#8249);
#8251=ORIENTED_EDGE('',*,*,#8114,.T.);
#8253=ORIENTED_EDGE('',*,*,#8252,.F.);
#8254=ORIENTED_EDGE('',*,*,#8049,.T.);
#8256=ORIENTED_EDGE('',*,*,#8255,.T.);
#8257=EDGE_LOOP('',(#8251,#8253,#8254,#8256));
#8258=FACE_OUTER_BOUND('',#8257,.F.);
#8259=ADVANCED_FACE('',(#8258),#8250,.T.);
#8260=CARTESIAN_POINT('',(-9.281393106104E0,9.565049356208E0,
-1.101746861680E0));
#8261=DIRECTION('',(7.071067811865E-1,0.E0,7.071067811865E-1));
#8262=DIRECTION('',(-7.071067811865E-1,0.E0,7.071067811865E-1));
#8263=AXIS2_PLACEMENT_3D('',#8260,#8261,#8262);
#8264=PLANE('',#8263);
#8265=ORIENTED_EDGE('',*,*,#8191,.T.);
#8267=ORIENTED_EDGE('',*,*,#8266,.F.);
#8268=ORIENTED_EDGE('',*,*,#8051,.T.);
#8269=ORIENTED_EDGE('',*,*,#8252,.T.);
#8270=EDGE_LOOP('',(#8265,#8267,#8268,#8269));
#8271=FACE_OUTER_BOUND('',#8270,.F.);
#8272=ADVANCED_FACE('',(#8271),#8264,.T.);
#8273=CARTESIAN_POINT('',(-9.375143106104E0,9.565049356208E0,
-1.007996861680E0));
#8274=DIRECTION('',(8.E-1,0.E0,6.E-1));
#8275=DIRECTION('',(-6.E-1,0.E0,8.E-1));
#8276=AXIS2_PLACEMENT_3D('',#8273,#8274,#8275);
#8277=PLANE('',#8276);
#8278=ORIENTED_EDGE('',*,*,#8189,.T.);
#8280=ORIENTED_EDGE('',*,*,#8279,.F.);
#8281=ORIENTED_EDGE('',*,*,#8053,.T.);
#8282=ORIENTED_EDGE('',*,*,#8266,.T.);
#8283=EDGE_LOOP('',(#8278,#8280,#8281,#8282));
#8284=FACE_OUTER_BOUND('',#8283,.F.);
#8285=ADVANCED_FACE('',(#8284),#8277,.T.);
#8286=CARTESIAN_POINT('',(-9.468893106104E0,9.565049356208E0,
-8.829968616799E-1));
#8287=DIRECTION('',(8.944271909999E-1,0.E0,4.472135955E-1));
#8288=DIRECTION('',(-4.472135955E-1,0.E0,8.944271909999E-1));
#8289=AXIS2_PLACEMENT_3D('',#8286,#8287,#8288);
#8290=PLANE('',#8289);
#8291=ORIENTED_EDGE('',*,*,#8187,.T.);
#8293=ORIENTED_EDGE('',*,*,#8292,.F.);
#8294=ORIENTED_EDGE('',*,*,#8055,.T.);
#8295=ORIENTED_EDGE('',*,*,#8279,.T.);
#8296=EDGE_LOOP('',(#8291,#8293,#8294,#8295));
#8297=FACE_OUTER_BOUND('',#8296,.F.);
#8298=ADVANCED_FACE('',(#8297),#8290,.T.);
#8299=CARTESIAN_POINT('',(-9.531393106104E0,9.565049356208E0,
-7.579968616799E-1));
#8300=DIRECTION('',(9.284766908853E-1,0.E0,3.713906763541E-1));
#8301=DIRECTION('',(-3.713906763541E-1,0.E0,9.284766908853E-1));
#8302=AXIS2_PLACEMENT_3D('',#8299,#8300,#8301);
#8303=PLANE('',#8302);
#8304=ORIENTED_EDGE('',*,*,#8185,.T.);
#8306=ORIENTED_EDGE('',*,*,#8305,.F.);
#8307=ORIENTED_EDGE('',*,*,#8057,.T.);
#8308=ORIENTED_EDGE('',*,*,#8292,.T.);
#8309=EDGE_LOOP('',(#8304,#8306,#8307,#8308));
#8310=FACE_OUTER_BOUND('',#8309,.F.);
#8311=ADVANCED_FACE('',(#8310),#8303,.T.);
#8312=CARTESIAN_POINT('',(-9.593893106104E0,9.565049356208E0,
-6.017468616799E-1));
#8313=DIRECTION('',(9.863939238321E-1,0.E0,1.643989873054E-1));
#8314=DIRECTION('',(-1.643989873054E-1,0.E0,9.863939238321E-1));
#8315=AXIS2_PLACEMENT_3D('',#8312,#8313,#8314);
#8316=PLANE('',#8315);
#8317=ORIENTED_EDGE('',*,*,#8183,.T.);
#8319=ORIENTED_EDGE('',*,*,#8318,.F.);
#8320=ORIENTED_EDGE('',*,*,#8059,.T.);
#8321=ORIENTED_EDGE('',*,*,#8305,.T.);
#8322=EDGE_LOOP('',(#8317,#8319,#8320,#8321));
#8323=FACE_OUTER_BOUND('',#8322,.F.);
#8324=ADVANCED_FACE('',(#8323),#8316,.T.);
#8325=CARTESIAN_POINT('',(-9.625143106104E0,9.565049356208E0,
-4.142468616799E-1));
#8326=DIRECTION('',(9.938837346736E-1,0.E0,1.104315260748E-1));
#8327=DIRECTION('',(-1.104315260748E-1,0.E0,9.938837346736E-1));
#8328=AXIS2_PLACEMENT_3D('',#8325,#8326,#8327);
#8329=PLANE('',#8328);
#8330=ORIENTED_EDGE('',*,*,#8181,.T.);
#8331=ORIENTED_EDGE('',*,*,#8104,.F.);
#8332=ORIENTED_EDGE('',*,*,#8061,.T.);
#8333=ORIENTED_EDGE('',*,*,#8318,.T.);
#8334=EDGE_LOOP('',(#8330,#8331,#8332,#8333));
#8335=FACE_OUTER_BOUND('',#8334,.F.);
#8336=ADVANCED_FACE('',(#8335),#8329,.T.);
#8337=CARTESIAN_POINT('',(-9.031393106104E0,9.565049356208E0,
-1.226746861680E0));
#8338=DIRECTION('',(3.713906763541E-1,0.E0,9.284766908853E-1));
#8339=DIRECTION('',(-9.284766908853E-1,0.E0,3.713906763541E-1));
#8340=AXIS2_PLACEMENT_3D('',#8337,#8338,#8339);
#8341=PLANE('',#8340);
#8342=ORIENTED_EDGE('',*,*,#8116,.T.);
#8343=ORIENTED_EDGE('',*,*,#8255,.F.);
#8344=ORIENTED_EDGE('',*,*,#8047,.T.);
#8346=ORIENTED_EDGE('',*,*,#8345,.T.);
#8347=EDGE_LOOP('',(#8342,#8343,#8344,#8346));
#8348=FACE_OUTER_BOUND('',#8347,.F.);
#8349=ADVANCED_FACE('',(#8348),#8341,.T.);
#8350=CARTESIAN_POINT('',(-8.906393106104E0,9.565049356208E0,
-1.257996861680E0));
#8351=DIRECTION('',(2.425356250363E-1,0.E0,9.701425001453E-1));
#8352=DIRECTION('',(-9.701425001453E-1,0.E0,2.425356250363E-1));
#8353=AXIS2_PLACEMENT_3D('',#8350,#8351,#8352);
#8354=PLANE('',#8353);
#8355=ORIENTED_EDGE('',*,*,#8118,.T.);
#8356=ORIENTED_EDGE('',*,*,#8345,.F.);
#8357=ORIENTED_EDGE('',*,*,#8045,.T.);
#8359=ORIENTED_EDGE('',*,*,#8358,.T.);
#8360=EDGE_LOOP('',(#8355,#8356,#8357,#8359));
#8361=FACE_OUTER_BOUND('',#8360,.F.);
#8362=ADVANCED_FACE('',(#8361),#8354,.T.);
#8363=CARTESIAN_POINT('',(-8.687643106104E0,9.565049356208E0,
-1.257996861680E0));
#8364=DIRECTION('',(0.E0,0.E0,1.E0));
#8365=DIRECTION('',(-1.E0,0.E0,0.E0));
#8366=AXIS2_PLACEMENT_3D('',#8363,#8364,#8365);
#8367=PLANE('',#8366);
#8368=ORIENTED_EDGE('',*,*,#8120,.T.);
#8369=ORIENTED_EDGE('',*,*,#8358,.F.);
#8370=ORIENTED_EDGE('',*,*,#8043,.T.);
#8372=ORIENTED_EDGE('',*,*,#8371,.T.);
#8373=EDGE_LOOP('',(#8368,#8369,#8370,#8372));
#8374=FACE_OUTER_BOUND('',#8373,.F.);
#8375=ADVANCED_FACE('',(#8374),#8367,.T.);
#8376=CARTESIAN_POINT('',(-8.562643106104E0,9.565049356208E0,
-1.226746861680E0));
#8377=DIRECTION('',(-2.425356250363E-1,0.E0,9.701425001453E-1));
#8378=DIRECTION('',(-9.701425001453E-1,0.E0,-2.425356250363E-1));
#8379=AXIS2_PLACEMENT_3D('',#8376,#8377,#8378);
#8380=PLANE('',#8379);
#8381=ORIENTED_EDGE('',*,*,#8122,.T.);
#8382=ORIENTED_EDGE('',*,*,#8371,.F.);
#8383=ORIENTED_EDGE('',*,*,#8041,.T.);
#8385=ORIENTED_EDGE('',*,*,#8384,.T.);
#8386=EDGE_LOOP('',(#8381,#8382,#8383,#8385));
#8387=FACE_OUTER_BOUND('',#8386,.F.);
#8388=ADVANCED_FACE('',(#8387),#8380,.T.);
#8389=CARTESIAN_POINT('',(-8.406393106104E0,9.565049356208E0,
-1.164246861680E0));
#8390=DIRECTION('',(-3.713906763541E-1,0.E0,9.284766908853E-1));
#8391=DIRECTION('',(-9.284766908853E-1,0.E0,-3.713906763541E-1));
#8392=AXIS2_PLACEMENT_3D('',#8389,#8390,#8391);
#8393=PLANE('',#8392);
#8394=ORIENTED_EDGE('',*,*,#8124,.T.);
#8395=ORIENTED_EDGE('',*,*,#8384,.F.);
#8396=ORIENTED_EDGE('',*,*,#8039,.T.);
#8398=ORIENTED_EDGE('',*,*,#8397,.T.);
#8399=EDGE_LOOP('',(#8394,#8395,#8396,#8398));
#8400=FACE_OUTER_BOUND('',#8399,.F.);
#8401=ADVANCED_FACE('',(#8400),#8393,.T.);
#8402=CARTESIAN_POINT('',(-8.312643106104E0,9.565049356208E0,
-1.101746861680E0));
#8403=DIRECTION('',(-5.547001962252E-1,0.E0,8.320502943378E-1));
#8404=DIRECTION('',(-8.320502943378E-1,0.E0,-5.547001962252E-1));
#8405=AXIS2_PLACEMENT_3D('',#8402,#8403,#8404);
#8406=PLANE('',#8405);
#8407=ORIENTED_EDGE('',*,*,#8126,.T.);
#8408=ORIENTED_EDGE('',*,*,#8397,.F.);
#8409=ORIENTED_EDGE('',*,*,#8037,.T.);
#8411=ORIENTED_EDGE('',*,*,#8410,.T.);
#8412=EDGE_LOOP('',(#8407,#8408,#8409,#8411));
#8413=FACE_OUTER_BOUND('',#8412,.F.);
#8414=ADVANCED_FACE('',(#8413),#8406,.T.);
#8415=CARTESIAN_POINT('',(-8.218893106104E0,9.565049356208E0,
-1.007996861680E0));
#8416=DIRECTION('',(-7.071067811865E-1,0.E0,7.071067811865E-1));
#8417=DIRECTION('',(-7.071067811865E-1,0.E0,-7.071067811865E-1));
#8418=AXIS2_PLACEMENT_3D('',#8415,#8416,#8417);
#8419=PLANE('',#8418);
#8420=ORIENTED_EDGE('',*,*,#8128,.T.);
#8421=ORIENTED_EDGE('',*,*,#8410,.F.);
#8422=ORIENTED_EDGE('',*,*,#8035,.T.);
#8424=ORIENTED_EDGE('',*,*,#8423,.T.);
#8425=EDGE_LOOP('',(#8420,#8421,#8422,#8424));
#8426=FACE_OUTER_BOUND('',#8425,.F.);
#8427=ADVANCED_FACE('',(#8426),#8419,.T.);
#8428=CARTESIAN_POINT('',(-8.125143106104E0,9.565049356208E0,
-8.829968616799E-1));
#8429=DIRECTION('',(-8.E-1,0.E0,6.E-1));
#8430=DIRECTION('',(-6.E-1,0.E0,-8.E-1));
#8431=AXIS2_PLACEMENT_3D('',#8428,#8429,#8430);
#8432=PLANE('',#8431);
#8433=ORIENTED_EDGE('',*,*,#8130,.T.);
#8434=ORIENTED_EDGE('',*,*,#8423,.F.);
#8435=ORIENTED_EDGE('',*,*,#8033,.T.);
#8437=ORIENTED_EDGE('',*,*,#8436,.T.);
#8438=EDGE_LOOP('',(#8433,#8434,#8435,#8437));
#8439=FACE_OUTER_BOUND('',#8438,.F.);
#8440=ADVANCED_FACE('',(#8439),#8432,.T.);
#8441=CARTESIAN_POINT('',(-8.062643106104E0,9.565049356208E0,
-7.579968616799E-1));
#8442=DIRECTION('',(-8.944271909999E-1,0.E0,4.472135955E-1));
#8443=DIRECTION('',(-4.472135955E-1,0.E0,-8.944271909999E-1));
#8444=AXIS2_PLACEMENT_3D('',#8441,#8442,#8443);
#8445=PLANE('',#8444);
#8446=ORIENTED_EDGE('',*,*,#8132,.T.);
#8447=ORIENTED_EDGE('',*,*,#8436,.F.);
#8448=ORIENTED_EDGE('',*,*,#8031,.T.);
#8450=ORIENTED_EDGE('',*,*,#8449,.T.);
#8451=EDGE_LOOP('',(#8446,#8447,#8448,#8450));
#8452=FACE_OUTER_BOUND('',#8451,.F.);
#8453=ADVANCED_FACE('',(#8452),#8445,.T.);
#8454=CARTESIAN_POINT('',(-8.000143106104E0,9.565049356208E0,
-6.017468616799E-1));
#8455=DIRECTION('',(-9.284766908853E-1,0.E0,3.713906763541E-1));
#8456=DIRECTION('',(-3.713906763541E-1,0.E0,-9.284766908853E-1));
#8457=AXIS2_PLACEMENT_3D('',#8454,#8455,#8456);
#8458=PLANE('',#8457);
#8459=ORIENTED_EDGE('',*,*,#8134,.T.);
#8460=ORIENTED_EDGE('',*,*,#8449,.F.);
#8461=ORIENTED_EDGE('',*,*,#8029,.T.);
#8463=ORIENTED_EDGE('',*,*,#8462,.T.);
#8464=EDGE_LOOP('',(#8459,#8460,#8461,#8463));
#8465=FACE_OUTER_BOUND('',#8464,.F.);
#8466=ADVANCED_FACE('',(#8465),#8458,.T.);
#8467=CARTESIAN_POINT('',(-7.968893106104E0,9.565049356208E0,
-4.142468616799E-1));
#8468=DIRECTION('',(-9.863939238321E-1,0.E0,1.643989873054E-1));
#8469=DIRECTION('',(-1.643989873054E-1,0.E0,-9.863939238321E-1));
#8470=AXIS2_PLACEMENT_3D('',#8467,#8468,#8469);
#8471=PLANE('',#8470);
#8472=ORIENTED_EDGE('',*,*,#8136,.T.);
#8473=ORIENTED_EDGE('',*,*,#8462,.F.);
#8474=ORIENTED_EDGE('',*,*,#8027,.T.);
#8476=ORIENTED_EDGE('',*,*,#8475,.T.);
#8477=EDGE_LOOP('',(#8472,#8473,#8474,#8476));
#8478=FACE_OUTER_BOUND('',#8477,.F.);
#8479=ADVANCED_FACE('',(#8478),#8471,.T.);
#8480=CARTESIAN_POINT('',(-7.937643106104E0,9.565049356208E0,
-1.329968616799E-1));
#8481=DIRECTION('',(-9.938837346736E-1,0.E0,1.104315260748E-1));
#8482=DIRECTION('',(-1.104315260748E-1,0.E0,-9.938837346736E-1));
#8483=AXIS2_PLACEMENT_3D('',#8480,#8481,#8482);
#8484=PLANE('',#8483);
#8485=ORIENTED_EDGE('',*,*,#8138,.T.);
#8486=ORIENTED_EDGE('',*,*,#8475,.F.);
#8487=ORIENTED_EDGE('',*,*,#8025,.T.);
#8489=ORIENTED_EDGE('',*,*,#8488,.T.);
#8490=EDGE_LOOP('',(#8485,#8486,#8487,#8489));
#8491=FACE_OUTER_BOUND('',#8490,.F.);
#8492=ADVANCED_FACE('',(#8491),#8484,.T.);
#8493=CARTESIAN_POINT('',(-7.937643106104E0,9.565049356208E0,
1.170031383201E-1));
#8494=DIRECTION('',(-1.E0,0.E0,0.E0));
#8495=DIRECTION('',(0.E0,0.E0,-1.E0));
#8496=AXIS2_PLACEMENT_3D('',#8493,#8494,#8495);
#8497=PLANE('',#8496);
#8498=ORIENTED_EDGE('',*,*,#8140,.T.);
#8499=ORIENTED_EDGE('',*,*,#8488,.F.);
#8500=ORIENTED_EDGE('',*,*,#8023,.T.);
#8502=ORIENTED_EDGE('',*,*,#8501,.T.);
#8503=EDGE_LOOP('',(#8498,#8499,#8500,#8502));
#8504=FACE_OUTER_BOUND('',#8503,.F.);
#8505=ADVANCED_FACE('',(#8504),#8497,.T.);
#8506=CARTESIAN_POINT('',(-7.968893106104E0,9.565049356208E0,
3.982531383201E-1));
#8507=DIRECTION('',(-9.938837346736E-1,0.E0,-1.104315260748E-1));
#8508=DIRECTION('',(1.104315260748E-1,0.E0,-9.938837346736E-1));
#8509=AXIS2_PLACEMENT_3D('',#8506,#8507,#8508);
#8510=PLANE('',#8509);
#8511=ORIENTED_EDGE('',*,*,#8142,.T.);
#8512=ORIENTED_EDGE('',*,*,#8501,.F.);
#8513=ORIENTED_EDGE('',*,*,#8021,.T.);
#8515=ORIENTED_EDGE('',*,*,#8514,.T.);
#8516=EDGE_LOOP('',(#8511,#8512,#8513,#8515));
#8517=FACE_OUTER_BOUND('',#8516,.F.);
#8518=ADVANCED_FACE('',(#8517),#8510,.T.);
#8519=CARTESIAN_POINT('',(-8.000143106104E0,9.565049356208E0,
5.857531383201E-1));
#8520=DIRECTION('',(-9.863939238321E-1,0.E0,-1.643989873054E-1));
#8521=DIRECTION('',(1.643989873054E-1,0.E0,-9.863939238321E-1));
#8522=AXIS2_PLACEMENT_3D('',#8519,#8520,#8521);
#8523=PLANE('',#8522);
#8524=ORIENTED_EDGE('',*,*,#8144,.T.);
#8525=ORIENTED_EDGE('',*,*,#8514,.F.);
#8526=ORIENTED_EDGE('',*,*,#8019,.T.);
#8528=ORIENTED_EDGE('',*,*,#8527,.T.);
#8529=EDGE_LOOP('',(#8524,#8525,#8526,#8528));
#8530=FACE_OUTER_BOUND('',#8529,.F.);
#8531=ADVANCED_FACE('',(#8530),#8523,.T.);
#8532=CARTESIAN_POINT('',(-8.062643106104E0,9.565049356208E0,
7.420031383201E-1));
#8533=DIRECTION('',(-9.284766908853E-1,0.E0,-3.713906763541E-1));
#8534=DIRECTION('',(3.713906763541E-1,0.E0,-9.284766908853E-1));
#8535=AXIS2_PLACEMENT_3D('',#8532,#8533,#8534);
#8536=PLANE('',#8535);
#8537=ORIENTED_EDGE('',*,*,#8146,.T.);
#8538=ORIENTED_EDGE('',*,*,#8527,.F.);
#8539=ORIENTED_EDGE('',*,*,#8017,.T.);
#8541=ORIENTED_EDGE('',*,*,#8540,.T.);
#8542=EDGE_LOOP('',(#8537,#8538,#8539,#8541));
#8543=FACE_OUTER_BOUND('',#8542,.F.);
#8544=ADVANCED_FACE('',(#8543),#8536,.T.);
#8545=CARTESIAN_POINT('',(-8.125143106104E0,9.565049356208E0,
8.670031383201E-1));
#8546=DIRECTION('',(-8.944271909999E-1,0.E0,-4.472135955E-1));
#8547=DIRECTION('',(4.472135955E-1,0.E0,-8.944271909999E-1));
#8548=AXIS2_PLACEMENT_3D('',#8545,#8546,#8547);
#8549=PLANE('',#8548);
#8550=ORIENTED_EDGE('',*,*,#8148,.T.);
#8551=ORIENTED_EDGE('',*,*,#8540,.F.);
#8552=ORIENTED_EDGE('',*,*,#8015,.T.);
#8554=ORIENTED_EDGE('',*,*,#8553,.T.);
#8555=EDGE_LOOP('',(#8550,#8551,#8552,#8554));
#8556=FACE_OUTER_BOUND('',#8555,.F.);
#8557=ADVANCED_FACE('',(#8556),#8549,.T.);
#8558=CARTESIAN_POINT('',(-8.218893106104E0,9.565049356208E0,
9.920031383201E-1));
#8559=DIRECTION('',(-8.E-1,0.E0,-6.E-1));
#8560=DIRECTION('',(6.E-1,0.E0,-8.E-1));
#8561=AXIS2_PLACEMENT_3D('',#8558,#8559,#8560);
#8562=PLANE('',#8561);
#8563=ORIENTED_EDGE('',*,*,#8150,.T.);
#8564=ORIENTED_EDGE('',*,*,#8553,.F.);
#8565=ORIENTED_EDGE('',*,*,#8013,.T.);
#8567=ORIENTED_EDGE('',*,*,#8566,.T.);
#8568=EDGE_LOOP('',(#8563,#8564,#8565,#8567));
#8569=FACE_OUTER_BOUND('',#8568,.F.);
#8570=ADVANCED_FACE('',(#8569),#8562,.T.);
#8571=CARTESIAN_POINT('',(-8.312643106104E0,9.565049356208E0,1.085753138320E0));
#8572=DIRECTION('',(-7.071067811865E-1,0.E0,-7.071067811865E-1));
#8573=DIRECTION('',(7.071067811865E-1,0.E0,-7.071067811865E-1));
#8574=AXIS2_PLACEMENT_3D('',#8571,#8572,#8573);
#8575=PLANE('',#8574);
#8576=ORIENTED_EDGE('',*,*,#8152,.T.);
#8577=ORIENTED_EDGE('',*,*,#8566,.F.);
#8578=ORIENTED_EDGE('',*,*,#8011,.T.);
#8580=ORIENTED_EDGE('',*,*,#8579,.T.);
#8581=EDGE_LOOP('',(#8576,#8577,#8578,#8580));
#8582=FACE_OUTER_BOUND('',#8581,.F.);
#8583=ADVANCED_FACE('',(#8582),#8575,.T.);
#8584=CARTESIAN_POINT('',(-8.406393106104E0,9.565049356208E0,1.148253138320E0));
#8585=DIRECTION('',(-5.547001962252E-1,0.E0,-8.320502943378E-1));
#8586=DIRECTION('',(8.320502943378E-1,0.E0,-5.547001962252E-1));
#8587=AXIS2_PLACEMENT_3D('',#8584,#8585,#8586);
#8588=PLANE('',#8587);
#8589=ORIENTED_EDGE('',*,*,#8154,.T.);
#8590=ORIENTED_EDGE('',*,*,#8579,.F.);
#8591=ORIENTED_EDGE('',*,*,#8009,.T.);
#8593=ORIENTED_EDGE('',*,*,#8592,.T.);
#8594=EDGE_LOOP('',(#8589,#8590,#8591,#8593));
#8595=FACE_OUTER_BOUND('',#8594,.F.);
#8596=ADVANCED_FACE('',(#8595),#8588,.T.);
#8597=CARTESIAN_POINT('',(-8.562643106104E0,9.565049356208E0,1.210753138320E0));
#8598=DIRECTION('',(-3.713906763541E-1,0.E0,-9.284766908853E-1));
#8599=DIRECTION('',(9.284766908853E-1,0.E0,-3.713906763541E-1));
#8600=AXIS2_PLACEMENT_3D('',#8597,#8598,#8599);
#8601=PLANE('',#8600);
#8602=ORIENTED_EDGE('',*,*,#8156,.T.);
#8603=ORIENTED_EDGE('',*,*,#8592,.F.);
#8604=ORIENTED_EDGE('',*,*,#8007,.T.);
#8606=ORIENTED_EDGE('',*,*,#8605,.T.);
#8607=EDGE_LOOP('',(#8602,#8603,#8604,#8606));
#8608=FACE_OUTER_BOUND('',#8607,.F.);
#8609=ADVANCED_FACE('',(#8608),#8601,.T.);
#8610=CARTESIAN_POINT('',(-8.687643106104E0,9.565049356208E0,1.242003138320E0));
#8611=DIRECTION('',(-2.425356250363E-1,0.E0,-9.701425001453E-1));
#8612=DIRECTION('',(9.701425001453E-1,0.E0,-2.425356250363E-1));
#8613=AXIS2_PLACEMENT_3D('',#8610,#8611,#8612);
#8614=PLANE('',#8613);
#8615=ORIENTED_EDGE('',*,*,#8158,.T.);
#8616=ORIENTED_EDGE('',*,*,#8605,.F.);
#8617=ORIENTED_EDGE('',*,*,#8005,.T.);
#8619=ORIENTED_EDGE('',*,*,#8618,.T.);
#8620=EDGE_LOOP('',(#8615,#8616,#8617,#8619));
#8621=FACE_OUTER_BOUND('',#8620,.F.);
#8622=ADVANCED_FACE('',(#8621),#8614,.T.);
#8623=CARTESIAN_POINT('',(-8.906393106104E0,9.565049356208E0,1.242003138320E0));
#8624=DIRECTION('',(0.E0,0.E0,-1.E0));
#8625=DIRECTION('',(1.E0,0.E0,0.E0));
#8626=AXIS2_PLACEMENT_3D('',#8623,#8624,#8625);
#8627=PLANE('',#8626);
#8628=ORIENTED_EDGE('',*,*,#8160,.T.);
#8629=ORIENTED_EDGE('',*,*,#8618,.F.);
#8630=ORIENTED_EDGE('',*,*,#8003,.T.);
#8632=ORIENTED_EDGE('',*,*,#8631,.T.);
#8633=EDGE_LOOP('',(#8628,#8629,#8630,#8632));
#8634=FACE_OUTER_BOUND('',#8633,.F.);
#8635=ADVANCED_FACE('',(#8634),#8627,.T.);
#8636=CARTESIAN_POINT('',(-9.031393106104E0,9.565049356208E0,1.210753138320E0));
#8637=DIRECTION('',(2.425356250363E-1,0.E0,-9.701425001453E-1));
#8638=DIRECTION('',(9.701425001453E-1,0.E0,2.425356250363E-1));
#8639=AXIS2_PLACEMENT_3D('',#8636,#8637,#8638);
#8640=PLANE('',#8639);
#8641=ORIENTED_EDGE('',*,*,#8162,.T.);
#8642=ORIENTED_EDGE('',*,*,#8631,.F.);
#8643=ORIENTED_EDGE('',*,*,#8001,.T.);
#8645=ORIENTED_EDGE('',*,*,#8644,.T.);
#8646=EDGE_LOOP('',(#8641,#8642,#8643,#8645));
#8647=FACE_OUTER_BOUND('',#8646,.F.);
#8648=ADVANCED_FACE('',(#8647),#8640,.T.);
#8649=CARTESIAN_POINT('',(-9.187643106104E0,9.565049356208E0,1.148253138320E0));
#8650=DIRECTION('',(3.713906763541E-1,0.E0,-9.284766908853E-1));
#8651=DIRECTION('',(9.284766908853E-1,0.E0,3.713906763541E-1));
#8652=AXIS2_PLACEMENT_3D('',#8649,#8650,#8651);
#8653=PLANE('',#8652);
#8654=ORIENTED_EDGE('',*,*,#8164,.T.);
#8655=ORIENTED_EDGE('',*,*,#8644,.F.);
#8656=ORIENTED_EDGE('',*,*,#7999,.T.);
#8658=ORIENTED_EDGE('',*,*,#8657,.T.);
#8659=EDGE_LOOP('',(#8654,#8655,#8656,#8658));
#8660=FACE_OUTER_BOUND('',#8659,.F.);
#8661=ADVANCED_FACE('',(#8660),#8653,.T.);
#8662=CARTESIAN_POINT('',(-9.281393106104E0,9.565049356208E0,1.085753138320E0));
#8663=DIRECTION('',(5.547001962252E-1,0.E0,-8.320502943378E-1));
#8664=DIRECTION('',(8.320502943378E-1,0.E0,5.547001962252E-1));
#8665=AXIS2_PLACEMENT_3D('',#8662,#8663,#8664);
#8666=PLANE('',#8665);
#8667=ORIENTED_EDGE('',*,*,#8166,.T.);
#8668=ORIENTED_EDGE('',*,*,#8657,.F.);
#8669=ORIENTED_EDGE('',*,*,#7997,.T.);
#8671=ORIENTED_EDGE('',*,*,#8670,.T.);
#8672=EDGE_LOOP('',(#8667,#8668,#8669,#8671));
#8673=FACE_OUTER_BOUND('',#8672,.F.);
#8674=ADVANCED_FACE('',(#8673),#8666,.T.);
#8675=CARTESIAN_POINT('',(-9.375143106104E0,9.565049356208E0,
9.920031383201E-1));
#8676=DIRECTION('',(7.071067811865E-1,0.E0,-7.071067811865E-1));
#8677=DIRECTION('',(7.071067811865E-1,0.E0,7.071067811865E-1));
#8678=AXIS2_PLACEMENT_3D('',#8675,#8676,#8677);
#8679=PLANE('',#8678);
#8680=ORIENTED_EDGE('',*,*,#8168,.T.);
#8681=ORIENTED_EDGE('',*,*,#8670,.F.);
#8682=ORIENTED_EDGE('',*,*,#7995,.T.);
#8684=ORIENTED_EDGE('',*,*,#8683,.T.);
#8685=EDGE_LOOP('',(#8680,#8681,#8682,#8684));
#8686=FACE_OUTER_BOUND('',#8685,.F.);
#8687=ADVANCED_FACE('',(#8686),#8679,.T.);
#8688=CARTESIAN_POINT('',(-9.468893106104E0,9.565049356208E0,
8.670031383201E-1));
#8689=DIRECTION('',(8.E-1,0.E0,-6.E-1));
#8690=DIRECTION('',(6.E-1,0.E0,8.E-1));
#8691=AXIS2_PLACEMENT_3D('',#8688,#8689,#8690);
#8692=PLANE('',#8691);
#8693=ORIENTED_EDGE('',*,*,#8170,.T.);
#8694=ORIENTED_EDGE('',*,*,#8683,.F.);
#8695=ORIENTED_EDGE('',*,*,#7993,.T.);
#8697=ORIENTED_EDGE('',*,*,#8696,.T.);
#8698=EDGE_LOOP('',(#8693,#8694,#8695,#8697));
#8699=FACE_OUTER_BOUND('',#8698,.F.);
#8700=ADVANCED_FACE('',(#8699),#8692,.T.);
#8701=CARTESIAN_POINT('',(-9.531393106104E0,9.565049356208E0,
7.420031383201E-1));
#8702=DIRECTION('',(8.944271909999E-1,0.E0,-4.472135955E-1));
#8703=DIRECTION('',(4.472135955E-1,0.E0,8.944271909999E-1));
#8704=AXIS2_PLACEMENT_3D('',#8701,#8702,#8703);
#8705=PLANE('',#8704);
#8706=ORIENTED_EDGE('',*,*,#8172,.T.);
#8707=ORIENTED_EDGE('',*,*,#8696,.F.);
#8708=ORIENTED_EDGE('',*,*,#7991,.T.);
#8710=ORIENTED_EDGE('',*,*,#8709,.T.);
#8711=EDGE_LOOP('',(#8706,#8707,#8708,#8710));
#8712=FACE_OUTER_BOUND('',#8711,.F.);
#8713=ADVANCED_FACE('',(#8712),#8705,.T.);
#8714=CARTESIAN_POINT('',(-9.593893106104E0,9.565049356208E0,
5.857531383201E-1));
#8715=DIRECTION('',(9.284766908853E-1,0.E0,-3.713906763541E-1));
#8716=DIRECTION('',(3.713906763541E-1,0.E0,9.284766908853E-1));
#8717=AXIS2_PLACEMENT_3D('',#8714,#8715,#8716);
#8718=PLANE('',#8717);
#8719=ORIENTED_EDGE('',*,*,#8174,.T.);
#8720=ORIENTED_EDGE('',*,*,#8709,.F.);
#8721=ORIENTED_EDGE('',*,*,#7989,.T.);
#8723=ORIENTED_EDGE('',*,*,#8722,.T.);
#8724=EDGE_LOOP('',(#8719,#8720,#8721,#8723));
#8725=FACE_OUTER_BOUND('',#8724,.F.);
#8726=ADVANCED_FACE('',(#8725),#8718,.T.);
#8727=CARTESIAN_POINT('',(-9.625143106104E0,9.565049356208E0,
3.982531383201E-1));
#8728=DIRECTION('',(9.863939238321E-1,0.E0,-1.643989873054E-1));
#8729=DIRECTION('',(1.643989873054E-1,0.E0,9.863939238321E-1));
#8730=AXIS2_PLACEMENT_3D('',#8727,#8728,#8729);
#8731=PLANE('',#8730);
#8732=ORIENTED_EDGE('',*,*,#8176,.T.);
#8733=ORIENTED_EDGE('',*,*,#8722,.F.);
#8734=ORIENTED_EDGE('',*,*,#7987,.T.);
#8736=ORIENTED_EDGE('',*,*,#8735,.T.);
#8737=EDGE_LOOP('',(#8732,#8733,#8734,#8736));
#8738=FACE_OUTER_BOUND('',#8737,.F.);
#8739=ADVANCED_FACE('',(#8738),#8731,.T.);
#8740=CARTESIAN_POINT('',(-9.656393106104E0,9.565049356208E0,
1.170031383201E-1));
#8741=DIRECTION('',(9.938837346736E-1,0.E0,-1.104315260748E-1));
#8742=DIRECTION('',(1.104315260748E-1,0.E0,9.938837346736E-1));
#8743=AXIS2_PLACEMENT_3D('',#8740,#8741,#8742);
#8744=PLANE('',#8743);
#8745=ORIENTED_EDGE('',*,*,#8178,.T.);
#8746=ORIENTED_EDGE('',*,*,#8735,.F.);
#8747=ORIENTED_EDGE('',*,*,#7985,.T.);
#8748=ORIENTED_EDGE('',*,*,#8101,.T.);
#8749=EDGE_LOOP('',(#8745,#8746,#8747,#8748));
#8750=FACE_OUTER_BOUND('',#8749,.F.);
#8751=ADVANCED_FACE('',(#8750),#8744,.T.);
#8752=CARTESIAN_POINT('',(-9.281393106104E0,9.565049356208E0,
5.232531383201E-1));
#8753=DIRECTION('',(-9.958932064677E-1,0.E0,9.053574604252E-2));
#8754=DIRECTION('',(-9.053574604252E-2,0.E0,-9.958932064677E-1));
#8755=AXIS2_PLACEMENT_3D('',#8752,#8753,#8754);
#8756=PLANE('',#8755);
#8757=ORIENTED_EDGE('',*,*,#8195,.T.);
#8759=ORIENTED_EDGE('',*,*,#8758,.F.);
#8761=ORIENTED_EDGE('',*,*,#8760,.T.);
#8763=ORIENTED_EDGE('',*,*,#8762,.T.);
#8764=EDGE_LOOP('',(#8757,#8759,#8761,#8763));
#8765=FACE_OUTER_BOUND('',#8764,.F.);
#8766=ADVANCED_FACE('',(#8765),#8756,.T.);
#8767=CARTESIAN_POINT('',(-9.312643106104E0,9.565049356208E0,
1.795031383201E-1));
#8768=DIRECTION('',(-1.E0,0.E0,0.E0));
#8769=DIRECTION('',(0.E0,0.E0,-1.E0));
#8770=AXIS2_PLACEMENT_3D('',#8767,#8768,#8769);
#8771=PLANE('',#8770);
#8772=ORIENTED_EDGE('',*,*,#8241,.T.);
#8774=ORIENTED_EDGE('',*,*,#8773,.F.);
#8776=ORIENTED_EDGE('',*,*,#8775,.T.);
#8777=ORIENTED_EDGE('',*,*,#8758,.T.);
#8778=EDGE_LOOP('',(#8772,#8774,#8776,#8777));
#8779=FACE_OUTER_BOUND('',#8778,.F.);
#8780=ADVANCED_FACE('',(#8779),#8771,.T.);
#8781=CARTESIAN_POINT('',(-9.312643106104E0,9.565049356208E0,
-1.954968616799E-1));
#8782=DIRECTION('',(-9.958932064677E-1,0.E0,-9.053574604252E-2));
#8783=DIRECTION('',(9.053574604252E-2,0.E0,-9.958932064677E-1));
#8784=AXIS2_PLACEMENT_3D('',#8781,#8782,#8783);
#8785=PLANE('',#8784);
#8786=ORIENTED_EDGE('',*,*,#8239,.T.);
#8788=ORIENTED_EDGE('',*,*,#8787,.F.);
#8790=ORIENTED_EDGE('',*,*,#8789,.T.);
#8791=ORIENTED_EDGE('',*,*,#8773,.T.);
#8792=EDGE_LOOP('',(#8786,#8788,#8790,#8791));
#8793=FACE_OUTER_BOUND('',#8792,.F.);
#8794=ADVANCED_FACE('',(#8793),#8785,.T.);
#8795=CARTESIAN_POINT('',(-9.281393106104E0,9.565049356208E0,
-5.392468616799E-1));
#8796=DIRECTION('',(-9.284766908853E-1,0.E0,-3.713906763541E-1));
#8797=DIRECTION('',(3.713906763541E-1,0.E0,-9.284766908853E-1));
#8798=AXIS2_PLACEMENT_3D('',#8795,#8796,#8797);
#8799=PLANE('',#8798);
#8800=ORIENTED_EDGE('',*,*,#8237,.T.);
#8802=ORIENTED_EDGE('',*,*,#8801,.F.);
#8804=ORIENTED_EDGE('',*,*,#8803,.T.);
#8805=ORIENTED_EDGE('',*,*,#8787,.T.);
#8806=EDGE_LOOP('',(#8800,#8802,#8804,#8805));
#8807=FACE_OUTER_BOUND('',#8806,.F.);
#8808=ADVANCED_FACE('',(#8807),#8799,.T.);
#8809=CARTESIAN_POINT('',(-9.218893106104E0,9.565049356208E0,
-6.954968616799E-1));
#8810=DIRECTION('',(-8.320502943378E-1,0.E0,-5.547001962252E-1));
#8811=DIRECTION('',(5.547001962252E-1,0.E0,-8.320502943378E-1));
#8812=AXIS2_PLACEMENT_3D('',#8809,#8810,#8811);
#8813=PLANE('',#8812);
#8814=ORIENTED_EDGE('',*,*,#8235,.T.);
#8816=ORIENTED_EDGE('',*,*,#8815,.F.);
#8818=ORIENTED_EDGE('',*,*,#8817,.T.);
#8819=ORIENTED_EDGE('',*,*,#8801,.T.);
#8820=EDGE_LOOP('',(#8814,#8816,#8818,#8819));
#8821=FACE_OUTER_BOUND('',#8820,.F.);
#8822=ADVANCED_FACE('',(#8821),#8813,.T.);
#8823=CARTESIAN_POINT('',(-9.156393106104E0,9.565049356208E0,
-7.892468616799E-1));
#8824=DIRECTION('',(-6.E-1,0.E0,-8.E-1));
#8825=DIRECTION('',(8.E-1,0.E0,-6.E-1));
#8826=AXIS2_PLACEMENT_3D('',#8823,#8824,#8825);
#8827=PLANE('',#8826);
#8828=ORIENTED_EDGE('',*,*,#8233,.T.);
#8830=ORIENTED_EDGE('',*,*,#8829,.F.);
#8832=ORIENTED_EDGE('',*,*,#8831,.T.);
#8833=ORIENTED_EDGE('',*,*,#8815,.T.);
#8834=EDGE_LOOP('',(#8828,#8830,#8832,#8833));
#8835=FACE_OUTER_BOUND('',#8834,.F.);
#8836=ADVANCED_FACE('',(#8835),#8827,.T.);
#8837=CARTESIAN_POINT('',(-9.031393106104E0,9.565049356208E0,
-8.829968616799E-1));
#8838=DIRECTION('',(-4.472135955E-1,0.E0,-8.944271909999E-1));
#8839=DIRECTION('',(8.944271909999E-1,0.E0,-4.472135955E-1));
#8840=AXIS2_PLACEMENT_3D('',#8837,#8838,#8839);
#8841=PLANE('',#8840);
#8842=ORIENTED_EDGE('',*,*,#8231,.T.);
#8844=ORIENTED_EDGE('',*,*,#8843,.F.);
#8846=ORIENTED_EDGE('',*,*,#8845,.T.);
#8847=ORIENTED_EDGE('',*,*,#8829,.T.);
#8848=EDGE_LOOP('',(#8842,#8844,#8846,#8847));
#8849=FACE_OUTER_BOUND('',#8848,.F.);
#8850=ADVANCED_FACE('',(#8849),#8841,.T.);
#8851=CARTESIAN_POINT('',(-8.906393106104E0,9.565049356208E0,
-9.454968616799E-1));
#8852=DIRECTION('',(0.E0,0.E0,-1.E0));
#8853=DIRECTION('',(1.E0,0.E0,0.E0));
#8854=AXIS2_PLACEMENT_3D('',#8851,#8852,#8853);
#8855=PLANE('',#8854);
#8856=ORIENTED_EDGE('',*,*,#8229,.T.);
#8858=ORIENTED_EDGE('',*,*,#8857,.F.);
#8860=ORIENTED_EDGE('',*,*,#8859,.T.);
#8861=ORIENTED_EDGE('',*,*,#8843,.T.);
#8862=EDGE_LOOP('',(#8856,#8858,#8860,#8861));
#8863=FACE_OUTER_BOUND('',#8862,.F.);
#8864=ADVANCED_FACE('',(#8863),#8855,.T.);
#8865=CARTESIAN_POINT('',(-8.687643106104E0,9.565049356208E0,
-9.454968616799E-1));
#8866=DIRECTION('',(4.472135955E-1,0.E0,-8.944271909999E-1));
#8867=DIRECTION('',(8.944271909999E-1,0.E0,4.472135955E-1));
#8868=AXIS2_PLACEMENT_3D('',#8865,#8866,#8867);
#8869=PLANE('',#8868);
#8870=ORIENTED_EDGE('',*,*,#8227,.T.);
#8872=ORIENTED_EDGE('',*,*,#8871,.F.);
#8874=ORIENTED_EDGE('',*,*,#8873,.T.);
#8875=ORIENTED_EDGE('',*,*,#8857,.T.);
#8876=EDGE_LOOP('',(#8870,#8872,#8874,#8875));
#8877=FACE_OUTER_BOUND('',#8876,.F.);
#8878=ADVANCED_FACE('',(#8877),#8869,.T.);
#8879=CARTESIAN_POINT('',(-8.562643106104E0,9.565049356208E0,
-8.829968616799E-1));
#8880=DIRECTION('',(6.E-1,0.E0,-8.E-1));
#8881=DIRECTION('',(8.E-1,0.E0,6.E-1));
#8882=AXIS2_PLACEMENT_3D('',#8879,#8880,#8881);
#8883=PLANE('',#8882);
#8884=ORIENTED_EDGE('',*,*,#8225,.T.);
#8886=ORIENTED_EDGE('',*,*,#8885,.F.);
#8888=ORIENTED_EDGE('',*,*,#8887,.T.);
#8889=ORIENTED_EDGE('',*,*,#8871,.T.);
#8890=EDGE_LOOP('',(#8884,#8886,#8888,#8889));
#8891=FACE_OUTER_BOUND('',#8890,.F.);
#8892=ADVANCED_FACE('',(#8891),#8883,.T.);
#8893=CARTESIAN_POINT('',(-8.437643106104E0,9.565049356208E0,
-7.892468616799E-1));
#8894=DIRECTION('',(8.320502943378E-1,0.E0,-5.547001962252E-1));
#8895=DIRECTION('',(5.547001962252E-1,0.E0,8.320502943378E-1));
#8896=AXIS2_PLACEMENT_3D('',#8893,#8894,#8895);
#8897=PLANE('',#8896);
#8898=ORIENTED_EDGE('',*,*,#8223,.T.);
#8900=ORIENTED_EDGE('',*,*,#8899,.F.);
#8902=ORIENTED_EDGE('',*,*,#8901,.T.);
#8903=ORIENTED_EDGE('',*,*,#8885,.T.);
#8904=EDGE_LOOP('',(#8898,#8900,#8902,#8903));
#8905=FACE_OUTER_BOUND('',#8904,.F.);
#8906=ADVANCED_FACE('',(#8905),#8897,.T.);
#8907=CARTESIAN_POINT('',(-8.375143106104E0,9.565049356208E0,
-6.954968616799E-1));
#8908=DIRECTION('',(9.284766908853E-1,0.E0,-3.713906763541E-1));
#8909=DIRECTION('',(3.713906763541E-1,0.E0,9.284766908853E-1));
#8910=AXIS2_PLACEMENT_3D('',#8907,#8908,#8909);
#8911=PLANE('',#8910);
#8912=ORIENTED_EDGE('',*,*,#8221,.T.);
#8914=ORIENTED_EDGE('',*,*,#8913,.F.);
#8916=ORIENTED_EDGE('',*,*,#8915,.T.);
#8917=ORIENTED_EDGE('',*,*,#8899,.T.);
#8918=EDGE_LOOP('',(#8912,#8914,#8916,#8917));
#8919=FACE_OUTER_BOUND('',#8918,.F.);
#8920=ADVANCED_FACE('',(#8919),#8911,.T.);
#8921=CARTESIAN_POINT('',(-8.312643106104E0,9.565049356208E0,
-5.392468616799E-1));
#8922=DIRECTION('',(9.958932064677E-1,0.E0,-9.053574604252E-2));
#8923=DIRECTION('',(9.053574604252E-2,0.E0,9.958932064677E-1));
#8924=AXIS2_PLACEMENT_3D('',#8921,#8922,#8923);
#8925=PLANE('',#8924);
#8926=ORIENTED_EDGE('',*,*,#8219,.T.);
#8928=ORIENTED_EDGE('',*,*,#8927,.F.);
#8930=ORIENTED_EDGE('',*,*,#8929,.T.);
#8931=ORIENTED_EDGE('',*,*,#8913,.T.);
#8932=EDGE_LOOP('',(#8926,#8928,#8930,#8931));
#8933=FACE_OUTER_BOUND('',#8932,.F.);
#8934=ADVANCED_FACE('',(#8933),#8925,.T.);
#8935=CARTESIAN_POINT('',(-8.281393106104E0,9.565049356208E0,
-1.954968616799E-1));
#8936=DIRECTION('',(1.E0,0.E0,0.E0));
#8937=DIRECTION('',(0.E0,0.E0,1.E0));
#8938=AXIS2_PLACEMENT_3D('',#8935,#8936,#8937);
#8939=PLANE('',#8938);
#8940=ORIENTED_EDGE('',*,*,#8217,.T.);
#8942=ORIENTED_EDGE('',*,*,#8941,.F.);
#8944=ORIENTED_EDGE('',*,*,#8943,.T.);
#8945=ORIENTED_EDGE('',*,*,#8927,.T.);
#8946=EDGE_LOOP('',(#8940,#8942,#8944,#8945));
#8947=FACE_OUTER_BOUND('',#8946,.F.);
#8948=ADVANCED_FACE('',(#8947),#8939,.T.);
#8949=CARTESIAN_POINT('',(-8.281393106104E0,9.565049356208E0,
1.795031383201E-1));
#8950=DIRECTION('',(9.958932064677E-1,0.E0,9.053574604252E-2));
#8951=DIRECTION('',(-9.053574604252E-2,0.E0,9.958932064677E-1));
#8952=AXIS2_PLACEMENT_3D('',#8949,#8950,#8951);
#8953=PLANE('',#8952);
#8954=ORIENTED_EDGE('',*,*,#8215,.T.);
#8956=ORIENTED_EDGE('',*,*,#8955,.F.);
#8958=ORIENTED_EDGE('',*,*,#8957,.T.);
#8959=ORIENTED_EDGE('',*,*,#8941,.T.);
#8960=EDGE_LOOP('',(#8954,#8956,#8958,#8959));
#8961=FACE_OUTER_BOUND('',#8960,.F.);
#8962=ADVANCED_FACE('',(#8961),#8953,.T.);
#8963=CARTESIAN_POINT('',(-8.312643106104E0,9.565049356208E0,
5.232531383201E-1));
#8964=DIRECTION('',(9.284766908853E-1,0.E0,3.713906763541E-1));
#8965=DIRECTION('',(-3.713906763541E-1,0.E0,9.284766908853E-1));
#8966=AXIS2_PLACEMENT_3D('',#8963,#8964,#8965);
#8967=PLANE('',#8966);
#8968=ORIENTED_EDGE('',*,*,#8213,.T.);
#8970=ORIENTED_EDGE('',*,*,#8969,.F.);
#8972=ORIENTED_EDGE('',*,*,#8971,.T.);
#8973=ORIENTED_EDGE('',*,*,#8955,.T.);
#8974=EDGE_LOOP('',(#8968,#8970,#8972,#8973));
#8975=FACE_OUTER_BOUND('',#8974,.F.);
#8976=ADVANCED_FACE('',(#8975),#8967,.T.);
#8977=CARTESIAN_POINT('',(-8.375143106104E0,9.565049356208E0,
6.795031383201E-1));
#8978=DIRECTION('',(8.320502943378E-1,0.E0,5.547001962252E-1));
#8979=DIRECTION('',(-5.547001962252E-1,0.E0,8.320502943378E-1));
#8980=AXIS2_PLACEMENT_3D('',#8977,#8978,#8979);
#8981=PLANE('',#8980);
#8982=ORIENTED_EDGE('',*,*,#8211,.T.);
#8984=ORIENTED_EDGE('',*,*,#8983,.F.);
#8986=ORIENTED_EDGE('',*,*,#8985,.T.);
#8987=ORIENTED_EDGE('',*,*,#8969,.T.);
#8988=EDGE_LOOP('',(#8982,#8984,#8986,#8987));
#8989=FACE_OUTER_BOUND('',#8988,.F.);
#8990=ADVANCED_FACE('',(#8989),#8981,.T.);
#8991=CARTESIAN_POINT('',(-8.437643106104E0,9.565049356208E0,
7.732531383201E-1));
#8992=DIRECTION('',(6.E-1,0.E0,8.E-1));
#8993=DIRECTION('',(-8.E-1,0.E0,6.E-1));
#8994=AXIS2_PLACEMENT_3D('',#8991,#8992,#8993);
#8995=PLANE('',#8994);
#8996=ORIENTED_EDGE('',*,*,#8209,.T.);
#8998=ORIENTED_EDGE('',*,*,#8997,.F.);
#9000=ORIENTED_EDGE('',*,*,#8999,.T.);
#9001=ORIENTED_EDGE('',*,*,#8983,.T.);
#9002=EDGE_LOOP('',(#8996,#8998,#9000,#9001));
#9003=FACE_OUTER_BOUND('',#9002,.F.);
#9004=ADVANCED_FACE('',(#9003),#8995,.T.);
#9005=CARTESIAN_POINT('',(-8.562643106104E0,9.565049356208E0,
8.670031383201E-1));
#9006=DIRECTION('',(4.472135955E-1,0.E0,8.944271909999E-1));
#9007=DIRECTION('',(-8.944271909999E-1,0.E0,4.472135955E-1));
#9008=AXIS2_PLACEMENT_3D('',#9005,#9006,#9007);
#9009=PLANE('',#9008);
#9010=ORIENTED_EDGE('',*,*,#8207,.T.);
#9012=ORIENTED_EDGE('',*,*,#9011,.F.);
#9014=ORIENTED_EDGE('',*,*,#9013,.T.);
#9015=ORIENTED_EDGE('',*,*,#8997,.T.);
#9016=EDGE_LOOP('',(#9010,#9012,#9014,#9015));
#9017=FACE_OUTER_BOUND('',#9016,.F.);
#9018=ADVANCED_FACE('',(#9017),#9009,.T.);
#9019=CARTESIAN_POINT('',(-8.687643106104E0,9.565049356208E0,
9.295031383201E-1));
#9020=DIRECTION('',(0.E0,0.E0,1.E0));
#9021=DIRECTION('',(-1.E0,0.E0,0.E0));
#9022=AXIS2_PLACEMENT_3D('',#9019,#9020,#9021);
#9023=PLANE('',#9022);
#9024=ORIENTED_EDGE('',*,*,#8205,.T.);
#9026=ORIENTED_EDGE('',*,*,#9025,.F.);
#9028=ORIENTED_EDGE('',*,*,#9027,.T.);
#9029=ORIENTED_EDGE('',*,*,#9011,.T.);
#9030=EDGE_LOOP('',(#9024,#9026,#9028,#9029));
#9031=FACE_OUTER_BOUND('',#9030,.F.);
#9032=ADVANCED_FACE('',(#9031),#9023,.T.);
#9033=CARTESIAN_POINT('',(-8.906393106104E0,9.565049356208E0,
9.295031383201E-1));
#9034=DIRECTION('',(-4.472135955E-1,0.E0,8.944271909999E-1));
#9035=DIRECTION('',(-8.944271909999E-1,0.E0,-4.472135955E-1));
#9036=AXIS2_PLACEMENT_3D('',#9033,#9034,#9035);
#9037=PLANE('',#9036);
#9038=ORIENTED_EDGE('',*,*,#8203,.T.);
#9040=ORIENTED_EDGE('',*,*,#9039,.F.);
#9042=ORIENTED_EDGE('',*,*,#9041,.T.);
#9043=ORIENTED_EDGE('',*,*,#9025,.T.);
#9044=EDGE_LOOP('',(#9038,#9040,#9042,#9043));
#9045=FACE_OUTER_BOUND('',#9044,.F.);
#9046=ADVANCED_FACE('',(#9045),#9037,.T.);
#9047=CARTESIAN_POINT('',(-9.031393106104E0,9.565049356208E0,
8.670031383201E-1));
#9048=DIRECTION('',(-6.E-1,0.E0,8.E-1));
#9049=DIRECTION('',(-8.E-1,0.E0,-6.E-1));
#9050=AXIS2_PLACEMENT_3D('',#9047,#9048,#9049);
#9051=PLANE('',#9050);
#9052=ORIENTED_EDGE('',*,*,#8201,.T.);
#9054=ORIENTED_EDGE('',*,*,#9053,.F.);
#9056=ORIENTED_EDGE('',*,*,#9055,.T.);
#9057=ORIENTED_EDGE('',*,*,#9039,.T.);
#9058=EDGE_LOOP('',(#9052,#9054,#9056,#9057));
#9059=FACE_OUTER_BOUND('',#9058,.F.);
#9060=ADVANCED_FACE('',(#9059),#9051,.T.);
#9061=CARTESIAN_POINT('',(-9.156393106104E0,9.565049356208E0,
7.732531383201E-1));
#9062=DIRECTION('',(-8.320502943378E-1,0.E0,5.547001962252E-1));
#9063=DIRECTION('',(-5.547001962252E-1,0.E0,-8.320502943378E-1));
#9064=AXIS2_PLACEMENT_3D('',#9061,#9062,#9063);
#9065=PLANE('',#9064);
#9066=ORIENTED_EDGE('',*,*,#8199,.T.);
#9068=ORIENTED_EDGE('',*,*,#9067,.F.);
#9070=ORIENTED_EDGE('',*,*,#9069,.T.);
#9071=ORIENTED_EDGE('',*,*,#9053,.T.);
#9072=EDGE_LOOP('',(#9066,#9068,#9070,#9071));
#9073=FACE_OUTER_BOUND('',#9072,.F.);
#9074=ADVANCED_FACE('',(#9073),#9065,.T.);
#9075=CARTESIAN_POINT('',(-9.218893106104E0,9.565049356208E0,
6.795031383201E-1));
#9076=DIRECTION('',(-9.284766908853E-1,0.E0,3.713906763541E-1));
#9077=DIRECTION('',(-3.713906763541E-1,0.E0,-9.284766908853E-1));
#9078=AXIS2_PLACEMENT_3D('',#9075,#9076,#9077);
#9079=PLANE('',#9078);
#9080=ORIENTED_EDGE('',*,*,#8197,.T.);
#9081=ORIENTED_EDGE('',*,*,#8762,.F.);
#9083=ORIENTED_EDGE('',*,*,#9082,.T.);
#9084=ORIENTED_EDGE('',*,*,#9067,.T.);
#9085=EDGE_LOOP('',(#9080,#9081,#9083,#9084));
#9086=FACE_OUTER_BOUND('',#9085,.F.);
#9087=ADVANCED_FACE('',(#9086),#9079,.T.);
#9088=CARTESIAN_POINT('',(-2.138873384349E1,9.575049356208E0,6.874024439277E0));
#9089=DIRECTION('',(0.E0,1.E0,0.E0));
#9090=DIRECTION('',(1.E0,0.E0,0.E0));
#9091=AXIS2_PLACEMENT_3D('',#9088,#9089,#9090);
#9092=PLANE('',#9091);
#9093=ORIENTED_EDGE('',*,*,#8957,.F.);
#9094=ORIENTED_EDGE('',*,*,#8971,.F.);
#9095=ORIENTED_EDGE('',*,*,#8985,.F.);
#9096=ORIENTED_EDGE('',*,*,#8999,.F.);
#9097=ORIENTED_EDGE('',*,*,#9013,.F.);
#9098=ORIENTED_EDGE('',*,*,#9027,.F.);
#9099=ORIENTED_EDGE('',*,*,#9041,.F.);
#9100=ORIENTED_EDGE('',*,*,#9055,.F.);
#9101=ORIENTED_EDGE('',*,*,#9069,.F.);
#9102=ORIENTED_EDGE('',*,*,#9082,.F.);
#9103=ORIENTED_EDGE('',*,*,#8760,.F.);
#9104=ORIENTED_EDGE('',*,*,#8775,.F.);
#9105=ORIENTED_EDGE('',*,*,#8789,.F.);
#9106=ORIENTED_EDGE('',*,*,#8803,.F.);
#9107=ORIENTED_EDGE('',*,*,#8817,.F.);
#9108=ORIENTED_EDGE('',*,*,#8831,.F.);
#9109=ORIENTED_EDGE('',*,*,#8845,.F.);
#9110=ORIENTED_EDGE('',*,*,#8859,.F.);
#9111=ORIENTED_EDGE('',*,*,#8873,.F.);
#9112=ORIENTED_EDGE('',*,*,#8887,.F.);
#9113=ORIENTED_EDGE('',*,*,#8901,.F.);
#9114=ORIENTED_EDGE('',*,*,#8915,.F.);
#9115=ORIENTED_EDGE('',*,*,#8929,.F.);
#9116=ORIENTED_EDGE('',*,*,#8943,.F.);
#9117=EDGE_LOOP('',(#9093,#9094,#9095,#9096,#9097,#9098,#9099,#9100,#9101,#9102,
#9103,#9104,#9105,#9106,#9107,#9108,#9109,#9110,#9111,#9112,#9113,#9114,#9115,
#9116));
#9118=FACE_OUTER_BOUND('',#9117,.F.);
#9119=ADVANCED_FACE('',(#9118),#9092,.T.);
#9120=CARTESIAN_POINT('',(-1.015639310610E1,9.565049356208E0,
-1.257996861680E0));
#9121=DIRECTION('',(0.E0,0.E0,1.E0));
#9122=DIRECTION('',(-1.E0,0.E0,0.E0));
#9123=AXIS2_PLACEMENT_3D('',#9120,#9121,#9122);
#9124=PLANE('',#9123);
#9126=ORIENTED_EDGE('',*,*,#9125,.T.);
#9128=ORIENTED_EDGE('',*,*,#9127,.F.);
#9129=ORIENTED_EDGE('',*,*,#8065,.T.);
#9131=ORIENTED_EDGE('',*,*,#9130,.T.);
#9132=EDGE_LOOP('',(#9126,#9128,#9129,#9131));
#9133=FACE_OUTER_BOUND('',#9132,.F.);
#9134=ADVANCED_FACE('',(#9133),#9124,.T.);
#9135=CARTESIAN_POINT('',(-3.563873415651E1,9.565049356208E0,1.2343E1));
#9136=DIRECTION('',(0.E0,1.E0,0.E0));
#9137=DIRECTION('',(1.E0,0.E0,0.E0));
#9138=AXIS2_PLACEMENT_3D('',#9135,#9136,#9137);
#9139=PLANE('',#9138);
#9140=ORIENTED_EDGE('',*,*,#9125,.F.);
#9142=ORIENTED_EDGE('',*,*,#9141,.F.);
#9144=ORIENTED_EDGE('',*,*,#9143,.F.);
#9146=ORIENTED_EDGE('',*,*,#9145,.F.);
#9148=ORIENTED_EDGE('',*,*,#9147,.F.);
#9150=ORIENTED_EDGE('',*,*,#9149,.F.);
#9152=ORIENTED_EDGE('',*,*,#9151,.F.);
#9154=ORIENTED_EDGE('',*,*,#9153,.F.);
#9156=ORIENTED_EDGE('',*,*,#9155,.F.);
#9158=ORIENTED_EDGE('',*,*,#9157,.F.);
#9160=ORIENTED_EDGE('',*,*,#9159,.F.);
#9162=ORIENTED_EDGE('',*,*,#9161,.F.);
#9164=ORIENTED_EDGE('',*,*,#9163,.F.);
#9165=EDGE_LOOP('',(#9140,#9142,#9144,#9146,#9148,#9150,#9152,#9154,#9156,#9158,
#9160,#9162,#9164));
#9166=FACE_OUTER_BOUND('',#9165,.F.);
#9167=ADVANCED_FACE('',(#9166),#9139,.T.);
#9168=CARTESIAN_POINT('',(-1.015639310610E1,9.565049356208E0,1.242003138320E0));
#9169=DIRECTION('',(-1.E0,0.E0,0.E0));
#9170=DIRECTION('',(0.E0,0.E0,-1.E0));
#9171=AXIS2_PLACEMENT_3D('',#9168,#9169,#9170);
#9172=PLANE('',#9171);
#9173=ORIENTED_EDGE('',*,*,#9141,.T.);
#9174=ORIENTED_EDGE('',*,*,#9130,.F.);
#9175=ORIENTED_EDGE('',*,*,#8089,.T.);
#9177=ORIENTED_EDGE('',*,*,#9176,.T.);
#9178=EDGE_LOOP('',(#9173,#9174,#9175,#9177));
#9179=FACE_OUTER_BOUND('',#9178,.F.);
#9180=ADVANCED_FACE('',(#9179),#9172,.T.);
#9181=CARTESIAN_POINT('',(-1.046889310610E1,9.565049356208E0,1.242003138320E0));
#9182=DIRECTION('',(0.E0,0.E0,-1.E0));
#9183=DIRECTION('',(1.E0,0.E0,0.E0));
#9184=AXIS2_PLACEMENT_3D('',#9181,#9182,#9183);
#9185=PLANE('',#9184);
#9186=ORIENTED_EDGE('',*,*,#9143,.T.);
#9187=ORIENTED_EDGE('',*,*,#9176,.F.);
#9188=ORIENTED_EDGE('',*,*,#8087,.T.);
#9190=ORIENTED_EDGE('',*,*,#9189,.T.);
#9191=EDGE_LOOP('',(#9186,#9187,#9188,#9190));
#9192=FACE_OUTER_BOUND('',#9191,.F.);
#9193=ADVANCED_FACE('',(#9192),#9185,.T.);
#9194=CARTESIAN_POINT('',(-1.046889310610E1,9.565049356208E0,
-5.704968616799E-1));
#9195=DIRECTION('',(1.E0,0.E0,0.E0));
#9196=DIRECTION('',(0.E0,0.E0,1.E0));
#9197=AXIS2_PLACEMENT_3D('',#9194,#9195,#9196);
#9198=PLANE('',#9197);
#9199=ORIENTED_EDGE('',*,*,#9145,.T.);
#9200=ORIENTED_EDGE('',*,*,#9189,.F.);
#9201=ORIENTED_EDGE('',*,*,#8085,.T.);
#9203=ORIENTED_EDGE('',*,*,#9202,.T.);
#9204=EDGE_LOOP('',(#9199,#9200,#9201,#9203));
#9205=FACE_OUTER_BOUND('',#9204,.F.);
#9206=ADVANCED_FACE('',(#9205),#9198,.T.);
#9207=CARTESIAN_POINT('',(-1.106264310610E1,9.565049356208E0,
-5.704968616799E-1));
#9208=DIRECTION('',(0.E0,0.E0,-1.E0));
#9209=DIRECTION('',(1.E0,0.E0,0.E0));
#9210=AXIS2_PLACEMENT_3D('',#9207,#9208,#9209);
#9211=PLANE('',#9210);
#9212=ORIENTED_EDGE('',*,*,#9147,.T.);
#9213=ORIENTED_EDGE('',*,*,#9202,.F.);
#9214=ORIENTED_EDGE('',*,*,#8083,.T.);
#9216=ORIENTED_EDGE('',*,*,#9215,.T.);
#9217=EDGE_LOOP('',(#9212,#9213,#9214,#9216));
#9218=FACE_OUTER_BOUND('',#9217,.F.);
#9219=ADVANCED_FACE('',(#9218),#9211,.T.);
#9220=CARTESIAN_POINT('',(-1.106264310610E1,9.565049356208E0,
-8.204968616799E-1));
#9221=DIRECTION('',(1.E0,0.E0,0.E0));
#9222=DIRECTION('',(0.E0,0.E0,1.E0));
#9223=AXIS2_PLACEMENT_3D('',#9220,#9221,#9222);
#9224=PLANE('',#9223);
#9225=ORIENTED_EDGE('',*,*,#9149,.T.);
#9226=ORIENTED_EDGE('',*,*,#9215,.F.);
#9227=ORIENTED_EDGE('',*,*,#8081,.T.);
#9229=ORIENTED_EDGE('',*,*,#9228,.T.);
#9230=EDGE_LOOP('',(#9225,#9226,#9227,#9229));
#9231=FACE_OUTER_BOUND('',#9230,.F.);
#9232=ADVANCED_FACE('',(#9231),#9224,.T.);
#9233=CARTESIAN_POINT('',(-1.100014310610E1,9.565049356208E0,
-8.204968616799E-1));
#9234=DIRECTION('',(0.E0,0.E0,1.E0));
#9235=DIRECTION('',(-1.E0,0.E0,0.E0));
#9236=AXIS2_PLACEMENT_3D('',#9233,#9234,#9235);
#9237=PLANE('',#9236);
#9238=ORIENTED_EDGE('',*,*,#9151,.T.);
#9239=ORIENTED_EDGE('',*,*,#9228,.F.);
#9240=ORIENTED_EDGE('',*,*,#8079,.T.);
#9242=ORIENTED_EDGE('',*,*,#9241,.T.);
#9243=EDGE_LOOP('',(#9238,#9239,#9240,#9242));
#9244=FACE_OUTER_BOUND('',#9243,.F.);
#9245=ADVANCED_FACE('',(#9244),#9237,.T.);
#9246=CARTESIAN_POINT('',(-1.084389310610E1,9.565049356208E0,
-8.517468616799E-1));
#9247=DIRECTION('',(1.961161351382E-1,0.E0,9.805806756909E-1));
#9248=DIRECTION('',(-9.805806756909E-1,0.E0,1.961161351382E-1));
#9249=AXIS2_PLACEMENT_3D('',#9246,#9247,#9248);
#9250=PLANE('',#9249);
#9251=ORIENTED_EDGE('',*,*,#9153,.T.);
#9252=ORIENTED_EDGE('',*,*,#9241,.F.);
#9253=ORIENTED_EDGE('',*,*,#8077,.T.);
#9255=ORIENTED_EDGE('',*,*,#9254,.T.);
#9256=EDGE_LOOP('',(#9251,#9252,#9253,#9255));
#9257=FACE_OUTER_BOUND('',#9256,.F.);
#9258=ADVANCED_FACE('',(#9257),#9250,.T.);
#9259=CARTESIAN_POINT('',(-1.075014310610E1,9.565049356208E0,
-8.829968616799E-1));
#9260=DIRECTION('',(3.162277660168E-1,0.E0,9.486832980505E-1));
#9261=DIRECTION('',(-9.486832980505E-1,0.E0,3.162277660168E-1));
#9262=AXIS2_PLACEMENT_3D('',#9259,#9260,#9261);
#9263=PLANE('',#9262);
#9264=ORIENTED_EDGE('',*,*,#9155,.T.);
#9265=ORIENTED_EDGE('',*,*,#9254,.F.);
#9266=ORIENTED_EDGE('',*,*,#8075,.T.);
#9268=ORIENTED_EDGE('',*,*,#9267,.T.);
#9269=EDGE_LOOP('',(#9264,#9265,#9266,#9268));
#9270=FACE_OUTER_BOUND('',#9269,.F.);
#9271=ADVANCED_FACE('',(#9270),#9263,.T.);
#9272=CARTESIAN_POINT('',(-1.062514310610E1,9.565049356208E0,
-9.454968616799E-1));
#9273=DIRECTION('',(4.472135955E-1,0.E0,8.944271909999E-1));
#9274=DIRECTION('',(-8.944271909999E-1,0.E0,4.472135955E-1));
#9275=AXIS2_PLACEMENT_3D('',#9272,#9273,#9274);
#9276=PLANE('',#9275);
#9277=ORIENTED_EDGE('',*,*,#9157,.T.);
#9278=ORIENTED_EDGE('',*,*,#9267,.F.);
#9279=ORIENTED_EDGE('',*,*,#8073,.T.);
#9281=ORIENTED_EDGE('',*,*,#9280,.T.);
#9282=EDGE_LOOP('',(#9277,#9278,#9279,#9281));
#9283=FACE_OUTER_BOUND('',#9282,.F.);
#9284=ADVANCED_FACE('',(#9283),#9276,.T.);
#9285=CARTESIAN_POINT('',(-1.053139310610E1,9.565049356208E0,
-1.039246861680E0));
#9286=DIRECTION('',(7.071067811865E-1,0.E0,7.071067811865E-1));
#9287=DIRECTION('',(-7.071067811865E-1,0.E0,7.071067811865E-1));
#9288=AXIS2_PLACEMENT_3D('',#9285,#9286,#9287);
#9289=PLANE('',#9288);
#9290=ORIENTED_EDGE('',*,*,#9159,.T.);
#9291=ORIENTED_EDGE('',*,*,#9280,.F.);
#9292=ORIENTED_EDGE('',*,*,#8071,.T.);
#9294=ORIENTED_EDGE('',*,*,#9293,.T.);
#9295=EDGE_LOOP('',(#9290,#9291,#9292,#9294));
#9296=FACE_OUTER_BOUND('',#9295,.F.);
#9297=ADVANCED_FACE('',(#9296),#9289,.T.);
#9298=CARTESIAN_POINT('',(-1.043764310610E1,9.565049356208E0,
-1.164246861680E0));
#9299=DIRECTION('',(8.E-1,0.E0,6.E-1));
#9300=DIRECTION('',(-6.E-1,0.E0,8.E-1));
#9301=AXIS2_PLACEMENT_3D('',#9298,#9299,#9300);
#9302=PLANE('',#9301);
#9303=ORIENTED_EDGE('',*,*,#9161,.T.);
#9304=ORIENTED_EDGE('',*,*,#9293,.F.);
#9305=ORIENTED_EDGE('',*,*,#8069,.T.);
#9307=ORIENTED_EDGE('',*,*,#9306,.T.);
#9308=EDGE_LOOP('',(#9303,#9304,#9305,#9307));
#9309=FACE_OUTER_BOUND('',#9308,.F.);
#9310=ADVANCED_FACE('',(#9309),#9302,.T.);
#9311=CARTESIAN_POINT('',(-1.040639310610E1,9.565049356208E0,
-1.257996861680E0));
#9312=DIRECTION('',(9.486832980505E-1,0.E0,3.162277660168E-1));
#9313=DIRECTION('',(-3.162277660168E-1,0.E0,9.486832980505E-1));
#9314=AXIS2_PLACEMENT_3D('',#9311,#9312,#9313);
#9315=PLANE('',#9314);
#9316=ORIENTED_EDGE('',*,*,#9163,.T.);
#9317=ORIENTED_EDGE('',*,*,#9306,.F.);
#9318=ORIENTED_EDGE('',*,*,#8067,.T.);
#9319=ORIENTED_EDGE('',*,*,#9127,.T.);
#9320=EDGE_LOOP('',(#9316,#9317,#9318,#9319));
#9321=FACE_OUTER_BOUND('',#9320,.F.);
#9322=ADVANCED_FACE('',(#9321),#9315,.T.);
#9323=CARTESIAN_POINT('',(-8.471833741440E0,9.565049356208E0,1.2673E1));
#9324=DIRECTION('',(-1.E0,0.E0,0.E0));
#9325=DIRECTION('',(0.E0,-1.E0,0.E0));
#9326=AXIS2_PLACEMENT_3D('',#9323,#9324,#9325);
#9327=PLANE('',#9326);
#9328=ORIENTED_EDGE('',*,*,#7885,.T.);
#9329=ORIENTED_EDGE('',*,*,#7857,.T.);
#9331=ORIENTED_EDGE('',*,*,#9330,.F.);
#9333=ORIENTED_EDGE('',*,*,#9332,.F.);
#9334=EDGE_LOOP('',(#9328,#9329,#9331,#9333));
#9335=FACE_OUTER_BOUND('',#9334,.F.);
#9336=ADVANCED_FACE('',(#9335),#9327,.T.);
#9337=CARTESIAN_POINT('',(-8.471833741440E0,8.224049356208E0,1.2673E1));
#9338=DIRECTION('',(0.E0,-1.E0,0.E0));
#9339=DIRECTION('',(1.E0,0.E0,0.E0));
#9340=AXIS2_PLACEMENT_3D('',#9337,#9338,#9339);
#9341=PLANE('',#9340);
#9342=ORIENTED_EDGE('',*,*,#9330,.T.);
#9343=ORIENTED_EDGE('',*,*,#7855,.T.);
#9345=ORIENTED_EDGE('',*,*,#9344,.F.);
#9347=ORIENTED_EDGE('',*,*,#9346,.F.);
#9348=EDGE_LOOP('',(#9342,#9343,#9345,#9347));
#9349=FACE_OUTER_BOUND('',#9348,.F.);
#9350=ADVANCED_FACE('',(#9349),#9341,.T.);
#9351=CARTESIAN_POINT('',(-7.863733741440E0,8.224049356208E0,1.2673E1));
#9352=DIRECTION('',(-1.E0,0.E0,0.E0));
#9353=DIRECTION('',(0.E0,-1.E0,0.E0));
#9354=AXIS2_PLACEMENT_3D('',#9351,#9352,#9353);
#9355=PLANE('',#9354);
#9356=ORIENTED_EDGE('',*,*,#9344,.T.);
#9357=ORIENTED_EDGE('',*,*,#7853,.T.);
#9359=ORIENTED_EDGE('',*,*,#9358,.F.);
#9361=ORIENTED_EDGE('',*,*,#9360,.F.);
#9362=EDGE_LOOP('',(#9356,#9357,#9359,#9361));
#9363=FACE_OUTER_BOUND('',#9362,.F.);
#9364=ADVANCED_FACE('',(#9363),#9355,.T.);
#9365=CARTESIAN_POINT('',(-7.863733741440E0,7.565049356208E0,1.2673E1));
#9366=DIRECTION('',(0.E0,-1.E0,0.E0));
#9367=DIRECTION('',(1.E0,0.E0,0.E0));
#9368=AXIS2_PLACEMENT_3D('',#9365,#9366,#9367);
#9369=PLANE('',#9368);
#9370=ORIENTED_EDGE('',*,*,#9358,.T.);
#9371=ORIENTED_EDGE('',*,*,#7851,.T.);
#9372=ORIENTED_EDGE('',*,*,#7756,.F.);
#9374=ORIENTED_EDGE('',*,*,#9373,.T.);
#9375=EDGE_LOOP('',(#9370,#9371,#9372,#9374));
#9376=FACE_OUTER_BOUND('',#9375,.F.);
#9377=ADVANCED_FACE('',(#9376),#9369,.T.);
#9378=CARTESIAN_POINT('',(-1.900273353048E1,1.235348938247E1,1.2673E1));
#9379=DIRECTION('',(0.E0,0.E0,-1.E0));
#9380=DIRECTION('',(-1.E0,0.E0,0.E0));
#9381=AXIS2_PLACEMENT_3D('',#9378,#9379,#9380);
#9382=PLANE('',#9381);
#9384=ORIENTED_EDGE('',*,*,#9383,.T.);
#9386=ORIENTED_EDGE('',*,*,#9385,.T.);
#9388=ORIENTED_EDGE('',*,*,#9387,.T.);
#9390=ORIENTED_EDGE('',*,*,#9389,.F.);
#9391=ORIENTED_EDGE('',*,*,#7887,.T.);
#9392=ORIENTED_EDGE('',*,*,#9332,.T.);
#9393=ORIENTED_EDGE('',*,*,#9346,.T.);
#9394=ORIENTED_EDGE('',*,*,#9360,.T.);
#9395=ORIENTED_EDGE('',*,*,#9373,.F.);
#9396=ORIENTED_EDGE('',*,*,#7754,.F.);
#9398=ORIENTED_EDGE('',*,*,#9397,.T.);
#9400=ORIENTED_EDGE('',*,*,#9399,.T.);
#9402=ORIENTED_EDGE('',*,*,#9401,.T.);
#9404=ORIENTED_EDGE('',*,*,#9403,.F.);
#9406=ORIENTED_EDGE('',*,*,#9405,.T.);
#9408=ORIENTED_EDGE('',*,*,#9407,.T.);
#9410=ORIENTED_EDGE('',*,*,#9409,.T.);
#9412=ORIENTED_EDGE('',*,*,#9411,.T.);
#9414=ORIENTED_EDGE('',*,*,#9413,.F.);
#9416=ORIENTED_EDGE('',*,*,#9415,.F.);
#9417=EDGE_LOOP('',(#9384,#9386,#9388,#9390,#9391,#9392,#9393,#9394,#9395,#9396,
#9398,#9400,#9402,#9404,#9406,#9408,#9410,#9412,#9414,#9416));
#9418=FACE_OUTER_BOUND('',#9417,.F.);
#9420=ORIENTED_EDGE('',*,*,#9419,.F.);
#9422=ORIENTED_EDGE('',*,*,#9421,.F.);
#9424=ORIENTED_EDGE('',*,*,#9423,.F.);
#9426=ORIENTED_EDGE('',*,*,#9425,.F.);
#9428=ORIENTED_EDGE('',*,*,#9427,.F.);
#9430=ORIENTED_EDGE('',*,*,#9429,.F.);
#9432=ORIENTED_EDGE('',*,*,#9431,.F.);
#9434=ORIENTED_EDGE('',*,*,#9433,.F.);
#9435=EDGE_LOOP('',(#9420,#9422,#9424,#9426,#9428,#9430,#9432,#9434));
#9436=FACE_BOUND('',#9435,.F.);
#9438=ORIENTED_EDGE('',*,*,#9437,.F.);
#9440=ORIENTED_EDGE('',*,*,#9439,.F.);
#9442=ORIENTED_EDGE('',*,*,#9441,.F.);
#9444=ORIENTED_EDGE('',*,*,#9443,.F.);
#9446=ORIENTED_EDGE('',*,*,#9445,.F.);
#9448=ORIENTED_EDGE('',*,*,#9447,.F.);
#9450=ORIENTED_EDGE('',*,*,#9449,.F.);
#9452=ORIENTED_EDGE('',*,*,#9451,.F.);
#9453=EDGE_LOOP('',(#9438,#9440,#9442,#9444,#9446,#9448,#9450,#9452));
#9454=FACE_BOUND('',#9453,.F.);
#9456=ORIENTED_EDGE('',*,*,#9455,.F.);
#9458=ORIENTED_EDGE('',*,*,#9457,.F.);
#9460=ORIENTED_EDGE('',*,*,#9459,.F.);
#9462=ORIENTED_EDGE('',*,*,#9461,.F.);
#9464=ORIENTED_EDGE('',*,*,#9463,.F.);
#9466=ORIENTED_EDGE('',*,*,#9465,.F.);
#9468=ORIENTED_EDGE('',*,*,#9467,.F.);
#9470=ORIENTED_EDGE('',*,*,#9469,.F.);
#9471=EDGE_LOOP('',(#9456,#9458,#9460,#9462,#9464,#9466,#9468,#9470));
#9472=FACE_BOUND('',#9471,.F.);
#9474=ORIENTED_EDGE('',*,*,#9473,.F.);
#9476=ORIENTED_EDGE('',*,*,#9475,.F.);
#9478=ORIENTED_EDGE('',*,*,#9477,.F.);
#9480=ORIENTED_EDGE('',*,*,#9479,.F.);
#9482=ORIENTED_EDGE('',*,*,#9481,.F.);
#9484=ORIENTED_EDGE('',*,*,#9483,.F.);
#9486=ORIENTED_EDGE('',*,*,#9485,.F.);
#9488=ORIENTED_EDGE('',*,*,#9487,.F.);
#9489=EDGE_LOOP('',(#9474,#9476,#9478,#9480,#9482,#9484,#9486,#9488));
#9490=FACE_BOUND('',#9489,.F.);
#9492=ORIENTED_EDGE('',*,*,#9491,.F.);
#9494=ORIENTED_EDGE('',*,*,#9493,.F.);
#9496=ORIENTED_EDGE('',*,*,#9495,.F.);
#9498=ORIENTED_EDGE('',*,*,#9497,.F.);
#9500=ORIENTED_EDGE('',*,*,#9499,.F.);
#9502=ORIENTED_EDGE('',*,*,#9501,.F.);
#9504=ORIENTED_EDGE('',*,*,#9503,.F.);
#9506=ORIENTED_EDGE('',*,*,#9505,.F.);
#9507=EDGE_LOOP('',(#9492,#9494,#9496,#9498,#9500,#9502,#9504,#9506));
#9508=FACE_BOUND('',#9507,.F.);
#9510=ORIENTED_EDGE('',*,*,#9509,.F.);
#9512=ORIENTED_EDGE('',*,*,#9511,.F.);
#9514=ORIENTED_EDGE('',*,*,#9513,.F.);
#9516=ORIENTED_EDGE('',*,*,#9515,.F.);
#9518=ORIENTED_EDGE('',*,*,#9517,.F.);
#9520=ORIENTED_EDGE('',*,*,#9519,.F.);
#9522=ORIENTED_EDGE('',*,*,#9521,.F.);
#9524=ORIENTED_EDGE('',*,*,#9523,.F.);
#9525=EDGE_LOOP('',(#9510,#9512,#9514,#9516,#9518,#9520,#9522,#9524));
#9526=FACE_BOUND('',#9525,.F.);
#9528=ORIENTED_EDGE('',*,*,#9527,.F.);
#9530=ORIENTED_EDGE('',*,*,#9529,.F.);
#9532=ORIENTED_EDGE('',*,*,#9531,.F.);
#9534=ORIENTED_EDGE('',*,*,#9533,.F.);
#9536=ORIENTED_EDGE('',*,*,#9535,.F.);
#9538=ORIENTED_EDGE('',*,*,#9537,.F.);
#9540=ORIENTED_EDGE('',*,*,#9539,.F.);
#9542=ORIENTED_EDGE('',*,*,#9541,.F.);
#9543=EDGE_LOOP('',(#9528,#9530,#9532,#9534,#9536,#9538,#9540,#9542));
#9544=FACE_BOUND('',#9543,.F.);
#9546=ORIENTED_EDGE('',*,*,#9545,.F.);
#9548=ORIENTED_EDGE('',*,*,#9547,.F.);
#9550=ORIENTED_EDGE('',*,*,#9549,.F.);
#9552=ORIENTED_EDGE('',*,*,#9551,.F.);
#9554=ORIENTED_EDGE('',*,*,#9553,.F.);
#9556=ORIENTED_EDGE('',*,*,#9555,.F.);
#9558=ORIENTED_EDGE('',*,*,#9557,.F.);
#9560=ORIENTED_EDGE('',*,*,#9559,.F.);
#9561=EDGE_LOOP('',(#9546,#9548,#9550,#9552,#9554,#9556,#9558,#9560));
#9562=FACE_BOUND('',#9561,.F.);
#9564=ORIENTED_EDGE('',*,*,#9563,.F.);
#9566=ORIENTED_EDGE('',*,*,#9565,.F.);
#9568=ORIENTED_EDGE('',*,*,#9567,.F.);
#9570=ORIENTED_EDGE('',*,*,#9569,.F.);
#9572=ORIENTED_EDGE('',*,*,#9571,.F.);
#9574=ORIENTED_EDGE('',*,*,#9573,.F.);
#9576=ORIENTED_EDGE('',*,*,#9575,.F.);
#9578=ORIENTED_EDGE('',*,*,#9577,.F.);
#9579=EDGE_LOOP('',(#9564,#9566,#9568,#9570,#9572,#9574,#9576,#9578));
#9580=FACE_BOUND('',#9579,.F.);
#9582=ORIENTED_EDGE('',*,*,#9581,.F.);
#9584=ORIENTED_EDGE('',*,*,#9583,.F.);
#9586=ORIENTED_EDGE('',*,*,#9585,.F.);
#9588=ORIENTED_EDGE('',*,*,#9587,.F.);
#9590=ORIENTED_EDGE('',*,*,#9589,.F.);
#9592=ORIENTED_EDGE('',*,*,#9591,.F.);
#9594=ORIENTED_EDGE('',*,*,#9593,.F.);
#9596=ORIENTED_EDGE('',*,*,#9595,.F.);
#9597=EDGE_LOOP('',(#9582,#9584,#9586,#9588,#9590,#9592,#9594,#9596));
#9598=FACE_BOUND('',#9597,.F.);
#9599=ADVANCED_FACE('',(#9418,#9436,#9454,#9472,#9490,#9508,#9526,#9544,#9562,
#9580,#9598),#9382,.F.);
#9600=CARTESIAN_POINT('',(-3.2329302E1,-6.337199999999E-2,-1.500000025257E-1));
#9601=DIRECTION('',(0.E0,0.E0,1.E0));
#9602=DIRECTION('',(1.E0,0.E0,0.E0));
#9603=AXIS2_PLACEMENT_3D('',#9600,#9601,#9602);
#9604=CYLINDRICAL_SURFACE('',#9603,1.E-1);
#9606=ORIENTED_EDGE('',*,*,#9605,.F.);
#9608=ORIENTED_EDGE('',*,*,#9607,.T.);
#9610=ORIENTED_EDGE('',*,*,#9609,.T.);
#9612=ORIENTED_EDGE('',*,*,#9611,.F.);
#9613=ORIENTED_EDGE('',*,*,#9581,.T.);
#9614=EDGE_LOOP('',(#9606,#9608,#9610,#9612,#9613));
#9615=FACE_OUTER_BOUND('',#9614,.F.);
#9616=ADVANCED_FACE('',(#9615),#9604,.T.);
#9617=CARTESIAN_POINT('',(-3.2309302E1,-1.63372E-1,8.972999997474E0));
#9618=DIRECTION('',(0.E0,-1.E0,0.E0));
#9619=DIRECTION('',(1.E0,0.E0,0.E0));
#9620=AXIS2_PLACEMENT_3D('',#9617,#9618,#9619);
#9621=PLANE('',#9620);
#9622=ORIENTED_EDGE('',*,*,#9605,.T.);
#9623=ORIENTED_EDGE('',*,*,#9595,.T.);
#9625=ORIENTED_EDGE('',*,*,#9624,.T.);
#9627=ORIENTED_EDGE('',*,*,#9626,.F.);
#9628=EDGE_LOOP('',(#9622,#9623,#9625,#9627));
#9629=FACE_OUTER_BOUND('',#9628,.F.);
#9630=ADVANCED_FACE('',(#9629),#9621,.T.);
#9631=CARTESIAN_POINT('',(-3.3253302E1,-6.337199999999E-2,-1.500000025257E-1));
#9632=DIRECTION('',(0.E0,0.E0,1.E0));
#9633=DIRECTION('',(1.E0,0.E0,0.E0));
#9634=AXIS2_PLACEMENT_3D('',#9631,#9632,#9633);
#9635=CYLINDRICAL_SURFACE('',#9634,1.E-1);
#9637=ORIENTED_EDGE('',*,*,#9636,.F.);
#9639=ORIENTED_EDGE('',*,*,#9638,.T.);
#9641=ORIENTED_EDGE('',*,*,#9640,.T.);
#9642=ORIENTED_EDGE('',*,*,#9624,.F.);
#9643=ORIENTED_EDGE('',*,*,#9593,.T.);
#9644=EDGE_LOOP('',(#9637,#9639,#9641,#9642,#9643));
#9645=FACE_OUTER_BOUND('',#9644,.F.);
#9646=ADVANCED_FACE('',(#9645),#9635,.T.);
#9647=CARTESIAN_POINT('',(-3.3353302E1,8.186993923556E-1,1.267299999747E1));
#9648=DIRECTION('',(-1.E0,0.E0,0.E0));
#9649=DIRECTION('',(0.E0,1.E0,0.E0));
#9650=AXIS2_PLACEMENT_3D('',#9647,#9648,#9649);
#9651=PLANE('',#9650);
#9652=ORIENTED_EDGE('',*,*,#9636,.T.);
#9653=ORIENTED_EDGE('',*,*,#9591,.T.);
#9655=ORIENTED_EDGE('',*,*,#9654,.T.);
#9657=ORIENTED_EDGE('',*,*,#9656,.F.);
#9658=EDGE_LOOP('',(#9652,#9653,#9655,#9657));
#9659=FACE_OUTER_BOUND('',#9658,.F.);
#9660=ADVANCED_FACE('',(#9659),#9651,.T.);
#9661=CARTESIAN_POINT('',(-3.3253302E1,8.60628E-1,-1.500000025257E-1));
#9662=DIRECTION('',(0.E0,0.E0,1.E0));
#9663=DIRECTION('',(1.E0,0.E0,0.E0));
#9664=AXIS2_PLACEMENT_3D('',#9661,#9662,#9663);
#9665=CYLINDRICAL_SURFACE('',#9664,1.E-1);
#9667=ORIENTED_EDGE('',*,*,#9666,.F.);
#9669=ORIENTED_EDGE('',*,*,#9668,.T.);
#9671=ORIENTED_EDGE('',*,*,#9670,.T.);
#9672=ORIENTED_EDGE('',*,*,#9654,.F.);
#9673=ORIENTED_EDGE('',*,*,#9589,.T.);
#9674=EDGE_LOOP('',(#9667,#9669,#9671,#9672,#9673));
#9675=FACE_OUTER_BOUND('',#9674,.F.);
#9676=ADVANCED_FACE('',(#9675),#9665,.T.);
#9677=CARTESIAN_POINT('',(-3.2309302E1,9.60628E-1,1.267299999747E1));
#9678=DIRECTION('',(0.E0,1.E0,0.E0));
#9679=DIRECTION('',(1.E0,0.E0,0.E0));
#9680=AXIS2_PLACEMENT_3D('',#9677,#9678,#9679);
#9681=PLANE('',#9680);
#9682=ORIENTED_EDGE('',*,*,#9666,.T.);
#9683=ORIENTED_EDGE('',*,*,#9587,.T.);
#9685=ORIENTED_EDGE('',*,*,#9684,.T.);
#9687=ORIENTED_EDGE('',*,*,#9686,.F.);
#9688=EDGE_LOOP('',(#9682,#9683,#9685,#9687));
#9689=FACE_OUTER_BOUND('',#9688,.F.);
#9690=ADVANCED_FACE('',(#9689),#9681,.T.);
#9691=CARTESIAN_POINT('',(-3.2329302E1,8.60628E-1,-1.500000025257E-1));
#9692=DIRECTION('',(0.E0,0.E0,1.E0));
#9693=DIRECTION('',(1.E0,0.E0,0.E0));
#9694=AXIS2_PLACEMENT_3D('',#9691,#9692,#9693);
#9695=CYLINDRICAL_SURFACE('',#9694,1.E-1);
#9697=ORIENTED_EDGE('',*,*,#9696,.F.);
#9699=ORIENTED_EDGE('',*,*,#9698,.T.);
#9701=ORIENTED_EDGE('',*,*,#9700,.T.);
#9702=ORIENTED_EDGE('',*,*,#9684,.F.);
#9703=ORIENTED_EDGE('',*,*,#9585,.T.);
#9704=EDGE_LOOP('',(#9697,#9699,#9701,#9702,#9703));
#9705=FACE_OUTER_BOUND('',#9704,.F.);
#9706=ADVANCED_FACE('',(#9705),#9695,.T.);
#9707=CARTESIAN_POINT('',(-3.2229302E1,-4.89999E0,2.256500003033E1));
#9708=DIRECTION('',(1.E0,0.E0,0.E0));
#9709=DIRECTION('',(0.E0,0.E0,1.E0));
#9710=AXIS2_PLACEMENT_3D('',#9707,#9708,#9709);
#9711=PLANE('',#9710);
#9712=ORIENTED_EDGE('',*,*,#9696,.T.);
#9713=ORIENTED_EDGE('',*,*,#9583,.T.);
#9714=ORIENTED_EDGE('',*,*,#9611,.T.);
#9716=ORIENTED_EDGE('',*,*,#9715,.F.);
#9717=EDGE_LOOP('',(#9712,#9713,#9714,#9716));
#9718=FACE_OUTER_BOUND('',#9717,.F.);
#9719=ADVANCED_FACE('',(#9718),#9711,.T.);
#9720=CARTESIAN_POINT('',(-3.2429302E1,3.98628E-1,1.6253E1));
#9721=DIRECTION('',(-7.071067811865E-1,0.E0,-7.071067811865E-1));
#9722=DIRECTION('',(-7.071067811865E-1,0.E0,7.071067811865E-1));
#9723=AXIS2_PLACEMENT_3D('',#9720,#9721,#9722);
#9724=PLANE('',#9723);
#9725=ORIENTED_EDGE('',*,*,#9715,.T.);
#9726=ORIENTED_EDGE('',*,*,#9609,.F.);
#9728=ORIENTED_EDGE('',*,*,#9727,.F.);
#9730=ORIENTED_EDGE('',*,*,#9729,.F.);
#9732=ORIENTED_EDGE('',*,*,#9731,.T.);
#9733=ORIENTED_EDGE('',*,*,#9698,.F.);
#9734=EDGE_LOOP('',(#9725,#9726,#9728,#9730,#9732,#9733));
#9735=FACE_OUTER_BOUND('',#9734,.F.);
#9736=ADVANCED_FACE('',(#9735),#9724,.F.);
#9737=CARTESIAN_POINT('',(-3.2791302E1,3.662800000001E-2,1.6253E1));
#9738=DIRECTION('',(0.E0,7.071067811865E-1,-7.071067811865E-1));
#9739=DIRECTION('',(0.E0,7.071067811865E-1,7.071067811865E-1));
#9740=AXIS2_PLACEMENT_3D('',#9737,#9738,#9739);
#9741=PLANE('',#9740);
#9742=ORIENTED_EDGE('',*,*,#9626,.T.);
#9743=ORIENTED_EDGE('',*,*,#9640,.F.);
#9745=ORIENTED_EDGE('',*,*,#9744,.T.);
#9747=ORIENTED_EDGE('',*,*,#9746,.F.);
#9748=ORIENTED_EDGE('',*,*,#9727,.T.);
#9749=ORIENTED_EDGE('',*,*,#9607,.F.);
#9750=EDGE_LOOP('',(#9742,#9743,#9745,#9747,#9748,#9749));
#9751=FACE_OUTER_BOUND('',#9750,.F.);
#9752=ADVANCED_FACE('',(#9751),#9741,.F.);
#9753=CARTESIAN_POINT('',(-3.3153302E1,3.98628E-1,1.6253E1));
#9754=DIRECTION('',(7.071067811865E-1,0.E0,-7.071067811865E-1));
#9755=DIRECTION('',(7.071067811865E-1,0.E0,7.071067811865E-1));
#9756=AXIS2_PLACEMENT_3D('',#9753,#9754,#9755);
#9757=PLANE('',#9756);
#9758=ORIENTED_EDGE('',*,*,#9656,.T.);
#9759=ORIENTED_EDGE('',*,*,#9670,.F.);
#9761=ORIENTED_EDGE('',*,*,#9760,.T.);
#9763=ORIENTED_EDGE('',*,*,#9762,.F.);
#9764=ORIENTED_EDGE('',*,*,#9744,.F.);
#9765=ORIENTED_EDGE('',*,*,#9638,.F.);
#9766=EDGE_LOOP('',(#9758,#9759,#9761,#9763,#9764,#9765));
#9767=FACE_OUTER_BOUND('',#9766,.F.);
#9768=ADVANCED_FACE('',(#9767),#9757,.F.);
#9769=CARTESIAN_POINT('',(-3.2791302E1,7.60628E-1,1.6253E1));
#9770=DIRECTION('',(0.E0,-7.071067811865E-1,-7.071067811865E-1));
#9771=DIRECTION('',(0.E0,-7.071067811865E-1,7.071067811865E-1));
#9772=AXIS2_PLACEMENT_3D('',#9769,#9770,#9771);
#9773=PLANE('',#9772);
#9774=ORIENTED_EDGE('',*,*,#9686,.T.);
#9775=ORIENTED_EDGE('',*,*,#9700,.F.);
#9776=ORIENTED_EDGE('',*,*,#9731,.F.);
#9778=ORIENTED_EDGE('',*,*,#9777,.F.);
#9779=ORIENTED_EDGE('',*,*,#9760,.F.);
#9780=ORIENTED_EDGE('',*,*,#9668,.F.);
#9781=EDGE_LOOP('',(#9774,#9775,#9776,#9778,#9779,#9780));
#9782=FACE_OUTER_BOUND('',#9781,.F.);
#9783=ADVANCED_FACE('',(#9782),#9773,.F.);
#9784=CARTESIAN_POINT('',(-3.298468168034E1,-4.546300000001E-1,1.6453E1));
#9785=DIRECTION('',(0.E0,0.E0,-1.E0));
#9786=DIRECTION('',(-1.E0,0.E0,0.E0));
#9787=AXIS2_PLACEMENT_3D('',#9784,#9785,#9786);
#9788=PLANE('',#9787);
#9789=ORIENTED_EDGE('',*,*,#9762,.T.);
#9790=ORIENTED_EDGE('',*,*,#9777,.T.);
#9791=ORIENTED_EDGE('',*,*,#9729,.T.);
#9792=ORIENTED_EDGE('',*,*,#9746,.T.);
#9793=EDGE_LOOP('',(#9789,#9790,#9791,#9792));
#9794=FACE_OUTER_BOUND('',#9793,.F.);
#9795=ADVANCED_FACE('',(#9794),#9788,.F.);
#9796=CARTESIAN_POINT('',(-2.1853302E1,-6.337199999999E-2,-1.500000025257E-1));
#9797=DIRECTION('',(0.E0,0.E0,1.E0));
#9798=DIRECTION('',(1.E0,0.E0,0.E0));
#9799=AXIS2_PLACEMENT_3D('',#9796,#9797,#9798);
#9800=CYLINDRICAL_SURFACE('',#9799,1.E-1);
#9802=ORIENTED_EDGE('',*,*,#9801,.F.);
#9804=ORIENTED_EDGE('',*,*,#9803,.T.);
#9806=ORIENTED_EDGE('',*,*,#9805,.T.);
#9808=ORIENTED_EDGE('',*,*,#9807,.F.);
#9809=ORIENTED_EDGE('',*,*,#9419,.T.);
#9810=EDGE_LOOP('',(#9802,#9804,#9806,#9808,#9809));
#9811=FACE_OUTER_BOUND('',#9810,.F.);
#9812=ADVANCED_FACE('',(#9811),#9800,.T.);
#9813=CARTESIAN_POINT('',(-2.1953302E1,8.186993923556E-1,1.267299999747E1));
#9814=DIRECTION('',(-1.E0,0.E0,0.E0));
#9815=DIRECTION('',(0.E0,1.E0,0.E0));
#9816=AXIS2_PLACEMENT_3D('',#9813,#9814,#9815);
#9817=PLANE('',#9816);
#9818=ORIENTED_EDGE('',*,*,#9801,.T.);
#9819=ORIENTED_EDGE('',*,*,#9433,.T.);
#9821=ORIENTED_EDGE('',*,*,#9820,.T.);
#9823=ORIENTED_EDGE('',*,*,#9822,.F.);
#9824=EDGE_LOOP('',(#9818,#9819,#9821,#9823));
#9825=FACE_OUTER_BOUND('',#9824,.F.);
#9826=ADVANCED_FACE('',(#9825),#9817,.T.);
#9827=CARTESIAN_POINT('',(-2.1853302E1,8.60628E-1,-1.500000025257E-1));
#9828=DIRECTION('',(0.E0,0.E0,1.E0));
#9829=DIRECTION('',(1.E0,0.E0,0.E0));
#9830=AXIS2_PLACEMENT_3D('',#9827,#9828,#9829);
#9831=CYLINDRICAL_SURFACE('',#9830,1.E-1);
#9833=ORIENTED_EDGE('',*,*,#9832,.F.);
#9835=ORIENTED_EDGE('',*,*,#9834,.T.);
#9837=ORIENTED_EDGE('',*,*,#9836,.T.);
#9838=ORIENTED_EDGE('',*,*,#9820,.F.);
#9839=ORIENTED_EDGE('',*,*,#9431,.T.);
#9840=EDGE_LOOP('',(#9833,#9835,#9837,#9838,#9839));
#9841=FACE_OUTER_BOUND('',#9840,.F.);
#9842=ADVANCED_FACE('',(#9841),#9831,.T.);
#9843=CARTESIAN_POINT('',(-2.0909302E1,9.60628E-1,1.267299999747E1));
#9844=DIRECTION('',(0.E0,1.E0,0.E0));
#9845=DIRECTION('',(1.E0,0.E0,0.E0));
#9846=AXIS2_PLACEMENT_3D('',#9843,#9844,#9845);
#9847=PLANE('',#9846);
#9848=ORIENTED_EDGE('',*,*,#9832,.T.);
#9849=ORIENTED_EDGE('',*,*,#9429,.T.);
#9851=ORIENTED_EDGE('',*,*,#9850,.T.);
#9853=ORIENTED_EDGE('',*,*,#9852,.F.);
#9854=EDGE_LOOP('',(#9848,#9849,#9851,#9853));
#9855=FACE_OUTER_BOUND('',#9854,.F.);
#9856=ADVANCED_FACE('',(#9855),#9847,.T.);
#9857=CARTESIAN_POINT('',(-2.0929302E1,8.60628E-1,-1.500000025257E-1));
#9858=DIRECTION('',(0.E0,0.E0,1.E0));
#9859=DIRECTION('',(1.E0,0.E0,0.E0));
#9860=AXIS2_PLACEMENT_3D('',#9857,#9858,#9859);
#9861=CYLINDRICAL_SURFACE('',#9860,1.E-1);
#9863=ORIENTED_EDGE('',*,*,#9862,.F.);
#9865=ORIENTED_EDGE('',*,*,#9864,.T.);
#9867=ORIENTED_EDGE('',*,*,#9866,.T.);
#9868=ORIENTED_EDGE('',*,*,#9850,.F.);
#9869=ORIENTED_EDGE('',*,*,#9427,.T.);
#9870=EDGE_LOOP('',(#9863,#9865,#9867,#9868,#9869));
#9871=FACE_OUTER_BOUND('',#9870,.F.);
#9872=ADVANCED_FACE('',(#9871),#9861,.T.);
#9873=CARTESIAN_POINT('',(-2.0829302E1,-4.89999E0,2.256500003033E1));
#9874=DIRECTION('',(1.E0,0.E0,0.E0));
#9875=DIRECTION('',(0.E0,0.E0,1.E0));
#9876=AXIS2_PLACEMENT_3D('',#9873,#9874,#9875);
#9877=PLANE('',#9876);
#9878=ORIENTED_EDGE('',*,*,#9862,.T.);
#9879=ORIENTED_EDGE('',*,*,#9425,.T.);
#9881=ORIENTED_EDGE('',*,*,#9880,.T.);
#9883=ORIENTED_EDGE('',*,*,#9882,.F.);
#9884=EDGE_LOOP('',(#9878,#9879,#9881,#9883));
#9885=FACE_OUTER_BOUND('',#9884,.F.);
#9886=ADVANCED_FACE('',(#9885),#9877,.T.);
#9887=CARTESIAN_POINT('',(-2.0929302E1,-6.337199999999E-2,-1.500000025257E-1));
#9888=DIRECTION('',(0.E0,0.E0,1.E0));
#9889=DIRECTION('',(1.E0,0.E0,0.E0));
#9890=AXIS2_PLACEMENT_3D('',#9887,#9888,#9889);
#9891=CYLINDRICAL_SURFACE('',#9890,1.E-1);
#9893=ORIENTED_EDGE('',*,*,#9892,.F.);
#9895=ORIENTED_EDGE('',*,*,#9894,.T.);
#9897=ORIENTED_EDGE('',*,*,#9896,.T.);
#9898=ORIENTED_EDGE('',*,*,#9880,.F.);
#9899=ORIENTED_EDGE('',*,*,#9423,.T.);
#9900=EDGE_LOOP('',(#9893,#9895,#9897,#9898,#9899));
#9901=FACE_OUTER_BOUND('',#9900,.F.);
#9902=ADVANCED_FACE('',(#9901),#9891,.T.);
#9903=CARTESIAN_POINT('',(-2.0909302E1,-1.63372E-1,8.972999997474E0));
#9904=DIRECTION('',(0.E0,-1.E0,0.E0));
#9905=DIRECTION('',(1.E0,0.E0,0.E0));
#9906=AXIS2_PLACEMENT_3D('',#9903,#9904,#9905);
#9907=PLANE('',#9906);
#9908=ORIENTED_EDGE('',*,*,#9892,.T.);
#9909=ORIENTED_EDGE('',*,*,#9421,.T.);
#9910=ORIENTED_EDGE('',*,*,#9807,.T.);
#9912=ORIENTED_EDGE('',*,*,#9911,.F.);
#9913=EDGE_LOOP('',(#9908,#9909,#9910,#9912));
#9914=FACE_OUTER_BOUND('',#9913,.F.);
#9915=ADVANCED_FACE('',(#9914),#9907,.T.);
#9916=CARTESIAN_POINT('',(-2.1391302E1,3.662800000001E-2,1.6253E1));
#9917=DIRECTION('',(0.E0,7.071067811865E-1,-7.071067811865E-1));
#9918=DIRECTION('',(0.E0,7.071067811865E-1,7.071067811865E-1));
#9919=AXIS2_PLACEMENT_3D('',#9916,#9917,#9918);
#9920=PLANE('',#9919);
#9921=ORIENTED_EDGE('',*,*,#9911,.T.);
#9922=ORIENTED_EDGE('',*,*,#9805,.F.);
#9924=ORIENTED_EDGE('',*,*,#9923,.T.);
#9926=ORIENTED_EDGE('',*,*,#9925,.F.);
#9928=ORIENTED_EDGE('',*,*,#9927,.T.);
#9929=ORIENTED_EDGE('',*,*,#9894,.F.);
#9930=EDGE_LOOP('',(#9921,#9922,#9924,#9926,#9928,#9929));
#9931=FACE_OUTER_BOUND('',#9930,.F.);
#9932=ADVANCED_FACE('',(#9931),#9920,.F.);
#9933=CARTESIAN_POINT('',(-2.1753302E1,3.98628E-1,1.6253E1));
#9934=DIRECTION('',(7.071067811865E-1,0.E0,-7.071067811865E-1));
#9935=DIRECTION('',(7.071067811865E-1,0.E0,7.071067811865E-1));
#9936=AXIS2_PLACEMENT_3D('',#9933,#9934,#9935);
#9937=PLANE('',#9936);
#9938=ORIENTED_EDGE('',*,*,#9822,.T.);
#9939=ORIENTED_EDGE('',*,*,#9836,.F.);
#9941=ORIENTED_EDGE('',*,*,#9940,.T.);
#9943=ORIENTED_EDGE('',*,*,#9942,.F.);
#9944=ORIENTED_EDGE('',*,*,#9923,.F.);
#9945=ORIENTED_EDGE('',*,*,#9803,.F.);
#9946=EDGE_LOOP('',(#9938,#9939,#9941,#9943,#9944,#9945));
#9947=FACE_OUTER_BOUND('',#9946,.F.);
#9948=ADVANCED_FACE('',(#9947),#9937,.F.);
#9949=CARTESIAN_POINT('',(-2.1391302E1,7.60628E-1,1.6253E1));
#9950=DIRECTION('',(0.E0,-7.071067811865E-1,-7.071067811865E-1));
#9951=DIRECTION('',(0.E0,-7.071067811865E-1,7.071067811865E-1));
#9952=AXIS2_PLACEMENT_3D('',#9949,#9950,#9951);
#9953=PLANE('',#9952);
#9954=ORIENTED_EDGE('',*,*,#9852,.T.);
#9955=ORIENTED_EDGE('',*,*,#9866,.F.);
#9957=ORIENTED_EDGE('',*,*,#9956,.F.);
#9959=ORIENTED_EDGE('',*,*,#9958,.F.);
#9960=ORIENTED_EDGE('',*,*,#9940,.F.);
#9961=ORIENTED_EDGE('',*,*,#9834,.F.);
#9962=EDGE_LOOP('',(#9954,#9955,#9957,#9959,#9960,#9961));
#9963=FACE_OUTER_BOUND('',#9962,.F.);
#9964=ADVANCED_FACE('',(#9963),#9953,.F.);
#9965=CARTESIAN_POINT('',(-2.1029302E1,3.98628E-1,1.6253E1));
#9966=DIRECTION('',(-7.071067811865E-1,0.E0,-7.071067811865E-1));
#9967=DIRECTION('',(-7.071067811865E-1,0.E0,7.071067811865E-1));
#9968=AXIS2_PLACEMENT_3D('',#9965,#9966,#9967);
#9969=PLANE('',#9968);
#9970=ORIENTED_EDGE('',*,*,#9882,.T.);
#9971=ORIENTED_EDGE('',*,*,#9896,.F.);
#9972=ORIENTED_EDGE('',*,*,#9927,.F.);
#9974=ORIENTED_EDGE('',*,*,#9973,.F.);
#9975=ORIENTED_EDGE('',*,*,#9956,.T.);
#9976=ORIENTED_EDGE('',*,*,#9864,.F.);
#9977=EDGE_LOOP('',(#9970,#9971,#9972,#9974,#9975,#9976));
#9978=FACE_OUTER_BOUND('',#9977,.F.);
#9979=ADVANCED_FACE('',(#9978),#9969,.F.);
#9980=CARTESIAN_POINT('',(-2.158468168034E1,-4.546300000001E-1,1.6453E1));
#9981=DIRECTION('',(0.E0,0.E0,-1.E0));
#9982=DIRECTION('',(-1.E0,0.E0,0.E0));
#9983=AXIS2_PLACEMENT_3D('',#9980,#9981,#9982);
#9984=PLANE('',#9983);
#9985=ORIENTED_EDGE('',*,*,#9942,.T.);
#9986=ORIENTED_EDGE('',*,*,#9958,.T.);
#9987=ORIENTED_EDGE('',*,*,#9973,.T.);
#9988=ORIENTED_EDGE('',*,*,#9925,.T.);
#9989=EDGE_LOOP('',(#9985,#9986,#9987,#9988));
#9990=FACE_OUTER_BOUND('',#9989,.F.);
#9991=ADVANCED_FACE('',(#9990),#9984,.F.);
#9992=CARTESIAN_POINT('',(-1.5229302E1,-6.337199999999E-2,-1.500000025257E-1));
#9993=DIRECTION('',(0.E0,0.E0,1.E0));
#9994=DIRECTION('',(1.E0,0.E0,0.E0));
#9995=AXIS2_PLACEMENT_3D('',#9992,#9993,#9994);
#9996=CYLINDRICAL_SURFACE('',#9995,1.E-1);
#9998=ORIENTED_EDGE('',*,*,#9997,.F.);
#10000=ORIENTED_EDGE('',*,*,#9999,.T.);
#10002=ORIENTED_EDGE('',*,*,#10001,.T.);
#10004=ORIENTED_EDGE('',*,*,#10003,.F.);
#10005=ORIENTED_EDGE('',*,*,#9437,.T.);
#10006=EDGE_LOOP('',(#9998,#10000,#10002,#10004,#10005));
#10007=FACE_OUTER_BOUND('',#10006,.F.);
#10008=ADVANCED_FACE('',(#10007),#9996,.T.);
#10009=CARTESIAN_POINT('',(-1.5209302E1,-1.63372E-1,8.972999997474E0));
#10010=DIRECTION('',(0.E0,-1.E0,0.E0));
#10011=DIRECTION('',(1.E0,0.E0,0.E0));
#10012=AXIS2_PLACEMENT_3D('',#10009,#10010,#10011);
#10013=PLANE('',#10012);
#10014=ORIENTED_EDGE('',*,*,#9997,.T.);
#10015=ORIENTED_EDGE('',*,*,#9451,.T.);
#10017=ORIENTED_EDGE('',*,*,#10016,.T.);
#10019=ORIENTED_EDGE('',*,*,#10018,.F.);
#10020=EDGE_LOOP('',(#10014,#10015,#10017,#10019));
#10021=FACE_OUTER_BOUND('',#10020,.F.);
#10022=ADVANCED_FACE('',(#10021),#10013,.T.);
#10023=CARTESIAN_POINT('',(-1.6153302E1,-6.337199999999E-2,-1.500000025257E-1));
#10024=DIRECTION('',(0.E0,0.E0,1.E0));
#10025=DIRECTION('',(1.E0,0.E0,0.E0));
#10026=AXIS2_PLACEMENT_3D('',#10023,#10024,#10025);
#10027=CYLINDRICAL_SURFACE('',#10026,1.E-1);
#10029=ORIENTED_EDGE('',*,*,#10028,.F.);
#10031=ORIENTED_EDGE('',*,*,#10030,.T.);
#10033=ORIENTED_EDGE('',*,*,#10032,.T.);
#10034=ORIENTED_EDGE('',*,*,#10016,.F.);
#10035=ORIENTED_EDGE('',*,*,#9449,.T.);
#10036=EDGE_LOOP('',(#10029,#10031,#10033,#10034,#10035));
#10037=FACE_OUTER_BOUND('',#10036,.F.);
#10038=ADVANCED_FACE('',(#10037),#10027,.T.);
#10039=CARTESIAN_POINT('',(-1.6253302E1,8.186993923556E-1,1.267299999747E1));
#10040=DIRECTION('',(-1.E0,0.E0,0.E0));
#10041=DIRECTION('',(0.E0,1.E0,0.E0));
#10042=AXIS2_PLACEMENT_3D('',#10039,#10040,#10041);
#10043=PLANE('',#10042);
#10044=ORIENTED_EDGE('',*,*,#10028,.T.);
#10045=ORIENTED_EDGE('',*,*,#9447,.T.);
#10047=ORIENTED_EDGE('',*,*,#10046,.T.);
#10049=ORIENTED_EDGE('',*,*,#10048,.F.);
#10050=EDGE_LOOP('',(#10044,#10045,#10047,#10049));
#10051=FACE_OUTER_BOUND('',#10050,.F.);
#10052=ADVANCED_FACE('',(#10051),#10043,.T.);
#10053=CARTESIAN_POINT('',(-1.6153302E1,8.60628E-1,-1.500000025257E-1));
#10054=DIRECTION('',(0.E0,0.E0,1.E0));
#10055=DIRECTION('',(1.E0,0.E0,0.E0));
#10056=AXIS2_PLACEMENT_3D('',#10053,#10054,#10055);
#10057=CYLINDRICAL_SURFACE('',#10056,1.E-1);
#10059=ORIENTED_EDGE('',*,*,#10058,.F.);
#10061=ORIENTED_EDGE('',*,*,#10060,.T.);
#10063=ORIENTED_EDGE('',*,*,#10062,.T.);
#10064=ORIENTED_EDGE('',*,*,#10046,.F.);
#10065=ORIENTED_EDGE('',*,*,#9445,.T.);
#10066=EDGE_LOOP('',(#10059,#10061,#10063,#10064,#10065));
#10067=FACE_OUTER_BOUND('',#10066,.F.);
#10068=ADVANCED_FACE('',(#10067),#10057,.T.);
#10069=CARTESIAN_POINT('',(-1.5209302E1,9.60628E-1,1.267299999747E1));
#10070=DIRECTION('',(0.E0,1.E0,0.E0));
#10071=DIRECTION('',(1.E0,0.E0,0.E0));
#10072=AXIS2_PLACEMENT_3D('',#10069,#10070,#10071);
#10073=PLANE('',#10072);
#10074=ORIENTED_EDGE('',*,*,#10058,.T.);
#10075=ORIENTED_EDGE('',*,*,#9443,.T.);
#10077=ORIENTED_EDGE('',*,*,#10076,.T.);
#10079=ORIENTED_EDGE('',*,*,#10078,.F.);
#10080=EDGE_LOOP('',(#10074,#10075,#10077,#10079));
#10081=FACE_OUTER_BOUND('',#10080,.F.);
#10082=ADVANCED_FACE('',(#10081),#10073,.T.);
#10083=CARTESIAN_POINT('',(-1.5229302E1,8.60628E-1,-1.500000025257E-1));
#10084=DIRECTION('',(0.E0,0.E0,1.E0));
#10085=DIRECTION('',(1.E0,0.E0,0.E0));
#10086=AXIS2_PLACEMENT_3D('',#10083,#10084,#10085);
#10087=CYLINDRICAL_SURFACE('',#10086,1.E-1);
#10089=ORIENTED_EDGE('',*,*,#10088,.F.);
#10091=ORIENTED_EDGE('',*,*,#10090,.T.);
#10093=ORIENTED_EDGE('',*,*,#10092,.T.);
#10094=ORIENTED_EDGE('',*,*,#10076,.F.);
#10095=ORIENTED_EDGE('',*,*,#9441,.T.);
#10096=EDGE_LOOP('',(#10089,#10091,#10093,#10094,#10095));
#10097=FACE_OUTER_BOUND('',#10096,.F.);
#10098=ADVANCED_FACE('',(#10097),#10087,.T.);
#10099=CARTESIAN_POINT('',(-1.5129302E1,-4.89999E0,2.256500003033E1));
#10100=DIRECTION('',(1.E0,0.E0,0.E0));
#10101=DIRECTION('',(0.E0,0.E0,1.E0));
#10102=AXIS2_PLACEMENT_3D('',#10099,#10100,#10101);
#10103=PLANE('',#10102);
#10104=ORIENTED_EDGE('',*,*,#10088,.T.);
#10105=ORIENTED_EDGE('',*,*,#9439,.T.);
#10106=ORIENTED_EDGE('',*,*,#10003,.T.);
#10108=ORIENTED_EDGE('',*,*,#10107,.F.);
#10109=EDGE_LOOP('',(#10104,#10105,#10106,#10108));
#10110=FACE_OUTER_BOUND('',#10109,.F.);
#10111=ADVANCED_FACE('',(#10110),#10103,.T.);
#10112=CARTESIAN_POINT('',(-1.5329302E1,3.98628E-1,1.6253E1));
#10113=DIRECTION('',(-7.071067811865E-1,0.E0,-7.071067811865E-1));
#10114=DIRECTION('',(-7.071067811865E-1,0.E0,7.071067811865E-1));
#10115=AXIS2_PLACEMENT_3D('',#10112,#10113,#10114);
#10116=PLANE('',#10115);
#10117=ORIENTED_EDGE('',*,*,#10107,.T.);
#10118=ORIENTED_EDGE('',*,*,#10001,.F.);
#10120=ORIENTED_EDGE('',*,*,#10119,.F.);
#10122=ORIENTED_EDGE('',*,*,#10121,.F.);
#10124=ORIENTED_EDGE('',*,*,#10123,.T.);
#10125=ORIENTED_EDGE('',*,*,#10090,.F.);
#10126=EDGE_LOOP('',(#10117,#10118,#10120,#10122,#10124,#10125));
#10127=FACE_OUTER_BOUND('',#10126,.F.);
#10128=ADVANCED_FACE('',(#10127),#10116,.F.);
#10129=CARTESIAN_POINT('',(-1.5691302E1,3.662800000001E-2,1.6253E1));
#10130=DIRECTION('',(0.E0,7.071067811865E-1,-7.071067811865E-1));
#10131=DIRECTION('',(0.E0,7.071067811865E-1,7.071067811865E-1));
#10132=AXIS2_PLACEMENT_3D('',#10129,#10130,#10131);
#10133=PLANE('',#10132);
#10134=ORIENTED_EDGE('',*,*,#10018,.T.);
#10135=ORIENTED_EDGE('',*,*,#10032,.F.);
#10137=ORIENTED_EDGE('',*,*,#10136,.T.);
#10139=ORIENTED_EDGE('',*,*,#10138,.F.);
#10140=ORIENTED_EDGE('',*,*,#10119,.T.);
#10141=ORIENTED_EDGE('',*,*,#9999,.F.);
#10142=EDGE_LOOP('',(#10134,#10135,#10137,#10139,#10140,#10141));
#10143=FACE_OUTER_BOUND('',#10142,.F.);
#10144=ADVANCED_FACE('',(#10143),#10133,.F.);
#10145=CARTESIAN_POINT('',(-1.6053302E1,3.98628E-1,1.6253E1));
#10146=DIRECTION('',(7.071067811865E-1,0.E0,-7.071067811865E-1));
#10147=DIRECTION('',(7.071067811865E-1,0.E0,7.071067811865E-1));
#10148=AXIS2_PLACEMENT_3D('',#10145,#10146,#10147);
#10149=PLANE('',#10148);
#10150=ORIENTED_EDGE('',*,*,#10048,.T.);
#10151=ORIENTED_EDGE('',*,*,#10062,.F.);
#10153=ORIENTED_EDGE('',*,*,#10152,.T.);
#10155=ORIENTED_EDGE('',*,*,#10154,.F.);
#10156=ORIENTED_EDGE('',*,*,#10136,.F.);
#10157=ORIENTED_EDGE('',*,*,#10030,.F.);
#10158=EDGE_LOOP('',(#10150,#10151,#10153,#10155,#10156,#10157));
#10159=FACE_OUTER_BOUND('',#10158,.F.);
#10160=ADVANCED_FACE('',(#10159),#10149,.F.);
#10161=CARTESIAN_POINT('',(-1.5691302E1,7.60628E-1,1.6253E1));
#10162=DIRECTION('',(0.E0,-7.071067811865E-1,-7.071067811865E-1));
#10163=DIRECTION('',(0.E0,-7.071067811865E-1,7.071067811865E-1));
#10164=AXIS2_PLACEMENT_3D('',#10161,#10162,#10163);
#10165=PLANE('',#10164);
#10166=ORIENTED_EDGE('',*,*,#10078,.T.);
#10167=ORIENTED_EDGE('',*,*,#10092,.F.);
#10168=ORIENTED_EDGE('',*,*,#10123,.F.);
#10170=ORIENTED_EDGE('',*,*,#10169,.F.);
#10171=ORIENTED_EDGE('',*,*,#10152,.F.);
#10172=ORIENTED_EDGE('',*,*,#10060,.F.);
#10173=EDGE_LOOP('',(#10166,#10167,#10168,#10170,#10171,#10172));
#10174=FACE_OUTER_BOUND('',#10173,.F.);
#10175=ADVANCED_FACE('',(#10174),#10165,.F.);
#10176=CARTESIAN_POINT('',(-1.588468168034E1,-4.546300000001E-1,1.6453E1));
#10177=DIRECTION('',(0.E0,0.E0,-1.E0));
#10178=DIRECTION('',(-1.E0,0.E0,0.E0));
#10179=AXIS2_PLACEMENT_3D('',#10176,#10177,#10178);
#10180=PLANE('',#10179);
#10181=ORIENTED_EDGE('',*,*,#10154,.T.);
#10182=ORIENTED_EDGE('',*,*,#10169,.T.);
#10183=ORIENTED_EDGE('',*,*,#10121,.T.);
#10184=ORIENTED_EDGE('',*,*,#10138,.T.);
#10185=EDGE_LOOP('',(#10181,#10182,#10183,#10184));
#10186=FACE_OUTER_BOUND('',#10185,.F.);
#10187=ADVANCED_FACE('',(#10186),#10180,.F.);
#10188=CARTESIAN_POINT('',(-2.7553302E1,-6.337199999999E-2,-1.500000025257E-1));
#10189=DIRECTION('',(0.E0,0.E0,1.E0));
#10190=DIRECTION('',(1.E0,0.E0,0.E0));
#10191=AXIS2_PLACEMENT_3D('',#10188,#10189,#10190);
#10192=CYLINDRICAL_SURFACE('',#10191,1.E-1);
#10194=ORIENTED_EDGE('',*,*,#10193,.F.);
#10196=ORIENTED_EDGE('',*,*,#10195,.T.);
#10198=ORIENTED_EDGE('',*,*,#10197,.T.);
#10200=ORIENTED_EDGE('',*,*,#10199,.F.);
#10201=ORIENTED_EDGE('',*,*,#9455,.T.);
#10202=EDGE_LOOP('',(#10194,#10196,#10198,#10200,#10201));
#10203=FACE_OUTER_BOUND('',#10202,.F.);
#10204=ADVANCED_FACE('',(#10203),#10192,.T.);
#10205=CARTESIAN_POINT('',(-2.7653302E1,8.186993923556E-1,1.267299999747E1));
#10206=DIRECTION('',(-1.E0,0.E0,0.E0));
#10207=DIRECTION('',(0.E0,1.E0,0.E0));
#10208=AXIS2_PLACEMENT_3D('',#10205,#10206,#10207);
#10209=PLANE('',#10208);
#10210=ORIENTED_EDGE('',*,*,#10193,.T.);
#10211=ORIENTED_EDGE('',*,*,#9469,.T.);
#10213=ORIENTED_EDGE('',*,*,#10212,.T.);
#10215=ORIENTED_EDGE('',*,*,#10214,.F.);
#10216=EDGE_LOOP('',(#10210,#10211,#10213,#10215));
#10217=FACE_OUTER_BOUND('',#10216,.F.);
#10218=ADVANCED_FACE('',(#10217),#10209,.T.);
#10219=CARTESIAN_POINT('',(-2.7553302E1,8.60628E-1,-1.500000025257E-1));
#10220=DIRECTION('',(0.E0,0.E0,1.E0));
#10221=DIRECTION('',(1.E0,0.E0,0.E0));
#10222=AXIS2_PLACEMENT_3D('',#10219,#10220,#10221);
#10223=CYLINDRICAL_SURFACE('',#10222,1.E-1);
#10225=ORIENTED_EDGE('',*,*,#10224,.F.);
#10227=ORIENTED_EDGE('',*,*,#10226,.T.);
#10229=ORIENTED_EDGE('',*,*,#10228,.T.);
#10230=ORIENTED_EDGE('',*,*,#10212,.F.);
#10231=ORIENTED_EDGE('',*,*,#9467,.T.);
#10232=EDGE_LOOP('',(#10225,#10227,#10229,#10230,#10231));
#10233=FACE_OUTER_BOUND('',#10232,.F.);
#10234=ADVANCED_FACE('',(#10233),#10223,.T.);
#10235=CARTESIAN_POINT('',(-2.6609302E1,9.60628E-1,1.267299999747E1));
#10236=DIRECTION('',(0.E0,1.E0,0.E0));
#10237=DIRECTION('',(1.E0,0.E0,0.E0));
#10238=AXIS2_PLACEMENT_3D('',#10235,#10236,#10237);
#10239=PLANE('',#10238);
#10240=ORIENTED_EDGE('',*,*,#10224,.T.);
#10241=ORIENTED_EDGE('',*,*,#9465,.T.);
#10243=ORIENTED_EDGE('',*,*,#10242,.T.);
#10245=ORIENTED_EDGE('',*,*,#10244,.F.);
#10246=EDGE_LOOP('',(#10240,#10241,#10243,#10245));
#10247=FACE_OUTER_BOUND('',#10246,.F.);
#10248=ADVANCED_FACE('',(#10247),#10239,.T.);
#10249=CARTESIAN_POINT('',(-2.6629302E1,8.60628E-1,-1.500000025257E-1));
#10250=DIRECTION('',(0.E0,0.E0,1.E0));
#10251=DIRECTION('',(1.E0,0.E0,0.E0));
#10252=AXIS2_PLACEMENT_3D('',#10249,#10250,#10251);
#10253=CYLINDRICAL_SURFACE('',#10252,1.E-1);
#10255=ORIENTED_EDGE('',*,*,#10254,.F.);
#10257=ORIENTED_EDGE('',*,*,#10256,.T.);
#10259=ORIENTED_EDGE('',*,*,#10258,.T.);
#10260=ORIENTED_EDGE('',*,*,#10242,.F.);
#10261=ORIENTED_EDGE('',*,*,#9463,.T.);
#10262=EDGE_LOOP('',(#10255,#10257,#10259,#10260,#10261));
#10263=FACE_OUTER_BOUND('',#10262,.F.);
#10264=ADVANCED_FACE('',(#10263),#10253,.T.);
#10265=CARTESIAN_POINT('',(-2.6529302E1,-4.89999E0,2.256500003033E1));
#10266=DIRECTION('',(1.E0,0.E0,0.E0));
#10267=DIRECTION('',(0.E0,0.E0,1.E0));
#10268=AXIS2_PLACEMENT_3D('',#10265,#10266,#10267);
#10269=PLANE('',#10268);
#10270=ORIENTED_EDGE('',*,*,#10254,.T.);
#10271=ORIENTED_EDGE('',*,*,#9461,.T.);
#10273=ORIENTED_EDGE('',*,*,#10272,.T.);
#10275=ORIENTED_EDGE('',*,*,#10274,.F.);
#10276=EDGE_LOOP('',(#10270,#10271,#10273,#10275));
#10277=FACE_OUTER_BOUND('',#10276,.F.);
#10278=ADVANCED_FACE('',(#10277),#10269,.T.);
#10279=CARTESIAN_POINT('',(-2.6629302E1,-6.337199999999E-2,-1.500000025257E-1));
#10280=DIRECTION('',(0.E0,0.E0,1.E0));
#10281=DIRECTION('',(1.E0,0.E0,0.E0));
#10282=AXIS2_PLACEMENT_3D('',#10279,#10280,#10281);
#10283=CYLINDRICAL_SURFACE('',#10282,1.E-1);
#10285=ORIENTED_EDGE('',*,*,#10284,.F.);
#10287=ORIENTED_EDGE('',*,*,#10286,.T.);
#10289=ORIENTED_EDGE('',*,*,#10288,.T.);
#10290=ORIENTED_EDGE('',*,*,#10272,.F.);
#10291=ORIENTED_EDGE('',*,*,#9459,.T.);
#10292=EDGE_LOOP('',(#10285,#10287,#10289,#10290,#10291));
#10293=FACE_OUTER_BOUND('',#10292,.F.);
#10294=ADVANCED_FACE('',(#10293),#10283,.T.);
#10295=CARTESIAN_POINT('',(-2.6609302E1,-1.63372E-1,8.972999997474E0));
#10296=DIRECTION('',(0.E0,-1.E0,0.E0));
#10297=DIRECTION('',(1.E0,0.E0,0.E0));
#10298=AXIS2_PLACEMENT_3D('',#10295,#10296,#10297);
#10299=PLANE('',#10298);
#10300=ORIENTED_EDGE('',*,*,#10284,.T.);
#10301=ORIENTED_EDGE('',*,*,#9457,.T.);
#10302=ORIENTED_EDGE('',*,*,#10199,.T.);
#10304=ORIENTED_EDGE('',*,*,#10303,.F.);
#10305=EDGE_LOOP('',(#10300,#10301,#10302,#10304));
#10306=FACE_OUTER_BOUND('',#10305,.F.);
#10307=ADVANCED_FACE('',(#10306),#10299,.T.);
#10308=CARTESIAN_POINT('',(-2.7091302E1,3.662800000001E-2,1.6253E1));
#10309=DIRECTION('',(0.E0,7.071067811865E-1,-7.071067811865E-1));
#10310=DIRECTION('',(0.E0,7.071067811865E-1,7.071067811865E-1));
#10311=AXIS2_PLACEMENT_3D('',#10308,#10309,#10310);
#10312=PLANE('',#10311);
#10313=ORIENTED_EDGE('',*,*,#10303,.T.);
#10314=ORIENTED_EDGE('',*,*,#10197,.F.);
#10316=ORIENTED_EDGE('',*,*,#10315,.T.);
#10318=ORIENTED_EDGE('',*,*,#10317,.F.);
#10320=ORIENTED_EDGE('',*,*,#10319,.T.);
#10321=ORIENTED_EDGE('',*,*,#10286,.F.);
#10322=EDGE_LOOP('',(#10313,#10314,#10316,#10318,#10320,#10321));
#10323=FACE_OUTER_BOUND('',#10322,.F.);
#10324=ADVANCED_FACE('',(#10323),#10312,.F.);
#10325=CARTESIAN_POINT('',(-2.7453302E1,3.98628E-1,1.6253E1));
#10326=DIRECTION('',(7.071067811865E-1,0.E0,-7.071067811865E-1));
#10327=DIRECTION('',(7.071067811865E-1,0.E0,7.071067811865E-1));
#10328=AXIS2_PLACEMENT_3D('',#10325,#10326,#10327);
#10329=PLANE('',#10328);
#10330=ORIENTED_EDGE('',*,*,#10214,.T.);
#10331=ORIENTED_EDGE('',*,*,#10228,.F.);
#10333=ORIENTED_EDGE('',*,*,#10332,.T.);
#10335=ORIENTED_EDGE('',*,*,#10334,.F.);
#10336=ORIENTED_EDGE('',*,*,#10315,.F.);
#10337=ORIENTED_EDGE('',*,*,#10195,.F.);
#10338=EDGE_LOOP('',(#10330,#10331,#10333,#10335,#10336,#10337));
#10339=FACE_OUTER_BOUND('',#10338,.F.);
#10340=ADVANCED_FACE('',(#10339),#10329,.F.);
#10341=CARTESIAN_POINT('',(-2.7091302E1,7.60628E-1,1.6253E1));
#10342=DIRECTION('',(0.E0,-7.071067811865E-1,-7.071067811865E-1));
#10343=DIRECTION('',(0.E0,-7.071067811865E-1,7.071067811865E-1));
#10344=AXIS2_PLACEMENT_3D('',#10341,#10342,#10343);
#10345=PLANE('',#10344);
#10346=ORIENTED_EDGE('',*,*,#10244,.T.);
#10347=ORIENTED_EDGE('',*,*,#10258,.F.);
#10349=ORIENTED_EDGE('',*,*,#10348,.F.);
#10351=ORIENTED_EDGE('',*,*,#10350,.F.);
#10352=ORIENTED_EDGE('',*,*,#10332,.F.);
#10353=ORIENTED_EDGE('',*,*,#10226,.F.);
#10354=EDGE_LOOP('',(#10346,#10347,#10349,#10351,#10352,#10353));
#10355=FACE_OUTER_BOUND('',#10354,.F.);
#10356=ADVANCED_FACE('',(#10355),#10345,.F.);
#10357=CARTESIAN_POINT('',(-2.6729302E1,3.98628E-1,1.6253E1));
#10358=DIRECTION('',(-7.071067811865E-1,0.E0,-7.071067811865E-1));
#10359=DIRECTION('',(-7.071067811865E-1,0.E0,7.071067811865E-1));
#10360=AXIS2_PLACEMENT_3D('',#10357,#10358,#10359);
#10361=PLANE('',#10360);
#10362=ORIENTED_EDGE('',*,*,#10274,.T.);
#10363=ORIENTED_EDGE('',*,*,#10288,.F.);
#10364=ORIENTED_EDGE('',*,*,#10319,.F.);
#10366=ORIENTED_EDGE('',*,*,#10365,.F.);
#10367=ORIENTED_EDGE('',*,*,#10348,.T.);
#10368=ORIENTED_EDGE('',*,*,#10256,.F.);
#10369=EDGE_LOOP('',(#10362,#10363,#10364,#10366,#10367,#10368));
#10370=FACE_OUTER_BOUND('',#10369,.F.);
#10371=ADVANCED_FACE('',(#10370),#10361,.F.);
#10372=CARTESIAN_POINT('',(-2.728468168034E1,-4.546300000001E-1,1.6453E1));
#10373=DIRECTION('',(0.E0,0.E0,-1.E0));
#10374=DIRECTION('',(-1.E0,0.E0,0.E0));
#10375=AXIS2_PLACEMENT_3D('',#10372,#10373,#10374);
#10376=PLANE('',#10375);
#10377=ORIENTED_EDGE('',*,*,#10334,.T.);
#10378=ORIENTED_EDGE('',*,*,#10350,.T.);
#10379=ORIENTED_EDGE('',*,*,#10365,.T.);
#10380=ORIENTED_EDGE('',*,*,#10317,.T.);
#10381=EDGE_LOOP('',(#10377,#10378,#10379,#10380));
#10382=FACE_OUTER_BOUND('',#10381,.F.);
#10383=ADVANCED_FACE('',(#10382),#10376,.F.);
#10384=CARTESIAN_POINT('',(-9.426734000001E0,5.616628E0,1.267299999747E1));
#10385=DIRECTION('',(1.E0,0.E0,0.E0));
#10386=DIRECTION('',(0.E0,-1.E0,0.E0));
#10387=AXIS2_PLACEMENT_3D('',#10384,#10385,#10386);
#10388=PLANE('',#10387);
#10389=ORIENTED_EDGE('',*,*,#9473,.T.);
#10391=ORIENTED_EDGE('',*,*,#10390,.T.);
#10393=ORIENTED_EDGE('',*,*,#10392,.F.);
#10395=ORIENTED_EDGE('',*,*,#10394,.T.);
#10396=EDGE_LOOP('',(#10389,#10391,#10393,#10395));
#10397=FACE_OUTER_BOUND('',#10396,.F.);
#10398=ADVANCED_FACE('',(#10397),#10388,.T.);
#10399=CARTESIAN_POINT('',(-9.526734000001E0,5.636628E0,-1.500000025257E-1));
#10400=DIRECTION('',(0.E0,0.E0,-1.E0));
#10401=DIRECTION('',(-1.E0,0.E0,0.E0));
#10402=AXIS2_PLACEMENT_3D('',#10399,#10400,#10401);
#10403=CYLINDRICAL_SURFACE('',#10402,1.E-1);
#10404=ORIENTED_EDGE('',*,*,#9487,.T.);
#10406=ORIENTED_EDGE('',*,*,#10405,.F.);
#10408=ORIENTED_EDGE('',*,*,#10407,.T.);
#10410=ORIENTED_EDGE('',*,*,#10409,.T.);
#10411=ORIENTED_EDGE('',*,*,#10390,.F.);
#10412=EDGE_LOOP('',(#10404,#10406,#10408,#10410,#10411));
#10413=FACE_OUTER_BOUND('',#10412,.F.);
#10414=ADVANCED_FACE('',(#10413),#10403,.T.);
#10415=CARTESIAN_POINT('',(-9.403734000001E0,5.536628E0,2.068100003033E1));
#10416=DIRECTION('',(0.E0,-1.E0,0.E0));
#10417=DIRECTION('',(0.E0,0.E0,-1.E0));
#10418=AXIS2_PLACEMENT_3D('',#10415,#10416,#10417);
#10419=PLANE('',#10418);
#10421=ORIENTED_EDGE('',*,*,#10420,.F.);
#10422=ORIENTED_EDGE('',*,*,#10405,.T.);
#10423=ORIENTED_EDGE('',*,*,#9485,.T.);
#10425=ORIENTED_EDGE('',*,*,#10424,.T.);
#10426=EDGE_LOOP('',(#10421,#10422,#10423,#10425));
#10427=FACE_OUTER_BOUND('',#10426,.F.);
#10428=ADVANCED_FACE('',(#10427),#10419,.T.);
#10429=CARTESIAN_POINT('',(-9.988734000001E0,5.736628E0,1.6253E1));
#10430=DIRECTION('',(0.E0,7.071067811865E-1,-7.071067811865E-1));
#10431=DIRECTION('',(0.E0,7.071067811865E-1,7.071067811865E-1));
#10432=AXIS2_PLACEMENT_3D('',#10429,#10430,#10431);
#10433=PLANE('',#10432);
#10434=ORIENTED_EDGE('',*,*,#10420,.T.);
#10436=ORIENTED_EDGE('',*,*,#10435,.F.);
#10438=ORIENTED_EDGE('',*,*,#10437,.T.);
#10440=ORIENTED_EDGE('',*,*,#10439,.F.);
#10442=ORIENTED_EDGE('',*,*,#10441,.T.);
#10443=ORIENTED_EDGE('',*,*,#10407,.F.);
#10444=EDGE_LOOP('',(#10434,#10436,#10438,#10440,#10442,#10443));
#10445=FACE_OUTER_BOUND('',#10444,.F.);
#10446=ADVANCED_FACE('',(#10445),#10433,.F.);
#10447=CARTESIAN_POINT('',(-1.0450734E1,5.636628E0,-1.500000025257E-1));
#10448=DIRECTION('',(0.E0,0.E0,1.E0));
#10449=DIRECTION('',(1.E0,0.E0,0.E0));
#10450=AXIS2_PLACEMENT_3D('',#10447,#10448,#10449);
#10451=CYLINDRICAL_SURFACE('',#10450,1.E-1);
#10453=ORIENTED_EDGE('',*,*,#10452,.F.);
#10455=ORIENTED_EDGE('',*,*,#10454,.T.);
#10456=ORIENTED_EDGE('',*,*,#10435,.T.);
#10457=ORIENTED_EDGE('',*,*,#10424,.F.);
#10458=ORIENTED_EDGE('',*,*,#9483,.T.);
#10459=EDGE_LOOP('',(#10453,#10455,#10456,#10457,#10458));
#10460=FACE_OUTER_BOUND('',#10459,.F.);
#10461=ADVANCED_FACE('',(#10460),#10451,.T.);
#10462=CARTESIAN_POINT('',(-1.0550734E1,6.580628E0,1.267299999747E1));
#10463=DIRECTION('',(-1.E0,0.E0,0.E0));
#10464=DIRECTION('',(0.E0,1.E0,0.E0));
#10465=AXIS2_PLACEMENT_3D('',#10462,#10463,#10464);
#10466=PLANE('',#10465);
#10467=ORIENTED_EDGE('',*,*,#10452,.T.);
#10468=ORIENTED_EDGE('',*,*,#9481,.T.);
#10470=ORIENTED_EDGE('',*,*,#10469,.T.);
#10472=ORIENTED_EDGE('',*,*,#10471,.F.);
#10473=EDGE_LOOP('',(#10467,#10468,#10470,#10472));
#10474=FACE_OUTER_BOUND('',#10473,.F.);
#10475=ADVANCED_FACE('',(#10474),#10466,.T.);
#10476=CARTESIAN_POINT('',(-1.0450734E1,6.560628E0,-1.500000025257E-1));
#10477=DIRECTION('',(0.E0,0.E0,-1.E0));
#10478=DIRECTION('',(-1.E0,0.E0,0.E0));
#10479=AXIS2_PLACEMENT_3D('',#10476,#10477,#10478);
#10480=CYLINDRICAL_SURFACE('',#10479,1.E-1);
#10481=ORIENTED_EDGE('',*,*,#9479,.T.);
#10483=ORIENTED_EDGE('',*,*,#10482,.F.);
#10485=ORIENTED_EDGE('',*,*,#10484,.T.);
#10487=ORIENTED_EDGE('',*,*,#10486,.T.);
#10488=ORIENTED_EDGE('',*,*,#10469,.F.);
#10489=EDGE_LOOP('',(#10481,#10483,#10485,#10487,#10488));
#10490=FACE_OUTER_BOUND('',#10489,.F.);
#10491=ADVANCED_FACE('',(#10490),#10480,.T.);
#10492=CARTESIAN_POINT('',(-9.865997501035E0,6.660628E0,2.162134859331E1));
#10493=DIRECTION('',(0.E0,1.E0,0.E0));
#10494=DIRECTION('',(-1.E0,0.E0,0.E0));
#10495=AXIS2_PLACEMENT_3D('',#10492,#10493,#10494);
#10496=PLANE('',#10495);
#10498=ORIENTED_EDGE('',*,*,#10497,.F.);
#10499=ORIENTED_EDGE('',*,*,#10482,.T.);
#10500=ORIENTED_EDGE('',*,*,#9477,.T.);
#10502=ORIENTED_EDGE('',*,*,#10501,.T.);
#10503=EDGE_LOOP('',(#10498,#10499,#10500,#10502));
#10504=FACE_OUTER_BOUND('',#10503,.F.);
#10505=ADVANCED_FACE('',(#10504),#10496,.T.);
#10506=CARTESIAN_POINT('',(-9.988734000001E0,6.460628E0,1.6253E1));
#10507=DIRECTION('',(0.E0,-7.071067811865E-1,-7.071067811865E-1));
#10508=DIRECTION('',(0.E0,-7.071067811865E-1,7.071067811865E-1));
#10509=AXIS2_PLACEMENT_3D('',#10506,#10507,#10508);
#10510=PLANE('',#10509);
#10511=ORIENTED_EDGE('',*,*,#10497,.T.);
#10513=ORIENTED_EDGE('',*,*,#10512,.F.);
#10515=ORIENTED_EDGE('',*,*,#10514,.T.);
#10517=ORIENTED_EDGE('',*,*,#10516,.F.);
#10519=ORIENTED_EDGE('',*,*,#10518,.F.);
#10520=ORIENTED_EDGE('',*,*,#10484,.F.);
#10521=EDGE_LOOP('',(#10511,#10513,#10515,#10517,#10519,#10520));
#10522=FACE_OUTER_BOUND('',#10521,.F.);
#10523=ADVANCED_FACE('',(#10522),#10510,.F.);
#10524=CARTESIAN_POINT('',(-9.526734000001E0,6.560628E0,-1.500000025257E-1));
#10525=DIRECTION('',(0.E0,0.E0,1.E0));
#10526=DIRECTION('',(1.E0,0.E0,0.E0));
#10527=AXIS2_PLACEMENT_3D('',#10524,#10525,#10526);
#10528=CYLINDRICAL_SURFACE('',#10527,1.E-1);
#10529=ORIENTED_EDGE('',*,*,#10394,.F.);
#10531=ORIENTED_EDGE('',*,*,#10530,.T.);
#10532=ORIENTED_EDGE('',*,*,#10512,.T.);
#10533=ORIENTED_EDGE('',*,*,#10501,.F.);
#10534=ORIENTED_EDGE('',*,*,#9475,.T.);
#10535=EDGE_LOOP('',(#10529,#10531,#10532,#10533,#10534));
#10536=FACE_OUTER_BOUND('',#10535,.F.);
#10537=ADVANCED_FACE('',(#10536),#10528,.T.);
#10538=CARTESIAN_POINT('',(-9.626734000001E0,6.098628E0,1.6253E1));
#10539=DIRECTION('',(-7.071067811865E-1,0.E0,-7.071067811865E-1));
#10540=DIRECTION('',(-7.071067811865E-1,0.E0,7.071067811865E-1));
#10541=AXIS2_PLACEMENT_3D('',#10538,#10539,#10540);
#10542=PLANE('',#10541);
#10543=ORIENTED_EDGE('',*,*,#10392,.T.);
#10544=ORIENTED_EDGE('',*,*,#10409,.F.);
#10545=ORIENTED_EDGE('',*,*,#10441,.F.);
#10547=ORIENTED_EDGE('',*,*,#10546,.F.);
#10548=ORIENTED_EDGE('',*,*,#10514,.F.);
#10549=ORIENTED_EDGE('',*,*,#10530,.F.);
#10550=EDGE_LOOP('',(#10543,#10544,#10545,#10547,#10548,#10549));
#10551=FACE_OUTER_BOUND('',#10550,.F.);
#10552=ADVANCED_FACE('',(#10551),#10542,.F.);
#10553=CARTESIAN_POINT('',(-1.018468168034E1,5.16287E0,1.6453E1));
#10554=DIRECTION('',(0.E0,0.E0,-1.E0));
#10555=DIRECTION('',(-1.E0,0.E0,0.E0));
#10556=AXIS2_PLACEMENT_3D('',#10553,#10554,#10555);
#10557=PLANE('',#10556);
#10558=ORIENTED_EDGE('',*,*,#10439,.T.);
#10560=ORIENTED_EDGE('',*,*,#10559,.T.);
#10561=ORIENTED_EDGE('',*,*,#10516,.T.);
#10562=ORIENTED_EDGE('',*,*,#10546,.T.);
#10563=EDGE_LOOP('',(#10558,#10560,#10561,#10562));
#10564=FACE_OUTER_BOUND('',#10563,.F.);
#10565=ADVANCED_FACE('',(#10564),#10557,.F.);
#10566=CARTESIAN_POINT('',(-1.0350734E1,6.098628E0,1.6253E1));
#10567=DIRECTION('',(7.071067811865E-1,0.E0,-7.071067811865E-1));
#10568=DIRECTION('',(7.071067811865E-1,0.E0,7.071067811865E-1));
#10569=AXIS2_PLACEMENT_3D('',#10566,#10567,#10568);
#10570=PLANE('',#10569);
#10571=ORIENTED_EDGE('',*,*,#10471,.T.);
#10572=ORIENTED_EDGE('',*,*,#10486,.F.);
#10573=ORIENTED_EDGE('',*,*,#10518,.T.);
#10574=ORIENTED_EDGE('',*,*,#10559,.F.);
#10575=ORIENTED_EDGE('',*,*,#10437,.F.);
#10576=ORIENTED_EDGE('',*,*,#10454,.F.);
#10577=EDGE_LOOP('',(#10571,#10572,#10573,#10574,#10575,#10576));
#10578=FACE_OUTER_BOUND('',#10577,.F.);
#10579=ADVANCED_FACE('',(#10578),#10570,.F.);
#10580=CARTESIAN_POINT('',(-1.6250734E1,6.580628E0,1.267299999747E1));
#10581=DIRECTION('',(-1.E0,0.E0,0.E0));
#10582=DIRECTION('',(0.E0,1.E0,0.E0));
#10583=AXIS2_PLACEMENT_3D('',#10580,#10581,#10582);
#10584=PLANE('',#10583);
#10586=ORIENTED_EDGE('',*,*,#10585,.T.);
#10587=ORIENTED_EDGE('',*,*,#9491,.T.);
#10589=ORIENTED_EDGE('',*,*,#10588,.T.);
#10591=ORIENTED_EDGE('',*,*,#10590,.F.);
#10592=EDGE_LOOP('',(#10586,#10587,#10589,#10591));
#10593=FACE_OUTER_BOUND('',#10592,.F.);
#10594=ADVANCED_FACE('',(#10593),#10584,.T.);
#10595=CARTESIAN_POINT('',(-1.6150734E1,5.636628E0,-1.500000025257E-1));
#10596=DIRECTION('',(0.E0,0.E0,1.E0));
#10597=DIRECTION('',(1.E0,0.E0,0.E0));
#10598=AXIS2_PLACEMENT_3D('',#10595,#10596,#10597);
#10599=CYLINDRICAL_SURFACE('',#10598,1.E-1);
#10600=ORIENTED_EDGE('',*,*,#10585,.F.);
#10602=ORIENTED_EDGE('',*,*,#10601,.T.);
#10604=ORIENTED_EDGE('',*,*,#10603,.T.);
#10606=ORIENTED_EDGE('',*,*,#10605,.F.);
#10607=ORIENTED_EDGE('',*,*,#9493,.T.);
#10608=EDGE_LOOP('',(#10600,#10602,#10604,#10606,#10607));
#10609=FACE_OUTER_BOUND('',#10608,.F.);
#10610=ADVANCED_FACE('',(#10609),#10599,.T.);
#10611=CARTESIAN_POINT('',(-1.6050734E1,6.098628E0,1.6253E1));
#10612=DIRECTION('',(7.071067811865E-1,0.E0,-7.071067811865E-1));
#10613=DIRECTION('',(7.071067811865E-1,0.E0,7.071067811865E-1));
#10614=AXIS2_PLACEMENT_3D('',#10611,#10612,#10613);
#10615=PLANE('',#10614);
#10616=ORIENTED_EDGE('',*,*,#10590,.T.);
#10618=ORIENTED_EDGE('',*,*,#10617,.F.);
#10620=ORIENTED_EDGE('',*,*,#10619,.T.);
#10622=ORIENTED_EDGE('',*,*,#10621,.F.);
#10624=ORIENTED_EDGE('',*,*,#10623,.F.);
#10625=ORIENTED_EDGE('',*,*,#10601,.F.);
#10626=EDGE_LOOP('',(#10616,#10618,#10620,#10622,#10624,#10625));
#10627=FACE_OUTER_BOUND('',#10626,.F.);
#10628=ADVANCED_FACE('',(#10627),#10615,.F.);
#10629=CARTESIAN_POINT('',(-1.6150734E1,6.560628E0,-1.500000025257E-1));
#10630=DIRECTION('',(0.E0,0.E0,-1.E0));
#10631=DIRECTION('',(-1.E0,0.E0,0.E0));
#10632=AXIS2_PLACEMENT_3D('',#10629,#10630,#10631);
#10633=CYLINDRICAL_SURFACE('',#10632,1.E-1);
#10634=ORIENTED_EDGE('',*,*,#9505,.T.);
#10636=ORIENTED_EDGE('',*,*,#10635,.F.);
#10638=ORIENTED_EDGE('',*,*,#10637,.T.);
#10639=ORIENTED_EDGE('',*,*,#10617,.T.);
#10640=ORIENTED_EDGE('',*,*,#10588,.F.);
#10641=EDGE_LOOP('',(#10634,#10636,#10638,#10639,#10640));
#10642=FACE_OUTER_BOUND('',#10641,.F.);
#10643=ADVANCED_FACE('',(#10642),#10633,.T.);
#10644=CARTESIAN_POINT('',(-1.556599750103E1,6.660628E0,2.162134859331E1));
#10645=DIRECTION('',(0.E0,1.E0,0.E0));
#10646=DIRECTION('',(-1.E0,0.E0,0.E0));
#10647=AXIS2_PLACEMENT_3D('',#10644,#10645,#10646);
#10648=PLANE('',#10647);
#10650=ORIENTED_EDGE('',*,*,#10649,.F.);
#10651=ORIENTED_EDGE('',*,*,#10635,.T.);
#10652=ORIENTED_EDGE('',*,*,#9503,.T.);
#10654=ORIENTED_EDGE('',*,*,#10653,.T.);
#10655=EDGE_LOOP('',(#10650,#10651,#10652,#10654));
#10656=FACE_OUTER_BOUND('',#10655,.F.);
#10657=ADVANCED_FACE('',(#10656),#10648,.T.);
#10658=CARTESIAN_POINT('',(-1.5688734E1,6.460628E0,1.6253E1));
#10659=DIRECTION('',(0.E0,-7.071067811865E-1,-7.071067811865E-1));
#10660=DIRECTION('',(0.E0,-7.071067811865E-1,7.071067811865E-1));
#10661=AXIS2_PLACEMENT_3D('',#10658,#10659,#10660);
#10662=PLANE('',#10661);
#10663=ORIENTED_EDGE('',*,*,#10649,.T.);
#10665=ORIENTED_EDGE('',*,*,#10664,.F.);
#10667=ORIENTED_EDGE('',*,*,#10666,.F.);
#10669=ORIENTED_EDGE('',*,*,#10668,.F.);
#10670=ORIENTED_EDGE('',*,*,#10619,.F.);
#10671=ORIENTED_EDGE('',*,*,#10637,.F.);
#10672=EDGE_LOOP('',(#10663,#10665,#10667,#10669,#10670,#10671));
#10673=FACE_OUTER_BOUND('',#10672,.F.);
#10674=ADVANCED_FACE('',(#10673),#10662,.F.);
#10675=CARTESIAN_POINT('',(-1.5226734E1,6.560628E0,-1.500000025257E-1));
#10676=DIRECTION('',(0.E0,0.E0,1.E0));
#10677=DIRECTION('',(1.E0,0.E0,0.E0));
#10678=AXIS2_PLACEMENT_3D('',#10675,#10676,#10677);
#10679=CYLINDRICAL_SURFACE('',#10678,1.E-1);
#10681=ORIENTED_EDGE('',*,*,#10680,.F.);
#10683=ORIENTED_EDGE('',*,*,#10682,.T.);
#10684=ORIENTED_EDGE('',*,*,#10664,.T.);
#10685=ORIENTED_EDGE('',*,*,#10653,.F.);
#10686=ORIENTED_EDGE('',*,*,#9501,.T.);
#10687=EDGE_LOOP('',(#10681,#10683,#10684,#10685,#10686));
#10688=FACE_OUTER_BOUND('',#10687,.F.);
#10689=ADVANCED_FACE('',(#10688),#10679,.T.);
#10690=CARTESIAN_POINT('',(-1.5126734E1,5.616628E0,1.267299999747E1));
#10691=DIRECTION('',(1.E0,0.E0,0.E0));
#10692=DIRECTION('',(0.E0,-1.E0,0.E0));
#10693=AXIS2_PLACEMENT_3D('',#10690,#10691,#10692);
#10694=PLANE('',#10693);
#10695=ORIENTED_EDGE('',*,*,#9499,.T.);
#10697=ORIENTED_EDGE('',*,*,#10696,.T.);
#10699=ORIENTED_EDGE('',*,*,#10698,.F.);
#10700=ORIENTED_EDGE('',*,*,#10680,.T.);
#10701=EDGE_LOOP('',(#10695,#10697,#10699,#10700));
#10702=FACE_OUTER_BOUND('',#10701,.F.);
#10703=ADVANCED_FACE('',(#10702),#10694,.T.);
#10704=CARTESIAN_POINT('',(-1.5226734E1,5.636628E0,-1.500000025257E-1));
#10705=DIRECTION('',(0.E0,0.E0,-1.E0));
#10706=DIRECTION('',(-1.E0,0.E0,0.E0));
#10707=AXIS2_PLACEMENT_3D('',#10704,#10705,#10706);
#10708=CYLINDRICAL_SURFACE('',#10707,1.E-1);
#10709=ORIENTED_EDGE('',*,*,#9497,.T.);
#10711=ORIENTED_EDGE('',*,*,#10710,.F.);
#10713=ORIENTED_EDGE('',*,*,#10712,.T.);
#10715=ORIENTED_EDGE('',*,*,#10714,.T.);
#10716=ORIENTED_EDGE('',*,*,#10696,.F.);
#10717=EDGE_LOOP('',(#10709,#10711,#10713,#10715,#10716));
#10718=FACE_OUTER_BOUND('',#10717,.F.);
#10719=ADVANCED_FACE('',(#10718),#10708,.T.);
#10720=CARTESIAN_POINT('',(-1.5103734E1,5.536628E0,2.068100003033E1));
#10721=DIRECTION('',(0.E0,-1.E0,0.E0));
#10722=DIRECTION('',(0.E0,0.E0,-1.E0));
#10723=AXIS2_PLACEMENT_3D('',#10720,#10721,#10722);
#10724=PLANE('',#10723);
#10726=ORIENTED_EDGE('',*,*,#10725,.F.);
#10727=ORIENTED_EDGE('',*,*,#10710,.T.);
#10728=ORIENTED_EDGE('',*,*,#9495,.T.);
#10729=ORIENTED_EDGE('',*,*,#10605,.T.);
#10730=EDGE_LOOP('',(#10726,#10727,#10728,#10729));
#10731=FACE_OUTER_BOUND('',#10730,.F.);
#10732=ADVANCED_FACE('',(#10731),#10724,.T.);
#10733=CARTESIAN_POINT('',(-1.5688734E1,5.736628E0,1.6253E1));
#10734=DIRECTION('',(0.E0,7.071067811865E-1,-7.071067811865E-1));
#10735=DIRECTION('',(0.E0,7.071067811865E-1,7.071067811865E-1));
#10736=AXIS2_PLACEMENT_3D('',#10733,#10734,#10735);
#10737=PLANE('',#10736);
#10738=ORIENTED_EDGE('',*,*,#10725,.T.);
#10739=ORIENTED_EDGE('',*,*,#10603,.F.);
#10740=ORIENTED_EDGE('',*,*,#10623,.T.);
#10742=ORIENTED_EDGE('',*,*,#10741,.F.);
#10744=ORIENTED_EDGE('',*,*,#10743,.T.);
#10745=ORIENTED_EDGE('',*,*,#10712,.F.);
#10746=EDGE_LOOP('',(#10738,#10739,#10740,#10742,#10744,#10745));
#10747=FACE_OUTER_BOUND('',#10746,.F.);
#10748=ADVANCED_FACE('',(#10747),#10737,.F.);
#10749=CARTESIAN_POINT('',(-1.588468168034E1,5.16287E0,1.6453E1));
#10750=DIRECTION('',(0.E0,0.E0,-1.E0));
#10751=DIRECTION('',(-1.E0,0.E0,0.E0));
#10752=AXIS2_PLACEMENT_3D('',#10749,#10750,#10751);
#10753=PLANE('',#10752);
#10755=ORIENTED_EDGE('',*,*,#10754,.T.);
#10756=ORIENTED_EDGE('',*,*,#10741,.T.);
#10757=ORIENTED_EDGE('',*,*,#10621,.T.);
#10758=ORIENTED_EDGE('',*,*,#10668,.T.);
#10759=EDGE_LOOP('',(#10755,#10756,#10757,#10758));
#10760=FACE_OUTER_BOUND('',#10759,.F.);
#10761=ADVANCED_FACE('',(#10760),#10753,.F.);
#10762=CARTESIAN_POINT('',(-1.5326734E1,6.098628E0,1.6253E1));
#10763=DIRECTION('',(-7.071067811865E-1,0.E0,-7.071067811865E-1));
#10764=DIRECTION('',(-7.071067811865E-1,0.E0,7.071067811865E-1));
#10765=AXIS2_PLACEMENT_3D('',#10762,#10763,#10764);
#10766=PLANE('',#10765);
#10767=ORIENTED_EDGE('',*,*,#10698,.T.);
#10768=ORIENTED_EDGE('',*,*,#10714,.F.);
#10769=ORIENTED_EDGE('',*,*,#10743,.F.);
#10770=ORIENTED_EDGE('',*,*,#10754,.F.);
#10771=ORIENTED_EDGE('',*,*,#10666,.T.);
#10772=ORIENTED_EDGE('',*,*,#10682,.F.);
#10773=EDGE_LOOP('',(#10767,#10768,#10769,#10770,#10771,#10772));
#10774=FACE_OUTER_BOUND('',#10773,.F.);
#10775=ADVANCED_FACE('',(#10774),#10766,.F.);
#10776=CARTESIAN_POINT('',(-2.1950734E1,6.580628E0,1.267299999747E1));
#10777=DIRECTION('',(-1.E0,0.E0,0.E0));
#10778=DIRECTION('',(0.E0,1.E0,0.E0));
#10779=AXIS2_PLACEMENT_3D('',#10776,#10777,#10778);
#10780=PLANE('',#10779);
#10782=ORIENTED_EDGE('',*,*,#10781,.T.);
#10783=ORIENTED_EDGE('',*,*,#9509,.T.);
#10785=ORIENTED_EDGE('',*,*,#10784,.T.);
#10787=ORIENTED_EDGE('',*,*,#10786,.F.);
#10788=EDGE_LOOP('',(#10782,#10783,#10785,#10787));
#10789=FACE_OUTER_BOUND('',#10788,.F.);
#10790=ADVANCED_FACE('',(#10789),#10780,.T.);
#10791=CARTESIAN_POINT('',(-2.1850734E1,5.636628E0,-1.500000025257E-1));
#10792=DIRECTION('',(0.E0,0.E0,1.E0));
#10793=DIRECTION('',(1.E0,0.E0,0.E0));
#10794=AXIS2_PLACEMENT_3D('',#10791,#10792,#10793);
#10795=CYLINDRICAL_SURFACE('',#10794,1.E-1);
#10796=ORIENTED_EDGE('',*,*,#10781,.F.);
#10798=ORIENTED_EDGE('',*,*,#10797,.T.);
#10800=ORIENTED_EDGE('',*,*,#10799,.T.);
#10802=ORIENTED_EDGE('',*,*,#10801,.F.);
#10803=ORIENTED_EDGE('',*,*,#9511,.T.);
#10804=EDGE_LOOP('',(#10796,#10798,#10800,#10802,#10803));
#10805=FACE_OUTER_BOUND('',#10804,.F.);
#10806=ADVANCED_FACE('',(#10805),#10795,.T.);
#10807=CARTESIAN_POINT('',(-2.1750734E1,6.098628E0,1.6253E1));
#10808=DIRECTION('',(7.071067811865E-1,0.E0,-7.071067811865E-1));
#10809=DIRECTION('',(7.071067811865E-1,0.E0,7.071067811865E-1));
#10810=AXIS2_PLACEMENT_3D('',#10807,#10808,#10809);
#10811=PLANE('',#10810);
#10812=ORIENTED_EDGE('',*,*,#10786,.T.);
#10814=ORIENTED_EDGE('',*,*,#10813,.F.);
#10816=ORIENTED_EDGE('',*,*,#10815,.T.);
#10818=ORIENTED_EDGE('',*,*,#10817,.F.);
#10820=ORIENTED_EDGE('',*,*,#10819,.F.);
#10821=ORIENTED_EDGE('',*,*,#10797,.F.);
#10822=EDGE_LOOP('',(#10812,#10814,#10816,#10818,#10820,#10821));
#10823=FACE_OUTER_BOUND('',#10822,.F.);
#10824=ADVANCED_FACE('',(#10823),#10811,.F.);
#10825=CARTESIAN_POINT('',(-2.1850734E1,6.560628E0,-1.500000025257E-1));
#10826=DIRECTION('',(0.E0,0.E0,-1.E0));
#10827=DIRECTION('',(-1.E0,0.E0,0.E0));
#10828=AXIS2_PLACEMENT_3D('',#10825,#10826,#10827);
#10829=CYLINDRICAL_SURFACE('',#10828,1.E-1);
#10830=ORIENTED_EDGE('',*,*,#9523,.T.);
#10832=ORIENTED_EDGE('',*,*,#10831,.F.);
#10834=ORIENTED_EDGE('',*,*,#10833,.T.);
#10835=ORIENTED_EDGE('',*,*,#10813,.T.);
#10836=ORIENTED_EDGE('',*,*,#10784,.F.);
#10837=EDGE_LOOP('',(#10830,#10832,#10834,#10835,#10836));
#10838=FACE_OUTER_BOUND('',#10837,.F.);
#10839=ADVANCED_FACE('',(#10838),#10829,.T.);
#10840=CARTESIAN_POINT('',(-2.126599750103E1,6.660628E0,2.162134859331E1));
#10841=DIRECTION('',(0.E0,1.E0,0.E0));
#10842=DIRECTION('',(-1.E0,0.E0,0.E0));
#10843=AXIS2_PLACEMENT_3D('',#10840,#10841,#10842);
#10844=PLANE('',#10843);
#10846=ORIENTED_EDGE('',*,*,#10845,.F.);
#10847=ORIENTED_EDGE('',*,*,#10831,.T.);
#10848=ORIENTED_EDGE('',*,*,#9521,.T.);
#10850=ORIENTED_EDGE('',*,*,#10849,.T.);
#10851=EDGE_LOOP('',(#10846,#10847,#10848,#10850));
#10852=FACE_OUTER_BOUND('',#10851,.F.);
#10853=ADVANCED_FACE('',(#10852),#10844,.T.);
#10854=CARTESIAN_POINT('',(-2.1388734E1,6.460628E0,1.6253E1));
#10855=DIRECTION('',(0.E0,-7.071067811865E-1,-7.071067811865E-1));
#10856=DIRECTION('',(0.E0,-7.071067811865E-1,7.071067811865E-1));
#10857=AXIS2_PLACEMENT_3D('',#10854,#10855,#10856);
#10858=PLANE('',#10857);
#10859=ORIENTED_EDGE('',*,*,#10845,.T.);
#10861=ORIENTED_EDGE('',*,*,#10860,.F.);
#10863=ORIENTED_EDGE('',*,*,#10862,.F.);
#10865=ORIENTED_EDGE('',*,*,#10864,.F.);
#10866=ORIENTED_EDGE('',*,*,#10815,.F.);
#10867=ORIENTED_EDGE('',*,*,#10833,.F.);
#10868=EDGE_LOOP('',(#10859,#10861,#10863,#10865,#10866,#10867));
#10869=FACE_OUTER_BOUND('',#10868,.F.);
#10870=ADVANCED_FACE('',(#10869),#10858,.F.);
#10871=CARTESIAN_POINT('',(-2.0926734E1,6.560628E0,-1.500000025257E-1));
#10872=DIRECTION('',(0.E0,0.E0,1.E0));
#10873=DIRECTION('',(1.E0,0.E0,0.E0));
#10874=AXIS2_PLACEMENT_3D('',#10871,#10872,#10873);
#10875=CYLINDRICAL_SURFACE('',#10874,1.E-1);
#10877=ORIENTED_EDGE('',*,*,#10876,.F.);
#10879=ORIENTED_EDGE('',*,*,#10878,.T.);
#10880=ORIENTED_EDGE('',*,*,#10860,.T.);
#10881=ORIENTED_EDGE('',*,*,#10849,.F.);
#10882=ORIENTED_EDGE('',*,*,#9519,.T.);
#10883=EDGE_LOOP('',(#10877,#10879,#10880,#10881,#10882));
#10884=FACE_OUTER_BOUND('',#10883,.F.);
#10885=ADVANCED_FACE('',(#10884),#10875,.T.);
#10886=CARTESIAN_POINT('',(-2.0826734E1,5.616628E0,1.267299999747E1));
#10887=DIRECTION('',(1.E0,0.E0,0.E0));
#10888=DIRECTION('',(0.E0,-1.E0,0.E0));
#10889=AXIS2_PLACEMENT_3D('',#10886,#10887,#10888);
#10890=PLANE('',#10889);
#10891=ORIENTED_EDGE('',*,*,#9517,.T.);
#10893=ORIENTED_EDGE('',*,*,#10892,.T.);
#10895=ORIENTED_EDGE('',*,*,#10894,.F.);
#10896=ORIENTED_EDGE('',*,*,#10876,.T.);
#10897=EDGE_LOOP('',(#10891,#10893,#10895,#10896));
#10898=FACE_OUTER_BOUND('',#10897,.F.);
#10899=ADVANCED_FACE('',(#10898),#10890,.T.);
#10900=CARTESIAN_POINT('',(-2.0926734E1,5.636628E0,-1.500000025257E-1));
#10901=DIRECTION('',(0.E0,0.E0,-1.E0));
#10902=DIRECTION('',(-1.E0,0.E0,0.E0));
#10903=AXIS2_PLACEMENT_3D('',#10900,#10901,#10902);
#10904=CYLINDRICAL_SURFACE('',#10903,1.E-1);
#10905=ORIENTED_EDGE('',*,*,#9515,.T.);
#10907=ORIENTED_EDGE('',*,*,#10906,.F.);
#10909=ORIENTED_EDGE('',*,*,#10908,.T.);
#10911=ORIENTED_EDGE('',*,*,#10910,.T.);
#10912=ORIENTED_EDGE('',*,*,#10892,.F.);
#10913=EDGE_LOOP('',(#10905,#10907,#10909,#10911,#10912));
#10914=FACE_OUTER_BOUND('',#10913,.F.);
#10915=ADVANCED_FACE('',(#10914),#10904,.T.);
#10916=CARTESIAN_POINT('',(-2.0803734E1,5.536628E0,2.068100003033E1));
#10917=DIRECTION('',(0.E0,-1.E0,0.E0));
#10918=DIRECTION('',(0.E0,0.E0,-1.E0));
#10919=AXIS2_PLACEMENT_3D('',#10916,#10917,#10918);
#10920=PLANE('',#10919);
#10922=ORIENTED_EDGE('',*,*,#10921,.F.);
#10923=ORIENTED_EDGE('',*,*,#10906,.T.);
#10924=ORIENTED_EDGE('',*,*,#9513,.T.);
#10925=ORIENTED_EDGE('',*,*,#10801,.T.);
#10926=EDGE_LOOP('',(#10922,#10923,#10924,#10925));
#10927=FACE_OUTER_BOUND('',#10926,.F.);
#10928=ADVANCED_FACE('',(#10927),#10920,.T.);
#10929=CARTESIAN_POINT('',(-2.1388734E1,5.736628E0,1.6253E1));
#10930=DIRECTION('',(0.E0,7.071067811865E-1,-7.071067811865E-1));
#10931=DIRECTION('',(0.E0,7.071067811865E-1,7.071067811865E-1));
#10932=AXIS2_PLACEMENT_3D('',#10929,#10930,#10931);
#10933=PLANE('',#10932);
#10934=ORIENTED_EDGE('',*,*,#10921,.T.);
#10935=ORIENTED_EDGE('',*,*,#10799,.F.);
#10936=ORIENTED_EDGE('',*,*,#10819,.T.);
#10938=ORIENTED_EDGE('',*,*,#10937,.F.);
#10940=ORIENTED_EDGE('',*,*,#10939,.T.);
#10941=ORIENTED_EDGE('',*,*,#10908,.F.);
#10942=EDGE_LOOP('',(#10934,#10935,#10936,#10938,#10940,#10941));
#10943=FACE_OUTER_BOUND('',#10942,.F.);
#10944=ADVANCED_FACE('',(#10943),#10933,.F.);
#10945=CARTESIAN_POINT('',(-2.158468168034E1,5.16287E0,1.6453E1));
#10946=DIRECTION('',(0.E0,0.E0,-1.E0));
#10947=DIRECTION('',(-1.E0,0.E0,0.E0));
#10948=AXIS2_PLACEMENT_3D('',#10945,#10946,#10947);
#10949=PLANE('',#10948);
#10951=ORIENTED_EDGE('',*,*,#10950,.T.);
#10952=ORIENTED_EDGE('',*,*,#10937,.T.);
#10953=ORIENTED_EDGE('',*,*,#10817,.T.);
#10954=ORIENTED_EDGE('',*,*,#10864,.T.);
#10955=EDGE_LOOP('',(#10951,#10952,#10953,#10954));
#10956=FACE_OUTER_BOUND('',#10955,.F.);
#10957=ADVANCED_FACE('',(#10956),#10949,.F.);
#10958=CARTESIAN_POINT('',(-2.1026734E1,6.098628E0,1.6253E1));
#10959=DIRECTION('',(-7.071067811865E-1,0.E0,-7.071067811865E-1));
#10960=DIRECTION('',(-7.071067811865E-1,0.E0,7.071067811865E-1));
#10961=AXIS2_PLACEMENT_3D('',#10958,#10959,#10960);
#10962=PLANE('',#10961);
#10963=ORIENTED_EDGE('',*,*,#10894,.T.);
#10964=ORIENTED_EDGE('',*,*,#10910,.F.);
#10965=ORIENTED_EDGE('',*,*,#10939,.F.);
#10966=ORIENTED_EDGE('',*,*,#10950,.F.);
#10967=ORIENTED_EDGE('',*,*,#10862,.T.);
#10968=ORIENTED_EDGE('',*,*,#10878,.F.);
#10969=EDGE_LOOP('',(#10963,#10964,#10965,#10966,#10967,#10968));
#10970=FACE_OUTER_BOUND('',#10969,.F.);
#10971=ADVANCED_FACE('',(#10970),#10962,.F.);
#10972=CARTESIAN_POINT('',(-2.7650734E1,6.580628E0,1.267299999747E1));
#10973=DIRECTION('',(-1.E0,0.E0,0.E0));
#10974=DIRECTION('',(0.E0,1.E0,0.E0));
#10975=AXIS2_PLACEMENT_3D('',#10972,#10973,#10974);
#10976=PLANE('',#10975);
#10978=ORIENTED_EDGE('',*,*,#10977,.T.);
#10979=ORIENTED_EDGE('',*,*,#9527,.T.);
#10981=ORIENTED_EDGE('',*,*,#10980,.T.);
#10983=ORIENTED_EDGE('',*,*,#10982,.F.);
#10984=EDGE_LOOP('',(#10978,#10979,#10981,#10983));
#10985=FACE_OUTER_BOUND('',#10984,.F.);
#10986=ADVANCED_FACE('',(#10985),#10976,.T.);
#10987=CARTESIAN_POINT('',(-2.7550734E1,5.636628E0,-1.500000025257E-1));
#10988=DIRECTION('',(0.E0,0.E0,1.E0));
#10989=DIRECTION('',(1.E0,0.E0,0.E0));
#10990=AXIS2_PLACEMENT_3D('',#10987,#10988,#10989);
#10991=CYLINDRICAL_SURFACE('',#10990,1.E-1);
#10992=ORIENTED_EDGE('',*,*,#10977,.F.);
#10994=ORIENTED_EDGE('',*,*,#10993,.T.);
#10996=ORIENTED_EDGE('',*,*,#10995,.T.);
#10998=ORIENTED_EDGE('',*,*,#10997,.F.);
#10999=ORIENTED_EDGE('',*,*,#9529,.T.);
#11000=EDGE_LOOP('',(#10992,#10994,#10996,#10998,#10999));
#11001=FACE_OUTER_BOUND('',#11000,.F.);
#11002=ADVANCED_FACE('',(#11001),#10991,.T.);
#11003=CARTESIAN_POINT('',(-2.7450734E1,6.098628E0,1.6253E1));
#11004=DIRECTION('',(7.071067811865E-1,0.E0,-7.071067811865E-1));
#11005=DIRECTION('',(7.071067811865E-1,0.E0,7.071067811865E-1));
#11006=AXIS2_PLACEMENT_3D('',#11003,#11004,#11005);
#11007=PLANE('',#11006);
#11008=ORIENTED_EDGE('',*,*,#10982,.T.);
#11010=ORIENTED_EDGE('',*,*,#11009,.F.);
#11012=ORIENTED_EDGE('',*,*,#11011,.T.);
#11014=ORIENTED_EDGE('',*,*,#11013,.F.);
#11016=ORIENTED_EDGE('',*,*,#11015,.F.);
#11017=ORIENTED_EDGE('',*,*,#10993,.F.);
#11018=EDGE_LOOP('',(#11008,#11010,#11012,#11014,#11016,#11017));
#11019=FACE_OUTER_BOUND('',#11018,.F.);
#11020=ADVANCED_FACE('',(#11019),#11007,.F.);
#11021=CARTESIAN_POINT('',(-2.7550734E1,6.560628E0,-1.500000025257E-1));
#11022=DIRECTION('',(0.E0,0.E0,-1.E0));
#11023=DIRECTION('',(-1.E0,0.E0,0.E0));
#11024=AXIS2_PLACEMENT_3D('',#11021,#11022,#11023);
#11025=CYLINDRICAL_SURFACE('',#11024,1.E-1);
#11026=ORIENTED_EDGE('',*,*,#9541,.T.);
#11028=ORIENTED_EDGE('',*,*,#11027,.F.);
#11030=ORIENTED_EDGE('',*,*,#11029,.T.);
#11031=ORIENTED_EDGE('',*,*,#11009,.T.);
#11032=ORIENTED_EDGE('',*,*,#10980,.F.);
#11033=EDGE_LOOP('',(#11026,#11028,#11030,#11031,#11032));
#11034=FACE_OUTER_BOUND('',#11033,.F.);
#11035=ADVANCED_FACE('',(#11034),#11025,.T.);
#11036=CARTESIAN_POINT('',(-2.696599750103E1,6.660628E0,2.162134859331E1));
#11037=DIRECTION('',(0.E0,1.E0,0.E0));
#11038=DIRECTION('',(-1.E0,0.E0,0.E0));
#11039=AXIS2_PLACEMENT_3D('',#11036,#11037,#11038);
#11040=PLANE('',#11039);
#11042=ORIENTED_EDGE('',*,*,#11041,.F.);
#11043=ORIENTED_EDGE('',*,*,#11027,.T.);
#11044=ORIENTED_EDGE('',*,*,#9539,.T.);
#11046=ORIENTED_EDGE('',*,*,#11045,.T.);
#11047=EDGE_LOOP('',(#11042,#11043,#11044,#11046));
#11048=FACE_OUTER_BOUND('',#11047,.F.);
#11049=ADVANCED_FACE('',(#11048),#11040,.T.);
#11050=CARTESIAN_POINT('',(-2.7088734E1,6.460628E0,1.6253E1));
#11051=DIRECTION('',(0.E0,-7.071067811865E-1,-7.071067811865E-1));
#11052=DIRECTION('',(0.E0,-7.071067811865E-1,7.071067811865E-1));
#11053=AXIS2_PLACEMENT_3D('',#11050,#11051,#11052);
#11054=PLANE('',#11053);
#11055=ORIENTED_EDGE('',*,*,#11041,.T.);
#11057=ORIENTED_EDGE('',*,*,#11056,.F.);
#11059=ORIENTED_EDGE('',*,*,#11058,.F.);
#11061=ORIENTED_EDGE('',*,*,#11060,.F.);
#11062=ORIENTED_EDGE('',*,*,#11011,.F.);
#11063=ORIENTED_EDGE('',*,*,#11029,.F.);
#11064=EDGE_LOOP('',(#11055,#11057,#11059,#11061,#11062,#11063));
#11065=FACE_OUTER_BOUND('',#11064,.F.);
#11066=ADVANCED_FACE('',(#11065),#11054,.F.);
#11067=CARTESIAN_POINT('',(-2.6626734E1,6.560628E0,-1.500000025257E-1));
#11068=DIRECTION('',(0.E0,0.E0,1.E0));
#11069=DIRECTION('',(1.E0,0.E0,0.E0));
#11070=AXIS2_PLACEMENT_3D('',#11067,#11068,#11069);
#11071=CYLINDRICAL_SURFACE('',#11070,1.E-1);
#11073=ORIENTED_EDGE('',*,*,#11072,.F.);
#11075=ORIENTED_EDGE('',*,*,#11074,.T.);
#11076=ORIENTED_EDGE('',*,*,#11056,.T.);
#11077=ORIENTED_EDGE('',*,*,#11045,.F.);
#11078=ORIENTED_EDGE('',*,*,#9537,.T.);
#11079=EDGE_LOOP('',(#11073,#11075,#11076,#11077,#11078));
#11080=FACE_OUTER_BOUND('',#11079,.F.);
#11081=ADVANCED_FACE('',(#11080),#11071,.T.);
#11082=CARTESIAN_POINT('',(-2.6526734E1,5.616628E0,1.267299999747E1));
#11083=DIRECTION('',(1.E0,0.E0,0.E0));
#11084=DIRECTION('',(0.E0,-1.E0,0.E0));
#11085=AXIS2_PLACEMENT_3D('',#11082,#11083,#11084);
#11086=PLANE('',#11085);
#11087=ORIENTED_EDGE('',*,*,#9535,.T.);
#11089=ORIENTED_EDGE('',*,*,#11088,.T.);
#11091=ORIENTED_EDGE('',*,*,#11090,.F.);
#11092=ORIENTED_EDGE('',*,*,#11072,.T.);
#11093=EDGE_LOOP('',(#11087,#11089,#11091,#11092));
#11094=FACE_OUTER_BOUND('',#11093,.F.);
#11095=ADVANCED_FACE('',(#11094),#11086,.T.);
#11096=CARTESIAN_POINT('',(-2.6626734E1,5.636628E0,-1.500000025257E-1));
#11097=DIRECTION('',(0.E0,0.E0,-1.E0));
#11098=DIRECTION('',(-1.E0,0.E0,0.E0));
#11099=AXIS2_PLACEMENT_3D('',#11096,#11097,#11098);
#11100=CYLINDRICAL_SURFACE('',#11099,1.E-1);
#11101=ORIENTED_EDGE('',*,*,#9533,.T.);
#11103=ORIENTED_EDGE('',*,*,#11102,.F.);
#11105=ORIENTED_EDGE('',*,*,#11104,.T.);
#11107=ORIENTED_EDGE('',*,*,#11106,.T.);
#11108=ORIENTED_EDGE('',*,*,#11088,.F.);
#11109=EDGE_LOOP('',(#11101,#11103,#11105,#11107,#11108));
#11110=FACE_OUTER_BOUND('',#11109,.F.);
#11111=ADVANCED_FACE('',(#11110),#11100,.T.);
#11112=CARTESIAN_POINT('',(-2.6503734E1,5.536628E0,2.068100003033E1));
#11113=DIRECTION('',(0.E0,-1.E0,0.E0));
#11114=DIRECTION('',(0.E0,0.E0,-1.E0));
#11115=AXIS2_PLACEMENT_3D('',#11112,#11113,#11114);
#11116=PLANE('',#11115);
#11118=ORIENTED_EDGE('',*,*,#11117,.F.);
#11119=ORIENTED_EDGE('',*,*,#11102,.T.);
#11120=ORIENTED_EDGE('',*,*,#9531,.T.);
#11121=ORIENTED_EDGE('',*,*,#10997,.T.);
#11122=EDGE_LOOP('',(#11118,#11119,#11120,#11121));
#11123=FACE_OUTER_BOUND('',#11122,.F.);
#11124=ADVANCED_FACE('',(#11123),#11116,.T.);
#11125=CARTESIAN_POINT('',(-2.7088734E1,5.736628E0,1.6253E1));
#11126=DIRECTION('',(0.E0,7.071067811865E-1,-7.071067811865E-1));
#11127=DIRECTION('',(0.E0,7.071067811865E-1,7.071067811865E-1));
#11128=AXIS2_PLACEMENT_3D('',#11125,#11126,#11127);
#11129=PLANE('',#11128);
#11130=ORIENTED_EDGE('',*,*,#11117,.T.);
#11131=ORIENTED_EDGE('',*,*,#10995,.F.);
#11132=ORIENTED_EDGE('',*,*,#11015,.T.);
#11134=ORIENTED_EDGE('',*,*,#11133,.F.);
#11136=ORIENTED_EDGE('',*,*,#11135,.T.);
#11137=ORIENTED_EDGE('',*,*,#11104,.F.);
#11138=EDGE_LOOP('',(#11130,#11131,#11132,#11134,#11136,#11137));
#11139=FACE_OUTER_BOUND('',#11138,.F.);
#11140=ADVANCED_FACE('',(#11139),#11129,.F.);
#11141=CARTESIAN_POINT('',(-2.728468168034E1,5.16287E0,1.6453E1));
#11142=DIRECTION('',(0.E0,0.E0,-1.E0));
#11143=DIRECTION('',(-1.E0,0.E0,0.E0));
#11144=AXIS2_PLACEMENT_3D('',#11141,#11142,#11143);
#11145=PLANE('',#11144);
#11147=ORIENTED_EDGE('',*,*,#11146,.T.);
#11148=ORIENTED_EDGE('',*,*,#11133,.T.);
#11149=ORIENTED_EDGE('',*,*,#11013,.T.);
#11150=ORIENTED_EDGE('',*,*,#11060,.T.);
#11151=EDGE_LOOP('',(#11147,#11148,#11149,#11150));
#11152=FACE_OUTER_BOUND('',#11151,.F.);
#11153=ADVANCED_FACE('',(#11152),#11145,.F.);
#11154=CARTESIAN_POINT('',(-2.6726734E1,6.098628E0,1.6253E1));
#11155=DIRECTION('',(-7.071067811865E-1,0.E0,-7.071067811865E-1));
#11156=DIRECTION('',(-7.071067811865E-1,0.E0,7.071067811865E-1));
#11157=AXIS2_PLACEMENT_3D('',#11154,#11155,#11156);
#11158=PLANE('',#11157);
#11159=ORIENTED_EDGE('',*,*,#11090,.T.);
#11160=ORIENTED_EDGE('',*,*,#11106,.F.);
#11161=ORIENTED_EDGE('',*,*,#11135,.F.);
#11162=ORIENTED_EDGE('',*,*,#11146,.F.);
#11163=ORIENTED_EDGE('',*,*,#11058,.T.);
#11164=ORIENTED_EDGE('',*,*,#11074,.F.);
#11165=EDGE_LOOP('',(#11159,#11160,#11161,#11162,#11163,#11164));
#11166=FACE_OUTER_BOUND('',#11165,.F.);
#11167=ADVANCED_FACE('',(#11166),#11158,.F.);
#11168=CARTESIAN_POINT('',(-3.3350734E1,6.580628E0,1.267299999747E1));
#11169=DIRECTION('',(-1.E0,0.E0,0.E0));
#11170=DIRECTION('',(0.E0,1.E0,0.E0));
#11171=AXIS2_PLACEMENT_3D('',#11168,#11169,#11170);
#11172=PLANE('',#11171);
#11174=ORIENTED_EDGE('',*,*,#11173,.T.);
#11175=ORIENTED_EDGE('',*,*,#9545,.T.);
#11177=ORIENTED_EDGE('',*,*,#11176,.T.);
#11179=ORIENTED_EDGE('',*,*,#11178,.F.);
#11180=EDGE_LOOP('',(#11174,#11175,#11177,#11179));
#11181=FACE_OUTER_BOUND('',#11180,.F.);
#11182=ADVANCED_FACE('',(#11181),#11172,.T.);
#11183=CARTESIAN_POINT('',(-3.3250734E1,5.636628E0,-1.500000025257E-1));
#11184=DIRECTION('',(0.E0,0.E0,1.E0));
#11185=DIRECTION('',(1.E0,0.E0,0.E0));
#11186=AXIS2_PLACEMENT_3D('',#11183,#11184,#11185);
#11187=CYLINDRICAL_SURFACE('',#11186,1.E-1);
#11188=ORIENTED_EDGE('',*,*,#11173,.F.);
#11190=ORIENTED_EDGE('',*,*,#11189,.T.);
#11192=ORIENTED_EDGE('',*,*,#11191,.T.);
#11194=ORIENTED_EDGE('',*,*,#11193,.F.);
#11195=ORIENTED_EDGE('',*,*,#9547,.T.);
#11196=EDGE_LOOP('',(#11188,#11190,#11192,#11194,#11195));
#11197=FACE_OUTER_BOUND('',#11196,.F.);
#11198=ADVANCED_FACE('',(#11197),#11187,.T.);
#11199=CARTESIAN_POINT('',(-3.3150734E1,6.098628E0,1.6253E1));
#11200=DIRECTION('',(7.071067811865E-1,0.E0,-7.071067811865E-1));
#11201=DIRECTION('',(7.071067811865E-1,0.E0,7.071067811865E-1));
#11202=AXIS2_PLACEMENT_3D('',#11199,#11200,#11201);
#11203=PLANE('',#11202);
#11204=ORIENTED_EDGE('',*,*,#11178,.T.);
#11206=ORIENTED_EDGE('',*,*,#11205,.F.);
#11208=ORIENTED_EDGE('',*,*,#11207,.T.);
#11210=ORIENTED_EDGE('',*,*,#11209,.F.);
#11212=ORIENTED_EDGE('',*,*,#11211,.F.);
#11213=ORIENTED_EDGE('',*,*,#11189,.F.);
#11214=EDGE_LOOP('',(#11204,#11206,#11208,#11210,#11212,#11213));
#11215=FACE_OUTER_BOUND('',#11214,.F.);
#11216=ADVANCED_FACE('',(#11215),#11203,.F.);
#11217=CARTESIAN_POINT('',(-3.3250734E1,6.560628E0,-1.500000025257E-1));
#11218=DIRECTION('',(0.E0,0.E0,-1.E0));
#11219=DIRECTION('',(-1.E0,0.E0,0.E0));
#11220=AXIS2_PLACEMENT_3D('',#11217,#11218,#11219);
#11221=CYLINDRICAL_SURFACE('',#11220,1.E-1);
#11222=ORIENTED_EDGE('',*,*,#9559,.T.);
#11224=ORIENTED_EDGE('',*,*,#11223,.F.);
#11226=ORIENTED_EDGE('',*,*,#11225,.T.);
#11227=ORIENTED_EDGE('',*,*,#11205,.T.);
#11228=ORIENTED_EDGE('',*,*,#11176,.F.);
#11229=EDGE_LOOP('',(#11222,#11224,#11226,#11227,#11228));
#11230=FACE_OUTER_BOUND('',#11229,.F.);
#11231=ADVANCED_FACE('',(#11230),#11221,.T.);
#11232=CARTESIAN_POINT('',(-3.266599750103E1,6.660628E0,2.162134859331E1));
#11233=DIRECTION('',(0.E0,1.E0,0.E0));
#11234=DIRECTION('',(-1.E0,0.E0,0.E0));
#11235=AXIS2_PLACEMENT_3D('',#11232,#11233,#11234);
#11236=PLANE('',#11235);
#11238=ORIENTED_EDGE('',*,*,#11237,.F.);
#11239=ORIENTED_EDGE('',*,*,#11223,.T.);
#11240=ORIENTED_EDGE('',*,*,#9557,.T.);
#11242=ORIENTED_EDGE('',*,*,#11241,.T.);
#11243=EDGE_LOOP('',(#11238,#11239,#11240,#11242));
#11244=FACE_OUTER_BOUND('',#11243,.F.);
#11245=ADVANCED_FACE('',(#11244),#11236,.T.);
#11246=CARTESIAN_POINT('',(-3.2788734E1,6.460628E0,1.6253E1));
#11247=DIRECTION('',(0.E0,-7.071067811865E-1,-7.071067811865E-1));
#11248=DIRECTION('',(0.E0,-7.071067811865E-1,7.071067811865E-1));
#11249=AXIS2_PLACEMENT_3D('',#11246,#11247,#11248);
#11250=PLANE('',#11249);
#11251=ORIENTED_EDGE('',*,*,#11237,.T.);
#11253=ORIENTED_EDGE('',*,*,#11252,.F.);
#11255=ORIENTED_EDGE('',*,*,#11254,.F.);
#11257=ORIENTED_EDGE('',*,*,#11256,.F.);
#11258=ORIENTED_EDGE('',*,*,#11207,.F.);
#11259=ORIENTED_EDGE('',*,*,#11225,.F.);
#11260=EDGE_LOOP('',(#11251,#11253,#11255,#11257,#11258,#11259));
#11261=FACE_OUTER_BOUND('',#11260,.F.);
#11262=ADVANCED_FACE('',(#11261),#11250,.F.);
#11263=CARTESIAN_POINT('',(-3.2326734E1,6.560628E0,-1.500000025257E-1));
#11264=DIRECTION('',(0.E0,0.E0,1.E0));
#11265=DIRECTION('',(1.E0,0.E0,0.E0));
#11266=AXIS2_PLACEMENT_3D('',#11263,#11264,#11265);
#11267=CYLINDRICAL_SURFACE('',#11266,1.E-1);
#11269=ORIENTED_EDGE('',*,*,#11268,.F.);
#11271=ORIENTED_EDGE('',*,*,#11270,.T.);
#11272=ORIENTED_EDGE('',*,*,#11252,.T.);
#11273=ORIENTED_EDGE('',*,*,#11241,.F.);
#11274=ORIENTED_EDGE('',*,*,#9555,.T.);
#11275=EDGE_LOOP('',(#11269,#11271,#11272,#11273,#11274));
#11276=FACE_OUTER_BOUND('',#11275,.F.);
#11277=ADVANCED_FACE('',(#11276),#11267,.T.);
#11278=CARTESIAN_POINT('',(-3.2226734E1,5.616628E0,1.267299999747E1));
#11279=DIRECTION('',(1.E0,0.E0,0.E0));
#11280=DIRECTION('',(0.E0,-1.E0,0.E0));
#11281=AXIS2_PLACEMENT_3D('',#11278,#11279,#11280);
#11282=PLANE('',#11281);
#11283=ORIENTED_EDGE('',*,*,#9553,.T.);
#11285=ORIENTED_EDGE('',*,*,#11284,.T.);
#11287=ORIENTED_EDGE('',*,*,#11286,.F.);
#11288=ORIENTED_EDGE('',*,*,#11268,.T.);
#11289=EDGE_LOOP('',(#11283,#11285,#11287,#11288));
#11290=FACE_OUTER_BOUND('',#11289,.F.);
#11291=ADVANCED_FACE('',(#11290),#11282,.T.);
#11292=CARTESIAN_POINT('',(-3.2326734E1,5.636628E0,-1.500000025257E-1));
#11293=DIRECTION('',(0.E0,0.E0,-1.E0));
#11294=DIRECTION('',(-1.E0,0.E0,0.E0));
#11295=AXIS2_PLACEMENT_3D('',#11292,#11293,#11294);
#11296=CYLINDRICAL_SURFACE('',#11295,1.E-1);
#11297=ORIENTED_EDGE('',*,*,#9551,.T.);
#11299=ORIENTED_EDGE('',*,*,#11298,.F.);
#11301=ORIENTED_EDGE('',*,*,#11300,.T.);
#11303=ORIENTED_EDGE('',*,*,#11302,.T.);
#11304=ORIENTED_EDGE('',*,*,#11284,.F.);
#11305=EDGE_LOOP('',(#11297,#11299,#11301,#11303,#11304));
#11306=FACE_OUTER_BOUND('',#11305,.F.);
#11307=ADVANCED_FACE('',(#11306),#11296,.T.);
#11308=CARTESIAN_POINT('',(-3.2203734E1,5.536628E0,2.068100003033E1));
#11309=DIRECTION('',(0.E0,-1.E0,0.E0));
#11310=DIRECTION('',(0.E0,0.E0,-1.E0));
#11311=AXIS2_PLACEMENT_3D('',#11308,#11309,#11310);
#11312=PLANE('',#11311);
#11314=ORIENTED_EDGE('',*,*,#11313,.F.);
#11315=ORIENTED_EDGE('',*,*,#11298,.T.);
#11316=ORIENTED_EDGE('',*,*,#9549,.T.);
#11317=ORIENTED_EDGE('',*,*,#11193,.T.);
#11318=EDGE_LOOP('',(#11314,#11315,#11316,#11317));
#11319=FACE_OUTER_BOUND('',#11318,.F.);
#11320=ADVANCED_FACE('',(#11319),#11312,.T.);
#11321=CARTESIAN_POINT('',(-3.2788734E1,5.736628E0,1.6253E1));
#11322=DIRECTION('',(0.E0,7.071067811865E-1,-7.071067811865E-1));
#11323=DIRECTION('',(0.E0,7.071067811865E-1,7.071067811865E-1));
#11324=AXIS2_PLACEMENT_3D('',#11321,#11322,#11323);
#11325=PLANE('',#11324);
#11326=ORIENTED_EDGE('',*,*,#11313,.T.);
#11327=ORIENTED_EDGE('',*,*,#11191,.F.);
#11328=ORIENTED_EDGE('',*,*,#11211,.T.);
#11330=ORIENTED_EDGE('',*,*,#11329,.F.);
#11332=ORIENTED_EDGE('',*,*,#11331,.T.);
#11333=ORIENTED_EDGE('',*,*,#11300,.F.);
#11334=EDGE_LOOP('',(#11326,#11327,#11328,#11330,#11332,#11333));
#11335=FACE_OUTER_BOUND('',#11334,.F.);
#11336=ADVANCED_FACE('',(#11335),#11325,.F.);
#11337=CARTESIAN_POINT('',(-3.298468168034E1,5.16287E0,1.6453E1));
#11338=DIRECTION('',(0.E0,0.E0,-1.E0));
#11339=DIRECTION('',(-1.E0,0.E0,0.E0));
#11340=AXIS2_PLACEMENT_3D('',#11337,#11338,#11339);
#11341=PLANE('',#11340);
#11343=ORIENTED_EDGE('',*,*,#11342,.T.);
#11344=ORIENTED_EDGE('',*,*,#11329,.T.);
#11345=ORIENTED_EDGE('',*,*,#11209,.T.);
#11346=ORIENTED_EDGE('',*,*,#11256,.T.);
#11347=EDGE_LOOP('',(#11343,#11344,#11345,#11346));
#11348=FACE_OUTER_BOUND('',#11347,.F.);
#11349=ADVANCED_FACE('',(#11348),#11341,.F.);
#11350=CARTESIAN_POINT('',(-3.2426734E1,6.098628E0,1.6253E1));
#11351=DIRECTION('',(-7.071067811865E-1,0.E0,-7.071067811865E-1));
#11352=DIRECTION('',(-7.071067811865E-1,0.E0,7.071067811865E-1));
#11353=AXIS2_PLACEMENT_3D('',#11350,#11351,#11352);
#11354=PLANE('',#11353);
#11355=ORIENTED_EDGE('',*,*,#11286,.T.);
#11356=ORIENTED_EDGE('',*,*,#11302,.F.);
#11357=ORIENTED_EDGE('',*,*,#11331,.F.);
#11358=ORIENTED_EDGE('',*,*,#11342,.F.);
#11359=ORIENTED_EDGE('',*,*,#11254,.T.);
#11360=ORIENTED_EDGE('',*,*,#11270,.F.);
#11361=EDGE_LOOP('',(#11355,#11356,#11357,#11358,#11359,#11360));
#11362=FACE_OUTER_BOUND('',#11361,.F.);
#11363=ADVANCED_FACE('',(#11362),#11354,.F.);
#11364=CARTESIAN_POINT('',(-1.0453302E1,-6.337199999999E-2,-1.500000025257E-1));
#11365=DIRECTION('',(0.E0,0.E0,1.E0));
#11366=DIRECTION('',(1.E0,0.E0,0.E0));
#11367=AXIS2_PLACEMENT_3D('',#11364,#11365,#11366);
#11368=CYLINDRICAL_SURFACE('',#11367,1.E-1);
#11370=ORIENTED_EDGE('',*,*,#11369,.F.);
#11372=ORIENTED_EDGE('',*,*,#11371,.T.);
#11374=ORIENTED_EDGE('',*,*,#11373,.T.);
#11376=ORIENTED_EDGE('',*,*,#11375,.F.);
#11377=ORIENTED_EDGE('',*,*,#9563,.T.);
#11378=EDGE_LOOP('',(#11370,#11372,#11374,#11376,#11377));
#11379=FACE_OUTER_BOUND('',#11378,.F.);
#11380=ADVANCED_FACE('',(#11379),#11368,.T.);
#11381=CARTESIAN_POINT('',(-1.0553302E1,8.186993923556E-1,1.267299999747E1));
#11382=DIRECTION('',(-1.E0,0.E0,0.E0));
#11383=DIRECTION('',(0.E0,1.E0,0.E0));
#11384=AXIS2_PLACEMENT_3D('',#11381,#11382,#11383);
#11385=PLANE('',#11384);
#11386=ORIENTED_EDGE('',*,*,#11369,.T.);
#11387=ORIENTED_EDGE('',*,*,#9577,.T.);
#11389=ORIENTED_EDGE('',*,*,#11388,.T.);
#11391=ORIENTED_EDGE('',*,*,#11390,.F.);
#11392=EDGE_LOOP('',(#11386,#11387,#11389,#11391));
#11393=FACE_OUTER_BOUND('',#11392,.F.);
#11394=ADVANCED_FACE('',(#11393),#11385,.T.);
#11395=CARTESIAN_POINT('',(-1.0453302E1,8.60628E-1,-1.500000025257E-1));
#11396=DIRECTION('',(0.E0,0.E0,1.E0));
#11397=DIRECTION('',(1.E0,0.E0,0.E0));
#11398=AXIS2_PLACEMENT_3D('',#11395,#11396,#11397);
#11399=CYLINDRICAL_SURFACE('',#11398,1.E-1);
#11401=ORIENTED_EDGE('',*,*,#11400,.F.);
#11403=ORIENTED_EDGE('',*,*,#11402,.T.);
#11405=ORIENTED_EDGE('',*,*,#11404,.T.);
#11406=ORIENTED_EDGE('',*,*,#11388,.F.);
#11407=ORIENTED_EDGE('',*,*,#9575,.T.);
#11408=EDGE_LOOP('',(#11401,#11403,#11405,#11406,#11407));
#11409=FACE_OUTER_BOUND('',#11408,.F.);
#11410=ADVANCED_FACE('',(#11409),#11399,.T.);
#11411=CARTESIAN_POINT('',(-9.509302000002E0,9.60628E-1,1.267299999747E1));
#11412=DIRECTION('',(0.E0,1.E0,0.E0));
#11413=DIRECTION('',(1.E0,0.E0,0.E0));
#11414=AXIS2_PLACEMENT_3D('',#11411,#11412,#11413);
#11415=PLANE('',#11414);
#11416=ORIENTED_EDGE('',*,*,#11400,.T.);
#11417=ORIENTED_EDGE('',*,*,#9573,.T.);
#11419=ORIENTED_EDGE('',*,*,#11418,.T.);
#11421=ORIENTED_EDGE('',*,*,#11420,.F.);
#11422=EDGE_LOOP('',(#11416,#11417,#11419,#11421));
#11423=FACE_OUTER_BOUND('',#11422,.F.);
#11424=ADVANCED_FACE('',(#11423),#11415,.T.);
#11425=CARTESIAN_POINT('',(-9.529302000002E0,8.60628E-1,-1.500000025257E-1));
#11426=DIRECTION('',(0.E0,0.E0,1.E0));
#11427=DIRECTION('',(1.E0,0.E0,0.E0));
#11428=AXIS2_PLACEMENT_3D('',#11425,#11426,#11427);
#11429=CYLINDRICAL_SURFACE('',#11428,1.E-1);
#11431=ORIENTED_EDGE('',*,*,#11430,.F.);
#11433=ORIENTED_EDGE('',*,*,#11432,.T.);
#11435=ORIENTED_EDGE('',*,*,#11434,.T.);
#11436=ORIENTED_EDGE('',*,*,#11418,.F.);
#11437=ORIENTED_EDGE('',*,*,#9571,.T.);
#11438=EDGE_LOOP('',(#11431,#11433,#11435,#11436,#11437));
#11439=FACE_OUTER_BOUND('',#11438,.F.);
#11440=ADVANCED_FACE('',(#11439),#11429,.T.);
#11441=CARTESIAN_POINT('',(-9.429302000002E0,-4.89999E0,2.256500003033E1));
#11442=DIRECTION('',(1.E0,0.E0,0.E0));
#11443=DIRECTION('',(0.E0,0.E0,1.E0));
#11444=AXIS2_PLACEMENT_3D('',#11441,#11442,#11443);
#11445=PLANE('',#11444);
#11446=ORIENTED_EDGE('',*,*,#11430,.T.);
#11447=ORIENTED_EDGE('',*,*,#9569,.T.);
#11449=ORIENTED_EDGE('',*,*,#11448,.T.);
#11451=ORIENTED_EDGE('',*,*,#11450,.F.);
#11452=EDGE_LOOP('',(#11446,#11447,#11449,#11451));
#11453=FACE_OUTER_BOUND('',#11452,.F.);
#11454=ADVANCED_FACE('',(#11453),#11445,.T.);
#11455=CARTESIAN_POINT('',(-9.529302000002E0,-6.337199999999E-2,
-1.500000025257E-1));
#11456=DIRECTION('',(0.E0,0.E0,1.E0));
#11457=DIRECTION('',(1.E0,0.E0,0.E0));
#11458=AXIS2_PLACEMENT_3D('',#11455,#11456,#11457);
#11459=CYLINDRICAL_SURFACE('',#11458,1.E-1);
#11461=ORIENTED_EDGE('',*,*,#11460,.F.);
#11463=ORIENTED_EDGE('',*,*,#11462,.T.);
#11465=ORIENTED_EDGE('',*,*,#11464,.T.);
#11466=ORIENTED_EDGE('',*,*,#11448,.F.);
#11467=ORIENTED_EDGE('',*,*,#9567,.T.);
#11468=EDGE_LOOP('',(#11461,#11463,#11465,#11466,#11467));
#11469=FACE_OUTER_BOUND('',#11468,.F.);
#11470=ADVANCED_FACE('',(#11469),#11459,.T.);
#11471=CARTESIAN_POINT('',(-9.509302000002E0,-1.63372E-1,8.972999997474E0));
#11472=DIRECTION('',(0.E0,-1.E0,0.E0));
#11473=DIRECTION('',(1.E0,0.E0,0.E0));
#11474=AXIS2_PLACEMENT_3D('',#11471,#11472,#11473);
#11475=PLANE('',#11474);
#11476=ORIENTED_EDGE('',*,*,#11460,.T.);
#11477=ORIENTED_EDGE('',*,*,#9565,.T.);
#11478=ORIENTED_EDGE('',*,*,#11375,.T.);
#11480=ORIENTED_EDGE('',*,*,#11479,.F.);
#11481=EDGE_LOOP('',(#11476,#11477,#11478,#11480));
#11482=FACE_OUTER_BOUND('',#11481,.F.);
#11483=ADVANCED_FACE('',(#11482),#11475,.T.);
#11484=CARTESIAN_POINT('',(-9.991302000002E0,3.662800000001E-2,1.6253E1));
#11485=DIRECTION('',(0.E0,7.071067811865E-1,-7.071067811865E-1));
#11486=DIRECTION('',(0.E0,7.071067811865E-1,7.071067811865E-1));
#11487=AXIS2_PLACEMENT_3D('',#11484,#11485,#11486);
#11488=PLANE('',#11487);
#11489=ORIENTED_EDGE('',*,*,#11479,.T.);
#11490=ORIENTED_EDGE('',*,*,#11373,.F.);
#11492=ORIENTED_EDGE('',*,*,#11491,.F.);
#11494=ORIENTED_EDGE('',*,*,#11493,.F.);
#11496=ORIENTED_EDGE('',*,*,#11495,.T.);
#11497=ORIENTED_EDGE('',*,*,#11462,.F.);
#11498=EDGE_LOOP('',(#11489,#11490,#11492,#11494,#11496,#11497));
#11499=FACE_OUTER_BOUND('',#11498,.F.);
#11500=ADVANCED_FACE('',(#11499),#11488,.F.);
#11501=CARTESIAN_POINT('',(-1.0353302E1,3.98628E-1,1.6253E1));
#11502=DIRECTION('',(7.071067811865E-1,0.E0,-7.071067811865E-1));
#11503=DIRECTION('',(7.071067811865E-1,0.E0,7.071067811865E-1));
#11504=AXIS2_PLACEMENT_3D('',#11501,#11502,#11503);
#11505=PLANE('',#11504);
#11506=ORIENTED_EDGE('',*,*,#11390,.T.);
#11507=ORIENTED_EDGE('',*,*,#11404,.F.);
#11509=ORIENTED_EDGE('',*,*,#11508,.F.);
#11511=ORIENTED_EDGE('',*,*,#11510,.F.);
#11512=ORIENTED_EDGE('',*,*,#11491,.T.);
#11513=ORIENTED_EDGE('',*,*,#11371,.F.);
#11514=EDGE_LOOP('',(#11506,#11507,#11509,#11511,#11512,#11513));
#11515=FACE_OUTER_BOUND('',#11514,.F.);
#11516=ADVANCED_FACE('',(#11515),#11505,.F.);
#11517=CARTESIAN_POINT('',(-9.991302000002E0,7.60628E-1,1.6253E1));
#11518=DIRECTION('',(0.E0,-7.071067811865E-1,-7.071067811865E-1));
#11519=DIRECTION('',(0.E0,-7.071067811865E-1,7.071067811865E-1));
#11520=AXIS2_PLACEMENT_3D('',#11517,#11518,#11519);
#11521=PLANE('',#11520);
#11522=ORIENTED_EDGE('',*,*,#11420,.T.);
#11523=ORIENTED_EDGE('',*,*,#11434,.F.);
#11525=ORIENTED_EDGE('',*,*,#11524,.T.);
#11527=ORIENTED_EDGE('',*,*,#11526,.F.);
#11528=ORIENTED_EDGE('',*,*,#11508,.T.);
#11529=ORIENTED_EDGE('',*,*,#11402,.F.);
#11530=EDGE_LOOP('',(#11522,#11523,#11525,#11527,#11528,#11529));
#11531=FACE_OUTER_BOUND('',#11530,.F.);
#11532=ADVANCED_FACE('',(#11531),#11521,.F.);
#11533=CARTESIAN_POINT('',(-9.629302000002E0,3.98628E-1,1.6253E1));
#11534=DIRECTION('',(-7.071067811865E-1,0.E0,-7.071067811865E-1));
#11535=DIRECTION('',(-7.071067811865E-1,0.E0,7.071067811865E-1));
#11536=AXIS2_PLACEMENT_3D('',#11533,#11534,#11535);
#11537=PLANE('',#11536);
#11538=ORIENTED_EDGE('',*,*,#11450,.T.);
#11539=ORIENTED_EDGE('',*,*,#11464,.F.);
#11540=ORIENTED_EDGE('',*,*,#11495,.F.);
#11542=ORIENTED_EDGE('',*,*,#11541,.F.);
#11543=ORIENTED_EDGE('',*,*,#11524,.F.);
#11544=ORIENTED_EDGE('',*,*,#11432,.F.);
#11545=EDGE_LOOP('',(#11538,#11539,#11540,#11542,#11543,#11544));
#11546=FACE_OUTER_BOUND('',#11545,.F.);
#11547=ADVANCED_FACE('',(#11546),#11537,.F.);
#11548=CARTESIAN_POINT('',(-1.018468168034E1,-4.5463E-1,1.6453E1));
#11549=DIRECTION('',(0.E0,0.E0,-1.E0));
#11550=DIRECTION('',(-1.E0,0.E0,0.E0));
#11551=AXIS2_PLACEMENT_3D('',#11548,#11549,#11550);
#11552=PLANE('',#11551);
#11553=ORIENTED_EDGE('',*,*,#11526,.T.);
#11554=ORIENTED_EDGE('',*,*,#11541,.T.);
#11555=ORIENTED_EDGE('',*,*,#11493,.T.);
#11556=ORIENTED_EDGE('',*,*,#11510,.T.);
#11557=EDGE_LOOP('',(#11553,#11554,#11555,#11556));
#11558=FACE_OUTER_BOUND('',#11557,.F.);
#11559=ADVANCED_FACE('',(#11558),#11552,.F.);
#11560=CARTESIAN_POINT('',(-3.596373394554E1,7.565049356208E0,1.2673E1));
#11561=DIRECTION('',(0.E0,-1.E0,0.E0));
#11562=DIRECTION('',(1.E0,0.E0,0.E0));
#11563=AXIS2_PLACEMENT_3D('',#11560,#11561,#11562);
#11564=PLANE('',#11563);
#11566=ORIENTED_EDGE('',*,*,#11565,.T.);
#11567=ORIENTED_EDGE('',*,*,#7776,.T.);
#11569=ORIENTED_EDGE('',*,*,#11568,.F.);
#11570=ORIENTED_EDGE('',*,*,#9383,.F.);
#11571=EDGE_LOOP('',(#11566,#11567,#11569,#11570));
#11572=FACE_OUTER_BOUND('',#11571,.F.);
#11573=ADVANCED_FACE('',(#11572),#11564,.T.);
#11574=CARTESIAN_POINT('',(-3.596373394554E1,-2.416174298381E0,-1.7351194E1));
#11575=DIRECTION('',(1.E0,0.E0,0.E0));
#11576=DIRECTION('',(0.E0,1.E0,0.E0));
#11577=AXIS2_PLACEMENT_3D('',#11574,#11575,#11576);
#11578=PLANE('',#11577);
#11579=ORIENTED_EDGE('',*,*,#9415,.T.);
#11581=ORIENTED_EDGE('',*,*,#11580,.T.);
#11582=ORIENTED_EDGE('',*,*,#7792,.T.);
#11584=ORIENTED_EDGE('',*,*,#11583,.F.);
#11585=ORIENTED_EDGE('',*,*,#7610,.F.);
#11586=ORIENTED_EDGE('',*,*,#7872,.T.);
#11587=ORIENTED_EDGE('',*,*,#7778,.T.);
#11588=ORIENTED_EDGE('',*,*,#11565,.F.);
#11589=EDGE_LOOP('',(#11579,#11581,#11582,#11584,#11585,#11586,#11587,#11588));
#11590=FACE_OUTER_BOUND('',#11589,.F.);
#11592=ORIENTED_EDGE('',*,*,#11591,.T.);
#11594=ORIENTED_EDGE('',*,*,#11593,.T.);
#11596=ORIENTED_EDGE('',*,*,#11595,.T.);
#11598=ORIENTED_EDGE('',*,*,#11597,.T.);
#11599=EDGE_LOOP('',(#11592,#11594,#11596,#11598));
#11600=FACE_BOUND('',#11599,.F.);
#11601=ADVANCED_FACE('',(#11590,#11600),#11578,.F.);
#11602=CARTESIAN_POINT('',(-3.595039194554E1,-1.647139109561E0,2.532996E0));
#11603=DIRECTION('',(0.E0,-1.E0,0.E0));
#11604=DIRECTION('',(0.E0,0.E0,-1.E0));
#11605=AXIS2_PLACEMENT_3D('',#11602,#11603,#11604);
#11606=PLANE('',#11605);
#11607=ORIENTED_EDGE('',*,*,#11591,.F.);
#11609=ORIENTED_EDGE('',*,*,#11608,.F.);
#11611=ORIENTED_EDGE('',*,*,#11610,.T.);
#11613=ORIENTED_EDGE('',*,*,#11612,.T.);
#11614=EDGE_LOOP('',(#11607,#11609,#11611,#11613));
#11615=FACE_OUTER_BOUND('',#11614,.F.);
#11616=ADVANCED_FACE('',(#11615),#11606,.T.);
#11617=CARTESIAN_POINT('',(-3.595039194554E1,-1.647139109561E0,
-9.670040000001E-1));
#11618=DIRECTION('',(0.E0,0.E0,-1.E0));
#11619=DIRECTION('',(0.E0,1.E0,0.E0));
#11620=AXIS2_PLACEMENT_3D('',#11617,#11618,#11619);
#11621=PLANE('',#11620);
#11622=ORIENTED_EDGE('',*,*,#11597,.F.);
#11624=ORIENTED_EDGE('',*,*,#11623,.F.);
#11626=ORIENTED_EDGE('',*,*,#11625,.T.);
#11627=ORIENTED_EDGE('',*,*,#11608,.T.);
#11628=EDGE_LOOP('',(#11622,#11624,#11626,#11627));
#11629=FACE_OUTER_BOUND('',#11628,.F.);
#11630=ADVANCED_FACE('',(#11629),#11621,.T.);
#11631=CARTESIAN_POINT('',(-3.595039194554E1,1.852860890439E0,
-9.670040000001E-1));
#11632=DIRECTION('',(0.E0,1.E0,0.E0));
#11633=DIRECTION('',(0.E0,0.E0,1.E0));
#11634=AXIS2_PLACEMENT_3D('',#11631,#11632,#11633);
#11635=PLANE('',#11634);
#11636=ORIENTED_EDGE('',*,*,#11595,.F.);
#11638=ORIENTED_EDGE('',*,*,#11637,.F.);
#11640=ORIENTED_EDGE('',*,*,#11639,.T.);
#11641=ORIENTED_EDGE('',*,*,#11623,.T.);
#11642=EDGE_LOOP('',(#11636,#11638,#11640,#11641));
#11643=FACE_OUTER_BOUND('',#11642,.F.);
#11644=ADVANCED_FACE('',(#11643),#11635,.T.);
#11645=CARTESIAN_POINT('',(-3.595039194554E1,1.852860890439E0,2.532996E0));
#11646=DIRECTION('',(0.E0,0.E0,1.E0));
#11647=DIRECTION('',(0.E0,-1.E0,0.E0));
#11648=AXIS2_PLACEMENT_3D('',#11645,#11646,#11647);
#11649=PLANE('',#11648);
#11650=ORIENTED_EDGE('',*,*,#11593,.F.);
#11651=ORIENTED_EDGE('',*,*,#11612,.F.);
#11653=ORIENTED_EDGE('',*,*,#11652,.T.);
#11654=ORIENTED_EDGE('',*,*,#11637,.T.);
#11655=EDGE_LOOP('',(#11650,#11651,#11653,#11654));
#11656=FACE_OUTER_BOUND('',#11655,.F.);
#11657=ADVANCED_FACE('',(#11656),#11649,.T.);
#11658=CARTESIAN_POINT('',(-3.597339194554E1,-8.151635404019E-1,
7.829959999999E-1));
#11659=DIRECTION('',(-1.E0,0.E0,0.E0));
#11660=DIRECTION('',(0.E0,1.E0,0.E0));
#11661=AXIS2_PLACEMENT_3D('',#11658,#11659,#11660);
#11662=PLANE('',#11661);
#11663=ORIENTED_EDGE('',*,*,#11639,.F.);
#11664=ORIENTED_EDGE('',*,*,#11652,.F.);
#11665=ORIENTED_EDGE('',*,*,#11610,.F.);
#11666=ORIENTED_EDGE('',*,*,#11625,.F.);
#11667=EDGE_LOOP('',(#11663,#11664,#11665,#11666));
#11668=FACE_OUTER_BOUND('',#11667,.F.);
#11670=ORIENTED_EDGE('',*,*,#11669,.F.);
#11672=ORIENTED_EDGE('',*,*,#11671,.F.);
#11674=ORIENTED_EDGE('',*,*,#11673,.F.);
#11676=ORIENTED_EDGE('',*,*,#11675,.T.);
#11678=ORIENTED_EDGE('',*,*,#11677,.T.);
#11680=ORIENTED_EDGE('',*,*,#11679,.T.);
#11682=ORIENTED_EDGE('',*,*,#11681,.T.);
#11684=ORIENTED_EDGE('',*,*,#11683,.T.);
#11686=ORIENTED_EDGE('',*,*,#11685,.T.);
#11688=ORIENTED_EDGE('',*,*,#11687,.T.);
#11690=ORIENTED_EDGE('',*,*,#11689,.F.);
#11692=ORIENTED_EDGE('',*,*,#11691,.F.);
#11694=ORIENTED_EDGE('',*,*,#11693,.F.);
#11695=EDGE_LOOP('',(#11670,#11672,#11674,#11676,#11678,#11680,#11682,#11684,
#11686,#11688,#11690,#11692,#11694));
#11696=FACE_BOUND('',#11695,.F.);
#11697=ADVANCED_FACE('',(#11668,#11696),#11662,.T.);
#11698=CARTESIAN_POINT('',(-3.595039194554E1,-1.706879712424E-1,
-4.210788326106E-1));
#11699=DIRECTION('',(0.E0,4.472135955E-1,8.944271909999E-1));
#11700=DIRECTION('',(0.E0,-8.944271909999E-1,4.472135955E-1));
#11701=AXIS2_PLACEMENT_3D('',#11698,#11699,#11700);
#11702=PLANE('',#11701);
#11704=ORIENTED_EDGE('',*,*,#11703,.T.);
#11706=ORIENTED_EDGE('',*,*,#11705,.F.);
#11707=ORIENTED_EDGE('',*,*,#11669,.T.);
#11709=ORIENTED_EDGE('',*,*,#11708,.T.);
#11710=EDGE_LOOP('',(#11704,#11706,#11707,#11709));
#11711=FACE_OUTER_BOUND('',#11710,.F.);
#11712=ADVANCED_FACE('',(#11711),#11702,.T.);
#11713=CARTESIAN_POINT('',(-3.596339194554E1,3.552860890439E0,-2.767004E0));
#11714=DIRECTION('',(-1.E0,0.E0,0.E0));
#11715=DIRECTION('',(0.E0,1.E0,0.E0));
#11716=AXIS2_PLACEMENT_3D('',#11713,#11714,#11715);
#11717=PLANE('',#11716);
#11719=ORIENTED_EDGE('',*,*,#11718,.F.);
#11721=ORIENTED_EDGE('',*,*,#11720,.F.);
#11723=ORIENTED_EDGE('',*,*,#11722,.F.);
#11725=ORIENTED_EDGE('',*,*,#11724,.F.);
#11726=ORIENTED_EDGE('',*,*,#11703,.F.);
#11728=ORIENTED_EDGE('',*,*,#11727,.F.);
#11730=ORIENTED_EDGE('',*,*,#11729,.F.);
#11732=ORIENTED_EDGE('',*,*,#11731,.F.);
#11734=ORIENTED_EDGE('',*,*,#11733,.F.);
#11736=ORIENTED_EDGE('',*,*,#11735,.F.);
#11738=ORIENTED_EDGE('',*,*,#11737,.F.);
#11740=ORIENTED_EDGE('',*,*,#11739,.F.);
#11742=ORIENTED_EDGE('',*,*,#11741,.F.);
#11743=EDGE_LOOP('',(#11719,#11721,#11723,#11725,#11726,#11728,#11730,#11732,
#11734,#11736,#11738,#11740,#11742));
#11744=FACE_OUTER_BOUND('',#11743,.F.);
#11745=ADVANCED_FACE('',(#11744),#11717,.T.);
#11746=CARTESIAN_POINT('',(-3.595039194554E1,-6.956879712424E-1,
-2.710788326106E-1));
#11747=DIRECTION('',(0.E0,1.E0,0.E0));
#11748=DIRECTION('',(0.E0,0.E0,1.E0));
#11749=AXIS2_PLACEMENT_3D('',#11746,#11747,#11748);
#11750=PLANE('',#11749);
#11751=ORIENTED_EDGE('',*,*,#11718,.T.);
#11753=ORIENTED_EDGE('',*,*,#11752,.F.);
#11754=ORIENTED_EDGE('',*,*,#11677,.F.);
#11756=ORIENTED_EDGE('',*,*,#11755,.T.);
#11757=EDGE_LOOP('',(#11751,#11753,#11754,#11756));
#11758=FACE_OUTER_BOUND('',#11757,.F.);
#11759=ADVANCED_FACE('',(#11758),#11750,.T.);
#11760=CARTESIAN_POINT('',(-3.595039194554E1,-6.956879712424E-1,
2.892116738941E-2));
#11761=DIRECTION('',(0.E0,0.E0,-1.E0));
#11762=DIRECTION('',(0.E0,1.E0,0.E0));
#11763=AXIS2_PLACEMENT_3D('',#11760,#11761,#11762);
#11764=PLANE('',#11763);
#11765=ORIENTED_EDGE('',*,*,#11741,.T.);
#11767=ORIENTED_EDGE('',*,*,#11766,.F.);
#11768=ORIENTED_EDGE('',*,*,#11679,.F.);
#11769=ORIENTED_EDGE('',*,*,#11752,.T.);
#11770=EDGE_LOOP('',(#11765,#11767,#11768,#11769));
#11771=FACE_OUTER_BOUND('',#11770,.F.);
#11772=ADVANCED_FACE('',(#11771),#11764,.T.);
#11773=CARTESIAN_POINT('',(-3.595039194554E1,1.681202875755E-2,
2.892116738941E-2));
#11774=DIRECTION('',(0.E0,1.E0,0.E0));
#11775=DIRECTION('',(0.E0,0.E0,1.E0));
#11776=AXIS2_PLACEMENT_3D('',#11773,#11774,#11775);
#11777=PLANE('',#11776);
#11778=ORIENTED_EDGE('',*,*,#11739,.T.);
#11780=ORIENTED_EDGE('',*,*,#11779,.F.);
#11781=ORIENTED_EDGE('',*,*,#11681,.F.);
#11782=ORIENTED_EDGE('',*,*,#11766,.T.);
#11783=EDGE_LOOP('',(#11778,#11780,#11781,#11782));
#11784=FACE_OUTER_BOUND('',#11783,.F.);
#11785=ADVANCED_FACE('',(#11784),#11777,.T.);
#11786=CARTESIAN_POINT('',(-3.595039194554E1,1.681202875755E-2,
2.203921167389E0));
#11787=DIRECTION('',(0.E0,0.E0,-1.E0));
#11788=DIRECTION('',(0.E0,1.E0,0.E0));
#11789=AXIS2_PLACEMENT_3D('',#11786,#11787,#11788);
#11790=PLANE('',#11789);
#11791=ORIENTED_EDGE('',*,*,#11737,.T.);
#11793=ORIENTED_EDGE('',*,*,#11792,.F.);
#11794=ORIENTED_EDGE('',*,*,#11683,.F.);
#11795=ORIENTED_EDGE('',*,*,#11779,.T.);
#11796=EDGE_LOOP('',(#11791,#11793,#11794,#11795));
#11797=FACE_OUTER_BOUND('',#11796,.F.);
#11798=ADVANCED_FACE('',(#11797),#11790,.T.);
#11799=CARTESIAN_POINT('',(-3.595039194554E1,3.918120287576E-1,
2.203921167389E0));
#11800=DIRECTION('',(0.E0,-1.E0,0.E0));
#11801=DIRECTION('',(0.E0,0.E0,-1.E0));
#11802=AXIS2_PLACEMENT_3D('',#11799,#11800,#11801);
#11803=PLANE('',#11802);
#11804=ORIENTED_EDGE('',*,*,#11735,.T.);
#11806=ORIENTED_EDGE('',*,*,#11805,.F.);
#11807=ORIENTED_EDGE('',*,*,#11685,.F.);
#11808=ORIENTED_EDGE('',*,*,#11792,.T.);
#11809=EDGE_LOOP('',(#11804,#11806,#11807,#11808));
#11810=FACE_OUTER_BOUND('',#11809,.F.);
#11811=ADVANCED_FACE('',(#11810),#11803,.T.);
#11812=CARTESIAN_POINT('',(-3.595039194554E1,3.918120287576E-1,
-7.960788326106E-1));
#11813=DIRECTION('',(0.E0,0.E0,1.E0));
#11814=DIRECTION('',(0.E0,-1.E0,0.E0));
#11815=AXIS2_PLACEMENT_3D('',#11812,#11813,#11814);
#11816=PLANE('',#11815);
#11817=ORIENTED_EDGE('',*,*,#11733,.T.);
#11819=ORIENTED_EDGE('',*,*,#11818,.F.);
#11820=ORIENTED_EDGE('',*,*,#11687,.F.);
#11821=ORIENTED_EDGE('',*,*,#11805,.T.);
#11822=EDGE_LOOP('',(#11817,#11819,#11820,#11821));
#11823=FACE_OUTER_BOUND('',#11822,.F.);
#11824=ADVANCED_FACE('',(#11823),#11816,.T.);
#11825=CARTESIAN_POINT('',(-3.595039194554E1,9.181202875755E-2,
-7.960788326106E-1));
#11826=DIRECTION('',(0.E0,9.486832980505E-1,3.162277660168E-1));
#11827=DIRECTION('',(0.E0,-3.162277660168E-1,9.486832980505E-1));
#11828=AXIS2_PLACEMENT_3D('',#11825,#11826,#11827);
#11829=PLANE('',#11828);
#11830=ORIENTED_EDGE('',*,*,#11731,.T.);
#11832=ORIENTED_EDGE('',*,*,#11831,.F.);
#11833=ORIENTED_EDGE('',*,*,#11689,.T.);
#11834=ORIENTED_EDGE('',*,*,#11818,.T.);
#11835=EDGE_LOOP('',(#11830,#11832,#11833,#11834));
#11836=FACE_OUTER_BOUND('',#11835,.F.);
#11837=ADVANCED_FACE('',(#11836),#11829,.T.);
#11838=CARTESIAN_POINT('',(-3.595039194554E1,5.431202875755E-2,
-6.835788326106E-1));
#11839=DIRECTION('',(0.E0,8.E-1,6.E-1));
#11840=DIRECTION('',(0.E0,-6.E-1,8.E-1));
#11841=AXIS2_PLACEMENT_3D('',#11838,#11839,#11840);
#11842=PLANE('',#11841);
#11843=ORIENTED_EDGE('',*,*,#11729,.T.);
#11845=ORIENTED_EDGE('',*,*,#11844,.F.);
#11846=ORIENTED_EDGE('',*,*,#11691,.T.);
#11847=ORIENTED_EDGE('',*,*,#11831,.T.);
#11848=EDGE_LOOP('',(#11843,#11845,#11846,#11847));
#11849=FACE_OUTER_BOUND('',#11848,.F.);
#11850=ADVANCED_FACE('',(#11849),#11842,.T.);
#11851=CARTESIAN_POINT('',(-3.595039194554E1,-5.818797124245E-2,
-5.335788326106E-1));
#11852=DIRECTION('',(0.E0,7.071067811865E-1,7.071067811865E-1));
#11853=DIRECTION('',(0.E0,-7.071067811865E-1,7.071067811865E-1));
#11854=AXIS2_PLACEMENT_3D('',#11851,#11852,#11853);
#11855=PLANE('',#11854);
#11856=ORIENTED_EDGE('',*,*,#11727,.T.);
#11857=ORIENTED_EDGE('',*,*,#11708,.F.);
#11858=ORIENTED_EDGE('',*,*,#11693,.T.);
#11859=ORIENTED_EDGE('',*,*,#11844,.T.);
#11860=EDGE_LOOP('',(#11856,#11857,#11858,#11859));
#11861=FACE_OUTER_BOUND('',#11860,.F.);
#11862=ADVANCED_FACE('',(#11861),#11855,.T.);
#11863=CARTESIAN_POINT('',(-3.595039194554E1,-6.206879712425E-1,
-2.710788326106E-1));
#11864=DIRECTION('',(0.E0,0.E0,1.E0));
#11865=DIRECTION('',(0.E0,-1.E0,0.E0));
#11866=AXIS2_PLACEMENT_3D('',#11863,#11864,#11865);
#11867=PLANE('',#11866);
#11868=ORIENTED_EDGE('',*,*,#11720,.T.);
#11869=ORIENTED_EDGE('',*,*,#11755,.F.);
#11870=ORIENTED_EDGE('',*,*,#11675,.F.);
#11872=ORIENTED_EDGE('',*,*,#11871,.T.);
#11873=EDGE_LOOP('',(#11868,#11869,#11870,#11872));
#11874=FACE_OUTER_BOUND('',#11873,.F.);
#11875=ADVANCED_FACE('',(#11874),#11867,.T.);
#11876=CARTESIAN_POINT('',(-3.595039194554E1,-4.331879712425E-1,
-3.085788326106E-1));
#11877=DIRECTION('',(0.E0,1.961161351382E-1,9.805806756909E-1));
#11878=DIRECTION('',(0.E0,-9.805806756909E-1,1.961161351382E-1));
#11879=AXIS2_PLACEMENT_3D('',#11876,#11877,#11878);
#11880=PLANE('',#11879);
#11881=ORIENTED_EDGE('',*,*,#11722,.T.);
#11882=ORIENTED_EDGE('',*,*,#11871,.F.);
#11883=ORIENTED_EDGE('',*,*,#11673,.T.);
#11885=ORIENTED_EDGE('',*,*,#11884,.T.);
#11886=EDGE_LOOP('',(#11881,#11882,#11883,#11885));
#11887=FACE_OUTER_BOUND('',#11886,.F.);
#11888=ADVANCED_FACE('',(#11887),#11880,.T.);
#11889=CARTESIAN_POINT('',(-3.595039194554E1,-3.206879712424E-1,
-3.460788326106E-1));
#11890=DIRECTION('',(0.E0,3.162277660168E-1,9.486832980505E-1));
#11891=DIRECTION('',(0.E0,-9.486832980505E-1,3.162277660168E-1));
#11892=AXIS2_PLACEMENT_3D('',#11889,#11890,#11891);
#11893=PLANE('',#11892);
#11894=ORIENTED_EDGE('',*,*,#11724,.T.);
#11895=ORIENTED_EDGE('',*,*,#11884,.F.);
#11896=ORIENTED_EDGE('',*,*,#11671,.T.);
#11897=ORIENTED_EDGE('',*,*,#11705,.T.);
#11898=EDGE_LOOP('',(#11894,#11895,#11896,#11897));
#11899=FACE_OUTER_BOUND('',#11898,.F.);
#11900=ADVANCED_FACE('',(#11899),#11893,.T.);
#11901=CARTESIAN_POINT('',(-3.491373394554E1,-9.193275753330E-1,1.2673E1));
#11902=DIRECTION('',(0.E0,1.E0,0.E0));
#11903=DIRECTION('',(-1.E0,0.E0,0.E0));
#11904=AXIS2_PLACEMENT_3D('',#11901,#11902,#11903);
#11905=PLANE('',#11904);
#11907=ORIENTED_EDGE('',*,*,#11906,.T.);
#11908=ORIENTED_EDGE('',*,*,#7794,.T.);
#11909=ORIENTED_EDGE('',*,*,#11580,.F.);
#11910=ORIENTED_EDGE('',*,*,#9413,.T.);
#11911=EDGE_LOOP('',(#11907,#11908,#11909,#11910));
#11912=FACE_OUTER_BOUND('',#11911,.F.);
#11913=ADVANCED_FACE('',(#11912),#11905,.T.);
#11914=CARTESIAN_POINT('',(-3.491373394554E1,-1.578327575333E0,1.2673E1));
#11915=DIRECTION('',(1.E0,0.E0,0.E0));
#11916=DIRECTION('',(0.E0,1.E0,0.E0));
#11917=AXIS2_PLACEMENT_3D('',#11914,#11915,#11916);
#11918=PLANE('',#11917);
#11920=ORIENTED_EDGE('',*,*,#11919,.T.);
#11921=ORIENTED_EDGE('',*,*,#7796,.T.);
#11922=ORIENTED_EDGE('',*,*,#11906,.F.);
#11923=ORIENTED_EDGE('',*,*,#9411,.F.);
#11924=EDGE_LOOP('',(#11920,#11921,#11922,#11923));
#11925=FACE_OUTER_BOUND('',#11924,.F.);
#11926=ADVANCED_FACE('',(#11925),#11918,.T.);
#11927=CARTESIAN_POINT('',(-3.430563394554E1,-1.578327575333E0,1.2673E1));
#11928=DIRECTION('',(0.E0,1.E0,0.E0));
#11929=DIRECTION('',(-1.E0,0.E0,0.E0));
#11930=AXIS2_PLACEMENT_3D('',#11927,#11928,#11929);
#11931=PLANE('',#11930);
#11933=ORIENTED_EDGE('',*,*,#11932,.T.);
#11934=ORIENTED_EDGE('',*,*,#7798,.T.);
#11935=ORIENTED_EDGE('',*,*,#11919,.F.);
#11936=ORIENTED_EDGE('',*,*,#9409,.F.);
#11937=EDGE_LOOP('',(#11933,#11934,#11935,#11936));
#11938=FACE_OUTER_BOUND('',#11937,.F.);
#11939=ADVANCED_FACE('',(#11938),#11931,.T.);
#11940=CARTESIAN_POINT('',(-3.430563394554E1,-2.919327575333E0,1.2673E1));
#11941=DIRECTION('',(1.E0,0.E0,0.E0));
#11942=DIRECTION('',(0.E0,1.E0,0.E0));
#11943=AXIS2_PLACEMENT_3D('',#11940,#11941,#11942);
#11944=PLANE('',#11943);
#11946=ORIENTED_EDGE('',*,*,#11945,.T.);
#11947=ORIENTED_EDGE('',*,*,#7800,.T.);
#11948=ORIENTED_EDGE('',*,*,#11932,.F.);
#11949=ORIENTED_EDGE('',*,*,#9407,.F.);
#11950=EDGE_LOOP('',(#11946,#11947,#11948,#11949));
#11951=FACE_OUTER_BOUND('',#11950,.F.);
#11952=ADVANCED_FACE('',(#11951),#11944,.T.);
#11953=CARTESIAN_POINT('',(-1.871407574144E1,-2.919327575333E0,1.2343E1));
#11954=DIRECTION('',(0.E0,-1.E0,0.E0));
#11955=DIRECTION('',(-1.E0,0.E0,0.E0));
#11956=AXIS2_PLACEMENT_3D('',#11953,#11954,#11955);
#11957=PLANE('',#11956);
#11958=ORIENTED_EDGE('',*,*,#9405,.F.);
#11960=ORIENTED_EDGE('',*,*,#11959,.T.);
#11961=ORIENTED_EDGE('',*,*,#7812,.T.);
#11963=ORIENTED_EDGE('',*,*,#11962,.F.);
#11964=ORIENTED_EDGE('',*,*,#7614,.F.);
#11966=ORIENTED_EDGE('',*,*,#11965,.F.);
#11967=ORIENTED_EDGE('',*,*,#7788,.T.);
#11968=ORIENTED_EDGE('',*,*,#11945,.F.);
#11969=EDGE_LOOP('',(#11958,#11960,#11961,#11963,#11964,#11966,#11967,#11968));
#11970=FACE_OUTER_BOUND('',#11969,.F.);
#11971=ADVANCED_FACE('',(#11970),#11957,.T.);
#11972=CARTESIAN_POINT('',(-8.471833741440E0,-1.578327575333E0,1.2673E1));
#11973=DIRECTION('',(-1.E0,0.E0,0.E0));
#11974=DIRECTION('',(0.E0,-1.E0,0.E0));
#11975=AXIS2_PLACEMENT_3D('',#11972,#11973,#11974);
#11976=PLANE('',#11975);
#11978=ORIENTED_EDGE('',*,*,#11977,.T.);
#11979=ORIENTED_EDGE('',*,*,#7814,.T.);
#11980=ORIENTED_EDGE('',*,*,#11959,.F.);
#11981=ORIENTED_EDGE('',*,*,#9403,.T.);
#11982=EDGE_LOOP('',(#11978,#11979,#11980,#11981));
#11983=FACE_OUTER_BOUND('',#11982,.F.);
#11984=ADVANCED_FACE('',(#11983),#11976,.T.);
#11985=CARTESIAN_POINT('',(-7.863733741440E0,-1.578327575333E0,1.2673E1));
#11986=DIRECTION('',(0.E0,1.E0,0.E0));
#11987=DIRECTION('',(-1.E0,0.E0,0.E0));
#11988=AXIS2_PLACEMENT_3D('',#11985,#11986,#11987);
#11989=PLANE('',#11988);
#11991=ORIENTED_EDGE('',*,*,#11990,.T.);
#11992=ORIENTED_EDGE('',*,*,#7816,.T.);
#11993=ORIENTED_EDGE('',*,*,#11977,.F.);
#11994=ORIENTED_EDGE('',*,*,#9401,.F.);
#11995=EDGE_LOOP('',(#11991,#11992,#11993,#11994));
#11996=FACE_OUTER_BOUND('',#11995,.F.);
#11997=ADVANCED_FACE('',(#11996),#11989,.T.);
#11998=CARTESIAN_POINT('',(-7.863733741440E0,-9.193275753330E-1,1.2673E1));
#11999=DIRECTION('',(-1.E0,0.E0,0.E0));
#12000=DIRECTION('',(0.E0,-1.E0,0.E0));
#12001=AXIS2_PLACEMENT_3D('',#11998,#11999,#12000);
#12002=PLANE('',#12001);
#12004=ORIENTED_EDGE('',*,*,#12003,.T.);
#12005=ORIENTED_EDGE('',*,*,#7818,.T.);
#12006=ORIENTED_EDGE('',*,*,#11990,.F.);
#12007=ORIENTED_EDGE('',*,*,#9399,.F.);
#12008=EDGE_LOOP('',(#12004,#12005,#12006,#12007));
#12009=FACE_OUTER_BOUND('',#12008,.F.);
#12010=ADVANCED_FACE('',(#12009),#12002,.T.);
#12011=CARTESIAN_POINT('',(-6.813733741440E0,-9.193275753330E-1,1.2673E1));
#12012=DIRECTION('',(0.E0,1.E0,0.E0));
#12013=DIRECTION('',(-1.E0,0.E0,0.E0));
#12014=AXIS2_PLACEMENT_3D('',#12011,#12012,#12013);
#12015=PLANE('',#12014);
#12016=ORIENTED_EDGE('',*,*,#7752,.T.);
#12017=ORIENTED_EDGE('',*,*,#7820,.T.);
#12018=ORIENTED_EDGE('',*,*,#12003,.F.);
#12019=ORIENTED_EDGE('',*,*,#9397,.F.);
#12020=EDGE_LOOP('',(#12016,#12017,#12018,#12019));
#12021=FACE_OUTER_BOUND('',#12020,.F.);
#12022=ADVANCED_FACE('',(#12021),#12015,.T.);
#12023=CARTESIAN_POINT('',(-7.313733741440E0,-2.419327575333E0,0.E0));
#12024=DIRECTION('',(0.E0,0.E0,1.E0));
#12025=DIRECTION('',(1.E0,0.E0,0.E0));
#12026=AXIS2_PLACEMENT_3D('',#12023,#12024,#12025);
#12027=CYLINDRICAL_SURFACE('',#12026,5.E-1);
#12028=ORIENTED_EDGE('',*,*,#11962,.T.);
#12029=ORIENTED_EDGE('',*,*,#7810,.T.);
#12030=ORIENTED_EDGE('',*,*,#7748,.T.);
#12031=ORIENTED_EDGE('',*,*,#7616,.T.);
#12032=EDGE_LOOP('',(#12028,#12029,#12030,#12031));
#12033=FACE_OUTER_BOUND('',#12032,.F.);
#12034=ADVANCED_FACE('',(#12033),#12027,.T.);
#12035=CARTESIAN_POINT('',(-3.546373394554E1,-2.419327575333E0,0.E0));
#12036=DIRECTION('',(0.E0,0.E0,-1.E0));
#12037=DIRECTION('',(-1.E0,0.E0,0.E0));
#12038=AXIS2_PLACEMENT_3D('',#12035,#12036,#12037);
#12039=CYLINDRICAL_SURFACE('',#12038,5.E-1);
#12040=ORIENTED_EDGE('',*,*,#11583,.T.);
#12041=ORIENTED_EDGE('',*,*,#7790,.T.);
#12042=ORIENTED_EDGE('',*,*,#11965,.T.);
#12043=ORIENTED_EDGE('',*,*,#7612,.T.);
#12044=EDGE_LOOP('',(#12040,#12041,#12042,#12043));
#12045=FACE_OUTER_BOUND('',#12044,.F.);
#12046=ADVANCED_FACE('',(#12045),#12039,.T.);
#12047=CARTESIAN_POINT('',(-3.491373394554E1,7.565049356208E0,1.2673E1));
#12048=DIRECTION('',(1.E0,0.E0,0.E0));
#12049=DIRECTION('',(0.E0,1.E0,0.E0));
#12050=AXIS2_PLACEMENT_3D('',#12047,#12048,#12049);
#12051=PLANE('',#12050);
#12052=ORIENTED_EDGE('',*,*,#11568,.T.);
#12053=ORIENTED_EDGE('',*,*,#7774,.T.);
#12055=ORIENTED_EDGE('',*,*,#12054,.F.);
#12056=ORIENTED_EDGE('',*,*,#9385,.F.);
#12057=EDGE_LOOP('',(#12052,#12053,#12055,#12056));
#12058=FACE_OUTER_BOUND('',#12057,.F.);
#12059=ADVANCED_FACE('',(#12058),#12051,.T.);
#12060=CARTESIAN_POINT('',(-3.491373394554E1,8.224049356208E0,1.2673E1));
#12061=DIRECTION('',(0.E0,-1.E0,0.E0));
#12062=DIRECTION('',(1.E0,0.E0,0.E0));
#12063=AXIS2_PLACEMENT_3D('',#12060,#12061,#12062);
#12064=PLANE('',#12063);
#12065=ORIENTED_EDGE('',*,*,#12054,.T.);
#12066=ORIENTED_EDGE('',*,*,#7772,.T.);
#12068=ORIENTED_EDGE('',*,*,#12067,.F.);
#12069=ORIENTED_EDGE('',*,*,#9387,.F.);
#12070=EDGE_LOOP('',(#12065,#12066,#12068,#12069));
#12071=FACE_OUTER_BOUND('',#12070,.F.);
#12072=ADVANCED_FACE('',(#12071),#12064,.T.);
#12073=CARTESIAN_POINT('',(-3.430563394554E1,8.224049356208E0,1.2673E1));
#12074=DIRECTION('',(1.E0,0.E0,0.E0));
#12075=DIRECTION('',(0.E0,1.E0,0.E0));
#12076=AXIS2_PLACEMENT_3D('',#12073,#12074,#12075);
#12077=PLANE('',#12076);
#12078=ORIENTED_EDGE('',*,*,#12067,.T.);
#12079=ORIENTED_EDGE('',*,*,#7770,.T.);
#12080=ORIENTED_EDGE('',*,*,#7889,.F.);
#12081=ORIENTED_EDGE('',*,*,#9389,.T.);
#12082=EDGE_LOOP('',(#12078,#12079,#12080,#12081));
#12083=FACE_OUTER_BOUND('',#12082,.F.);
#12084=ADVANCED_FACE('',(#12083),#12077,.T.);
#12085=CARTESIAN_POINT('',(-2.2538734E1,4.130552188660E0,3.213230644446E0));
#12086=DIRECTION('',(-1.E0,0.E0,0.E0));
#12087=DIRECTION('',(0.E0,-1.E0,0.E0));
#12088=AXIS2_PLACEMENT_3D('',#12085,#12086,#12087);
#12089=PLANE('',#12088);
#12091=ORIENTED_EDGE('',*,*,#12090,.F.);
#12093=ORIENTED_EDGE('',*,*,#12092,.F.);
#12095=ORIENTED_EDGE('',*,*,#12094,.F.);
#12096=ORIENTED_EDGE('',*,*,#7894,.T.);
#12097=EDGE_LOOP('',(#12091,#12093,#12095,#12096));
#12098=FACE_OUTER_BOUND('',#12097,.F.);
#12099=ADVANCED_FACE('',(#12098),#12089,.T.);
#12100=CARTESIAN_POINT('',(-3.1638734E1,1.096504929540E1,2.230000000007E-1));
#12101=DIRECTION('',(0.E0,8.591015439088E-1,-5.118051750946E-1));
#12102=DIRECTION('',(0.E0,5.118051750946E-1,8.591015439088E-1));
#12103=AXIS2_PLACEMENT_3D('',#12100,#12101,#12102);
#12104=PLANE('',#12103);
#12106=ORIENTED_EDGE('',*,*,#12105,.T.);
#12108=ORIENTED_EDGE('',*,*,#12107,.T.);
#12109=ORIENTED_EDGE('',*,*,#12090,.T.);
#12110=ORIENTED_EDGE('',*,*,#7604,.T.);
#12111=EDGE_LOOP('',(#12106,#12108,#12109,#12110));
#12112=FACE_OUTER_BOUND('',#12111,.F.);
#12113=ADVANCED_FACE('',(#12112),#12104,.T.);
#12114=CARTESIAN_POINT('',(-2.0238734E1,4.578954122902E0,3.213230644446E0));
#12115=DIRECTION('',(-1.E0,0.E0,0.E0));
#12116=DIRECTION('',(0.E0,-1.E0,0.E0));
#12117=AXIS2_PLACEMENT_3D('',#12114,#12115,#12116);
#12118=PLANE('',#12117);
#12119=ORIENTED_EDGE('',*,*,#12105,.F.);
#12120=ORIENTED_EDGE('',*,*,#7898,.F.);
#12122=ORIENTED_EDGE('',*,*,#12121,.T.);
#12124=ORIENTED_EDGE('',*,*,#12123,.T.);
#12125=EDGE_LOOP('',(#12119,#12120,#12122,#12124));
#12126=FACE_OUTER_BOUND('',#12125,.F.);
#12127=ADVANCED_FACE('',(#12126),#12118,.F.);
#12128=CARTESIAN_POINT('',(-3.1638734E1,1.111504929540E1,1.075048878554E0));
#12129=DIRECTION('',(0.E0,0.E0,-1.E0));
#12130=DIRECTION('',(1.E0,0.E0,0.E0));
#12131=AXIS2_PLACEMENT_3D('',#12128,#12129,#12130);
#12132=PLANE('',#12131);
#12133=ORIENTED_EDGE('',*,*,#12094,.T.);
#12135=ORIENTED_EDGE('',*,*,#12134,.T.);
#12136=ORIENTED_EDGE('',*,*,#12121,.F.);
#12137=ORIENTED_EDGE('',*,*,#7896,.F.);
#12138=EDGE_LOOP('',(#12133,#12135,#12136,#12137));
#12139=FACE_OUTER_BOUND('',#12138,.F.);
#12140=ADVANCED_FACE('',(#12139),#12132,.F.);
#12141=CARTESIAN_POINT('',(-3.1638734E1,1.111504929540E1,1.045484128937E0));
#12142=DIRECTION('',(0.E0,1.E0,0.E0));
#12143=DIRECTION('',(0.E0,0.E0,1.E0));
#12144=AXIS2_PLACEMENT_3D('',#12141,#12142,#12143);
#12145=PLANE('',#12144);
#12146=ORIENTED_EDGE('',*,*,#12092,.T.);
#12147=ORIENTED_EDGE('',*,*,#12107,.F.);
#12148=ORIENTED_EDGE('',*,*,#12123,.F.);
#12149=ORIENTED_EDGE('',*,*,#12134,.F.);
#12150=EDGE_LOOP('',(#12146,#12147,#12148,#12149));
#12151=FACE_OUTER_BOUND('',#12150,.F.);
#12152=ADVANCED_FACE('',(#12151),#12145,.T.);
#12153=CARTESIAN_POINT('',(-7.313733741440E0,9.065049356208E0,0.E0));
#12154=DIRECTION('',(0.E0,0.E0,1.E0));
#12155=DIRECTION('',(1.E0,0.E0,0.E0));
#12156=AXIS2_PLACEMENT_3D('',#12153,#12154,#12155);
#12157=CYLINDRICAL_SURFACE('',#12156,5.E-1);
#12158=ORIENTED_EDGE('',*,*,#7745,.T.);
#12159=ORIENTED_EDGE('',*,*,#7835,.T.);
#12160=ORIENTED_EDGE('',*,*,#7901,.T.);
#12161=ORIENTED_EDGE('',*,*,#7600,.T.);
#12162=EDGE_LOOP('',(#12158,#12159,#12160,#12161));
#12163=FACE_OUTER_BOUND('',#12162,.F.);
#12164=ADVANCED_FACE('',(#12163),#12157,.T.);
#12165=CARTESIAN_POINT('',(-7.513733741440E0,8.865049356208E0,1.3473E1));
#12166=DIRECTION('',(0.E0,0.E0,1.E0));
#12167=DIRECTION('',(1.E0,0.E0,0.E0));
#12168=AXIS2_PLACEMENT_3D('',#12165,#12166,#12167);
#12169=CYLINDRICAL_SURFACE('',#12168,7.E-1);
#12171=ORIENTED_EDGE('',*,*,#12170,.T.);
#12173=ORIENTED_EDGE('',*,*,#12172,.F.);
#12174=ORIENTED_EDGE('',*,*,#7846,.F.);
#12175=ORIENTED_EDGE('',*,*,#7831,.F.);
#12177=ORIENTED_EDGE('',*,*,#12176,.T.);
#12178=EDGE_LOOP('',(#12171,#12173,#12174,#12175,#12177));
#12179=FACE_OUTER_BOUND('',#12178,.F.);
#12180=ADVANCED_FACE('',(#12179),#12169,.T.);
#12181=CARTESIAN_POINT('',(-7.513733741440E0,8.865049356208E0,
1.472300000078E1));
#12182=DIRECTION('',(0.E0,0.E0,-1.E0));
#12183=DIRECTION('',(0.E0,-1.E0,0.E0));
#12184=AXIS2_PLACEMENT_3D('',#12181,#12182,#12183);
#12185=CONICAL_SURFACE('',#12184,5.499999992179E-1,4.5E1);
#12187=ORIENTED_EDGE('',*,*,#12186,.T.);
#12189=ORIENTED_EDGE('',*,*,#12188,.T.);
#12190=ORIENTED_EDGE('',*,*,#12170,.F.);
#12192=ORIENTED_EDGE('',*,*,#12191,.F.);
#12193=EDGE_LOOP('',(#12187,#12189,#12190,#12192));
#12194=FACE_OUTER_BOUND('',#12193,.F.);
#12195=ADVANCED_FACE('',(#12194),#12185,.T.);
#12196=CARTESIAN_POINT('',(0.E0,0.E0,1.4873E1));
#12197=DIRECTION('',(0.E0,0.E0,1.E0));
#12198=DIRECTION('',(1.E0,0.E0,0.E0));
#12199=AXIS2_PLACEMENT_3D('',#12196,#12197,#12198);
#12200=PLANE('',#12199);
#12202=ORIENTED_EDGE('',*,*,#12201,.F.);
#12203=ORIENTED_EDGE('',*,*,#12186,.F.);
#12204=EDGE_LOOP('',(#12202,#12203));
#12205=FACE_OUTER_BOUND('',#12204,.F.);
#12206=ADVANCED_FACE('',(#12205),#12200,.T.);
#12207=CARTESIAN_POINT('',(-7.513733741440E0,8.865049356208E0,
1.472300000078E1));
#12208=DIRECTION('',(0.E0,0.E0,-1.E0));
#12209=DIRECTION('',(0.E0,-1.E0,0.E0));
#12210=AXIS2_PLACEMENT_3D('',#12207,#12208,#12209);
#12211=CONICAL_SURFACE('',#12210,5.499999992179E-1,4.5E1);
#12212=ORIENTED_EDGE('',*,*,#12201,.T.);
#12213=ORIENTED_EDGE('',*,*,#12191,.T.);
#12215=ORIENTED_EDGE('',*,*,#12214,.F.);
#12216=ORIENTED_EDGE('',*,*,#12188,.F.);
#12217=EDGE_LOOP('',(#12212,#12213,#12215,#12216));
#12218=FACE_OUTER_BOUND('',#12217,.F.);
#12219=ADVANCED_FACE('',(#12218),#12211,.T.);
#12220=CARTESIAN_POINT('',(-7.513733741440E0,8.865049356208E0,1.3473E1));
#12221=DIRECTION('',(0.E0,0.E0,1.E0));
#12222=DIRECTION('',(1.E0,0.E0,0.E0));
#12223=AXIS2_PLACEMENT_3D('',#12220,#12221,#12222);
#12224=CYLINDRICAL_SURFACE('',#12223,7.E-1);
#12225=ORIENTED_EDGE('',*,*,#12214,.T.);
#12226=ORIENTED_EDGE('',*,*,#12176,.F.);
#12227=ORIENTED_EDGE('',*,*,#7848,.F.);
#12228=ORIENTED_EDGE('',*,*,#12172,.T.);
#12229=EDGE_LOOP('',(#12225,#12226,#12227,#12228));
#12230=FACE_OUTER_BOUND('',#12229,.F.);
#12231=ADVANCED_FACE('',(#12230),#12224,.T.);
#12232=CARTESIAN_POINT('',(-2.902678274370E1,4.005682198007E0,
-2.002004759617E0));
#12233=DIRECTION('',(-4.978135857180E-1,-4.978135857180E-1,7.101853756233E-1));
#12234=DIRECTION('',(-5.021768950027E-1,-5.021768950027E-1,-7.040147244560E-1));
#12235=AXIS2_PLACEMENT_3D('',#12232,#12233,#12234);
#12236=PLANE('',#12235);
#12237=ORIENTED_EDGE('',*,*,#7463,.F.);
#12239=ORIENTED_EDGE('',*,*,#12238,.F.);
#12240=ORIENTED_EDGE('',*,*,#7622,.T.);
#12241=ORIENTED_EDGE('',*,*,#7530,.F.);
#12242=EDGE_LOOP('',(#12237,#12239,#12240,#12241));
#12243=FACE_OUTER_BOUND('',#12242,.F.);
#12244=ADVANCED_FACE('',(#12243),#12236,.F.);
#12245=CARTESIAN_POINT('',(-2.970562786398E1,6.551740960821E0,
-2.002004759617E0));
#12246=DIRECTION('',(7.040147244560E-1,0.E0,-7.101853756233E-1));
#12247=DIRECTION('',(7.101853756233E-1,0.E0,7.040147244560E-1));
#12248=AXIS2_PLACEMENT_3D('',#12245,#12246,#12247);
#12249=PLANE('',#12248);
#12250=ORIENTED_EDGE('',*,*,#7624,.F.);
#12251=ORIENTED_EDGE('',*,*,#12238,.T.);
#12252=ORIENTED_EDGE('',*,*,#7461,.T.);
#12254=ORIENTED_EDGE('',*,*,#12253,.T.);
#12255=ORIENTED_EDGE('',*,*,#7586,.F.);
#12256=EDGE_LOOP('',(#12250,#12251,#12252,#12254,#12255));
#12257=FACE_OUTER_BOUND('',#12256,.F.);
#12258=ADVANCED_FACE('',(#12257),#12249,.T.);
#12259=CARTESIAN_POINT('',(-2.967866436053E1,8.464575418830E0,
-2.127000032842E0));
#12260=DIRECTION('',(1.E0,0.E0,0.E0));
#12261=DIRECTION('',(0.E0,1.E0,0.E0));
#12262=AXIS2_PLACEMENT_3D('',#12259,#12260,#12261);
#12263=PLANE('',#12262);
#12264=ORIENTED_EDGE('',*,*,#12253,.F.);
#12265=ORIENTED_EDGE('',*,*,#7459,.F.);
#12266=ORIENTED_EDGE('',*,*,#7484,.T.);
#12267=ORIENTED_EDGE('',*,*,#7572,.T.);
#12268=EDGE_LOOP('',(#12264,#12265,#12266,#12267));
#12269=FACE_OUTER_BOUND('',#12268,.F.);
#12270=ADVANCED_FACE('',(#12269),#12263,.T.);
#12271=CARTESIAN_POINT('',(-1.877184013602E1,6.558895720704E0,
-2.002004759617E0));
#12272=DIRECTION('',(7.040147244560E-1,0.E0,7.101853756233E-1));
#12273=DIRECTION('',(7.101853756233E-1,0.E0,-7.040147244560E-1));
#12274=AXIS2_PLACEMENT_3D('',#12271,#12272,#12273);
#12275=PLANE('',#12274);
#12277=ORIENTED_EDGE('',*,*,#12276,.F.);
#12279=ORIENTED_EDGE('',*,*,#12278,.T.);
#12280=ORIENTED_EDGE('',*,*,#7629,.F.);
#12282=ORIENTED_EDGE('',*,*,#12281,.T.);
#12283=EDGE_LOOP('',(#12277,#12279,#12280,#12282));
#12284=FACE_OUTER_BOUND('',#12283,.F.);
#12285=ADVANCED_FACE('',(#12284),#12275,.F.);
#12286=CARTESIAN_POINT('',(-1.879880363947E1,4.776943048970E0,
-2.127000032842E0));
#12287=DIRECTION('',(-1.E0,0.E0,0.E0));
#12288=DIRECTION('',(0.E0,-1.E0,0.E0));
#12289=AXIS2_PLACEMENT_3D('',#12286,#12287,#12288);
#12290=PLANE('',#12289);
#12292=ORIENTED_EDGE('',*,*,#12291,.F.);
#12293=ORIENTED_EDGE('',*,*,#12276,.T.);
#12295=ORIENTED_EDGE('',*,*,#12294,.F.);
#12297=ORIENTED_EDGE('',*,*,#12296,.T.);
#12298=EDGE_LOOP('',(#12292,#12293,#12295,#12297));
#12299=FACE_OUTER_BOUND('',#12298,.F.);
#12300=ADVANCED_FACE('',(#12299),#12290,.T.);
#12301=CARTESIAN_POINT('',(-2.261966340232E1,3.353800581170E0,
-2.127000032842E0));
#12302=DIRECTION('',(0.E0,1.E0,0.E0));
#12303=DIRECTION('',(-1.E0,0.E0,0.E0));
#12304=AXIS2_PLACEMENT_3D('',#12301,#12302,#12303);
#12305=PLANE('',#12304);
#12307=ORIENTED_EDGE('',*,*,#12306,.T.);
#12308=ORIENTED_EDGE('',*,*,#12291,.T.);
#12310=ORIENTED_EDGE('',*,*,#12309,.T.);
#12312=ORIENTED_EDGE('',*,*,#12311,.T.);
#12313=EDGE_LOOP('',(#12307,#12308,#12310,#12312));
#12314=FACE_OUTER_BOUND('',#12313,.F.);
#12315=ADVANCED_FACE('',(#12314),#12305,.T.);
#12316=CARTESIAN_POINT('',(-2.139588875988E1,3.326837077718E0,
-2.002004759617E0));
#12317=DIRECTION('',(0.E0,-7.040147244560E-1,7.101853756233E-1));
#12318=DIRECTION('',(0.E0,-7.101853756233E-1,-7.040147244560E-1));
#12319=AXIS2_PLACEMENT_3D('',#12316,#12317,#12318);
#12320=PLANE('',#12319);
#12321=ORIENTED_EDGE('',*,*,#12278,.F.);
#12322=ORIENTED_EDGE('',*,*,#12306,.F.);
#12324=ORIENTED_EDGE('',*,*,#12323,.F.);
#12326=ORIENTED_EDGE('',*,*,#12325,.T.);
#12327=ORIENTED_EDGE('',*,*,#7631,.F.);
#12328=EDGE_LOOP('',(#12321,#12322,#12324,#12326,#12327));
#12329=FACE_OUTER_BOUND('',#12328,.F.);
#12330=ADVANCED_FACE('',(#12329),#12320,.F.);
#12331=CARTESIAN_POINT('',(-2.397866436053E1,4.712801539379E0,
-2.127000032842E0));
#12332=DIRECTION('',(7.071067811865E-1,7.071067811865E-1,0.E0));
#12333=DIRECTION('',(-7.071067811865E-1,7.071067811865E-1,0.E0));
#12334=AXIS2_PLACEMENT_3D('',#12331,#12332,#12333);
#12335=PLANE('',#12334);
#12337=ORIENTED_EDGE('',*,*,#12336,.T.);
#12339=ORIENTED_EDGE('',*,*,#12338,.T.);
#12341=ORIENTED_EDGE('',*,*,#12340,.F.);
#12343=ORIENTED_EDGE('',*,*,#12342,.T.);
#12344=ORIENTED_EDGE('',*,*,#12323,.T.);
#12345=ORIENTED_EDGE('',*,*,#12311,.F.);
#12346=EDGE_LOOP('',(#12337,#12339,#12341,#12343,#12344,#12345));
#12347=FACE_OUTER_BOUND('',#12346,.F.);
#12348=ADVANCED_FACE('',(#12347),#12335,.T.);
#12349=CARTESIAN_POINT('',(-1.207181485501E1,-6.0319924E0,8.972999999999E0));
#12350=DIRECTION('',(0.E0,0.E0,1.E0));
#12351=DIRECTION('',(-1.E0,0.E0,0.E0));
#12352=AXIS2_PLACEMENT_3D('',#12349,#12350,#12351);
#12353=PLANE('',#12352);
#12354=ORIENTED_EDGE('',*,*,#12336,.F.);
#12355=ORIENTED_EDGE('',*,*,#12309,.F.);
#12356=ORIENTED_EDGE('',*,*,#12296,.F.);
#12358=ORIENTED_EDGE('',*,*,#12357,.F.);
#12360=ORIENTED_EDGE('',*,*,#12359,.F.);
#12361=EDGE_LOOP('',(#12354,#12355,#12356,#12358,#12360));
#12362=FACE_OUTER_BOUND('',#12361,.F.);
#12364=ORIENTED_EDGE('',*,*,#12363,.F.);
#12366=ORIENTED_EDGE('',*,*,#12365,.F.);
#12368=ORIENTED_EDGE('',*,*,#12367,.F.);
#12370=ORIENTED_EDGE('',*,*,#12369,.F.);
#12372=ORIENTED_EDGE('',*,*,#12371,.F.);
#12374=ORIENTED_EDGE('',*,*,#12373,.F.);
#12376=ORIENTED_EDGE('',*,*,#12375,.F.);
#12378=ORIENTED_EDGE('',*,*,#12377,.F.);
#12379=EDGE_LOOP('',(#12364,#12366,#12368,#12370,#12372,#12374,#12376,#12378));
#12380=FACE_BOUND('',#12379,.F.);
#12381=ADVANCED_FACE('',(#12362,#12380),#12353,.F.);
#12382=CARTESIAN_POINT('',(-1.879880363947E1,8.464575418830E0,
-2.127000032842E0));
#12383=DIRECTION('',(0.E0,-1.E0,0.E0));
#12384=DIRECTION('',(1.E0,0.E0,0.E0));
#12385=AXIS2_PLACEMENT_3D('',#12382,#12383,#12384);
#12386=PLANE('',#12385);
#12388=ORIENTED_EDGE('',*,*,#12387,.F.);
#12390=ORIENTED_EDGE('',*,*,#12389,.F.);
#12391=ORIENTED_EDGE('',*,*,#12357,.T.);
#12392=ORIENTED_EDGE('',*,*,#12294,.T.);
#12393=EDGE_LOOP('',(#12388,#12390,#12391,#12392));
#12394=FACE_OUTER_BOUND('',#12393,.F.);
#12395=ADVANCED_FACE('',(#12394),#12386,.T.);
#12396=CARTESIAN_POINT('',(-2.1388734E1,8.491538922282E0,-2.002004759617E0));
#12397=DIRECTION('',(0.E0,-7.040147244560E-1,-7.101853756233E-1));
#12398=DIRECTION('',(0.E0,-7.101853756233E-1,7.040147244560E-1));
#12399=AXIS2_PLACEMENT_3D('',#12396,#12397,#12398);
#12400=PLANE('',#12399);
#12401=ORIENTED_EDGE('',*,*,#7637,.F.);
#12403=ORIENTED_EDGE('',*,*,#12402,.T.);
#12404=ORIENTED_EDGE('',*,*,#12387,.T.);
#12405=ORIENTED_EDGE('',*,*,#12281,.F.);
#12406=EDGE_LOOP('',(#12401,#12403,#12404,#12405));
#12407=FACE_OUTER_BOUND('',#12406,.F.);
#12408=ADVANCED_FACE('',(#12407),#12400,.T.);
#12409=CARTESIAN_POINT('',(-2.400562786398E1,6.551740960821E0,
-2.002004759617E0));
#12410=DIRECTION('',(7.040147244560E-1,0.E0,-7.101853756233E-1));
#12411=DIRECTION('',(7.101853756233E-1,0.E0,7.040147244560E-1));
#12412=AXIS2_PLACEMENT_3D('',#12409,#12410,#12411);
#12413=PLANE('',#12412);
#12414=ORIENTED_EDGE('',*,*,#7635,.F.);
#12416=ORIENTED_EDGE('',*,*,#12415,.T.);
#12417=ORIENTED_EDGE('',*,*,#12340,.T.);
#12419=ORIENTED_EDGE('',*,*,#12418,.T.);
#12420=ORIENTED_EDGE('',*,*,#12402,.F.);
#12421=EDGE_LOOP('',(#12414,#12416,#12417,#12419,#12420));
#12422=FACE_OUTER_BOUND('',#12421,.F.);
#12423=ADVANCED_FACE('',(#12422),#12413,.T.);
#12424=CARTESIAN_POINT('',(-2.332678274369E1,4.005682198007E0,
-2.002004759617E0));
#12425=DIRECTION('',(-4.978135857180E-1,-4.978135857180E-1,7.101853756233E-1));
#12426=DIRECTION('',(-5.021768950027E-1,-5.021768950027E-1,-7.040147244560E-1));
#12427=AXIS2_PLACEMENT_3D('',#12424,#12425,#12426);
#12428=PLANE('',#12427);
#12429=ORIENTED_EDGE('',*,*,#12342,.F.);
#12430=ORIENTED_EDGE('',*,*,#12415,.F.);
#12431=ORIENTED_EDGE('',*,*,#7633,.T.);
#12432=ORIENTED_EDGE('',*,*,#12325,.F.);
#12433=EDGE_LOOP('',(#12429,#12430,#12431,#12432));
#12434=FACE_OUTER_BOUND('',#12433,.F.);
#12435=ADVANCED_FACE('',(#12434),#12428,.F.);
#12436=CARTESIAN_POINT('',(-2.397866436053E1,8.464575418830E0,
-2.127000032842E0));
#12437=DIRECTION('',(1.E0,0.E0,0.E0));
#12438=DIRECTION('',(0.E0,1.E0,0.E0));
#12439=AXIS2_PLACEMENT_3D('',#12436,#12437,#12438);
#12440=PLANE('',#12439);
#12441=ORIENTED_EDGE('',*,*,#12418,.F.);
#12442=ORIENTED_EDGE('',*,*,#12338,.F.);
#12443=ORIENTED_EDGE('',*,*,#12359,.T.);
#12444=ORIENTED_EDGE('',*,*,#12389,.T.);
#12445=EDGE_LOOP('',(#12441,#12442,#12443,#12444));
#12446=FACE_OUTER_BOUND('',#12445,.F.);
#12447=ADVANCED_FACE('',(#12446),#12440,.T.);
#12448=CARTESIAN_POINT('',(-2.0803734E1,5.536628E0,2.068100003033E1));
#12449=DIRECTION('',(0.E0,-1.E0,0.E0));
#12450=DIRECTION('',(0.E0,0.E0,-1.E0));
#12451=AXIS2_PLACEMENT_3D('',#12448,#12449,#12450);
#12452=PLANE('',#12451);
#12453=ORIENTED_EDGE('',*,*,#12363,.T.);
#12455=ORIENTED_EDGE('',*,*,#12454,.T.);
#12457=ORIENTED_EDGE('',*,*,#12456,.F.);
#12459=ORIENTED_EDGE('',*,*,#12458,.T.);
#12460=EDGE_LOOP('',(#12453,#12455,#12457,#12459));
#12461=FACE_OUTER_BOUND('',#12460,.F.);
#12462=ADVANCED_FACE('',(#12461),#12452,.T.);
#12463=CARTESIAN_POINT('',(-2.0926734E1,5.636628E0,-1.500000025257E-1));
#12464=DIRECTION('',(0.E0,0.E0,-1.E0));
#12465=DIRECTION('',(-1.E0,0.E0,0.E0));
#12466=AXIS2_PLACEMENT_3D('',#12463,#12464,#12465);
#12467=CYLINDRICAL_SURFACE('',#12466,1.E-1);
#12469=ORIENTED_EDGE('',*,*,#12468,.F.);
#12471=ORIENTED_EDGE('',*,*,#12470,.F.);
#12473=ORIENTED_EDGE('',*,*,#12472,.F.);
#12474=ORIENTED_EDGE('',*,*,#12454,.F.);
#12475=ORIENTED_EDGE('',*,*,#12377,.T.);
#12476=EDGE_LOOP('',(#12469,#12471,#12473,#12474,#12475));
#12477=FACE_OUTER_BOUND('',#12476,.F.);
#12478=ADVANCED_FACE('',(#12477),#12467,.T.);
#12479=CARTESIAN_POINT('',(-2.0826734E1,5.616628E0,1.267299999747E1));
#12480=DIRECTION('',(1.E0,0.E0,0.E0));
#12481=DIRECTION('',(0.E0,-1.E0,0.E0));
#12482=AXIS2_PLACEMENT_3D('',#12479,#12480,#12481);
#12483=PLANE('',#12482);
#12484=ORIENTED_EDGE('',*,*,#12468,.T.);
#12485=ORIENTED_EDGE('',*,*,#12375,.T.);
#12487=ORIENTED_EDGE('',*,*,#12486,.T.);
#12489=ORIENTED_EDGE('',*,*,#12488,.F.);
#12490=EDGE_LOOP('',(#12484,#12485,#12487,#12489));
#12491=FACE_OUTER_BOUND('',#12490,.F.);
#12492=ADVANCED_FACE('',(#12491),#12483,.T.);
#12493=CARTESIAN_POINT('',(-2.0926734E1,6.560628E0,-1.500000025257E-1));
#12494=DIRECTION('',(0.E0,0.E0,1.E0));
#12495=DIRECTION('',(1.E0,0.E0,0.E0));
#12496=AXIS2_PLACEMENT_3D('',#12493,#12494,#12495);
#12497=CYLINDRICAL_SURFACE('',#12496,1.E-1);
#12498=ORIENTED_EDGE('',*,*,#12373,.T.);
#12500=ORIENTED_EDGE('',*,*,#12499,.F.);
#12502=ORIENTED_EDGE('',*,*,#12501,.F.);
#12504=ORIENTED_EDGE('',*,*,#12503,.F.);
#12505=ORIENTED_EDGE('',*,*,#12486,.F.);
#12506=EDGE_LOOP('',(#12498,#12500,#12502,#12504,#12505));
#12507=FACE_OUTER_BOUND('',#12506,.F.);
#12508=ADVANCED_FACE('',(#12507),#12497,.T.);
#12509=CARTESIAN_POINT('',(-2.126599750103E1,6.660628E0,2.162134859331E1));
#12510=DIRECTION('',(0.E0,1.E0,0.E0));
#12511=DIRECTION('',(-1.E0,0.E0,0.E0));
#12512=AXIS2_PLACEMENT_3D('',#12509,#12510,#12511);
#12513=PLANE('',#12512);
#12514=ORIENTED_EDGE('',*,*,#12371,.T.);
#12516=ORIENTED_EDGE('',*,*,#12515,.T.);
#12518=ORIENTED_EDGE('',*,*,#12517,.F.);
#12519=ORIENTED_EDGE('',*,*,#12499,.T.);
#12520=EDGE_LOOP('',(#12514,#12516,#12518,#12519));
#12521=FACE_OUTER_BOUND('',#12520,.F.);
#12522=ADVANCED_FACE('',(#12521),#12513,.T.);
#12523=CARTESIAN_POINT('',(-2.1850734E1,6.560628E0,-1.500000025257E-1));
#12524=DIRECTION('',(0.E0,0.E0,-1.E0));
#12525=DIRECTION('',(-1.E0,0.E0,0.E0));
#12526=AXIS2_PLACEMENT_3D('',#12523,#12524,#12525);
#12527=CYLINDRICAL_SURFACE('',#12526,1.E-1);
#12529=ORIENTED_EDGE('',*,*,#12528,.F.);
#12531=ORIENTED_EDGE('',*,*,#12530,.F.);
#12533=ORIENTED_EDGE('',*,*,#12532,.F.);
#12534=ORIENTED_EDGE('',*,*,#12515,.F.);
#12535=ORIENTED_EDGE('',*,*,#12369,.T.);
#12536=EDGE_LOOP('',(#12529,#12531,#12533,#12534,#12535));
#12537=FACE_OUTER_BOUND('',#12536,.F.);
#12538=ADVANCED_FACE('',(#12537),#12527,.T.);
#12539=CARTESIAN_POINT('',(-2.1950734E1,6.580628E0,1.267299999747E1));
#12540=DIRECTION('',(-1.E0,0.E0,0.E0));
#12541=DIRECTION('',(0.E0,1.E0,0.E0));
#12542=AXIS2_PLACEMENT_3D('',#12539,#12540,#12541);
#12543=PLANE('',#12542);
#12544=ORIENTED_EDGE('',*,*,#12367,.T.);
#12546=ORIENTED_EDGE('',*,*,#12545,.T.);
#12548=ORIENTED_EDGE('',*,*,#12547,.F.);
#12549=ORIENTED_EDGE('',*,*,#12528,.T.);
#12550=EDGE_LOOP('',(#12544,#12546,#12548,#12549));
#12551=FACE_OUTER_BOUND('',#12550,.F.);
#12552=ADVANCED_FACE('',(#12551),#12543,.T.);
#12553=CARTESIAN_POINT('',(-2.1850734E1,5.636628E0,-1.500000025257E-1));
#12554=DIRECTION('',(0.E0,0.E0,1.E0));
#12555=DIRECTION('',(1.E0,0.E0,0.E0));
#12556=AXIS2_PLACEMENT_3D('',#12553,#12554,#12555);
#12557=CYLINDRICAL_SURFACE('',#12556,1.E-1);
#12558=ORIENTED_EDGE('',*,*,#12365,.T.);
#12559=ORIENTED_EDGE('',*,*,#12458,.F.);
#12561=ORIENTED_EDGE('',*,*,#12560,.F.);
#12563=ORIENTED_EDGE('',*,*,#12562,.F.);
#12564=ORIENTED_EDGE('',*,*,#12545,.F.);
#12565=EDGE_LOOP('',(#12558,#12559,#12561,#12563,#12564));
#12566=FACE_OUTER_BOUND('',#12565,.F.);
#12567=ADVANCED_FACE('',(#12566),#12557,.T.);
#12568=CARTESIAN_POINT('',(-2.1388734E1,5.736628E0,2.299287745611E0));
#12569=DIRECTION('',(0.E0,-7.071067811865E-1,-7.071067811865E-1));
#12570=DIRECTION('',(0.E0,7.071067811865E-1,-7.071067811865E-1));
#12571=AXIS2_PLACEMENT_3D('',#12568,#12569,#12570);
#12572=PLANE('',#12571);
#12573=ORIENTED_EDGE('',*,*,#12456,.T.);
#12574=ORIENTED_EDGE('',*,*,#12472,.T.);
#12576=ORIENTED_EDGE('',*,*,#12575,.T.);
#12578=ORIENTED_EDGE('',*,*,#12577,.T.);
#12580=ORIENTED_EDGE('',*,*,#12579,.T.);
#12581=ORIENTED_EDGE('',*,*,#12560,.T.);
#12582=EDGE_LOOP('',(#12573,#12574,#12576,#12578,#12580,#12581));
#12583=FACE_OUTER_BOUND('',#12582,.F.);
#12584=ADVANCED_FACE('',(#12583),#12572,.T.);
#12585=CARTESIAN_POINT('',(-2.1026734E1,6.123628E0,2.299287745611E0));
#12586=DIRECTION('',(7.071067811865E-1,0.E0,-7.071067811865E-1));
#12587=DIRECTION('',(-7.071067811865E-1,0.E0,-7.071067811865E-1));
#12588=AXIS2_PLACEMENT_3D('',#12585,#12586,#12587);
#12589=PLANE('',#12588);
#12590=ORIENTED_EDGE('',*,*,#12575,.F.);
#12591=ORIENTED_EDGE('',*,*,#12470,.T.);
#12592=ORIENTED_EDGE('',*,*,#12488,.T.);
#12593=ORIENTED_EDGE('',*,*,#12503,.T.);
#12595=ORIENTED_EDGE('',*,*,#12594,.F.);
#12597=ORIENTED_EDGE('',*,*,#12596,.T.);
#12598=EDGE_LOOP('',(#12590,#12591,#12592,#12593,#12595,#12597));
#12599=FACE_OUTER_BOUND('',#12598,.F.);
#12600=ADVANCED_FACE('',(#12599),#12589,.T.);
#12601=CARTESIAN_POINT('',(-2.1388734E1,6.460628E0,2.299287745611E0));
#12602=DIRECTION('',(0.E0,7.071067811865E-1,-7.071067811865E-1));
#12603=DIRECTION('',(0.E0,-7.071067811865E-1,-7.071067811865E-1));
#12604=AXIS2_PLACEMENT_3D('',#12601,#12602,#12603);
#12605=PLANE('',#12604);
#12606=ORIENTED_EDGE('',*,*,#12517,.T.);
#12607=ORIENTED_EDGE('',*,*,#12532,.T.);
#12609=ORIENTED_EDGE('',*,*,#12608,.T.);
#12611=ORIENTED_EDGE('',*,*,#12610,.T.);
#12612=ORIENTED_EDGE('',*,*,#12594,.T.);
#12613=ORIENTED_EDGE('',*,*,#12501,.T.);
#12614=EDGE_LOOP('',(#12606,#12607,#12609,#12611,#12612,#12613));
#12615=FACE_OUTER_BOUND('',#12614,.F.);
#12616=ADVANCED_FACE('',(#12615),#12605,.T.);
#12617=CARTESIAN_POINT('',(-2.1750734E1,6.123628E0,2.299287745611E0));
#12618=DIRECTION('',(-7.071067811865E-1,0.E0,-7.071067811865E-1));
#12619=DIRECTION('',(7.071067811865E-1,0.E0,-7.071067811865E-1));
#12620=AXIS2_PLACEMENT_3D('',#12617,#12618,#12619);
#12621=PLANE('',#12620);
#12622=ORIENTED_EDGE('',*,*,#12608,.F.);
#12623=ORIENTED_EDGE('',*,*,#12530,.T.);
#12624=ORIENTED_EDGE('',*,*,#12547,.T.);
#12625=ORIENTED_EDGE('',*,*,#12562,.T.);
#12626=ORIENTED_EDGE('',*,*,#12579,.F.);
#12628=ORIENTED_EDGE('',*,*,#12627,.T.);
#12629=EDGE_LOOP('',(#12622,#12623,#12624,#12625,#12626,#12628));
#12630=FACE_OUTER_BOUND('',#12629,.F.);
#12631=ADVANCED_FACE('',(#12630),#12621,.T.);
#12632=CARTESIAN_POINT('',(-2.105604474478E1,4.928789446054E0,
2.099287745611E0));
#12633=DIRECTION('',(0.E0,0.E0,-1.E0));
#12634=DIRECTION('',(-1.E0,0.E0,0.E0));
#12635=AXIS2_PLACEMENT_3D('',#12632,#12633,#12634);
#12636=PLANE('',#12635);
#12637=ORIENTED_EDGE('',*,*,#12627,.F.);
#12638=ORIENTED_EDGE('',*,*,#12577,.F.);
#12639=ORIENTED_EDGE('',*,*,#12596,.F.);
#12640=ORIENTED_EDGE('',*,*,#12610,.F.);
#12641=EDGE_LOOP('',(#12637,#12638,#12639,#12640));
#12642=FACE_OUTER_BOUND('',#12641,.F.);
#12643=ADVANCED_FACE('',(#12642),#12636,.T.);
#12644=CARTESIAN_POINT('',(-1.307184013602E1,6.558895720704E0,
-2.002004759617E0));
#12645=DIRECTION('',(7.040147244560E-1,0.E0,7.101853756233E-1));
#12646=DIRECTION('',(7.101853756233E-1,0.E0,-7.040147244560E-1));
#12647=AXIS2_PLACEMENT_3D('',#12644,#12645,#12646);
#12648=PLANE('',#12647);
#12650=ORIENTED_EDGE('',*,*,#12649,.F.);
#12652=ORIENTED_EDGE('',*,*,#12651,.T.);
#12653=ORIENTED_EDGE('',*,*,#7641,.F.);
#12655=ORIENTED_EDGE('',*,*,#12654,.T.);
#12656=EDGE_LOOP('',(#12650,#12652,#12653,#12655));
#12657=FACE_OUTER_BOUND('',#12656,.F.);
#12658=ADVANCED_FACE('',(#12657),#12648,.F.);
#12659=CARTESIAN_POINT('',(-1.309880363947E1,4.776943048970E0,
-2.127000032842E0));
#12660=DIRECTION('',(-1.E0,0.E0,0.E0));
#12661=DIRECTION('',(0.E0,-1.E0,0.E0));
#12662=AXIS2_PLACEMENT_3D('',#12659,#12660,#12661);
#12663=PLANE('',#12662);
#12665=ORIENTED_EDGE('',*,*,#12664,.F.);
#12666=ORIENTED_EDGE('',*,*,#12649,.T.);
#12668=ORIENTED_EDGE('',*,*,#12667,.F.);
#12670=ORIENTED_EDGE('',*,*,#12669,.T.);
#12671=EDGE_LOOP('',(#12665,#12666,#12668,#12670));
#12672=FACE_OUTER_BOUND('',#12671,.F.);
#12673=ADVANCED_FACE('',(#12672),#12663,.T.);
#12674=CARTESIAN_POINT('',(-1.691966340232E1,3.353800581170E0,
-2.127000032842E0));
#12675=DIRECTION('',(0.E0,1.E0,0.E0));
#12676=DIRECTION('',(-1.E0,0.E0,0.E0));
#12677=AXIS2_PLACEMENT_3D('',#12674,#12675,#12676);
#12678=PLANE('',#12677);
#12680=ORIENTED_EDGE('',*,*,#12679,.T.);
#12681=ORIENTED_EDGE('',*,*,#12664,.T.);
#12683=ORIENTED_EDGE('',*,*,#12682,.T.);
#12685=ORIENTED_EDGE('',*,*,#12684,.T.);
#12686=EDGE_LOOP('',(#12680,#12681,#12683,#12685));
#12687=FACE_OUTER_BOUND('',#12686,.F.);
#12688=ADVANCED_FACE('',(#12687),#12678,.T.);
#12689=CARTESIAN_POINT('',(-1.569588875988E1,3.326837077718E0,
-2.002004759617E0));
#12690=DIRECTION('',(0.E0,-7.040147244560E-1,7.101853756233E-1));
#12691=DIRECTION('',(0.E0,-7.101853756233E-1,-7.040147244560E-1));
#12692=AXIS2_PLACEMENT_3D('',#12689,#12690,#12691);
#12693=PLANE('',#12692);
#12694=ORIENTED_EDGE('',*,*,#12651,.F.);
#12695=ORIENTED_EDGE('',*,*,#12679,.F.);
#12697=ORIENTED_EDGE('',*,*,#12696,.F.);
#12699=ORIENTED_EDGE('',*,*,#12698,.T.);
#12700=ORIENTED_EDGE('',*,*,#7643,.F.);
#12701=EDGE_LOOP('',(#12694,#12695,#12697,#12699,#12700));
#12702=FACE_OUTER_BOUND('',#12701,.F.);
#12703=ADVANCED_FACE('',(#12702),#12693,.F.);
#12704=CARTESIAN_POINT('',(-1.827866436053E1,4.712801539379E0,
-2.127000032842E0));
#12705=DIRECTION('',(7.071067811865E-1,7.071067811865E-1,0.E0));
#12706=DIRECTION('',(-7.071067811865E-1,7.071067811865E-1,0.E0));
#12707=AXIS2_PLACEMENT_3D('',#12704,#12705,#12706);
#12708=PLANE('',#12707);
#12710=ORIENTED_EDGE('',*,*,#12709,.T.);
#12712=ORIENTED_EDGE('',*,*,#12711,.T.);
#12714=ORIENTED_EDGE('',*,*,#12713,.F.);
#12716=ORIENTED_EDGE('',*,*,#12715,.T.);
#12717=ORIENTED_EDGE('',*,*,#12696,.T.);
#12718=ORIENTED_EDGE('',*,*,#12684,.F.);
#12719=EDGE_LOOP('',(#12710,#12712,#12714,#12716,#12717,#12718));
#12720=FACE_OUTER_BOUND('',#12719,.F.);
#12721=ADVANCED_FACE('',(#12720),#12708,.T.);
#12722=CARTESIAN_POINT('',(-6.371814855012E0,-6.0319924E0,8.972999999999E0));
#12723=DIRECTION('',(0.E0,0.E0,1.E0));
#12724=DIRECTION('',(-1.E0,0.E0,0.E0));
#12725=AXIS2_PLACEMENT_3D('',#12722,#12723,#12724);
#12726=PLANE('',#12725);
#12727=ORIENTED_EDGE('',*,*,#12709,.F.);
#12728=ORIENTED_EDGE('',*,*,#12682,.F.);
#12729=ORIENTED_EDGE('',*,*,#12669,.F.);
#12731=ORIENTED_EDGE('',*,*,#12730,.F.);
#12733=ORIENTED_EDGE('',*,*,#12732,.F.);
#12734=EDGE_LOOP('',(#12727,#12728,#12729,#12731,#12733));
#12735=FACE_OUTER_BOUND('',#12734,.F.);
#12737=ORIENTED_EDGE('',*,*,#12736,.F.);
#12739=ORIENTED_EDGE('',*,*,#12738,.F.);
#12741=ORIENTED_EDGE('',*,*,#12740,.F.);
#12743=ORIENTED_EDGE('',*,*,#12742,.F.);
#12745=ORIENTED_EDGE('',*,*,#12744,.F.);
#12747=ORIENTED_EDGE('',*,*,#12746,.F.);
#12749=ORIENTED_EDGE('',*,*,#12748,.F.);
#12751=ORIENTED_EDGE('',*,*,#12750,.F.);
#12752=EDGE_LOOP('',(#12737,#12739,#12741,#12743,#12745,#12747,#12749,#12751));
#12753=FACE_BOUND('',#12752,.F.);
#12754=ADVANCED_FACE('',(#12735,#12753),#12726,.F.);
#12755=CARTESIAN_POINT('',(-1.309880363947E1,8.464575418830E0,
-2.127000032842E0));
#12756=DIRECTION('',(0.E0,-1.E0,0.E0));
#12757=DIRECTION('',(1.E0,0.E0,0.E0));
#12758=AXIS2_PLACEMENT_3D('',#12755,#12756,#12757);
#12759=PLANE('',#12758);
#12761=ORIENTED_EDGE('',*,*,#12760,.F.);
#12763=ORIENTED_EDGE('',*,*,#12762,.F.);
#12764=ORIENTED_EDGE('',*,*,#12730,.T.);
#12765=ORIENTED_EDGE('',*,*,#12667,.T.);
#12766=EDGE_LOOP('',(#12761,#12763,#12764,#12765));
#12767=FACE_OUTER_BOUND('',#12766,.F.);
#12768=ADVANCED_FACE('',(#12767),#12759,.T.);
#12769=CARTESIAN_POINT('',(-1.5688734E1,8.491538922282E0,-2.002004759617E0));
#12770=DIRECTION('',(0.E0,-7.040147244560E-1,-7.101853756233E-1));
#12771=DIRECTION('',(0.E0,-7.101853756233E-1,7.040147244560E-1));
#12772=AXIS2_PLACEMENT_3D('',#12769,#12770,#12771);
#12773=PLANE('',#12772);
#12774=ORIENTED_EDGE('',*,*,#7649,.F.);
#12776=ORIENTED_EDGE('',*,*,#12775,.T.);
#12777=ORIENTED_EDGE('',*,*,#12760,.T.);
#12778=ORIENTED_EDGE('',*,*,#12654,.F.);
#12779=EDGE_LOOP('',(#12774,#12776,#12777,#12778));
#12780=FACE_OUTER_BOUND('',#12779,.F.);
#12781=ADVANCED_FACE('',(#12780),#12773,.T.);
#12782=CARTESIAN_POINT('',(-1.830562786398E1,6.551740960821E0,
-2.002004759617E0));
#12783=DIRECTION('',(7.040147244560E-1,0.E0,-7.101853756233E-1));
#12784=DIRECTION('',(7.101853756233E-1,0.E0,7.040147244560E-1));
#12785=AXIS2_PLACEMENT_3D('',#12782,#12783,#12784);
#12786=PLANE('',#12785);
#12787=ORIENTED_EDGE('',*,*,#7647,.F.);
#12789=ORIENTED_EDGE('',*,*,#12788,.T.);
#12790=ORIENTED_EDGE('',*,*,#12713,.T.);
#12792=ORIENTED_EDGE('',*,*,#12791,.T.);
#12793=ORIENTED_EDGE('',*,*,#12775,.F.);
#12794=EDGE_LOOP('',(#12787,#12789,#12790,#12792,#12793));
#12795=FACE_OUTER_BOUND('',#12794,.F.);
#12796=ADVANCED_FACE('',(#12795),#12786,.T.);
#12797=CARTESIAN_POINT('',(-1.762678274370E1,4.005682198007E0,
-2.002004759617E0));
#12798=DIRECTION('',(-4.978135857180E-1,-4.978135857180E-1,7.101853756233E-1));
#12799=DIRECTION('',(-5.021768950027E-1,-5.021768950027E-1,-7.040147244560E-1));
#12800=AXIS2_PLACEMENT_3D('',#12797,#12798,#12799);
#12801=PLANE('',#12800);
#12802=ORIENTED_EDGE('',*,*,#12715,.F.);
#12803=ORIENTED_EDGE('',*,*,#12788,.F.);
#12804=ORIENTED_EDGE('',*,*,#7645,.T.);
#12805=ORIENTED_EDGE('',*,*,#12698,.F.);
#12806=EDGE_LOOP('',(#12802,#12803,#12804,#12805));
#12807=FACE_OUTER_BOUND('',#12806,.F.);
#12808=ADVANCED_FACE('',(#12807),#12801,.F.);
#12809=CARTESIAN_POINT('',(-1.827866436053E1,8.464575418830E0,
-2.127000032842E0));
#12810=DIRECTION('',(1.E0,0.E0,0.E0));
#12811=DIRECTION('',(0.E0,1.E0,0.E0));
#12812=AXIS2_PLACEMENT_3D('',#12809,#12810,#12811);
#12813=PLANE('',#12812);
#12814=ORIENTED_EDGE('',*,*,#12791,.F.);
#12815=ORIENTED_EDGE('',*,*,#12711,.F.);
#12816=ORIENTED_EDGE('',*,*,#12732,.T.);
#12817=ORIENTED_EDGE('',*,*,#12762,.T.);
#12818=EDGE_LOOP('',(#12814,#12815,#12816,#12817));
#12819=FACE_OUTER_BOUND('',#12818,.F.);
#12820=ADVANCED_FACE('',(#12819),#12813,.T.);
#12821=CARTESIAN_POINT('',(-1.5103734E1,5.536628E0,2.068100003033E1));
#12822=DIRECTION('',(0.E0,-1.E0,0.E0));
#12823=DIRECTION('',(0.E0,0.E0,-1.E0));
#12824=AXIS2_PLACEMENT_3D('',#12821,#12822,#12823);
#12825=PLANE('',#12824);
#12826=ORIENTED_EDGE('',*,*,#12736,.T.);
#12828=ORIENTED_EDGE('',*,*,#12827,.T.);
#12830=ORIENTED_EDGE('',*,*,#12829,.F.);
#12832=ORIENTED_EDGE('',*,*,#12831,.T.);
#12833=EDGE_LOOP('',(#12826,#12828,#12830,#12832));
#12834=FACE_OUTER_BOUND('',#12833,.F.);
#12835=ADVANCED_FACE('',(#12834),#12825,.T.);
#12836=CARTESIAN_POINT('',(-1.5226734E1,5.636628E0,-1.500000025257E-1));
#12837=DIRECTION('',(0.E0,0.E0,-1.E0));
#12838=DIRECTION('',(-1.E0,0.E0,0.E0));
#12839=AXIS2_PLACEMENT_3D('',#12836,#12837,#12838);
#12840=CYLINDRICAL_SURFACE('',#12839,1.E-1);
#12842=ORIENTED_EDGE('',*,*,#12841,.F.);
#12844=ORIENTED_EDGE('',*,*,#12843,.F.);
#12846=ORIENTED_EDGE('',*,*,#12845,.F.);
#12847=ORIENTED_EDGE('',*,*,#12827,.F.);
#12848=ORIENTED_EDGE('',*,*,#12750,.T.);
#12849=EDGE_LOOP('',(#12842,#12844,#12846,#12847,#12848));
#12850=FACE_OUTER_BOUND('',#12849,.F.);
#12851=ADVANCED_FACE('',(#12850),#12840,.T.);
#12852=CARTESIAN_POINT('',(-1.5126734E1,5.616628E0,1.267299999747E1));
#12853=DIRECTION('',(1.E0,0.E0,0.E0));
#12854=DIRECTION('',(0.E0,-1.E0,0.E0));
#12855=AXIS2_PLACEMENT_3D('',#12852,#12853,#12854);
#12856=PLANE('',#12855);
#12857=ORIENTED_EDGE('',*,*,#12841,.T.);
#12858=ORIENTED_EDGE('',*,*,#12748,.T.);
#12860=ORIENTED_EDGE('',*,*,#12859,.T.);
#12862=ORIENTED_EDGE('',*,*,#12861,.F.);
#12863=EDGE_LOOP('',(#12857,#12858,#12860,#12862));
#12864=FACE_OUTER_BOUND('',#12863,.F.);
#12865=ADVANCED_FACE('',(#12864),#12856,.T.);
#12866=CARTESIAN_POINT('',(-1.5226734E1,6.560628E0,-1.500000025257E-1));
#12867=DIRECTION('',(0.E0,0.E0,1.E0));
#12868=DIRECTION('',(1.E0,0.E0,0.E0));
#12869=AXIS2_PLACEMENT_3D('',#12866,#12867,#12868);
#12870=CYLINDRICAL_SURFACE('',#12869,1.E-1);
#12871=ORIENTED_EDGE('',*,*,#12746,.T.);
#12873=ORIENTED_EDGE('',*,*,#12872,.F.);
#12875=ORIENTED_EDGE('',*,*,#12874,.F.);
#12877=ORIENTED_EDGE('',*,*,#12876,.F.);
#12878=ORIENTED_EDGE('',*,*,#12859,.F.);
#12879=EDGE_LOOP('',(#12871,#12873,#12875,#12877,#12878));
#12880=FACE_OUTER_BOUND('',#12879,.F.);
#12881=ADVANCED_FACE('',(#12880),#12870,.T.);
#12882=CARTESIAN_POINT('',(-1.556599750103E1,6.660628E0,2.162134859331E1));
#12883=DIRECTION('',(0.E0,1.E0,0.E0));
#12884=DIRECTION('',(-1.E0,0.E0,0.E0));
#12885=AXIS2_PLACEMENT_3D('',#12882,#12883,#12884);
#12886=PLANE('',#12885);
#12887=ORIENTED_EDGE('',*,*,#12744,.T.);
#12889=ORIENTED_EDGE('',*,*,#12888,.T.);
#12891=ORIENTED_EDGE('',*,*,#12890,.F.);
#12892=ORIENTED_EDGE('',*,*,#12872,.T.);
#12893=EDGE_LOOP('',(#12887,#12889,#12891,#12892));
#12894=FACE_OUTER_BOUND('',#12893,.F.);
#12895=ADVANCED_FACE('',(#12894),#12886,.T.);
#12896=CARTESIAN_POINT('',(-1.6150734E1,6.560628E0,-1.500000025257E-1));
#12897=DIRECTION('',(0.E0,0.E0,-1.E0));
#12898=DIRECTION('',(-1.E0,0.E0,0.E0));
#12899=AXIS2_PLACEMENT_3D('',#12896,#12897,#12898);
#12900=CYLINDRICAL_SURFACE('',#12899,1.E-1);
#12902=ORIENTED_EDGE('',*,*,#12901,.F.);
#12904=ORIENTED_EDGE('',*,*,#12903,.F.);
#12906=ORIENTED_EDGE('',*,*,#12905,.F.);
#12907=ORIENTED_EDGE('',*,*,#12888,.F.);
#12908=ORIENTED_EDGE('',*,*,#12742,.T.);
#12909=EDGE_LOOP('',(#12902,#12904,#12906,#12907,#12908));
#12910=FACE_OUTER_BOUND('',#12909,.F.);
#12911=ADVANCED_FACE('',(#12910),#12900,.T.);
#12912=CARTESIAN_POINT('',(-1.6250734E1,6.580628E0,1.267299999747E1));
#12913=DIRECTION('',(-1.E0,0.E0,0.E0));
#12914=DIRECTION('',(0.E0,1.E0,0.E0));
#12915=AXIS2_PLACEMENT_3D('',#12912,#12913,#12914);
#12916=PLANE('',#12915);
#12917=ORIENTED_EDGE('',*,*,#12740,.T.);
#12919=ORIENTED_EDGE('',*,*,#12918,.T.);
#12921=ORIENTED_EDGE('',*,*,#12920,.F.);
#12922=ORIENTED_EDGE('',*,*,#12901,.T.);
#12923=EDGE_LOOP('',(#12917,#12919,#12921,#12922));
#12924=FACE_OUTER_BOUND('',#12923,.F.);
#12925=ADVANCED_FACE('',(#12924),#12916,.T.);
#12926=CARTESIAN_POINT('',(-1.6150734E1,5.636628E0,-1.500000025257E-1));
#12927=DIRECTION('',(0.E0,0.E0,1.E0));
#12928=DIRECTION('',(1.E0,0.E0,0.E0));
#12929=AXIS2_PLACEMENT_3D('',#12926,#12927,#12928);
#12930=CYLINDRICAL_SURFACE('',#12929,1.E-1);
#12931=ORIENTED_EDGE('',*,*,#12738,.T.);
#12932=ORIENTED_EDGE('',*,*,#12831,.F.);
#12934=ORIENTED_EDGE('',*,*,#12933,.F.);
#12936=ORIENTED_EDGE('',*,*,#12935,.F.);
#12937=ORIENTED_EDGE('',*,*,#12918,.F.);
#12938=EDGE_LOOP('',(#12931,#12932,#12934,#12936,#12937));
#12939=FACE_OUTER_BOUND('',#12938,.F.);
#12940=ADVANCED_FACE('',(#12939),#12930,.T.);
#12941=CARTESIAN_POINT('',(-1.5688734E1,5.736628E0,2.299287745611E0));
#12942=DIRECTION('',(0.E0,-7.071067811865E-1,-7.071067811865E-1));
#12943=DIRECTION('',(0.E0,7.071067811865E-1,-7.071067811865E-1));
#12944=AXIS2_PLACEMENT_3D('',#12941,#12942,#12943);
#12945=PLANE('',#12944);
#12946=ORIENTED_EDGE('',*,*,#12829,.T.);
#12947=ORIENTED_EDGE('',*,*,#12845,.T.);
#12949=ORIENTED_EDGE('',*,*,#12948,.T.);
#12951=ORIENTED_EDGE('',*,*,#12950,.T.);
#12953=ORIENTED_EDGE('',*,*,#12952,.T.);
#12954=ORIENTED_EDGE('',*,*,#12933,.T.);
#12955=EDGE_LOOP('',(#12946,#12947,#12949,#12951,#12953,#12954));
#12956=FACE_OUTER_BOUND('',#12955,.F.);
#12957=ADVANCED_FACE('',(#12956),#12945,.T.);
#12958=CARTESIAN_POINT('',(-1.5326734E1,6.123628E0,2.299287745611E0));
#12959=DIRECTION('',(7.071067811865E-1,0.E0,-7.071067811865E-1));
#12960=DIRECTION('',(-7.071067811865E-1,0.E0,-7.071067811865E-1));
#12961=AXIS2_PLACEMENT_3D('',#12958,#12959,#12960);
#12962=PLANE('',#12961);
#12963=ORIENTED_EDGE('',*,*,#12948,.F.);
#12964=ORIENTED_EDGE('',*,*,#12843,.T.);
#12965=ORIENTED_EDGE('',*,*,#12861,.T.);
#12966=ORIENTED_EDGE('',*,*,#12876,.T.);
#12968=ORIENTED_EDGE('',*,*,#12967,.F.);
#12970=ORIENTED_EDGE('',*,*,#12969,.T.);
#12971=EDGE_LOOP('',(#12963,#12964,#12965,#12966,#12968,#12970));
#12972=FACE_OUTER_BOUND('',#12971,.F.);
#12973=ADVANCED_FACE('',(#12972),#12962,.T.);
#12974=CARTESIAN_POINT('',(-1.5688734E1,6.460628E0,2.299287745611E0));
#12975=DIRECTION('',(0.E0,7.071067811865E-1,-7.071067811865E-1));
#12976=DIRECTION('',(0.E0,-7.071067811865E-1,-7.071067811865E-1));
#12977=AXIS2_PLACEMENT_3D('',#12974,#12975,#12976);
#12978=PLANE('',#12977);
#12979=ORIENTED_EDGE('',*,*,#12890,.T.);
#12980=ORIENTED_EDGE('',*,*,#12905,.T.);
#12982=ORIENTED_EDGE('',*,*,#12981,.T.);
#12984=ORIENTED_EDGE('',*,*,#12983,.T.);
#12985=ORIENTED_EDGE('',*,*,#12967,.T.);
#12986=ORIENTED_EDGE('',*,*,#12874,.T.);
#12987=EDGE_LOOP('',(#12979,#12980,#12982,#12984,#12985,#12986));
#12988=FACE_OUTER_BOUND('',#12987,.F.);
#12989=ADVANCED_FACE('',(#12988),#12978,.T.);
#12990=CARTESIAN_POINT('',(-1.6050734E1,6.123628E0,2.299287745611E0));
#12991=DIRECTION('',(-7.071067811865E-1,0.E0,-7.071067811865E-1));
#12992=DIRECTION('',(7.071067811865E-1,0.E0,-7.071067811865E-1));
#12993=AXIS2_PLACEMENT_3D('',#12990,#12991,#12992);
#12994=PLANE('',#12993);
#12995=ORIENTED_EDGE('',*,*,#12981,.F.);
#12996=ORIENTED_EDGE('',*,*,#12903,.T.);
#12997=ORIENTED_EDGE('',*,*,#12920,.T.);
#12998=ORIENTED_EDGE('',*,*,#12935,.T.);
#12999=ORIENTED_EDGE('',*,*,#12952,.F.);
#13001=ORIENTED_EDGE('',*,*,#13000,.T.);
#13002=EDGE_LOOP('',(#12995,#12996,#12997,#12998,#12999,#13001));
#13003=FACE_OUTER_BOUND('',#13002,.F.);
#13004=ADVANCED_FACE('',(#13003),#12994,.T.);
#13005=CARTESIAN_POINT('',(-1.535604474478E1,4.928789446054E0,
2.099287745611E0));
#13006=DIRECTION('',(0.E0,0.E0,-1.E0));
#13007=DIRECTION('',(-1.E0,0.E0,0.E0));
#13008=AXIS2_PLACEMENT_3D('',#13005,#13006,#13007);
#13009=PLANE('',#13008);
#13010=ORIENTED_EDGE('',*,*,#13000,.F.);
#13011=ORIENTED_EDGE('',*,*,#12950,.F.);
#13012=ORIENTED_EDGE('',*,*,#12969,.F.);
#13013=ORIENTED_EDGE('',*,*,#12983,.F.);
#13014=EDGE_LOOP('',(#13010,#13011,#13012,#13013));
#13015=FACE_OUTER_BOUND('',#13014,.F.);
#13016=ADVANCED_FACE('',(#13015),#13009,.T.);
#13017=CARTESIAN_POINT('',(-8.024987788167E0,3.979984729868E0,-2.0516E0));
#13018=DIRECTION('',(-5.E-1,5.E-1,-7.071067811865E-1));
#13019=DIRECTION('',(5.E-1,-5.E-1,-7.071067811865E-1));
#13020=AXIS2_PLACEMENT_3D('',#13017,#13018,#13019);
#13021=PLANE('',#13020);
#13023=ORIENTED_EDGE('',*,*,#13022,.F.);
#13025=ORIENTED_EDGE('',*,*,#13024,.T.);
#13026=ORIENTED_EDGE('',*,*,#7653,.T.);
#13028=ORIENTED_EDGE('',*,*,#13027,.F.);
#13029=EDGE_LOOP('',(#13023,#13025,#13026,#13028));
#13030=FACE_OUTER_BOUND('',#13029,.F.);
#13031=ADVANCED_FACE('',(#13030),#13021,.T.);
#13032=CARTESIAN_POINT('',(-8.078303639469E0,4.033300581170E0,
3.422999999999E0));
#13033=DIRECTION('',(-7.071067811865E-1,7.071067811865E-1,0.E0));
#13034=DIRECTION('',(-7.071067811865E-1,-7.071067811865E-1,0.E0));
#13035=AXIS2_PLACEMENT_3D('',#13032,#13033,#13034);
#13036=PLANE('',#13035);
#13037=ORIENTED_EDGE('',*,*,#13022,.T.);
#13039=ORIENTED_EDGE('',*,*,#13038,.F.);
#13041=ORIENTED_EDGE('',*,*,#13040,.T.);
#13043=ORIENTED_EDGE('',*,*,#13042,.T.);
#13044=EDGE_LOOP('',(#13037,#13039,#13041,#13043));
#13045=FACE_OUTER_BOUND('',#13044,.F.);
#13046=ADVANCED_FACE('',(#13045),#13036,.T.);
#13047=CARTESIAN_POINT('',(-7.398803639469E0,3.353800581170E0,
-2.127000032842E0));
#13048=DIRECTION('',(-1.E0,0.E0,0.E0));
#13049=DIRECTION('',(0.E0,-1.E0,0.E0));
#13050=AXIS2_PLACEMENT_3D('',#13047,#13048,#13049);
#13051=PLANE('',#13050);
#13052=ORIENTED_EDGE('',*,*,#13038,.T.);
#13054=ORIENTED_EDGE('',*,*,#13053,.F.);
#13056=ORIENTED_EDGE('',*,*,#13055,.F.);
#13058=ORIENTED_EDGE('',*,*,#13057,.T.);
#13059=EDGE_LOOP('',(#13052,#13054,#13056,#13058));
#13060=FACE_OUTER_BOUND('',#13059,.F.);
#13061=ADVANCED_FACE('',(#13060),#13051,.T.);
#13062=CARTESIAN_POINT('',(-7.323403639469E0,6.665215160195E0,-2.0516E0));
#13063=DIRECTION('',(-7.071067811865E-1,0.E0,-7.071067811865E-1));
#13064=DIRECTION('',(-7.071067811865E-1,0.E0,7.071067811865E-1));
#13065=AXIS2_PLACEMENT_3D('',#13062,#13063,#13064);
#13066=PLANE('',#13065);
#13067=ORIENTED_EDGE('',*,*,#7661,.F.);
#13069=ORIENTED_EDGE('',*,*,#13068,.T.);
#13070=ORIENTED_EDGE('',*,*,#13053,.T.);
#13071=ORIENTED_EDGE('',*,*,#13027,.T.);
#13072=EDGE_LOOP('',(#13067,#13069,#13070,#13071));
#13073=FACE_OUTER_BOUND('',#13072,.F.);
#13074=ADVANCED_FACE('',(#13073),#13066,.T.);
#13075=CARTESIAN_POINT('',(-9.988734E0,8.491538922282E0,-2.002004759617E0));
#13076=DIRECTION('',(0.E0,7.040147244560E-1,7.101853756233E-1));
#13077=DIRECTION('',(0.E0,7.101853756233E-1,-7.040147244560E-1));
#13078=AXIS2_PLACEMENT_3D('',#13075,#13076,#13077);
#13079=PLANE('',#13078);
#13081=ORIENTED_EDGE('',*,*,#13080,.F.);
#13082=ORIENTED_EDGE('',*,*,#13068,.F.);
#13083=ORIENTED_EDGE('',*,*,#7659,.F.);
#13085=ORIENTED_EDGE('',*,*,#13084,.F.);
#13086=EDGE_LOOP('',(#13081,#13082,#13083,#13085));
#13087=FACE_OUTER_BOUND('',#13086,.F.);
#13088=ADVANCED_FACE('',(#13087),#13079,.F.);
#13089=CARTESIAN_POINT('',(-7.398803639469E0,8.464575418830E0,
-2.127000032842E0));
#13090=DIRECTION('',(0.E0,-1.E0,0.E0));
#13091=DIRECTION('',(1.E0,0.E0,0.E0));
#13092=AXIS2_PLACEMENT_3D('',#13089,#13090,#13091);
#13093=PLANE('',#13092);
#13094=ORIENTED_EDGE('',*,*,#13080,.T.);
#13096=ORIENTED_EDGE('',*,*,#13095,.F.);
#13098=ORIENTED_EDGE('',*,*,#13097,.T.);
#13099=ORIENTED_EDGE('',*,*,#13055,.T.);
#13100=EDGE_LOOP('',(#13094,#13096,#13098,#13099));
#13101=FACE_OUTER_BOUND('',#13100,.F.);
#13102=ADVANCED_FACE('',(#13101),#13093,.T.);
#13103=CARTESIAN_POINT('',(-1.257866436053E1,8.464575418830E0,
-2.127000032842E0));
#13104=DIRECTION('',(1.E0,0.E0,0.E0));
#13105=DIRECTION('',(0.E0,1.E0,0.E0));
#13106=AXIS2_PLACEMENT_3D('',#13103,#13104,#13105);
#13107=PLANE('',#13106);
#13109=ORIENTED_EDGE('',*,*,#13108,.T.);
#13110=ORIENTED_EDGE('',*,*,#13095,.T.);
#13112=ORIENTED_EDGE('',*,*,#13111,.T.);
#13114=ORIENTED_EDGE('',*,*,#13113,.T.);
#13115=EDGE_LOOP('',(#13109,#13110,#13112,#13114));
#13116=FACE_OUTER_BOUND('',#13115,.F.);
#13117=ADVANCED_FACE('',(#13116),#13107,.T.);
#13118=CARTESIAN_POINT('',(-2.347181485501E1,-6.0319924E0,8.972999999999E0));
#13119=DIRECTION('',(0.E0,0.E0,1.E0));
#13120=DIRECTION('',(-1.E0,0.E0,0.E0));
#13121=AXIS2_PLACEMENT_3D('',#13118,#13119,#13120);
#13122=PLANE('',#13121);
#13123=ORIENTED_EDGE('',*,*,#13108,.F.);
#13125=ORIENTED_EDGE('',*,*,#13124,.F.);
#13126=ORIENTED_EDGE('',*,*,#13040,.F.);
#13127=ORIENTED_EDGE('',*,*,#13057,.F.);
#13128=ORIENTED_EDGE('',*,*,#13097,.F.);
#13129=EDGE_LOOP('',(#13123,#13125,#13126,#13127,#13128));
#13130=FACE_OUTER_BOUND('',#13129,.F.);
#13132=ORIENTED_EDGE('',*,*,#13131,.F.);
#13134=ORIENTED_EDGE('',*,*,#13133,.F.);
#13136=ORIENTED_EDGE('',*,*,#13135,.F.);
#13138=ORIENTED_EDGE('',*,*,#13137,.F.);
#13140=ORIENTED_EDGE('',*,*,#13139,.F.);
#13142=ORIENTED_EDGE('',*,*,#13141,.F.);
#13144=ORIENTED_EDGE('',*,*,#13143,.F.);
#13146=ORIENTED_EDGE('',*,*,#13145,.F.);
#13147=EDGE_LOOP('',(#13132,#13134,#13136,#13138,#13140,#13142,#13144,#13146));
#13148=FACE_BOUND('',#13147,.F.);
#13149=ADVANCED_FACE('',(#13130,#13148),#13122,.F.);
#13150=CARTESIAN_POINT('',(-1.121966340232E1,3.353800581170E0,
-2.127000032842E0));
#13151=DIRECTION('',(0.E0,1.E0,0.E0));
#13152=DIRECTION('',(-1.E0,0.E0,0.E0));
#13153=AXIS2_PLACEMENT_3D('',#13150,#13151,#13152);
#13154=PLANE('',#13153);
#13156=ORIENTED_EDGE('',*,*,#13155,.F.);
#13157=ORIENTED_EDGE('',*,*,#13042,.F.);
#13158=ORIENTED_EDGE('',*,*,#13124,.T.);
#13159=ORIENTED_EDGE('',*,*,#13113,.F.);
#13160=EDGE_LOOP('',(#13156,#13157,#13158,#13159));
#13161=FACE_OUTER_BOUND('',#13160,.F.);
#13162=ADVANCED_FACE('',(#13161),#13154,.T.);
#13163=CARTESIAN_POINT('',(-1.074476116020E1,3.278400581170E0,-2.0516E0));
#13164=DIRECTION('',(0.E0,7.071067811865E-1,-7.071067811865E-1));
#13165=DIRECTION('',(0.E0,7.071067811865E-1,7.071067811865E-1));
#13166=AXIS2_PLACEMENT_3D('',#13163,#13164,#13165);
#13167=PLANE('',#13166);
#13168=ORIENTED_EDGE('',*,*,#7655,.F.);
#13169=ORIENTED_EDGE('',*,*,#13024,.F.);
#13170=ORIENTED_EDGE('',*,*,#13155,.T.);
#13172=ORIENTED_EDGE('',*,*,#13171,.T.);
#13173=EDGE_LOOP('',(#13168,#13169,#13170,#13172));
#13174=FACE_OUTER_BOUND('',#13173,.F.);
#13175=ADVANCED_FACE('',(#13174),#13167,.T.);
#13176=CARTESIAN_POINT('',(-1.260562786398E1,6.552083068834E0,
-2.002004759617E0));
#13177=DIRECTION('',(-7.040147244560E-1,0.E0,7.101853756233E-1));
#13178=DIRECTION('',(-7.101853756233E-1,0.E0,-7.040147244560E-1));
#13179=AXIS2_PLACEMENT_3D('',#13176,#13177,#13178);
#13180=PLANE('',#13179);
#13181=ORIENTED_EDGE('',*,*,#7657,.F.);
#13182=ORIENTED_EDGE('',*,*,#13171,.F.);
#13183=ORIENTED_EDGE('',*,*,#13111,.F.);
#13184=ORIENTED_EDGE('',*,*,#13084,.T.);
#13185=EDGE_LOOP('',(#13181,#13182,#13183,#13184));
#13186=FACE_OUTER_BOUND('',#13185,.F.);
#13187=ADVANCED_FACE('',(#13186),#13180,.F.);
#13188=CARTESIAN_POINT('',(-9.426734000001E0,5.616628E0,1.267299999747E1));
#13189=DIRECTION('',(1.E0,0.E0,0.E0));
#13190=DIRECTION('',(0.E0,-1.E0,0.E0));
#13191=AXIS2_PLACEMENT_3D('',#13188,#13189,#13190);
#13192=PLANE('',#13191);
#13194=ORIENTED_EDGE('',*,*,#13193,.T.);
#13195=ORIENTED_EDGE('',*,*,#13131,.T.);
#13197=ORIENTED_EDGE('',*,*,#13196,.T.);
#13199=ORIENTED_EDGE('',*,*,#13198,.F.);
#13200=EDGE_LOOP('',(#13194,#13195,#13197,#13199));
#13201=FACE_OUTER_BOUND('',#13200,.F.);
#13202=ADVANCED_FACE('',(#13201),#13192,.T.);
#13203=CARTESIAN_POINT('',(-9.526734000001E0,5.636628E0,-1.500000025257E-1));
#13204=DIRECTION('',(0.E0,0.E0,-1.E0));
#13205=DIRECTION('',(-1.E0,0.E0,0.E0));
#13206=AXIS2_PLACEMENT_3D('',#13203,#13204,#13205);
#13207=CYLINDRICAL_SURFACE('',#13206,1.E-1);
#13208=ORIENTED_EDGE('',*,*,#13193,.F.);
#13210=ORIENTED_EDGE('',*,*,#13209,.F.);
#13212=ORIENTED_EDGE('',*,*,#13211,.F.);
#13214=ORIENTED_EDGE('',*,*,#13213,.F.);
#13215=ORIENTED_EDGE('',*,*,#13133,.T.);
#13216=EDGE_LOOP('',(#13208,#13210,#13212,#13214,#13215));
#13217=FACE_OUTER_BOUND('',#13216,.F.);
#13218=ADVANCED_FACE('',(#13217),#13207,.T.);
#13219=CARTESIAN_POINT('',(-9.626734000001E0,6.123628E0,2.299287745611E0));
#13220=DIRECTION('',(7.071067811865E-1,0.E0,-7.071067811865E-1));
#13221=DIRECTION('',(-7.071067811865E-1,0.E0,-7.071067811865E-1));
#13222=AXIS2_PLACEMENT_3D('',#13219,#13220,#13221);
#13223=PLANE('',#13222);
#13225=ORIENTED_EDGE('',*,*,#13224,.F.);
#13226=ORIENTED_EDGE('',*,*,#13209,.T.);
#13227=ORIENTED_EDGE('',*,*,#13198,.T.);
#13229=ORIENTED_EDGE('',*,*,#13228,.T.);
#13231=ORIENTED_EDGE('',*,*,#13230,.F.);
#13233=ORIENTED_EDGE('',*,*,#13232,.T.);
#13234=EDGE_LOOP('',(#13225,#13226,#13227,#13229,#13231,#13233));
#13235=FACE_OUTER_BOUND('',#13234,.F.);
#13236=ADVANCED_FACE('',(#13235),#13223,.T.);
#13237=CARTESIAN_POINT('',(-9.988734000001E0,5.736628E0,2.299287745611E0));
#13238=DIRECTION('',(0.E0,-7.071067811865E-1,-7.071067811865E-1));
#13239=DIRECTION('',(0.E0,7.071067811865E-1,-7.071067811865E-1));
#13240=AXIS2_PLACEMENT_3D('',#13237,#13238,#13239);
#13241=PLANE('',#13240);
#13243=ORIENTED_EDGE('',*,*,#13242,.T.);
#13245=ORIENTED_EDGE('',*,*,#13244,.T.);
#13247=ORIENTED_EDGE('',*,*,#13246,.T.);
#13248=ORIENTED_EDGE('',*,*,#13211,.T.);
#13249=ORIENTED_EDGE('',*,*,#13224,.T.);
#13251=ORIENTED_EDGE('',*,*,#13250,.T.);
#13252=EDGE_LOOP('',(#13243,#13245,#13247,#13248,#13249,#13251));
#13253=FACE_OUTER_BOUND('',#13252,.F.);
#13254=ADVANCED_FACE('',(#13253),#13241,.T.);
#13255=CARTESIAN_POINT('',(-1.0350734E1,6.123628E0,2.299287745611E0));
#13256=DIRECTION('',(-7.071067811865E-1,0.E0,-7.071067811865E-1));
#13257=DIRECTION('',(7.071067811865E-1,0.E0,-7.071067811865E-1));
#13258=AXIS2_PLACEMENT_3D('',#13255,#13256,#13257);
#13259=PLANE('',#13258);
#13261=ORIENTED_EDGE('',*,*,#13260,.T.);
#13263=ORIENTED_EDGE('',*,*,#13262,.T.);
#13264=ORIENTED_EDGE('',*,*,#13242,.F.);
#13266=ORIENTED_EDGE('',*,*,#13265,.T.);
#13268=ORIENTED_EDGE('',*,*,#13267,.F.);
#13270=ORIENTED_EDGE('',*,*,#13269,.T.);
#13271=EDGE_LOOP('',(#13261,#13263,#13264,#13266,#13268,#13270));
#13272=FACE_OUTER_BOUND('',#13271,.F.);
#13273=ADVANCED_FACE('',(#13272),#13259,.T.);
#13274=CARTESIAN_POINT('',(-1.0550734E1,6.580628E0,1.267299999747E1));
#13275=DIRECTION('',(-1.E0,0.E0,0.E0));
#13276=DIRECTION('',(0.E0,1.E0,0.E0));
#13277=AXIS2_PLACEMENT_3D('',#13274,#13275,#13276);
#13278=PLANE('',#13277);
#13279=ORIENTED_EDGE('',*,*,#13139,.T.);
#13281=ORIENTED_EDGE('',*,*,#13280,.T.);
#13282=ORIENTED_EDGE('',*,*,#13260,.F.);
#13284=ORIENTED_EDGE('',*,*,#13283,.T.);
#13285=EDGE_LOOP('',(#13279,#13281,#13282,#13284));
#13286=FACE_OUTER_BOUND('',#13285,.F.);
#13287=ADVANCED_FACE('',(#13286),#13278,.T.);
#13288=CARTESIAN_POINT('',(-1.0450734E1,5.636628E0,-1.500000025257E-1));
#13289=DIRECTION('',(0.E0,0.E0,1.E0));
#13290=DIRECTION('',(1.E0,0.E0,0.E0));
#13291=AXIS2_PLACEMENT_3D('',#13288,#13289,#13290);
#13292=CYLINDRICAL_SURFACE('',#13291,1.E-1);
#13293=ORIENTED_EDGE('',*,*,#13137,.T.);
#13295=ORIENTED_EDGE('',*,*,#13294,.F.);
#13296=ORIENTED_EDGE('',*,*,#13244,.F.);
#13297=ORIENTED_EDGE('',*,*,#13262,.F.);
#13298=ORIENTED_EDGE('',*,*,#13280,.F.);
#13299=EDGE_LOOP('',(#13293,#13295,#13296,#13297,#13298));
#13300=FACE_OUTER_BOUND('',#13299,.F.);
#13301=ADVANCED_FACE('',(#13300),#13292,.T.);
#13302=CARTESIAN_POINT('',(-9.403734000001E0,5.536628E0,2.068100003033E1));
#13303=DIRECTION('',(0.E0,-1.E0,0.E0));
#13304=DIRECTION('',(0.E0,0.E0,-1.E0));
#13305=AXIS2_PLACEMENT_3D('',#13302,#13303,#13304);
#13306=PLANE('',#13305);
#13307=ORIENTED_EDGE('',*,*,#13135,.T.);
#13308=ORIENTED_EDGE('',*,*,#13213,.T.);
#13309=ORIENTED_EDGE('',*,*,#13246,.F.);
#13310=ORIENTED_EDGE('',*,*,#13294,.T.);
#13311=EDGE_LOOP('',(#13307,#13308,#13309,#13310));
#13312=FACE_OUTER_BOUND('',#13311,.F.);
#13313=ADVANCED_FACE('',(#13312),#13306,.T.);
#13314=CARTESIAN_POINT('',(-1.0450734E1,6.560628E0,-1.500000025257E-1));
#13315=DIRECTION('',(0.E0,0.E0,-1.E0));
#13316=DIRECTION('',(-1.E0,0.E0,0.E0));
#13317=AXIS2_PLACEMENT_3D('',#13314,#13315,#13316);
#13318=CYLINDRICAL_SURFACE('',#13317,1.E-1);
#13319=ORIENTED_EDGE('',*,*,#13283,.F.);
#13320=ORIENTED_EDGE('',*,*,#13269,.F.);
#13322=ORIENTED_EDGE('',*,*,#13321,.F.);
#13324=ORIENTED_EDGE('',*,*,#13323,.F.);
#13325=ORIENTED_EDGE('',*,*,#13141,.T.);
#13326=EDGE_LOOP('',(#13319,#13320,#13322,#13324,#13325));
#13327=FACE_OUTER_BOUND('',#13326,.F.);
#13328=ADVANCED_FACE('',(#13327),#13318,.T.);
#13329=CARTESIAN_POINT('',(-9.988734000001E0,6.460628E0,2.299287745611E0));
#13330=DIRECTION('',(0.E0,7.071067811865E-1,-7.071067811865E-1));
#13331=DIRECTION('',(0.E0,-7.071067811865E-1,-7.071067811865E-1));
#13332=AXIS2_PLACEMENT_3D('',#13329,#13330,#13331);
#13333=PLANE('',#13332);
#13335=ORIENTED_EDGE('',*,*,#13334,.T.);
#13336=ORIENTED_EDGE('',*,*,#13321,.T.);
#13337=ORIENTED_EDGE('',*,*,#13267,.T.);
#13339=ORIENTED_EDGE('',*,*,#13338,.T.);
#13340=ORIENTED_EDGE('',*,*,#13230,.T.);
#13342=ORIENTED_EDGE('',*,*,#13341,.T.);
#13343=EDGE_LOOP('',(#13335,#13336,#13337,#13339,#13340,#13342));
#13344=FACE_OUTER_BOUND('',#13343,.F.);
#13345=ADVANCED_FACE('',(#13344),#13333,.T.);
#13346=CARTESIAN_POINT('',(-9.865997501035E0,6.660628E0,2.162134859331E1));
#13347=DIRECTION('',(0.E0,1.E0,0.E0));
#13348=DIRECTION('',(-1.E0,0.E0,0.E0));
#13349=AXIS2_PLACEMENT_3D('',#13346,#13347,#13348);
#13350=PLANE('',#13349);
#13351=ORIENTED_EDGE('',*,*,#13143,.T.);
#13352=ORIENTED_EDGE('',*,*,#13323,.T.);
#13353=ORIENTED_EDGE('',*,*,#13334,.F.);
#13355=ORIENTED_EDGE('',*,*,#13354,.T.);
#13356=EDGE_LOOP('',(#13351,#13352,#13353,#13355));
#13357=FACE_OUTER_BOUND('',#13356,.F.);
#13358=ADVANCED_FACE('',(#13357),#13350,.T.);
#13359=CARTESIAN_POINT('',(-9.526734000001E0,6.560628E0,-1.500000025257E-1));
#13360=DIRECTION('',(0.E0,0.E0,1.E0));
#13361=DIRECTION('',(1.E0,0.E0,0.E0));
#13362=AXIS2_PLACEMENT_3D('',#13359,#13360,#13361);
#13363=CYLINDRICAL_SURFACE('',#13362,1.E-1);
#13364=ORIENTED_EDGE('',*,*,#13145,.T.);
#13365=ORIENTED_EDGE('',*,*,#13354,.F.);
#13366=ORIENTED_EDGE('',*,*,#13341,.F.);
#13367=ORIENTED_EDGE('',*,*,#13228,.F.);
#13368=ORIENTED_EDGE('',*,*,#13196,.F.);
#13369=EDGE_LOOP('',(#13364,#13365,#13366,#13367,#13368));
#13370=FACE_OUTER_BOUND('',#13369,.F.);
#13371=ADVANCED_FACE('',(#13370),#13363,.T.);
#13372=CARTESIAN_POINT('',(-9.656044744782E0,4.928789446054E0,
2.099287745611E0));
#13373=DIRECTION('',(0.E0,0.E0,-1.E0));
#13374=DIRECTION('',(-1.E0,0.E0,0.E0));
#13375=AXIS2_PLACEMENT_3D('',#13372,#13373,#13374);
#13376=PLANE('',#13375);
#13377=ORIENTED_EDGE('',*,*,#13265,.F.);
#13378=ORIENTED_EDGE('',*,*,#13250,.F.);
#13379=ORIENTED_EDGE('',*,*,#13232,.F.);
#13380=ORIENTED_EDGE('',*,*,#13338,.F.);
#13381=EDGE_LOOP('',(#13377,#13378,#13379,#13380));
#13382=FACE_OUTER_BOUND('',#13381,.F.);
#13383=ADVANCED_FACE('',(#13382),#13376,.T.);
#13384=CARTESIAN_POINT('',(-3.017184013602E1,6.558895720704E0,
-2.002004759617E0));
#13385=DIRECTION('',(7.040147244560E-1,0.E0,7.101853756233E-1));
#13386=DIRECTION('',(7.101853756233E-1,0.E0,-7.040147244560E-1));
#13387=AXIS2_PLACEMENT_3D('',#13384,#13385,#13386);
#13388=PLANE('',#13387);
#13390=ORIENTED_EDGE('',*,*,#13389,.F.);
#13392=ORIENTED_EDGE('',*,*,#13391,.T.);
#13393=ORIENTED_EDGE('',*,*,#7665,.F.);
#13395=ORIENTED_EDGE('',*,*,#13394,.T.);
#13396=EDGE_LOOP('',(#13390,#13392,#13393,#13395));
#13397=FACE_OUTER_BOUND('',#13396,.F.);
#13398=ADVANCED_FACE('',(#13397),#13388,.F.);
#13399=CARTESIAN_POINT('',(-3.019880363947E1,4.776943048970E0,
-2.127000032842E0));
#13400=DIRECTION('',(-1.E0,0.E0,0.E0));
#13401=DIRECTION('',(0.E0,-1.E0,0.E0));
#13402=AXIS2_PLACEMENT_3D('',#13399,#13400,#13401);
#13403=PLANE('',#13402);
#13405=ORIENTED_EDGE('',*,*,#13404,.F.);
#13406=ORIENTED_EDGE('',*,*,#13389,.T.);
#13408=ORIENTED_EDGE('',*,*,#13407,.F.);
#13410=ORIENTED_EDGE('',*,*,#13409,.T.);
#13411=EDGE_LOOP('',(#13405,#13406,#13408,#13410));
#13412=FACE_OUTER_BOUND('',#13411,.F.);
#13413=ADVANCED_FACE('',(#13412),#13403,.T.);
#13414=CARTESIAN_POINT('',(-3.401966340232E1,3.353800581170E0,
-2.127000032842E0));
#13415=DIRECTION('',(0.E0,1.E0,0.E0));
#13416=DIRECTION('',(-1.E0,0.E0,0.E0));
#13417=AXIS2_PLACEMENT_3D('',#13414,#13415,#13416);
#13418=PLANE('',#13417);
#13420=ORIENTED_EDGE('',*,*,#13419,.T.);
#13421=ORIENTED_EDGE('',*,*,#13404,.T.);
#13423=ORIENTED_EDGE('',*,*,#13422,.T.);
#13425=ORIENTED_EDGE('',*,*,#13424,.T.);
#13426=EDGE_LOOP('',(#13420,#13421,#13423,#13425));
#13427=FACE_OUTER_BOUND('',#13426,.F.);
#13428=ADVANCED_FACE('',(#13427),#13418,.T.);
#13429=CARTESIAN_POINT('',(-3.279588875988E1,3.326837077718E0,
-2.002004759617E0));
#13430=DIRECTION('',(0.E0,-7.040147244560E-1,7.101853756233E-1));
#13431=DIRECTION('',(0.E0,-7.101853756233E-1,-7.040147244560E-1));
#13432=AXIS2_PLACEMENT_3D('',#13429,#13430,#13431);
#13433=PLANE('',#13432);
#13434=ORIENTED_EDGE('',*,*,#13391,.F.);
#13435=ORIENTED_EDGE('',*,*,#13419,.F.);
#13437=ORIENTED_EDGE('',*,*,#13436,.F.);
#13439=ORIENTED_EDGE('',*,*,#13438,.T.);
#13440=ORIENTED_EDGE('',*,*,#7667,.F.);
#13441=EDGE_LOOP('',(#13434,#13435,#13437,#13439,#13440));
#13442=FACE_OUTER_BOUND('',#13441,.F.);
#13443=ADVANCED_FACE('',(#13442),#13433,.F.);
#13444=CARTESIAN_POINT('',(-3.537866436053E1,4.712801539379E0,
-2.127000032842E0));
#13445=DIRECTION('',(7.071067811865E-1,7.071067811865E-1,0.E0));
#13446=DIRECTION('',(-7.071067811865E-1,7.071067811865E-1,0.E0));
#13447=AXIS2_PLACEMENT_3D('',#13444,#13445,#13446);
#13448=PLANE('',#13447);
#13450=ORIENTED_EDGE('',*,*,#13449,.T.);
#13452=ORIENTED_EDGE('',*,*,#13451,.T.);
#13454=ORIENTED_EDGE('',*,*,#13453,.F.);
#13456=ORIENTED_EDGE('',*,*,#13455,.T.);
#13457=ORIENTED_EDGE('',*,*,#13436,.T.);
#13458=ORIENTED_EDGE('',*,*,#13424,.F.);
#13459=EDGE_LOOP('',(#13450,#13452,#13454,#13456,#13457,#13458));
#13460=FACE_OUTER_BOUND('',#13459,.F.);
#13461=ADVANCED_FACE('',(#13460),#13448,.T.);
#13462=CARTESIAN_POINT('',(-2.347181485501E1,-6.0319924E0,8.972999999999E0));
#13463=DIRECTION('',(0.E0,0.E0,1.E0));
#13464=DIRECTION('',(-1.E0,0.E0,0.E0));
#13465=AXIS2_PLACEMENT_3D('',#13462,#13463,#13464);
#13466=PLANE('',#13465);
#13467=ORIENTED_EDGE('',*,*,#13449,.F.);
#13468=ORIENTED_EDGE('',*,*,#13422,.F.);
#13469=ORIENTED_EDGE('',*,*,#13409,.F.);
#13471=ORIENTED_EDGE('',*,*,#13470,.F.);
#13473=ORIENTED_EDGE('',*,*,#13472,.F.);
#13474=EDGE_LOOP('',(#13467,#13468,#13469,#13471,#13473));
#13475=FACE_OUTER_BOUND('',#13474,.F.);
#13477=ORIENTED_EDGE('',*,*,#13476,.F.);
#13479=ORIENTED_EDGE('',*,*,#13478,.F.);
#13481=ORIENTED_EDGE('',*,*,#13480,.F.);
#13483=ORIENTED_EDGE('',*,*,#13482,.F.);
#13485=ORIENTED_EDGE('',*,*,#13484,.F.);
#13487=ORIENTED_EDGE('',*,*,#13486,.F.);
#13489=ORIENTED_EDGE('',*,*,#13488,.F.);
#13491=ORIENTED_EDGE('',*,*,#13490,.F.);
#13492=EDGE_LOOP('',(#13477,#13479,#13481,#13483,#13485,#13487,#13489,#13491));
#13493=FACE_BOUND('',#13492,.F.);
#13494=ADVANCED_FACE('',(#13475,#13493),#13466,.F.);
#13495=CARTESIAN_POINT('',(-3.019880363947E1,8.464575418830E0,
-2.127000032842E0));
#13496=DIRECTION('',(0.E0,-1.E0,0.E0));
#13497=DIRECTION('',(1.E0,0.E0,0.E0));
#13498=AXIS2_PLACEMENT_3D('',#13495,#13496,#13497);
#13499=PLANE('',#13498);
#13501=ORIENTED_EDGE('',*,*,#13500,.F.);
#13503=ORIENTED_EDGE('',*,*,#13502,.F.);
#13504=ORIENTED_EDGE('',*,*,#13470,.T.);
#13505=ORIENTED_EDGE('',*,*,#13407,.T.);
#13506=EDGE_LOOP('',(#13501,#13503,#13504,#13505));
#13507=FACE_OUTER_BOUND('',#13506,.F.);
#13508=ADVANCED_FACE('',(#13507),#13499,.T.);
#13509=CARTESIAN_POINT('',(-3.2788734E1,8.491538922282E0,-2.002004759617E0));
#13510=DIRECTION('',(0.E0,-7.040147244560E-1,-7.101853756233E-1));
#13511=DIRECTION('',(0.E0,-7.101853756233E-1,7.040147244560E-1));
#13512=AXIS2_PLACEMENT_3D('',#13509,#13510,#13511);
#13513=PLANE('',#13512);
#13514=ORIENTED_EDGE('',*,*,#7673,.F.);
#13516=ORIENTED_EDGE('',*,*,#13515,.T.);
#13517=ORIENTED_EDGE('',*,*,#13500,.T.);
#13518=ORIENTED_EDGE('',*,*,#13394,.F.);
#13519=EDGE_LOOP('',(#13514,#13516,#13517,#13518));
#13520=FACE_OUTER_BOUND('',#13519,.F.);
#13521=ADVANCED_FACE('',(#13520),#13513,.T.);
#13522=CARTESIAN_POINT('',(-3.540562786398E1,6.551740960821E0,
-2.002004759617E0));
#13523=DIRECTION('',(7.040147244560E-1,0.E0,-7.101853756233E-1));
#13524=DIRECTION('',(7.101853756233E-1,0.E0,7.040147244560E-1));
#13525=AXIS2_PLACEMENT_3D('',#13522,#13523,#13524);
#13526=PLANE('',#13525);
#13527=ORIENTED_EDGE('',*,*,#7671,.F.);
#13529=ORIENTED_EDGE('',*,*,#13528,.T.);
#13530=ORIENTED_EDGE('',*,*,#13453,.T.);
#13532=ORIENTED_EDGE('',*,*,#13531,.T.);
#13533=ORIENTED_EDGE('',*,*,#13515,.F.);
#13534=EDGE_LOOP('',(#13527,#13529,#13530,#13532,#13533));
#13535=FACE_OUTER_BOUND('',#13534,.F.);
#13536=ADVANCED_FACE('',(#13535),#13526,.T.);
#13537=CARTESIAN_POINT('',(-3.472678274370E1,4.005682198007E0,
-2.002004759617E0));
#13538=DIRECTION('',(-4.978135857180E-1,-4.978135857180E-1,7.101853756233E-1));
#13539=DIRECTION('',(-5.021768950027E-1,-5.021768950027E-1,-7.040147244560E-1));
#13540=AXIS2_PLACEMENT_3D('',#13537,#13538,#13539);
#13541=PLANE('',#13540);
#13542=ORIENTED_EDGE('',*,*,#13455,.F.);
#13543=ORIENTED_EDGE('',*,*,#13528,.F.);
#13544=ORIENTED_EDGE('',*,*,#7669,.T.);
#13545=ORIENTED_EDGE('',*,*,#13438,.F.);
#13546=EDGE_LOOP('',(#13542,#13543,#13544,#13545));
#13547=FACE_OUTER_BOUND('',#13546,.F.);
#13548=ADVANCED_FACE('',(#13547),#13541,.F.);
#13549=CARTESIAN_POINT('',(-3.537866436053E1,8.464575418830E0,
-2.127000032842E0));
#13550=DIRECTION('',(1.E0,0.E0,0.E0));
#13551=DIRECTION('',(0.E0,1.E0,0.E0));
#13552=AXIS2_PLACEMENT_3D('',#13549,#13550,#13551);
#13553=PLANE('',#13552);
#13554=ORIENTED_EDGE('',*,*,#13531,.F.);
#13555=ORIENTED_EDGE('',*,*,#13451,.F.);
#13556=ORIENTED_EDGE('',*,*,#13472,.T.);
#13557=ORIENTED_EDGE('',*,*,#13502,.T.);
#13558=EDGE_LOOP('',(#13554,#13555,#13556,#13557));
#13559=FACE_OUTER_BOUND('',#13558,.F.);
#13560=ADVANCED_FACE('',(#13559),#13553,.T.);
#13561=CARTESIAN_POINT('',(-3.2203734E1,5.536628E0,2.068100003033E1));
#13562=DIRECTION('',(0.E0,-1.E0,0.E0));
#13563=DIRECTION('',(0.E0,0.E0,-1.E0));
#13564=AXIS2_PLACEMENT_3D('',#13561,#13562,#13563);
#13565=PLANE('',#13564);
#13566=ORIENTED_EDGE('',*,*,#13476,.T.);
#13568=ORIENTED_EDGE('',*,*,#13567,.T.);
#13570=ORIENTED_EDGE('',*,*,#13569,.F.);
#13572=ORIENTED_EDGE('',*,*,#13571,.T.);
#13573=EDGE_LOOP('',(#13566,#13568,#13570,#13572));
#13574=FACE_OUTER_BOUND('',#13573,.F.);
#13575=ADVANCED_FACE('',(#13574),#13565,.T.);
#13576=CARTESIAN_POINT('',(-3.2326734E1,5.636628E0,-1.500000025257E-1));
#13577=DIRECTION('',(0.E0,0.E0,-1.E0));
#13578=DIRECTION('',(-1.E0,0.E0,0.E0));
#13579=AXIS2_PLACEMENT_3D('',#13576,#13577,#13578);
#13580=CYLINDRICAL_SURFACE('',#13579,1.E-1);
#13582=ORIENTED_EDGE('',*,*,#13581,.F.);
#13584=ORIENTED_EDGE('',*,*,#13583,.F.);
#13586=ORIENTED_EDGE('',*,*,#13585,.F.);
#13587=ORIENTED_EDGE('',*,*,#13567,.F.);
#13588=ORIENTED_EDGE('',*,*,#13490,.T.);
#13589=EDGE_LOOP('',(#13582,#13584,#13586,#13587,#13588));
#13590=FACE_OUTER_BOUND('',#13589,.F.);
#13591=ADVANCED_FACE('',(#13590),#13580,.T.);
#13592=CARTESIAN_POINT('',(-3.2226734E1,5.616628E0,1.267299999747E1));
#13593=DIRECTION('',(1.E0,0.E0,0.E0));
#13594=DIRECTION('',(0.E0,-1.E0,0.E0));
#13595=AXIS2_PLACEMENT_3D('',#13592,#13593,#13594);
#13596=PLANE('',#13595);
#13597=ORIENTED_EDGE('',*,*,#13581,.T.);
#13598=ORIENTED_EDGE('',*,*,#13488,.T.);
#13600=ORIENTED_EDGE('',*,*,#13599,.T.);
#13602=ORIENTED_EDGE('',*,*,#13601,.F.);
#13603=EDGE_LOOP('',(#13597,#13598,#13600,#13602));
#13604=FACE_OUTER_BOUND('',#13603,.F.);
#13605=ADVANCED_FACE('',(#13604),#13596,.T.);
#13606=CARTESIAN_POINT('',(-3.2326734E1,6.560628E0,-1.500000025257E-1));
#13607=DIRECTION('',(0.E0,0.E0,1.E0));
#13608=DIRECTION('',(1.E0,0.E0,0.E0));
#13609=AXIS2_PLACEMENT_3D('',#13606,#13607,#13608);
#13610=CYLINDRICAL_SURFACE('',#13609,1.E-1);
#13611=ORIENTED_EDGE('',*,*,#13486,.T.);
#13613=ORIENTED_EDGE('',*,*,#13612,.F.);
#13615=ORIENTED_EDGE('',*,*,#13614,.F.);
#13617=ORIENTED_EDGE('',*,*,#13616,.F.);
#13618=ORIENTED_EDGE('',*,*,#13599,.F.);
#13619=EDGE_LOOP('',(#13611,#13613,#13615,#13617,#13618));
#13620=FACE_OUTER_BOUND('',#13619,.F.);
#13621=ADVANCED_FACE('',(#13620),#13610,.T.);
#13622=CARTESIAN_POINT('',(-3.266599750103E1,6.660628E0,2.162134859331E1));
#13623=DIRECTION('',(0.E0,1.E0,0.E0));
#13624=DIRECTION('',(-1.E0,0.E0,0.E0));
#13625=AXIS2_PLACEMENT_3D('',#13622,#13623,#13624);
#13626=PLANE('',#13625);
#13627=ORIENTED_EDGE('',*,*,#13484,.T.);
#13629=ORIENTED_EDGE('',*,*,#13628,.T.);
#13631=ORIENTED_EDGE('',*,*,#13630,.F.);
#13632=ORIENTED_EDGE('',*,*,#13612,.T.);
#13633=EDGE_LOOP('',(#13627,#13629,#13631,#13632));
#13634=FACE_OUTER_BOUND('',#13633,.F.);
#13635=ADVANCED_FACE('',(#13634),#13626,.T.);
#13636=CARTESIAN_POINT('',(-3.3250734E1,6.560628E0,-1.500000025257E-1));
#13637=DIRECTION('',(0.E0,0.E0,-1.E0));
#13638=DIRECTION('',(-1.E0,0.E0,0.E0));
#13639=AXIS2_PLACEMENT_3D('',#13636,#13637,#13638);
#13640=CYLINDRICAL_SURFACE('',#13639,1.E-1);
#13642=ORIENTED_EDGE('',*,*,#13641,.F.);
#13644=ORIENTED_EDGE('',*,*,#13643,.F.);
#13646=ORIENTED_EDGE('',*,*,#13645,.F.);
#13647=ORIENTED_EDGE('',*,*,#13628,.F.);
#13648=ORIENTED_EDGE('',*,*,#13482,.T.);
#13649=EDGE_LOOP('',(#13642,#13644,#13646,#13647,#13648));
#13650=FACE_OUTER_BOUND('',#13649,.F.);
#13651=ADVANCED_FACE('',(#13650),#13640,.T.);
#13652=CARTESIAN_POINT('',(-3.3350734E1,6.580628E0,1.267299999747E1));
#13653=DIRECTION('',(-1.E0,0.E0,0.E0));
#13654=DIRECTION('',(0.E0,1.E0,0.E0));
#13655=AXIS2_PLACEMENT_3D('',#13652,#13653,#13654);
#13656=PLANE('',#13655);
#13657=ORIENTED_EDGE('',*,*,#13480,.T.);
#13659=ORIENTED_EDGE('',*,*,#13658,.T.);
#13661=ORIENTED_EDGE('',*,*,#13660,.F.);
#13662=ORIENTED_EDGE('',*,*,#13641,.T.);
#13663=EDGE_LOOP('',(#13657,#13659,#13661,#13662));
#13664=FACE_OUTER_BOUND('',#13663,.F.);
#13665=ADVANCED_FACE('',(#13664),#13656,.T.);
#13666=CARTESIAN_POINT('',(-3.3250734E1,5.636628E0,-1.500000025257E-1));
#13667=DIRECTION('',(0.E0,0.E0,1.E0));
#13668=DIRECTION('',(1.E0,0.E0,0.E0));
#13669=AXIS2_PLACEMENT_3D('',#13666,#13667,#13668);
#13670=CYLINDRICAL_SURFACE('',#13669,1.E-1);
#13671=ORIENTED_EDGE('',*,*,#13478,.T.);
#13672=ORIENTED_EDGE('',*,*,#13571,.F.);
#13674=ORIENTED_EDGE('',*,*,#13673,.F.);
#13676=ORIENTED_EDGE('',*,*,#13675,.F.);
#13677=ORIENTED_EDGE('',*,*,#13658,.F.);
#13678=EDGE_LOOP('',(#13671,#13672,#13674,#13676,#13677));
#13679=FACE_OUTER_BOUND('',#13678,.F.);
#13680=ADVANCED_FACE('',(#13679),#13670,.T.);
#13681=CARTESIAN_POINT('',(-3.2788734E1,5.736628E0,2.299287745611E0));
#13682=DIRECTION('',(0.E0,-7.071067811865E-1,-7.071067811865E-1));
#13683=DIRECTION('',(0.E0,7.071067811865E-1,-7.071067811865E-1));
#13684=AXIS2_PLACEMENT_3D('',#13681,#13682,#13683);
#13685=PLANE('',#13684);
#13686=ORIENTED_EDGE('',*,*,#13569,.T.);
#13687=ORIENTED_EDGE('',*,*,#13585,.T.);
#13689=ORIENTED_EDGE('',*,*,#13688,.T.);
#13691=ORIENTED_EDGE('',*,*,#13690,.T.);
#13693=ORIENTED_EDGE('',*,*,#13692,.T.);
#13694=ORIENTED_EDGE('',*,*,#13673,.T.);
#13695=EDGE_LOOP('',(#13686,#13687,#13689,#13691,#13693,#13694));
#13696=FACE_OUTER_BOUND('',#13695,.F.);
#13697=ADVANCED_FACE('',(#13696),#13685,.T.);
#13698=CARTESIAN_POINT('',(-3.2426734E1,6.123628E0,2.299287745611E0));
#13699=DIRECTION('',(7.071067811865E-1,0.E0,-7.071067811865E-1));
#13700=DIRECTION('',(-7.071067811865E-1,0.E0,-7.071067811865E-1));
#13701=AXIS2_PLACEMENT_3D('',#13698,#13699,#13700);
#13702=PLANE('',#13701);
#13703=ORIENTED_EDGE('',*,*,#13688,.F.);
#13704=ORIENTED_EDGE('',*,*,#13583,.T.);
#13705=ORIENTED_EDGE('',*,*,#13601,.T.);
#13706=ORIENTED_EDGE('',*,*,#13616,.T.);
#13708=ORIENTED_EDGE('',*,*,#13707,.F.);
#13710=ORIENTED_EDGE('',*,*,#13709,.T.);
#13711=EDGE_LOOP('',(#13703,#13704,#13705,#13706,#13708,#13710));
#13712=FACE_OUTER_BOUND('',#13711,.F.);
#13713=ADVANCED_FACE('',(#13712),#13702,.T.);
#13714=CARTESIAN_POINT('',(-3.2788734E1,6.460628E0,2.299287745611E0));
#13715=DIRECTION('',(0.E0,7.071067811865E-1,-7.071067811865E-1));
#13716=DIRECTION('',(0.E0,-7.071067811865E-1,-7.071067811865E-1));
#13717=AXIS2_PLACEMENT_3D('',#13714,#13715,#13716);
#13718=PLANE('',#13717);
#13719=ORIENTED_EDGE('',*,*,#13630,.T.);
#13720=ORIENTED_EDGE('',*,*,#13645,.T.);
#13722=ORIENTED_EDGE('',*,*,#13721,.T.);
#13724=ORIENTED_EDGE('',*,*,#13723,.T.);
#13725=ORIENTED_EDGE('',*,*,#13707,.T.);
#13726=ORIENTED_EDGE('',*,*,#13614,.T.);
#13727=EDGE_LOOP('',(#13719,#13720,#13722,#13724,#13725,#13726));
#13728=FACE_OUTER_BOUND('',#13727,.F.);
#13729=ADVANCED_FACE('',(#13728),#13718,.T.);
#13730=CARTESIAN_POINT('',(-3.3150734E1,6.123628E0,2.299287745611E0));
#13731=DIRECTION('',(-7.071067811865E-1,0.E0,-7.071067811865E-1));
#13732=DIRECTION('',(7.071067811865E-1,0.E0,-7.071067811865E-1));
#13733=AXIS2_PLACEMENT_3D('',#13730,#13731,#13732);
#13734=PLANE('',#13733);
#13735=ORIENTED_EDGE('',*,*,#13721,.F.);
#13736=ORIENTED_EDGE('',*,*,#13643,.T.);
#13737=ORIENTED_EDGE('',*,*,#13660,.T.);
#13738=ORIENTED_EDGE('',*,*,#13675,.T.);
#13739=ORIENTED_EDGE('',*,*,#13692,.F.);
#13741=ORIENTED_EDGE('',*,*,#13740,.T.);
#13742=EDGE_LOOP('',(#13735,#13736,#13737,#13738,#13739,#13741));
#13743=FACE_OUTER_BOUND('',#13742,.F.);
#13744=ADVANCED_FACE('',(#13743),#13734,.T.);
#13745=CARTESIAN_POINT('',(-3.245604474478E1,4.928789446054E0,
2.099287745611E0));
#13746=DIRECTION('',(0.E0,0.E0,-1.E0));
#13747=DIRECTION('',(-1.E0,0.E0,0.E0));
#13748=AXIS2_PLACEMENT_3D('',#13745,#13746,#13747);
#13749=PLANE('',#13748);
#13750=ORIENTED_EDGE('',*,*,#13740,.F.);
#13751=ORIENTED_EDGE('',*,*,#13690,.F.);
#13752=ORIENTED_EDGE('',*,*,#13709,.F.);
#13753=ORIENTED_EDGE('',*,*,#13723,.F.);
#13754=EDGE_LOOP('',(#13750,#13751,#13752,#13753));
#13755=FACE_OUTER_BOUND('',#13754,.F.);
#13756=ADVANCED_FACE('',(#13755),#13749,.T.);
#13757=CARTESIAN_POINT('',(-2.720516994685E1,-2.421599418830E0,-2.0516E0));
#13758=DIRECTION('',(0.E0,-7.071067811865E-1,7.071067811865E-1));
#13759=DIRECTION('',(0.E0,-7.071067811865E-1,-7.071067811865E-1));
#13760=AXIS2_PLACEMENT_3D('',#13757,#13758,#13759);
#13761=PLANE('',#13760);
#13763=ORIENTED_EDGE('',*,*,#13762,.T.);
#13765=ORIENTED_EDGE('',*,*,#13764,.T.);
#13766=ORIENTED_EDGE('',*,*,#7677,.F.);
#13768=ORIENTED_EDGE('',*,*,#13767,.T.);
#13769=EDGE_LOOP('',(#13763,#13765,#13766,#13768));
#13770=FACE_OUTER_BOUND('',#13769,.F.);
#13771=ADVANCED_FACE('',(#13770),#13761,.F.);
#13772=CARTESIAN_POINT('',(-2.831966340232E1,-2.346199418830E0,
-2.127000032842E0));
#13773=DIRECTION('',(0.E0,1.E0,0.E0));
#13774=DIRECTION('',(-1.E0,0.E0,0.E0));
#13775=AXIS2_PLACEMENT_3D('',#13772,#13773,#13774);
#13776=PLANE('',#13775);
#13778=ORIENTED_EDGE('',*,*,#13777,.F.);
#13779=ORIENTED_EDGE('',*,*,#13762,.F.);
#13781=ORIENTED_EDGE('',*,*,#13780,.F.);
#13783=ORIENTED_EDGE('',*,*,#13782,.T.);
#13784=EDGE_LOOP('',(#13778,#13779,#13781,#13783));
#13785=FACE_OUTER_BOUND('',#13784,.F.);
#13786=ADVANCED_FACE('',(#13785),#13776,.T.);
#13787=CARTESIAN_POINT('',(-2.967866436053E1,2.764575418830E0,
-2.127000032842E0));
#13788=DIRECTION('',(1.E0,0.E0,0.E0));
#13789=DIRECTION('',(0.E0,1.E0,0.E0));
#13790=AXIS2_PLACEMENT_3D('',#13787,#13788,#13789);
#13791=PLANE('',#13790);
#13793=ORIENTED_EDGE('',*,*,#13792,.F.);
#13794=ORIENTED_EDGE('',*,*,#13777,.T.);
#13796=ORIENTED_EDGE('',*,*,#13795,.T.);
#13798=ORIENTED_EDGE('',*,*,#13797,.T.);
#13799=EDGE_LOOP('',(#13793,#13794,#13796,#13798));
#13800=FACE_OUTER_BOUND('',#13799,.F.);
#13801=ADVANCED_FACE('',(#13800),#13791,.T.);
#13802=CARTESIAN_POINT('',(-2.970562786398E1,8.520830688344E-1,
-2.002004759617E0));
#13803=DIRECTION('',(7.040147244560E-1,0.E0,-7.101853756233E-1));
#13804=DIRECTION('',(7.101853756233E-1,0.E0,7.040147244560E-1));
#13805=AXIS2_PLACEMENT_3D('',#13802,#13803,#13804);
#13806=PLANE('',#13805);
#13807=ORIENTED_EDGE('',*,*,#13764,.F.);
#13808=ORIENTED_EDGE('',*,*,#13792,.T.);
#13810=ORIENTED_EDGE('',*,*,#13809,.F.);
#13811=ORIENTED_EDGE('',*,*,#7679,.F.);
#13812=EDGE_LOOP('',(#13807,#13808,#13810,#13811));
#13813=FACE_OUTER_BOUND('',#13812,.F.);
#13814=ADVANCED_FACE('',(#13813),#13806,.T.);
#13815=CARTESIAN_POINT('',(-2.7088734E1,2.791538922282E0,-2.002004759617E0));
#13816=DIRECTION('',(0.E0,-7.040147244560E-1,-7.101853756233E-1));
#13817=DIRECTION('',(0.E0,-7.101853756233E-1,7.040147244560E-1));
#13818=AXIS2_PLACEMENT_3D('',#13815,#13816,#13817);
#13819=PLANE('',#13818);
#13821=ORIENTED_EDGE('',*,*,#13820,.T.);
#13823=ORIENTED_EDGE('',*,*,#13822,.T.);
#13824=ORIENTED_EDGE('',*,*,#7681,.F.);
#13825=ORIENTED_EDGE('',*,*,#13809,.T.);
#13826=EDGE_LOOP('',(#13821,#13823,#13824,#13825));
#13827=FACE_OUTER_BOUND('',#13826,.F.);
#13828=ADVANCED_FACE('',(#13827),#13819,.T.);
#13829=CARTESIAN_POINT('',(-2.449880363947E1,2.764575418830E0,
-2.127000032842E0));
#13830=DIRECTION('',(0.E0,-1.E0,0.E0));
#13831=DIRECTION('',(1.E0,0.E0,0.E0));
#13832=AXIS2_PLACEMENT_3D('',#13829,#13830,#13831);
#13833=PLANE('',#13832);
#13834=ORIENTED_EDGE('',*,*,#13820,.F.);
#13835=ORIENTED_EDGE('',*,*,#13797,.F.);
#13837=ORIENTED_EDGE('',*,*,#13836,.T.);
#13839=ORIENTED_EDGE('',*,*,#13838,.T.);
#13840=EDGE_LOOP('',(#13834,#13835,#13837,#13839));
#13841=FACE_OUTER_BOUND('',#13840,.F.);
#13842=ADVANCED_FACE('',(#13841),#13833,.T.);
#13843=CARTESIAN_POINT('',(-1.777181485501E1,-6.0319924E0,8.972999999999E0));
#13844=DIRECTION('',(0.E0,0.E0,1.E0));
#13845=DIRECTION('',(-1.E0,0.E0,0.E0));
#13846=AXIS2_PLACEMENT_3D('',#13843,#13844,#13845);
#13847=PLANE('',#13846);
#13848=ORIENTED_EDGE('',*,*,#13795,.F.);
#13849=ORIENTED_EDGE('',*,*,#13782,.F.);
#13851=ORIENTED_EDGE('',*,*,#13850,.F.);
#13853=ORIENTED_EDGE('',*,*,#13852,.F.);
#13854=ORIENTED_EDGE('',*,*,#13836,.F.);
#13855=EDGE_LOOP('',(#13848,#13849,#13851,#13853,#13854));
#13856=FACE_OUTER_BOUND('',#13855,.F.);
#13858=ORIENTED_EDGE('',*,*,#13857,.F.);
#13860=ORIENTED_EDGE('',*,*,#13859,.F.);
#13862=ORIENTED_EDGE('',*,*,#13861,.F.);
#13864=ORIENTED_EDGE('',*,*,#13863,.F.);
#13866=ORIENTED_EDGE('',*,*,#13865,.F.);
#13868=ORIENTED_EDGE('',*,*,#13867,.F.);
#13870=ORIENTED_EDGE('',*,*,#13869,.F.);
#13872=ORIENTED_EDGE('',*,*,#13871,.F.);
#13873=EDGE_LOOP('',(#13858,#13860,#13862,#13864,#13866,#13868,#13870,#13872));
#13874=FACE_BOUND('',#13873,.F.);
#13875=ADVANCED_FACE('',(#13856,#13874),#13847,.F.);
#13876=CARTESIAN_POINT('',(-2.517830363947E1,-1.666699418830E0,
3.422999999999E0));
#13877=DIRECTION('',(-7.071067811865E-1,7.071067811865E-1,0.E0));
#13878=DIRECTION('',(-7.071067811865E-1,-7.071067811865E-1,0.E0));
#13879=AXIS2_PLACEMENT_3D('',#13876,#13877,#13878);
#13880=PLANE('',#13879);
#13882=ORIENTED_EDGE('',*,*,#13881,.T.);
#13884=ORIENTED_EDGE('',*,*,#13883,.F.);
#13885=ORIENTED_EDGE('',*,*,#13850,.T.);
#13886=ORIENTED_EDGE('',*,*,#13780,.T.);
#13887=EDGE_LOOP('',(#13882,#13884,#13885,#13886));
#13888=FACE_OUTER_BOUND('',#13887,.F.);
#13889=ADVANCED_FACE('',(#13888),#13880,.T.);
#13890=CARTESIAN_POINT('',(-2.512498778817E1,-1.720015270132E0,-2.0516E0));
#13891=DIRECTION('',(-5.E-1,5.E-1,-7.071067811865E-1));
#13892=DIRECTION('',(5.E-1,-5.E-1,-7.071067811865E-1));
#13893=AXIS2_PLACEMENT_3D('',#13890,#13891,#13892);
#13894=PLANE('',#13893);
#13895=ORIENTED_EDGE('',*,*,#13881,.F.);
#13896=ORIENTED_EDGE('',*,*,#13767,.F.);
#13897=ORIENTED_EDGE('',*,*,#7685,.T.);
#13899=ORIENTED_EDGE('',*,*,#13898,.F.);
#13900=EDGE_LOOP('',(#13895,#13896,#13897,#13899));
#13901=FACE_OUTER_BOUND('',#13900,.F.);
#13902=ADVANCED_FACE('',(#13901),#13894,.T.);
#13903=CARTESIAN_POINT('',(-2.442340363947E1,9.652151601946E-1,-2.0516E0));
#13904=DIRECTION('',(-7.071067811865E-1,0.E0,-7.071067811865E-1));
#13905=DIRECTION('',(-7.071067811865E-1,0.E0,7.071067811865E-1));
#13906=AXIS2_PLACEMENT_3D('',#13903,#13904,#13905);
#13907=PLANE('',#13906);
#13908=ORIENTED_EDGE('',*,*,#7683,.F.);
#13909=ORIENTED_EDGE('',*,*,#13822,.F.);
#13911=ORIENTED_EDGE('',*,*,#13910,.T.);
#13912=ORIENTED_EDGE('',*,*,#13898,.T.);
#13913=EDGE_LOOP('',(#13908,#13909,#13911,#13912));
#13914=FACE_OUTER_BOUND('',#13913,.F.);
#13915=ADVANCED_FACE('',(#13914),#13907,.T.);
#13916=CARTESIAN_POINT('',(-2.449880363947E1,-2.346199418830E0,
-2.127000032842E0));
#13917=DIRECTION('',(-1.E0,0.E0,0.E0));
#13918=DIRECTION('',(0.E0,-1.E0,0.E0));
#13919=AXIS2_PLACEMENT_3D('',#13916,#13917,#13918);
#13920=PLANE('',#13919);
#13921=ORIENTED_EDGE('',*,*,#13883,.T.);
#13922=ORIENTED_EDGE('',*,*,#13910,.F.);
#13923=ORIENTED_EDGE('',*,*,#13838,.F.);
#13924=ORIENTED_EDGE('',*,*,#13852,.T.);
#13925=EDGE_LOOP('',(#13921,#13922,#13923,#13924));
#13926=FACE_OUTER_BOUND('',#13925,.F.);
#13927=ADVANCED_FACE('',(#13926),#13920,.T.);
#13928=CARTESIAN_POINT('',(-2.6609302E1,9.60628E-1,1.267299999747E1));
#13929=DIRECTION('',(0.E0,1.E0,0.E0));
#13930=DIRECTION('',(1.E0,0.E0,0.E0));
#13931=AXIS2_PLACEMENT_3D('',#13928,#13929,#13930);
#13932=PLANE('',#13931);
#13933=ORIENTED_EDGE('',*,*,#13857,.T.);
#13935=ORIENTED_EDGE('',*,*,#13934,.T.);
#13937=ORIENTED_EDGE('',*,*,#13936,.F.);
#13939=ORIENTED_EDGE('',*,*,#13938,.T.);
#13940=EDGE_LOOP('',(#13933,#13935,#13937,#13939));
#13941=FACE_OUTER_BOUND('',#13940,.F.);
#13942=ADVANCED_FACE('',(#13941),#13932,.T.);
#13943=CARTESIAN_POINT('',(-2.7553302E1,8.60628E-1,-1.500000025257E-1));
#13944=DIRECTION('',(0.E0,0.E0,1.E0));
#13945=DIRECTION('',(1.E0,0.E0,0.E0));
#13946=AXIS2_PLACEMENT_3D('',#13943,#13944,#13945);
#13947=CYLINDRICAL_SURFACE('',#13946,1.E-1);
#13948=ORIENTED_EDGE('',*,*,#13871,.T.);
#13950=ORIENTED_EDGE('',*,*,#13949,.F.);
#13952=ORIENTED_EDGE('',*,*,#13951,.F.);
#13954=ORIENTED_EDGE('',*,*,#13953,.F.);
#13955=ORIENTED_EDGE('',*,*,#13934,.F.);
#13956=EDGE_LOOP('',(#13948,#13950,#13952,#13954,#13955));
#13957=FACE_OUTER_BOUND('',#13956,.F.);
#13958=ADVANCED_FACE('',(#13957),#13947,.T.);
#13959=CARTESIAN_POINT('',(-2.7653302E1,8.186993923556E-1,1.267299999747E1));
#13960=DIRECTION('',(-1.E0,0.E0,0.E0));
#13961=DIRECTION('',(0.E0,1.E0,0.E0));
#13962=AXIS2_PLACEMENT_3D('',#13959,#13960,#13961);
#13963=PLANE('',#13962);
#13964=ORIENTED_EDGE('',*,*,#13869,.T.);
#13966=ORIENTED_EDGE('',*,*,#13965,.T.);
#13968=ORIENTED_EDGE('',*,*,#13967,.F.);
#13969=ORIENTED_EDGE('',*,*,#13949,.T.);
#13970=EDGE_LOOP('',(#13964,#13966,#13968,#13969));
#13971=FACE_OUTER_BOUND('',#13970,.F.);
#13972=ADVANCED_FACE('',(#13971),#13963,.T.);
#13973=CARTESIAN_POINT('',(-2.7553302E1,-6.337199999999E-2,-1.500000025257E-1));
#13974=DIRECTION('',(0.E0,0.E0,1.E0));
#13975=DIRECTION('',(1.E0,0.E0,0.E0));
#13976=AXIS2_PLACEMENT_3D('',#13973,#13974,#13975);
#13977=CYLINDRICAL_SURFACE('',#13976,1.E-1);
#13978=ORIENTED_EDGE('',*,*,#13867,.T.);
#13980=ORIENTED_EDGE('',*,*,#13979,.F.);
#13982=ORIENTED_EDGE('',*,*,#13981,.F.);
#13984=ORIENTED_EDGE('',*,*,#13983,.F.);
#13985=ORIENTED_EDGE('',*,*,#13965,.F.);
#13986=EDGE_LOOP('',(#13978,#13980,#13982,#13984,#13985));
#13987=FACE_OUTER_BOUND('',#13986,.F.);
#13988=ADVANCED_FACE('',(#13987),#13977,.T.);
#13989=CARTESIAN_POINT('',(-2.6609302E1,-1.63372E-1,8.972999997474E0));
#13990=DIRECTION('',(0.E0,-1.E0,0.E0));
#13991=DIRECTION('',(1.E0,0.E0,0.E0));
#13992=AXIS2_PLACEMENT_3D('',#13989,#13990,#13991);
#13993=PLANE('',#13992);
#13994=ORIENTED_EDGE('',*,*,#13865,.T.);
#13996=ORIENTED_EDGE('',*,*,#13995,.T.);
#13998=ORIENTED_EDGE('',*,*,#13997,.T.);
#13999=ORIENTED_EDGE('',*,*,#13979,.T.);
#14000=EDGE_LOOP('',(#13994,#13996,#13998,#13999));
#14001=FACE_OUTER_BOUND('',#14000,.F.);
#14002=ADVANCED_FACE('',(#14001),#13993,.T.);
#14003=CARTESIAN_POINT('',(-2.6629302E1,-6.337199999999E-2,-1.500000025257E-1));
#14004=DIRECTION('',(0.E0,0.E0,1.E0));
#14005=DIRECTION('',(1.E0,0.E0,0.E0));
#14006=AXIS2_PLACEMENT_3D('',#14003,#14004,#14005);
#14007=CYLINDRICAL_SURFACE('',#14006,1.E-1);
#14008=ORIENTED_EDGE('',*,*,#13863,.T.);
#14010=ORIENTED_EDGE('',*,*,#14009,.F.);
#14012=ORIENTED_EDGE('',*,*,#14011,.F.);
#14014=ORIENTED_EDGE('',*,*,#14013,.F.);
#14015=ORIENTED_EDGE('',*,*,#13995,.F.);
#14016=EDGE_LOOP('',(#14008,#14010,#14012,#14014,#14015));
#14017=FACE_OUTER_BOUND('',#14016,.F.);
#14018=ADVANCED_FACE('',(#14017),#14007,.T.);
#14019=CARTESIAN_POINT('',(-2.6529302E1,-4.89999E0,2.256500003033E1));
#14020=DIRECTION('',(1.E0,0.E0,0.E0));
#14021=DIRECTION('',(0.E0,0.E0,1.E0));
#14022=AXIS2_PLACEMENT_3D('',#14019,#14020,#14021);
#14023=PLANE('',#14022);
#14024=ORIENTED_EDGE('',*,*,#13861,.T.);
#14026=ORIENTED_EDGE('',*,*,#14025,.T.);
#14028=ORIENTED_EDGE('',*,*,#14027,.F.);
#14029=ORIENTED_EDGE('',*,*,#14009,.T.);
#14030=EDGE_LOOP('',(#14024,#14026,#14028,#14029));
#14031=FACE_OUTER_BOUND('',#14030,.F.);
#14032=ADVANCED_FACE('',(#14031),#14023,.T.);
#14033=CARTESIAN_POINT('',(-2.6629302E1,8.60628E-1,-1.500000025257E-1));
#14034=DIRECTION('',(0.E0,0.E0,1.E0));
#14035=DIRECTION('',(1.E0,0.E0,0.E0));
#14036=AXIS2_PLACEMENT_3D('',#14033,#14034,#14035);
#14037=CYLINDRICAL_SURFACE('',#14036,1.E-1);
#14038=ORIENTED_EDGE('',*,*,#13859,.T.);
#14039=ORIENTED_EDGE('',*,*,#13938,.F.);
#14041=ORIENTED_EDGE('',*,*,#14040,.F.);
#14043=ORIENTED_EDGE('',*,*,#14042,.F.);
#14044=ORIENTED_EDGE('',*,*,#14025,.F.);
#14045=EDGE_LOOP('',(#14038,#14039,#14041,#14043,#14044));
#14046=FACE_OUTER_BOUND('',#14045,.F.);
#14047=ADVANCED_FACE('',(#14046),#14037,.T.);
#14048=CARTESIAN_POINT('',(-2.7091302E1,7.60628E-1,2.299287745611E0));
#14049=DIRECTION('',(0.E0,7.071067811865E-1,-7.071067811865E-1));
#14050=DIRECTION('',(0.E0,-7.071067811865E-1,-7.071067811865E-1));
#14051=AXIS2_PLACEMENT_3D('',#14048,#14049,#14050);
#14052=PLANE('',#14051);
#14053=ORIENTED_EDGE('',*,*,#13936,.T.);
#14054=ORIENTED_EDGE('',*,*,#13953,.T.);
#14056=ORIENTED_EDGE('',*,*,#14055,.T.);
#14058=ORIENTED_EDGE('',*,*,#14057,.T.);
#14060=ORIENTED_EDGE('',*,*,#14059,.T.);
#14061=ORIENTED_EDGE('',*,*,#14040,.T.);
#14062=EDGE_LOOP('',(#14053,#14054,#14056,#14058,#14060,#14061));
#14063=FACE_OUTER_BOUND('',#14062,.F.);
#14064=ADVANCED_FACE('',(#14063),#14052,.T.);
#14065=CARTESIAN_POINT('',(-2.7453302E1,4.23628E-1,2.299287745611E0));
#14066=DIRECTION('',(-7.071067811865E-1,0.E0,-7.071067811865E-1));
#14067=DIRECTION('',(-7.071067811865E-1,0.E0,7.071067811865E-1));
#14068=AXIS2_PLACEMENT_3D('',#14065,#14066,#14067);
#14069=PLANE('',#14068);
#14070=ORIENTED_EDGE('',*,*,#14055,.F.);
#14071=ORIENTED_EDGE('',*,*,#13951,.T.);
#14072=ORIENTED_EDGE('',*,*,#13967,.T.);
#14073=ORIENTED_EDGE('',*,*,#13983,.T.);
#14075=ORIENTED_EDGE('',*,*,#14074,.F.);
#14077=ORIENTED_EDGE('',*,*,#14076,.F.);
#14078=EDGE_LOOP('',(#14070,#14071,#14072,#14073,#14075,#14077));
#14079=FACE_OUTER_BOUND('',#14078,.F.);
#14080=ADVANCED_FACE('',(#14079),#14069,.T.);
#14081=CARTESIAN_POINT('',(-2.7091302E1,3.662800000001E-2,2.299287745611E0));
#14082=DIRECTION('',(0.E0,-7.071067811865E-1,-7.071067811865E-1));
#14083=DIRECTION('',(0.E0,7.071067811865E-1,-7.071067811865E-1));
#14084=AXIS2_PLACEMENT_3D('',#14081,#14082,#14083);
#14085=PLANE('',#14084);
#14086=ORIENTED_EDGE('',*,*,#13997,.F.);
#14087=ORIENTED_EDGE('',*,*,#14013,.T.);
#14089=ORIENTED_EDGE('',*,*,#14088,.T.);
#14091=ORIENTED_EDGE('',*,*,#14090,.T.);
#14092=ORIENTED_EDGE('',*,*,#14074,.T.);
#14093=ORIENTED_EDGE('',*,*,#13981,.T.);
#14094=EDGE_LOOP('',(#14086,#14087,#14089,#14091,#14092,#14093));
#14095=FACE_OUTER_BOUND('',#14094,.F.);
#14096=ADVANCED_FACE('',(#14095),#14085,.T.);
#14097=CARTESIAN_POINT('',(-2.6729302E1,4.23628E-1,2.299287745611E0));
#14098=DIRECTION('',(7.071067811865E-1,0.E0,-7.071067811865E-1));
#14099=DIRECTION('',(7.071067811865E-1,0.E0,7.071067811865E-1));
#14100=AXIS2_PLACEMENT_3D('',#14097,#14098,#14099);
#14101=PLANE('',#14100);
#14102=ORIENTED_EDGE('',*,*,#14088,.F.);
#14103=ORIENTED_EDGE('',*,*,#14011,.T.);
#14104=ORIENTED_EDGE('',*,*,#14027,.T.);
#14105=ORIENTED_EDGE('',*,*,#14042,.T.);
#14106=ORIENTED_EDGE('',*,*,#14059,.F.);
#14108=ORIENTED_EDGE('',*,*,#14107,.F.);
#14109=EDGE_LOOP('',(#14102,#14103,#14104,#14105,#14106,#14108));
#14110=FACE_OUTER_BOUND('',#14109,.F.);
#14111=ADVANCED_FACE('',(#14110),#14101,.T.);
#14112=CARTESIAN_POINT('',(-2.675861274478E1,-7.712105539455E-1,
2.099287745611E0));
#14113=DIRECTION('',(0.E0,0.E0,-1.E0));
#14114=DIRECTION('',(-1.E0,0.E0,0.E0));
#14115=AXIS2_PLACEMENT_3D('',#14112,#14113,#14114);
#14116=PLANE('',#14115);
#14117=ORIENTED_EDGE('',*,*,#14107,.T.);
#14118=ORIENTED_EDGE('',*,*,#14057,.F.);
#14119=ORIENTED_EDGE('',*,*,#14076,.T.);
#14120=ORIENTED_EDGE('',*,*,#14090,.F.);
#14121=EDGE_LOOP('',(#14117,#14118,#14119,#14120));
#14122=FACE_OUTER_BOUND('',#14121,.F.);
#14123=ADVANCED_FACE('',(#14122),#14116,.T.);
#14124=CARTESIAN_POINT('',(-1.302340363947E1,9.652151601946E-1,-2.0516E0));
#14125=DIRECTION('',(-7.071067811865E-1,0.E0,-7.071067811865E-1));
#14126=DIRECTION('',(-7.071067811865E-1,0.E0,7.071067811865E-1));
#14127=AXIS2_PLACEMENT_3D('',#14124,#14125,#14126);
#14128=PLANE('',#14127);
#14130=ORIENTED_EDGE('',*,*,#14129,.F.);
#14131=ORIENTED_EDGE('',*,*,#7689,.F.);
#14133=ORIENTED_EDGE('',*,*,#14132,.F.);
#14135=ORIENTED_EDGE('',*,*,#14134,.T.);
#14136=EDGE_LOOP('',(#14130,#14131,#14133,#14135));
#14137=FACE_OUTER_BOUND('',#14136,.F.);
#14138=ADVANCED_FACE('',(#14137),#14128,.T.);
#14139=CARTESIAN_POINT('',(-1.580516994685E1,-2.421599418830E0,-2.0516E0));
#14140=DIRECTION('',(0.E0,-7.071067811865E-1,7.071067811865E-1));
#14141=DIRECTION('',(0.E0,-7.071067811865E-1,-7.071067811865E-1));
#14142=AXIS2_PLACEMENT_3D('',#14139,#14140,#14141);
#14143=PLANE('',#14142);
#14144=ORIENTED_EDGE('',*,*,#7691,.F.);
#14145=ORIENTED_EDGE('',*,*,#14129,.T.);
#14147=ORIENTED_EDGE('',*,*,#14146,.T.);
#14149=ORIENTED_EDGE('',*,*,#14148,.F.);
#14150=EDGE_LOOP('',(#14144,#14145,#14147,#14149));
#14151=FACE_OUTER_BOUND('',#14150,.F.);
#14152=ADVANCED_FACE('',(#14151),#14143,.F.);
#14153=CARTESIAN_POINT('',(-1.691966340232E1,-2.346199418830E0,
-2.127000032842E0));
#14154=DIRECTION('',(0.E0,1.E0,0.E0));
#14155=DIRECTION('',(-1.E0,0.E0,0.E0));
#14156=AXIS2_PLACEMENT_3D('',#14153,#14154,#14155);
#14157=PLANE('',#14156);
#14158=ORIENTED_EDGE('',*,*,#14146,.F.);
#14160=ORIENTED_EDGE('',*,*,#14159,.T.);
#14162=ORIENTED_EDGE('',*,*,#14161,.T.);
#14164=ORIENTED_EDGE('',*,*,#14163,.T.);
#14166=ORIENTED_EDGE('',*,*,#14165,.F.);
#14167=EDGE_LOOP('',(#14158,#14160,#14162,#14164,#14166));
#14168=FACE_OUTER_BOUND('',#14167,.F.);
#14169=ADVANCED_FACE('',(#14168),#14157,.T.);
#14170=CARTESIAN_POINT('',(-1.309880363947E1,-2.346199418830E0,
-2.127000032842E0));
#14171=DIRECTION('',(-1.E0,0.E0,0.E0));
#14172=DIRECTION('',(0.E0,-1.E0,0.E0));
#14173=AXIS2_PLACEMENT_3D('',#14170,#14171,#14172);
#14174=PLANE('',#14173);
#14175=ORIENTED_EDGE('',*,*,#14159,.F.);
#14176=ORIENTED_EDGE('',*,*,#14134,.F.);
#14178=ORIENTED_EDGE('',*,*,#14177,.F.);
#14180=ORIENTED_EDGE('',*,*,#14179,.T.);
#14181=EDGE_LOOP('',(#14175,#14176,#14178,#14180));
#14182=FACE_OUTER_BOUND('',#14181,.F.);
#14183=ADVANCED_FACE('',(#14182),#14174,.T.);
#14184=CARTESIAN_POINT('',(-1.309880363947E1,2.764575418830E0,
-2.127000032842E0));
#14185=DIRECTION('',(0.E0,-1.E0,0.E0));
#14186=DIRECTION('',(1.E0,0.E0,0.E0));
#14187=AXIS2_PLACEMENT_3D('',#14184,#14185,#14186);
#14188=PLANE('',#14187);
#14190=ORIENTED_EDGE('',*,*,#14189,.F.);
#14192=ORIENTED_EDGE('',*,*,#14191,.F.);
#14194=ORIENTED_EDGE('',*,*,#14193,.T.);
#14195=ORIENTED_EDGE('',*,*,#14177,.T.);
#14196=EDGE_LOOP('',(#14190,#14192,#14194,#14195));
#14197=FACE_OUTER_BOUND('',#14196,.F.);
#14198=ADVANCED_FACE('',(#14197),#14188,.T.);
#14199=CARTESIAN_POINT('',(-1.5688734E1,2.791538922282E0,-2.002004759617E0));
#14200=DIRECTION('',(0.E0,-7.040147244560E-1,-7.101853756233E-1));
#14201=DIRECTION('',(0.E0,-7.101853756233E-1,7.040147244560E-1));
#14202=AXIS2_PLACEMENT_3D('',#14199,#14200,#14201);
#14203=PLANE('',#14202);
#14204=ORIENTED_EDGE('',*,*,#14189,.T.);
#14205=ORIENTED_EDGE('',*,*,#14132,.T.);
#14206=ORIENTED_EDGE('',*,*,#7697,.F.);
#14208=ORIENTED_EDGE('',*,*,#14207,.T.);
#14209=EDGE_LOOP('',(#14204,#14205,#14206,#14208));
#14210=FACE_OUTER_BOUND('',#14209,.F.);
#14211=ADVANCED_FACE('',(#14210),#14203,.T.);
#14212=CARTESIAN_POINT('',(-1.830562786398E1,8.520830688344E-1,
-2.002004759617E0));
#14213=DIRECTION('',(7.040147244560E-1,0.E0,-7.101853756233E-1));
#14214=DIRECTION('',(7.101853756233E-1,0.E0,7.040147244560E-1));
#14215=AXIS2_PLACEMENT_3D('',#14212,#14213,#14214);
#14216=PLANE('',#14215);
#14217=ORIENTED_EDGE('',*,*,#7695,.F.);
#14219=ORIENTED_EDGE('',*,*,#14218,.T.);
#14221=ORIENTED_EDGE('',*,*,#14220,.T.);
#14223=ORIENTED_EDGE('',*,*,#14222,.T.);
#14224=ORIENTED_EDGE('',*,*,#14207,.F.);
#14225=EDGE_LOOP('',(#14217,#14219,#14221,#14223,#14224));
#14226=FACE_OUTER_BOUND('',#14225,.F.);
#14227=ADVANCED_FACE('',(#14226),#14216,.T.);
#14228=CARTESIAN_POINT('',(-1.762644063568E1,-1.693975693980E0,
-2.002004759617E0));
#14229=DIRECTION('',(-4.978135857180E-1,-4.978135857180E-1,7.101853756233E-1));
#14230=DIRECTION('',(-5.021768950027E-1,-5.021768950027E-1,-7.040147244560E-1));
#14231=AXIS2_PLACEMENT_3D('',#14228,#14229,#14230);
#14232=PLANE('',#14231);
#14233=ORIENTED_EDGE('',*,*,#14165,.T.);
#14235=ORIENTED_EDGE('',*,*,#14234,.F.);
#14236=ORIENTED_EDGE('',*,*,#14218,.F.);
#14237=ORIENTED_EDGE('',*,*,#7693,.T.);
#14238=ORIENTED_EDGE('',*,*,#14148,.T.);
#14239=EDGE_LOOP('',(#14233,#14235,#14236,#14237,#14238));
#14240=FACE_OUTER_BOUND('',#14239,.F.);
#14241=ADVANCED_FACE('',(#14240),#14232,.F.);
#14242=CARTESIAN_POINT('',(-1.827866436053E1,-9.871984606215E-1,
-2.127000032842E0));
#14243=DIRECTION('',(7.071067811865E-1,7.071067811865E-1,0.E0));
#14244=DIRECTION('',(-7.071067811865E-1,7.071067811865E-1,0.E0));
#14245=AXIS2_PLACEMENT_3D('',#14242,#14243,#14244);
#14246=PLANE('',#14245);
#14247=ORIENTED_EDGE('',*,*,#14234,.T.);
#14248=ORIENTED_EDGE('',*,*,#14163,.F.);
#14250=ORIENTED_EDGE('',*,*,#14249,.T.);
#14252=ORIENTED_EDGE('',*,*,#14251,.T.);
#14253=ORIENTED_EDGE('',*,*,#14220,.F.);
#14254=EDGE_LOOP('',(#14247,#14248,#14250,#14252,#14253));
#14255=FACE_OUTER_BOUND('',#14254,.F.);
#14256=ADVANCED_FACE('',(#14255),#14246,.T.);
#14257=CARTESIAN_POINT('',(-6.371814855012E0,-6.0319924E0,8.972999999999E0));
#14258=DIRECTION('',(0.E0,0.E0,1.E0));
#14259=DIRECTION('',(-1.E0,0.E0,0.E0));
#14260=AXIS2_PLACEMENT_3D('',#14257,#14258,#14259);
#14261=PLANE('',#14260);
#14262=ORIENTED_EDGE('',*,*,#14161,.F.);
#14263=ORIENTED_EDGE('',*,*,#14179,.F.);
#14264=ORIENTED_EDGE('',*,*,#14193,.F.);
#14266=ORIENTED_EDGE('',*,*,#14265,.F.);
#14267=ORIENTED_EDGE('',*,*,#14249,.F.);
#14268=EDGE_LOOP('',(#14262,#14263,#14264,#14266,#14267));
#14269=FACE_OUTER_BOUND('',#14268,.F.);
#14271=ORIENTED_EDGE('',*,*,#14270,.F.);
#14273=ORIENTED_EDGE('',*,*,#14272,.F.);
#14275=ORIENTED_EDGE('',*,*,#14274,.F.);
#14277=ORIENTED_EDGE('',*,*,#14276,.F.);
#14279=ORIENTED_EDGE('',*,*,#14278,.F.);
#14281=ORIENTED_EDGE('',*,*,#14280,.F.);
#14283=ORIENTED_EDGE('',*,*,#14282,.F.);
#14285=ORIENTED_EDGE('',*,*,#14284,.F.);
#14286=EDGE_LOOP('',(#14271,#14273,#14275,#14277,#14279,#14281,#14283,#14285));
#14287=FACE_BOUND('',#14286,.F.);
#14288=ADVANCED_FACE('',(#14269,#14287),#14261,.F.);
#14289=CARTESIAN_POINT('',(-1.827866436053E1,2.764575418830E0,
-2.127000032842E0));
#14290=DIRECTION('',(1.E0,0.E0,0.E0));
#14291=DIRECTION('',(0.E0,1.E0,0.E0));
#14292=AXIS2_PLACEMENT_3D('',#14289,#14290,#14291);
#14293=PLANE('',#14292);
#14294=ORIENTED_EDGE('',*,*,#14222,.F.);
#14295=ORIENTED_EDGE('',*,*,#14251,.F.);
#14296=ORIENTED_EDGE('',*,*,#14265,.T.);
#14297=ORIENTED_EDGE('',*,*,#14191,.T.);
#14298=EDGE_LOOP('',(#14294,#14295,#14296,#14297));
#14299=FACE_OUTER_BOUND('',#14298,.F.);
#14300=ADVANCED_FACE('',(#14299),#14293,.T.);
#14301=CARTESIAN_POINT('',(-1.5209302E1,9.60628E-1,1.267299999747E1));
#14302=DIRECTION('',(0.E0,1.E0,0.E0));
#14303=DIRECTION('',(1.E0,0.E0,0.E0));
#14304=AXIS2_PLACEMENT_3D('',#14301,#14302,#14303);
#14305=PLANE('',#14304);
#14306=ORIENTED_EDGE('',*,*,#14270,.T.);
#14308=ORIENTED_EDGE('',*,*,#14307,.T.);
#14310=ORIENTED_EDGE('',*,*,#14309,.F.);
#14312=ORIENTED_EDGE('',*,*,#14311,.T.);
#14313=EDGE_LOOP('',(#14306,#14308,#14310,#14312));
#14314=FACE_OUTER_BOUND('',#14313,.F.);
#14315=ADVANCED_FACE('',(#14314),#14305,.T.);
#14316=CARTESIAN_POINT('',(-1.6153302E1,8.60628E-1,-1.500000025257E-1));
#14317=DIRECTION('',(0.E0,0.E0,1.E0));
#14318=DIRECTION('',(1.E0,0.E0,0.E0));
#14319=AXIS2_PLACEMENT_3D('',#14316,#14317,#14318);
#14320=CYLINDRICAL_SURFACE('',#14319,1.E-1);
#14321=ORIENTED_EDGE('',*,*,#14284,.T.);
#14323=ORIENTED_EDGE('',*,*,#14322,.F.);
#14325=ORIENTED_EDGE('',*,*,#14324,.F.);
#14327=ORIENTED_EDGE('',*,*,#14326,.F.);
#14328=ORIENTED_EDGE('',*,*,#14307,.F.);
#14329=EDGE_LOOP('',(#14321,#14323,#14325,#14327,#14328));
#14330=FACE_OUTER_BOUND('',#14329,.F.);
#14331=ADVANCED_FACE('',(#14330),#14320,.T.);
#14332=CARTESIAN_POINT('',(-1.6253302E1,8.186993923556E-1,1.267299999747E1));
#14333=DIRECTION('',(-1.E0,0.E0,0.E0));
#14334=DIRECTION('',(0.E0,1.E0,0.E0));
#14335=AXIS2_PLACEMENT_3D('',#14332,#14333,#14334);
#14336=PLANE('',#14335);
#14337=ORIENTED_EDGE('',*,*,#14282,.T.);
#14339=ORIENTED_EDGE('',*,*,#14338,.T.);
#14341=ORIENTED_EDGE('',*,*,#14340,.F.);
#14342=ORIENTED_EDGE('',*,*,#14322,.T.);
#14343=EDGE_LOOP('',(#14337,#14339,#14341,#14342));
#14344=FACE_OUTER_BOUND('',#14343,.F.);
#14345=ADVANCED_FACE('',(#14344),#14336,.T.);
#14346=CARTESIAN_POINT('',(-1.6153302E1,-6.337199999999E-2,-1.500000025257E-1));
#14347=DIRECTION('',(0.E0,0.E0,1.E0));
#14348=DIRECTION('',(1.E0,0.E0,0.E0));
#14349=AXIS2_PLACEMENT_3D('',#14346,#14347,#14348);
#14350=CYLINDRICAL_SURFACE('',#14349,1.E-1);
#14351=ORIENTED_EDGE('',*,*,#14280,.T.);
#14353=ORIENTED_EDGE('',*,*,#14352,.F.);
#14355=ORIENTED_EDGE('',*,*,#14354,.F.);
#14357=ORIENTED_EDGE('',*,*,#14356,.F.);
#14358=ORIENTED_EDGE('',*,*,#14338,.F.);
#14359=EDGE_LOOP('',(#14351,#14353,#14355,#14357,#14358));
#14360=FACE_OUTER_BOUND('',#14359,.F.);
#14361=ADVANCED_FACE('',(#14360),#14350,.T.);
#14362=CARTESIAN_POINT('',(-1.5209302E1,-1.63372E-1,8.972999997474E0));
#14363=DIRECTION('',(0.E0,-1.E0,0.E0));
#14364=DIRECTION('',(1.E0,0.E0,0.E0));
#14365=AXIS2_PLACEMENT_3D('',#14362,#14363,#14364);
#14366=PLANE('',#14365);
#14367=ORIENTED_EDGE('',*,*,#14278,.T.);
#14369=ORIENTED_EDGE('',*,*,#14368,.T.);
#14371=ORIENTED_EDGE('',*,*,#14370,.T.);
#14372=ORIENTED_EDGE('',*,*,#14352,.T.);
#14373=EDGE_LOOP('',(#14367,#14369,#14371,#14372));
#14374=FACE_OUTER_BOUND('',#14373,.F.);
#14375=ADVANCED_FACE('',(#14374),#14366,.T.);
#14376=CARTESIAN_POINT('',(-1.5229302E1,-6.337199999999E-2,-1.500000025257E-1));
#14377=DIRECTION('',(0.E0,0.E0,1.E0));
#14378=DIRECTION('',(1.E0,0.E0,0.E0));
#14379=AXIS2_PLACEMENT_3D('',#14376,#14377,#14378);
#14380=CYLINDRICAL_SURFACE('',#14379,1.E-1);
#14381=ORIENTED_EDGE('',*,*,#14276,.T.);
#14383=ORIENTED_EDGE('',*,*,#14382,.F.);
#14385=ORIENTED_EDGE('',*,*,#14384,.F.);
#14387=ORIENTED_EDGE('',*,*,#14386,.F.);
#14388=ORIENTED_EDGE('',*,*,#14368,.F.);
#14389=EDGE_LOOP('',(#14381,#14383,#14385,#14387,#14388));
#14390=FACE_OUTER_BOUND('',#14389,.F.);
#14391=ADVANCED_FACE('',(#14390),#14380,.T.);
#14392=CARTESIAN_POINT('',(-1.5129302E1,-4.89999E0,2.256500003033E1));
#14393=DIRECTION('',(1.E0,0.E0,0.E0));
#14394=DIRECTION('',(0.E0,0.E0,1.E0));
#14395=AXIS2_PLACEMENT_3D('',#14392,#14393,#14394);
#14396=PLANE('',#14395);
#14397=ORIENTED_EDGE('',*,*,#14274,.T.);
#14399=ORIENTED_EDGE('',*,*,#14398,.T.);
#14401=ORIENTED_EDGE('',*,*,#14400,.F.);
#14402=ORIENTED_EDGE('',*,*,#14382,.T.);
#14403=EDGE_LOOP('',(#14397,#14399,#14401,#14402));
#14404=FACE_OUTER_BOUND('',#14403,.F.);
#14405=ADVANCED_FACE('',(#14404),#14396,.T.);
#14406=CARTESIAN_POINT('',(-1.5229302E1,8.60628E-1,-1.500000025257E-1));
#14407=DIRECTION('',(0.E0,0.E0,1.E0));
#14408=DIRECTION('',(1.E0,0.E0,0.E0));
#14409=AXIS2_PLACEMENT_3D('',#14406,#14407,#14408);
#14410=CYLINDRICAL_SURFACE('',#14409,1.E-1);
#14411=ORIENTED_EDGE('',*,*,#14272,.T.);
#14412=ORIENTED_EDGE('',*,*,#14311,.F.);
#14414=ORIENTED_EDGE('',*,*,#14413,.F.);
#14416=ORIENTED_EDGE('',*,*,#14415,.F.);
#14417=ORIENTED_EDGE('',*,*,#14398,.F.);
#14418=EDGE_LOOP('',(#14411,#14412,#14414,#14416,#14417));
#14419=FACE_OUTER_BOUND('',#14418,.F.);
#14420=ADVANCED_FACE('',(#14419),#14410,.T.);
#14421=CARTESIAN_POINT('',(-1.5691302E1,7.60628E-1,2.299287745611E0));
#14422=DIRECTION('',(0.E0,7.071067811865E-1,-7.071067811865E-1));
#14423=DIRECTION('',(0.E0,-7.071067811865E-1,-7.071067811865E-1));
#14424=AXIS2_PLACEMENT_3D('',#14421,#14422,#14423);
#14425=PLANE('',#14424);
#14426=ORIENTED_EDGE('',*,*,#14309,.T.);
#14427=ORIENTED_EDGE('',*,*,#14326,.T.);
#14429=ORIENTED_EDGE('',*,*,#14428,.T.);
#14431=ORIENTED_EDGE('',*,*,#14430,.T.);
#14433=ORIENTED_EDGE('',*,*,#14432,.T.);
#14434=ORIENTED_EDGE('',*,*,#14413,.T.);
#14435=EDGE_LOOP('',(#14426,#14427,#14429,#14431,#14433,#14434));
#14436=FACE_OUTER_BOUND('',#14435,.F.);
#14437=ADVANCED_FACE('',(#14436),#14425,.T.);
#14438=CARTESIAN_POINT('',(-1.6053302E1,4.23628E-1,2.299287745611E0));
#14439=DIRECTION('',(-7.071067811865E-1,0.E0,-7.071067811865E-1));
#14440=DIRECTION('',(-7.071067811865E-1,0.E0,7.071067811865E-1));
#14441=AXIS2_PLACEMENT_3D('',#14438,#14439,#14440);
#14442=PLANE('',#14441);
#14443=ORIENTED_EDGE('',*,*,#14428,.F.);
#14444=ORIENTED_EDGE('',*,*,#14324,.T.);
#14445=ORIENTED_EDGE('',*,*,#14340,.T.);
#14446=ORIENTED_EDGE('',*,*,#14356,.T.);
#14448=ORIENTED_EDGE('',*,*,#14447,.F.);
#14450=ORIENTED_EDGE('',*,*,#14449,.F.);
#14451=EDGE_LOOP('',(#14443,#14444,#14445,#14446,#14448,#14450));
#14452=FACE_OUTER_BOUND('',#14451,.F.);
#14453=ADVANCED_FACE('',(#14452),#14442,.T.);
#14454=CARTESIAN_POINT('',(-1.5691302E1,3.662800000001E-2,2.299287745611E0));
#14455=DIRECTION('',(0.E0,-7.071067811865E-1,-7.071067811865E-1));
#14456=DIRECTION('',(0.E0,7.071067811865E-1,-7.071067811865E-1));
#14457=AXIS2_PLACEMENT_3D('',#14454,#14455,#14456);
#14458=PLANE('',#14457);
#14459=ORIENTED_EDGE('',*,*,#14370,.F.);
#14460=ORIENTED_EDGE('',*,*,#14386,.T.);
#14462=ORIENTED_EDGE('',*,*,#14461,.T.);
#14464=ORIENTED_EDGE('',*,*,#14463,.T.);
#14465=ORIENTED_EDGE('',*,*,#14447,.T.);
#14466=ORIENTED_EDGE('',*,*,#14354,.T.);
#14467=EDGE_LOOP('',(#14459,#14460,#14462,#14464,#14465,#14466));
#14468=FACE_OUTER_BOUND('',#14467,.F.);
#14469=ADVANCED_FACE('',(#14468),#14458,.T.);
#14470=CARTESIAN_POINT('',(-1.5329302E1,4.23628E-1,2.299287745611E0));
#14471=DIRECTION('',(7.071067811865E-1,0.E0,-7.071067811865E-1));
#14472=DIRECTION('',(7.071067811865E-1,0.E0,7.071067811865E-1));
#14473=AXIS2_PLACEMENT_3D('',#14470,#14471,#14472);
#14474=PLANE('',#14473);
#14475=ORIENTED_EDGE('',*,*,#14461,.F.);
#14476=ORIENTED_EDGE('',*,*,#14384,.T.);
#14477=ORIENTED_EDGE('',*,*,#14400,.T.);
#14478=ORIENTED_EDGE('',*,*,#14415,.T.);
#14479=ORIENTED_EDGE('',*,*,#14432,.F.);
#14481=ORIENTED_EDGE('',*,*,#14480,.F.);
#14482=EDGE_LOOP('',(#14475,#14476,#14477,#14478,#14479,#14481));
#14483=FACE_OUTER_BOUND('',#14482,.F.);
#14484=ADVANCED_FACE('',(#14483),#14474,.T.);
#14485=CARTESIAN_POINT('',(-1.535861274478E1,-7.712105539455E-1,
2.099287745611E0));
#14486=DIRECTION('',(0.E0,0.E0,-1.E0));
#14487=DIRECTION('',(-1.E0,0.E0,0.E0));
#14488=AXIS2_PLACEMENT_3D('',#14485,#14486,#14487);
#14489=PLANE('',#14488);
#14490=ORIENTED_EDGE('',*,*,#14480,.T.);
#14491=ORIENTED_EDGE('',*,*,#14430,.F.);
#14492=ORIENTED_EDGE('',*,*,#14449,.T.);
#14493=ORIENTED_EDGE('',*,*,#14463,.F.);
#14494=EDGE_LOOP('',(#14490,#14491,#14492,#14493));
#14495=FACE_OUTER_BOUND('',#14494,.F.);
#14496=ADVANCED_FACE('',(#14495),#14489,.T.);
#14497=CARTESIAN_POINT('',(-3.214583893117E1,-2.373162922282E0,
-2.002004759617E0));
#14498=DIRECTION('',(0.E0,-7.040147244560E-1,7.101853756233E-1));
#14499=DIRECTION('',(0.E0,7.101853756233E-1,7.040147244560E-1));
#14500=AXIS2_PLACEMENT_3D('',#14497,#14498,#14499);
#14501=PLANE('',#14500);
#14503=ORIENTED_EDGE('',*,*,#14502,.F.);
#14504=ORIENTED_EDGE('',*,*,#7701,.T.);
#14506=ORIENTED_EDGE('',*,*,#14505,.F.);
#14508=ORIENTED_EDGE('',*,*,#14507,.F.);
#14509=EDGE_LOOP('',(#14503,#14504,#14506,#14508));
#14510=FACE_OUTER_BOUND('',#14509,.F.);
#14511=ADVANCED_FACE('',(#14510),#14501,.F.);
#14512=CARTESIAN_POINT('',(-3.540562786398E1,8.520830688344E-1,
-2.002004759617E0));
#14513=DIRECTION('',(7.040147244560E-1,0.E0,-7.101853756233E-1));
#14514=DIRECTION('',(7.101853756233E-1,0.E0,7.040147244560E-1));
#14515=AXIS2_PLACEMENT_3D('',#14512,#14513,#14514);
#14516=PLANE('',#14515);
#14517=ORIENTED_EDGE('',*,*,#7703,.F.);
#14518=ORIENTED_EDGE('',*,*,#14502,.T.);
#14520=ORIENTED_EDGE('',*,*,#14519,.T.);
#14522=ORIENTED_EDGE('',*,*,#14521,.F.);
#14523=EDGE_LOOP('',(#14517,#14518,#14520,#14522));
#14524=FACE_OUTER_BOUND('',#14523,.F.);
#14525=ADVANCED_FACE('',(#14524),#14516,.T.);
#14526=CARTESIAN_POINT('',(-3.537866436053E1,2.764575418830E0,
-2.127000032842E0));
#14527=DIRECTION('',(1.E0,0.E0,0.E0));
#14528=DIRECTION('',(0.E0,1.E0,0.E0));
#14529=AXIS2_PLACEMENT_3D('',#14526,#14527,#14528);
#14530=PLANE('',#14529);
#14531=ORIENTED_EDGE('',*,*,#14519,.F.);
#14533=ORIENTED_EDGE('',*,*,#14532,.T.);
#14535=ORIENTED_EDGE('',*,*,#14534,.T.);
#14537=ORIENTED_EDGE('',*,*,#14536,.T.);
#14538=EDGE_LOOP('',(#14531,#14533,#14535,#14537));
#14539=FACE_OUTER_BOUND('',#14538,.F.);
#14540=ADVANCED_FACE('',(#14539),#14530,.T.);
#14541=CARTESIAN_POINT('',(-3.401966340232E1,-2.346199418830E0,
-2.127000032842E0));
#14542=DIRECTION('',(0.E0,1.E0,0.E0));
#14543=DIRECTION('',(-1.E0,0.E0,0.E0));
#14544=AXIS2_PLACEMENT_3D('',#14541,#14542,#14543);
#14545=PLANE('',#14544);
#14546=ORIENTED_EDGE('',*,*,#14532,.F.);
#14547=ORIENTED_EDGE('',*,*,#14507,.T.);
#14549=ORIENTED_EDGE('',*,*,#14548,.F.);
#14551=ORIENTED_EDGE('',*,*,#14550,.T.);
#14552=EDGE_LOOP('',(#14546,#14547,#14549,#14551));
#14553=FACE_OUTER_BOUND('',#14552,.F.);
#14554=ADVANCED_FACE('',(#14553),#14545,.T.);
#14555=CARTESIAN_POINT('',(-3.019880363947E1,-2.346199418830E0,
-2.127000032842E0));
#14556=DIRECTION('',(-1.E0,0.E0,0.E0));
#14557=DIRECTION('',(0.E0,-1.E0,0.E0));
#14558=AXIS2_PLACEMENT_3D('',#14555,#14556,#14557);
#14559=PLANE('',#14558);
#14561=ORIENTED_EDGE('',*,*,#14560,.F.);
#14563=ORIENTED_EDGE('',*,*,#14562,.F.);
#14565=ORIENTED_EDGE('',*,*,#14564,.T.);
#14566=ORIENTED_EDGE('',*,*,#14548,.T.);
#14567=EDGE_LOOP('',(#14561,#14563,#14565,#14566));
#14568=FACE_OUTER_BOUND('',#14567,.F.);
#14569=ADVANCED_FACE('',(#14568),#14559,.T.);
#14570=CARTESIAN_POINT('',(-3.017184013602E1,2.09188E-1,-2.002004759617E0));
#14571=DIRECTION('',(-7.040147244560E-1,0.E0,-7.101853756233E-1));
#14572=DIRECTION('',(-7.101853756233E-1,0.E0,7.040147244560E-1));
#14573=AXIS2_PLACEMENT_3D('',#14570,#14571,#14572);
#14574=PLANE('',#14573);
#14575=ORIENTED_EDGE('',*,*,#7707,.F.);
#14577=ORIENTED_EDGE('',*,*,#14576,.T.);
#14578=ORIENTED_EDGE('',*,*,#14560,.T.);
#14579=ORIENTED_EDGE('',*,*,#14505,.T.);
#14580=EDGE_LOOP('',(#14575,#14577,#14578,#14579));
#14581=FACE_OUTER_BOUND('',#14580,.F.);
#14582=ADVANCED_FACE('',(#14581),#14574,.T.);
#14583=CARTESIAN_POINT('',(-3.2788734E1,2.791538922282E0,-2.002004759617E0));
#14584=DIRECTION('',(0.E0,-7.040147244560E-1,-7.101853756233E-1));
#14585=DIRECTION('',(0.E0,-7.101853756233E-1,7.040147244560E-1));
#14586=AXIS2_PLACEMENT_3D('',#14583,#14584,#14585);
#14587=PLANE('',#14586);
#14588=ORIENTED_EDGE('',*,*,#7705,.F.);
#14589=ORIENTED_EDGE('',*,*,#14521,.T.);
#14591=ORIENTED_EDGE('',*,*,#14590,.T.);
#14592=ORIENTED_EDGE('',*,*,#14576,.F.);
#14593=EDGE_LOOP('',(#14588,#14589,#14591,#14592));
#14594=FACE_OUTER_BOUND('',#14593,.F.);
#14595=ADVANCED_FACE('',(#14594),#14587,.T.);
#14596=CARTESIAN_POINT('',(-3.019880363947E1,2.764575418830E0,
-2.127000032842E0));
#14597=DIRECTION('',(0.E0,-1.E0,0.E0));
#14598=DIRECTION('',(1.E0,0.E0,0.E0));
#14599=AXIS2_PLACEMENT_3D('',#14596,#14597,#14598);
#14600=PLANE('',#14599);
#14601=ORIENTED_EDGE('',*,*,#14590,.F.);
#14602=ORIENTED_EDGE('',*,*,#14536,.F.);
#14604=ORIENTED_EDGE('',*,*,#14603,.T.);
#14605=ORIENTED_EDGE('',*,*,#14562,.T.);
#14606=EDGE_LOOP('',(#14601,#14602,#14604,#14605));
#14607=FACE_OUTER_BOUND('',#14606,.F.);
#14608=ADVANCED_FACE('',(#14607),#14600,.T.);
#14609=CARTESIAN_POINT('',(-2.347181485501E1,-6.0319924E0,8.972999999999E0));
#14610=DIRECTION('',(0.E0,0.E0,1.E0));
#14611=DIRECTION('',(-1.E0,0.E0,0.E0));
#14612=AXIS2_PLACEMENT_3D('',#14609,#14610,#14611);
#14613=PLANE('',#14612);
#14614=ORIENTED_EDGE('',*,*,#14534,.F.);
#14615=ORIENTED_EDGE('',*,*,#14550,.F.);
#14616=ORIENTED_EDGE('',*,*,#14564,.F.);
#14617=ORIENTED_EDGE('',*,*,#14603,.F.);
#14618=EDGE_LOOP('',(#14614,#14615,#14616,#14617));
#14619=FACE_OUTER_BOUND('',#14618,.F.);
#14621=ORIENTED_EDGE('',*,*,#14620,.F.);
#14623=ORIENTED_EDGE('',*,*,#14622,.F.);
#14625=ORIENTED_EDGE('',*,*,#14624,.F.);
#14627=ORIENTED_EDGE('',*,*,#14626,.F.);
#14629=ORIENTED_EDGE('',*,*,#14628,.F.);
#14631=ORIENTED_EDGE('',*,*,#14630,.F.);
#14633=ORIENTED_EDGE('',*,*,#14632,.F.);
#14635=ORIENTED_EDGE('',*,*,#14634,.F.);
#14636=EDGE_LOOP('',(#14621,#14623,#14625,#14627,#14629,#14631,#14633,#14635));
#14637=FACE_BOUND('',#14636,.F.);
#14638=ADVANCED_FACE('',(#14619,#14637),#14613,.F.);
#14639=CARTESIAN_POINT('',(-3.2309302E1,9.60628E-1,1.267299999747E1));
#14640=DIRECTION('',(0.E0,1.E0,0.E0));
#14641=DIRECTION('',(1.E0,0.E0,0.E0));
#14642=AXIS2_PLACEMENT_3D('',#14639,#14640,#14641);
#14643=PLANE('',#14642);
#14644=ORIENTED_EDGE('',*,*,#14620,.T.);
#14646=ORIENTED_EDGE('',*,*,#14645,.T.);
#14648=ORIENTED_EDGE('',*,*,#14647,.F.);
#14650=ORIENTED_EDGE('',*,*,#14649,.T.);
#14651=EDGE_LOOP('',(#14644,#14646,#14648,#14650));
#14652=FACE_OUTER_BOUND('',#14651,.F.);
#14653=ADVANCED_FACE('',(#14652),#14643,.T.);
#14654=CARTESIAN_POINT('',(-3.3253302E1,8.60628E-1,-1.500000025257E-1));
#14655=DIRECTION('',(0.E0,0.E0,1.E0));
#14656=DIRECTION('',(1.E0,0.E0,0.E0));
#14657=AXIS2_PLACEMENT_3D('',#14654,#14655,#14656);
#14658=CYLINDRICAL_SURFACE('',#14657,1.E-1);
#14659=ORIENTED_EDGE('',*,*,#14634,.T.);
#14661=ORIENTED_EDGE('',*,*,#14660,.F.);
#14663=ORIENTED_EDGE('',*,*,#14662,.F.);
#14665=ORIENTED_EDGE('',*,*,#14664,.F.);
#14666=ORIENTED_EDGE('',*,*,#14645,.F.);
#14667=EDGE_LOOP('',(#14659,#14661,#14663,#14665,#14666));
#14668=FACE_OUTER_BOUND('',#14667,.F.);
#14669=ADVANCED_FACE('',(#14668),#14658,.T.);
#14670=CARTESIAN_POINT('',(-3.3353302E1,8.186993923556E-1,1.267299999747E1));
#14671=DIRECTION('',(-1.E0,0.E0,0.E0));
#14672=DIRECTION('',(0.E0,1.E0,0.E0));
#14673=AXIS2_PLACEMENT_3D('',#14670,#14671,#14672);
#14674=PLANE('',#14673);
#14675=ORIENTED_EDGE('',*,*,#14632,.T.);
#14677=ORIENTED_EDGE('',*,*,#14676,.T.);
#14679=ORIENTED_EDGE('',*,*,#14678,.F.);
#14680=ORIENTED_EDGE('',*,*,#14660,.T.);
#14681=EDGE_LOOP('',(#14675,#14677,#14679,#14680));
#14682=FACE_OUTER_BOUND('',#14681,.F.);
#14683=ADVANCED_FACE('',(#14682),#14674,.T.);
#14684=CARTESIAN_POINT('',(-3.3253302E1,-6.337199999999E-2,-1.500000025257E-1));
#14685=DIRECTION('',(0.E0,0.E0,1.E0));
#14686=DIRECTION('',(1.E0,0.E0,0.E0));
#14687=AXIS2_PLACEMENT_3D('',#14684,#14685,#14686);
#14688=CYLINDRICAL_SURFACE('',#14687,1.E-1);
#14689=ORIENTED_EDGE('',*,*,#14630,.T.);
#14691=ORIENTED_EDGE('',*,*,#14690,.F.);
#14693=ORIENTED_EDGE('',*,*,#14692,.F.);
#14695=ORIENTED_EDGE('',*,*,#14694,.F.);
#14696=ORIENTED_EDGE('',*,*,#14676,.F.);
#14697=EDGE_LOOP('',(#14689,#14691,#14693,#14695,#14696));
#14698=FACE_OUTER_BOUND('',#14697,.F.);
#14699=ADVANCED_FACE('',(#14698),#14688,.T.);
#14700=CARTESIAN_POINT('',(-3.2309302E1,-1.63372E-1,8.972999997474E0));
#14701=DIRECTION('',(0.E0,-1.E0,0.E0));
#14702=DIRECTION('',(1.E0,0.E0,0.E0));
#14703=AXIS2_PLACEMENT_3D('',#14700,#14701,#14702);
#14704=PLANE('',#14703);
#14705=ORIENTED_EDGE('',*,*,#14628,.T.);
#14707=ORIENTED_EDGE('',*,*,#14706,.T.);
#14709=ORIENTED_EDGE('',*,*,#14708,.T.);
#14710=ORIENTED_EDGE('',*,*,#14690,.T.);
#14711=EDGE_LOOP('',(#14705,#14707,#14709,#14710));
#14712=FACE_OUTER_BOUND('',#14711,.F.);
#14713=ADVANCED_FACE('',(#14712),#14704,.T.);
#14714=CARTESIAN_POINT('',(-3.2329302E1,-6.337199999999E-2,-1.500000025257E-1));
#14715=DIRECTION('',(0.E0,0.E0,1.E0));
#14716=DIRECTION('',(1.E0,0.E0,0.E0));
#14717=AXIS2_PLACEMENT_3D('',#14714,#14715,#14716);
#14718=CYLINDRICAL_SURFACE('',#14717,1.E-1);
#14719=ORIENTED_EDGE('',*,*,#14626,.T.);
#14721=ORIENTED_EDGE('',*,*,#14720,.F.);
#14723=ORIENTED_EDGE('',*,*,#14722,.F.);
#14725=ORIENTED_EDGE('',*,*,#14724,.F.);
#14726=ORIENTED_EDGE('',*,*,#14706,.F.);
#14727=EDGE_LOOP('',(#14719,#14721,#14723,#14725,#14726));
#14728=FACE_OUTER_BOUND('',#14727,.F.);
#14729=ADVANCED_FACE('',(#14728),#14718,.T.);
#14730=CARTESIAN_POINT('',(-3.2229302E1,-4.89999E0,2.256500003033E1));
#14731=DIRECTION('',(1.E0,0.E0,0.E0));
#14732=DIRECTION('',(0.E0,0.E0,1.E0));
#14733=AXIS2_PLACEMENT_3D('',#14730,#14731,#14732);
#14734=PLANE('',#14733);
#14735=ORIENTED_EDGE('',*,*,#14624,.T.);
#14737=ORIENTED_EDGE('',*,*,#14736,.T.);
#14739=ORIENTED_EDGE('',*,*,#14738,.F.);
#14740=ORIENTED_EDGE('',*,*,#14720,.T.);
#14741=EDGE_LOOP('',(#14735,#14737,#14739,#14740));
#14742=FACE_OUTER_BOUND('',#14741,.F.);
#14743=ADVANCED_FACE('',(#14742),#14734,.T.);
#14744=CARTESIAN_POINT('',(-3.2329302E1,8.60628E-1,-1.500000025257E-1));
#14745=DIRECTION('',(0.E0,0.E0,1.E0));
#14746=DIRECTION('',(1.E0,0.E0,0.E0));
#14747=AXIS2_PLACEMENT_3D('',#14744,#14745,#14746);
#14748=CYLINDRICAL_SURFACE('',#14747,1.E-1);
#14749=ORIENTED_EDGE('',*,*,#14622,.T.);
#14750=ORIENTED_EDGE('',*,*,#14649,.F.);
#14752=ORIENTED_EDGE('',*,*,#14751,.F.);
#14754=ORIENTED_EDGE('',*,*,#14753,.F.);
#14755=ORIENTED_EDGE('',*,*,#14736,.F.);
#14756=EDGE_LOOP('',(#14749,#14750,#14752,#14754,#14755));
#14757=FACE_OUTER_BOUND('',#14756,.F.);
#14758=ADVANCED_FACE('',(#14757),#14748,.T.);
#14759=CARTESIAN_POINT('',(-3.2791302E1,7.60628E-1,2.299287745611E0));
#14760=DIRECTION('',(0.E0,7.071067811865E-1,-7.071067811865E-1));
#14761=DIRECTION('',(0.E0,-7.071067811865E-1,-7.071067811865E-1));
#14762=AXIS2_PLACEMENT_3D('',#14759,#14760,#14761);
#14763=PLANE('',#14762);
#14764=ORIENTED_EDGE('',*,*,#14647,.T.);
#14765=ORIENTED_EDGE('',*,*,#14664,.T.);
#14767=ORIENTED_EDGE('',*,*,#14766,.T.);
#14769=ORIENTED_EDGE('',*,*,#14768,.T.);
#14771=ORIENTED_EDGE('',*,*,#14770,.T.);
#14772=ORIENTED_EDGE('',*,*,#14751,.T.);
#14773=EDGE_LOOP('',(#14764,#14765,#14767,#14769,#14771,#14772));
#14774=FACE_OUTER_BOUND('',#14773,.F.);
#14775=ADVANCED_FACE('',(#14774),#14763,.T.);
#14776=CARTESIAN_POINT('',(-3.3153302E1,4.23628E-1,2.299287745611E0));
#14777=DIRECTION('',(-7.071067811865E-1,0.E0,-7.071067811865E-1));
#14778=DIRECTION('',(-7.071067811865E-1,0.E0,7.071067811865E-1));
#14779=AXIS2_PLACEMENT_3D('',#14776,#14777,#14778);
#14780=PLANE('',#14779);
#14781=ORIENTED_EDGE('',*,*,#14766,.F.);
#14782=ORIENTED_EDGE('',*,*,#14662,.T.);
#14783=ORIENTED_EDGE('',*,*,#14678,.T.);
#14784=ORIENTED_EDGE('',*,*,#14694,.T.);
#14786=ORIENTED_EDGE('',*,*,#14785,.F.);
#14788=ORIENTED_EDGE('',*,*,#14787,.F.);
#14789=EDGE_LOOP('',(#14781,#14782,#14783,#14784,#14786,#14788));
#14790=FACE_OUTER_BOUND('',#14789,.F.);
#14791=ADVANCED_FACE('',(#14790),#14780,.T.);
#14792=CARTESIAN_POINT('',(-3.2791302E1,3.662800000001E-2,2.299287745611E0));
#14793=DIRECTION('',(0.E0,-7.071067811865E-1,-7.071067811865E-1));
#14794=DIRECTION('',(0.E0,7.071067811865E-1,-7.071067811865E-1));
#14795=AXIS2_PLACEMENT_3D('',#14792,#14793,#14794);
#14796=PLANE('',#14795);
#14797=ORIENTED_EDGE('',*,*,#14708,.F.);
#14798=ORIENTED_EDGE('',*,*,#14724,.T.);
#14800=ORIENTED_EDGE('',*,*,#14799,.T.);
#14802=ORIENTED_EDGE('',*,*,#14801,.T.);
#14803=ORIENTED_EDGE('',*,*,#14785,.T.);
#14804=ORIENTED_EDGE('',*,*,#14692,.T.);
#14805=EDGE_LOOP('',(#14797,#14798,#14800,#14802,#14803,#14804));
#14806=FACE_OUTER_BOUND('',#14805,.F.);
#14807=ADVANCED_FACE('',(#14806),#14796,.T.);
#14808=CARTESIAN_POINT('',(-3.2429302E1,4.23628E-1,2.299287745611E0));
#14809=DIRECTION('',(7.071067811865E-1,0.E0,-7.071067811865E-1));
#14810=DIRECTION('',(7.071067811865E-1,0.E0,7.071067811865E-1));
#14811=AXIS2_PLACEMENT_3D('',#14808,#14809,#14810);
#14812=PLANE('',#14811);
#14813=ORIENTED_EDGE('',*,*,#14799,.F.);
#14814=ORIENTED_EDGE('',*,*,#14722,.T.);
#14815=ORIENTED_EDGE('',*,*,#14738,.T.);
#14816=ORIENTED_EDGE('',*,*,#14753,.T.);
#14817=ORIENTED_EDGE('',*,*,#14770,.F.);
#14819=ORIENTED_EDGE('',*,*,#14818,.F.);
#14820=EDGE_LOOP('',(#14813,#14814,#14815,#14816,#14817,#14819));
#14821=FACE_OUTER_BOUND('',#14820,.F.);
#14822=ADVANCED_FACE('',(#14821),#14812,.T.);
#14823=CARTESIAN_POINT('',(-3.245861274478E1,-7.712105539455E-1,
2.099287745611E0));
#14824=DIRECTION('',(0.E0,0.E0,-1.E0));
#14825=DIRECTION('',(-1.E0,0.E0,0.E0));
#14826=AXIS2_PLACEMENT_3D('',#14823,#14824,#14825);
#14827=PLANE('',#14826);
#14828=ORIENTED_EDGE('',*,*,#14818,.T.);
#14829=ORIENTED_EDGE('',*,*,#14768,.F.);
#14830=ORIENTED_EDGE('',*,*,#14787,.T.);
#14831=ORIENTED_EDGE('',*,*,#14801,.F.);
#14832=EDGE_LOOP('',(#14828,#14829,#14830,#14831));
#14833=FACE_OUTER_BOUND('',#14832,.F.);
#14834=ADVANCED_FACE('',(#14833),#14827,.T.);
#14835=CARTESIAN_POINT('',(-2.150516994685E1,-2.421599418830E0,-2.0516E0));
#14836=DIRECTION('',(0.E0,-7.071067811865E-1,7.071067811865E-1));
#14837=DIRECTION('',(0.E0,-7.071067811865E-1,-7.071067811865E-1));
#14838=AXIS2_PLACEMENT_3D('',#14835,#14836,#14837);
#14839=PLANE('',#14838);
#14841=ORIENTED_EDGE('',*,*,#14840,.T.);
#14843=ORIENTED_EDGE('',*,*,#14842,.T.);
#14844=ORIENTED_EDGE('',*,*,#7711,.F.);
#14846=ORIENTED_EDGE('',*,*,#14845,.T.);
#14847=EDGE_LOOP('',(#14841,#14843,#14844,#14846));
#14848=FACE_OUTER_BOUND('',#14847,.F.);
#14849=ADVANCED_FACE('',(#14848),#14839,.F.);
#14850=CARTESIAN_POINT('',(-2.261966340232E1,-2.346199418830E0,
-2.127000032842E0));
#14851=DIRECTION('',(0.E0,1.E0,0.E0));
#14852=DIRECTION('',(-1.E0,0.E0,0.E0));
#14853=AXIS2_PLACEMENT_3D('',#14850,#14851,#14852);
#14854=PLANE('',#14853);
#14856=ORIENTED_EDGE('',*,*,#14855,.F.);
#14857=ORIENTED_EDGE('',*,*,#14840,.F.);
#14859=ORIENTED_EDGE('',*,*,#14858,.F.);
#14861=ORIENTED_EDGE('',*,*,#14860,.T.);
#14862=EDGE_LOOP('',(#14856,#14857,#14859,#14861));
#14863=FACE_OUTER_BOUND('',#14862,.F.);
#14864=ADVANCED_FACE('',(#14863),#14854,.T.);
#14865=CARTESIAN_POINT('',(-2.397866436053E1,2.764575418830E0,
-2.127000032842E0));
#14866=DIRECTION('',(1.E0,0.E0,0.E0));
#14867=DIRECTION('',(0.E0,1.E0,0.E0));
#14868=AXIS2_PLACEMENT_3D('',#14865,#14866,#14867);
#14869=PLANE('',#14868);
#14871=ORIENTED_EDGE('',*,*,#14870,.F.);
#14872=ORIENTED_EDGE('',*,*,#14855,.T.);
#14874=ORIENTED_EDGE('',*,*,#14873,.T.);
#14876=ORIENTED_EDGE('',*,*,#14875,.T.);
#14877=EDGE_LOOP('',(#14871,#14872,#14874,#14876));
#14878=FACE_OUTER_BOUND('',#14877,.F.);
#14879=ADVANCED_FACE('',(#14878),#14869,.T.);
#14880=CARTESIAN_POINT('',(-2.400562786398E1,8.520830688344E-1,
-2.002004759617E0));
#14881=DIRECTION('',(7.040147244560E-1,0.E0,-7.101853756233E-1));
#14882=DIRECTION('',(7.101853756233E-1,0.E0,7.040147244560E-1));
#14883=AXIS2_PLACEMENT_3D('',#14880,#14881,#14882);
#14884=PLANE('',#14883);
#14885=ORIENTED_EDGE('',*,*,#14842,.F.);
#14886=ORIENTED_EDGE('',*,*,#14870,.T.);
#14888=ORIENTED_EDGE('',*,*,#14887,.F.);
#14889=ORIENTED_EDGE('',*,*,#7713,.F.);
#14890=EDGE_LOOP('',(#14885,#14886,#14888,#14889));
#14891=FACE_OUTER_BOUND('',#14890,.F.);
#14892=ADVANCED_FACE('',(#14891),#14884,.T.);
#14893=CARTESIAN_POINT('',(-2.1388734E1,2.791538922282E0,-2.002004759617E0));
#14894=DIRECTION('',(0.E0,-7.040147244560E-1,-7.101853756233E-1));
#14895=DIRECTION('',(0.E0,-7.101853756233E-1,7.040147244560E-1));
#14896=AXIS2_PLACEMENT_3D('',#14893,#14894,#14895);
#14897=PLANE('',#14896);
#14899=ORIENTED_EDGE('',*,*,#14898,.T.);
#14901=ORIENTED_EDGE('',*,*,#14900,.T.);
#14902=ORIENTED_EDGE('',*,*,#7715,.F.);
#14903=ORIENTED_EDGE('',*,*,#14887,.T.);
#14904=EDGE_LOOP('',(#14899,#14901,#14902,#14903));
#14905=FACE_OUTER_BOUND('',#14904,.F.);
#14906=ADVANCED_FACE('',(#14905),#14897,.T.);
#14907=CARTESIAN_POINT('',(-1.879880363947E1,2.764575418830E0,
-2.127000032842E0));
#14908=DIRECTION('',(0.E0,-1.E0,0.E0));
#14909=DIRECTION('',(1.E0,0.E0,0.E0));
#14910=AXIS2_PLACEMENT_3D('',#14907,#14908,#14909);
#14911=PLANE('',#14910);
#14912=ORIENTED_EDGE('',*,*,#14898,.F.);
#14913=ORIENTED_EDGE('',*,*,#14875,.F.);
#14915=ORIENTED_EDGE('',*,*,#14914,.T.);
#14917=ORIENTED_EDGE('',*,*,#14916,.T.);
#14918=EDGE_LOOP('',(#14912,#14913,#14915,#14917));
#14919=FACE_OUTER_BOUND('',#14918,.F.);
#14920=ADVANCED_FACE('',(#14919),#14911,.T.);
#14921=CARTESIAN_POINT('',(-1.207181485501E1,-6.0319924E0,8.972999999999E0));
#14922=DIRECTION('',(0.E0,0.E0,1.E0));
#14923=DIRECTION('',(-1.E0,0.E0,0.E0));
#14924=AXIS2_PLACEMENT_3D('',#14921,#14922,#14923);
#14925=PLANE('',#14924);
#14926=ORIENTED_EDGE('',*,*,#14873,.F.);
#14927=ORIENTED_EDGE('',*,*,#14860,.F.);
#14929=ORIENTED_EDGE('',*,*,#14928,.F.);
#14931=ORIENTED_EDGE('',*,*,#14930,.F.);
#14932=ORIENTED_EDGE('',*,*,#14914,.F.);
#14933=EDGE_LOOP('',(#14926,#14927,#14929,#14931,#14932));
#14934=FACE_OUTER_BOUND('',#14933,.F.);
#14936=ORIENTED_EDGE('',*,*,#14935,.F.);
#14938=ORIENTED_EDGE('',*,*,#14937,.F.);
#14940=ORIENTED_EDGE('',*,*,#14939,.F.);
#14942=ORIENTED_EDGE('',*,*,#14941,.F.);
#14944=ORIENTED_EDGE('',*,*,#14943,.F.);
#14946=ORIENTED_EDGE('',*,*,#14945,.F.);
#14948=ORIENTED_EDGE('',*,*,#14947,.F.);
#14950=ORIENTED_EDGE('',*,*,#14949,.F.);
#14951=EDGE_LOOP('',(#14936,#14938,#14940,#14942,#14944,#14946,#14948,#14950));
#14952=FACE_BOUND('',#14951,.F.);
#14953=ADVANCED_FACE('',(#14934,#14952),#14925,.F.);
#14954=CARTESIAN_POINT('',(-1.947830363947E1,-1.666699418830E0,
3.422999999999E0));
#14955=DIRECTION('',(-7.071067811865E-1,7.071067811865E-1,0.E0));
#14956=DIRECTION('',(-7.071067811865E-1,-7.071067811865E-1,0.E0));
#14957=AXIS2_PLACEMENT_3D('',#14954,#14955,#14956);
#14958=PLANE('',#14957);
#14960=ORIENTED_EDGE('',*,*,#14959,.T.);
#14962=ORIENTED_EDGE('',*,*,#14961,.F.);
#14963=ORIENTED_EDGE('',*,*,#14928,.T.);
#14964=ORIENTED_EDGE('',*,*,#14858,.T.);
#14965=EDGE_LOOP('',(#14960,#14962,#14963,#14964));
#14966=FACE_OUTER_BOUND('',#14965,.F.);
#14967=ADVANCED_FACE('',(#14966),#14958,.T.);
#14968=CARTESIAN_POINT('',(-1.942498778817E1,-1.720015270132E0,-2.0516E0));
#14969=DIRECTION('',(-5.E-1,5.E-1,-7.071067811865E-1));
#14970=DIRECTION('',(5.E-1,-5.E-1,-7.071067811865E-1));
#14971=AXIS2_PLACEMENT_3D('',#14968,#14969,#14970);
#14972=PLANE('',#14971);
#14973=ORIENTED_EDGE('',*,*,#14959,.F.);
#14974=ORIENTED_EDGE('',*,*,#14845,.F.);
#14975=ORIENTED_EDGE('',*,*,#7719,.T.);
#14977=ORIENTED_EDGE('',*,*,#14976,.F.);
#14978=EDGE_LOOP('',(#14973,#14974,#14975,#14977));
#14979=FACE_OUTER_BOUND('',#14978,.F.);
#14980=ADVANCED_FACE('',(#14979),#14972,.T.);
#14981=CARTESIAN_POINT('',(-1.872340363947E1,9.652151601946E-1,-2.0516E0));
#14982=DIRECTION('',(-7.071067811865E-1,0.E0,-7.071067811865E-1));
#14983=DIRECTION('',(-7.071067811865E-1,0.E0,7.071067811865E-1));
#14984=AXIS2_PLACEMENT_3D('',#14981,#14982,#14983);
#14985=PLANE('',#14984);
#14986=ORIENTED_EDGE('',*,*,#7717,.F.);
#14987=ORIENTED_EDGE('',*,*,#14900,.F.);
#14989=ORIENTED_EDGE('',*,*,#14988,.T.);
#14990=ORIENTED_EDGE('',*,*,#14976,.T.);
#14991=EDGE_LOOP('',(#14986,#14987,#14989,#14990));
#14992=FACE_OUTER_BOUND('',#14991,.F.);
#14993=ADVANCED_FACE('',(#14992),#14985,.T.);
#14994=CARTESIAN_POINT('',(-1.879880363947E1,-2.346199418830E0,
-2.127000032842E0));
#14995=DIRECTION('',(-1.E0,0.E0,0.E0));
#14996=DIRECTION('',(0.E0,-1.E0,0.E0));
#14997=AXIS2_PLACEMENT_3D('',#14994,#14995,#14996);
#14998=PLANE('',#14997);
#14999=ORIENTED_EDGE('',*,*,#14961,.T.);
#15000=ORIENTED_EDGE('',*,*,#14988,.F.);
#15001=ORIENTED_EDGE('',*,*,#14916,.F.);
#15002=ORIENTED_EDGE('',*,*,#14930,.T.);
#15003=EDGE_LOOP('',(#14999,#15000,#15001,#15002));
#15004=FACE_OUTER_BOUND('',#15003,.F.);
#15005=ADVANCED_FACE('',(#15004),#14998,.T.);
#15006=CARTESIAN_POINT('',(-2.0909302E1,9.60628E-1,1.267299999747E1));
#15007=DIRECTION('',(0.E0,1.E0,0.E0));
#15008=DIRECTION('',(1.E0,0.E0,0.E0));
#15009=AXIS2_PLACEMENT_3D('',#15006,#15007,#15008);
#15010=PLANE('',#15009);
#15011=ORIENTED_EDGE('',*,*,#14935,.T.);
#15013=ORIENTED_EDGE('',*,*,#15012,.T.);
#15015=ORIENTED_EDGE('',*,*,#15014,.F.);
#15017=ORIENTED_EDGE('',*,*,#15016,.T.);
#15018=EDGE_LOOP('',(#15011,#15013,#15015,#15017));
#15019=FACE_OUTER_BOUND('',#15018,.F.);
#15020=ADVANCED_FACE('',(#15019),#15010,.T.);
#15021=CARTESIAN_POINT('',(-2.1853302E1,8.60628E-1,-1.500000025257E-1));
#15022=DIRECTION('',(0.E0,0.E0,1.E0));
#15023=DIRECTION('',(1.E0,0.E0,0.E0));
#15024=AXIS2_PLACEMENT_3D('',#15021,#15022,#15023);
#15025=CYLINDRICAL_SURFACE('',#15024,1.E-1);
#15026=ORIENTED_EDGE('',*,*,#14949,.T.);
#15028=ORIENTED_EDGE('',*,*,#15027,.F.);
#15030=ORIENTED_EDGE('',*,*,#15029,.F.);
#15032=ORIENTED_EDGE('',*,*,#15031,.F.);
#15033=ORIENTED_EDGE('',*,*,#15012,.F.);
#15034=EDGE_LOOP('',(#15026,#15028,#15030,#15032,#15033));
#15035=FACE_OUTER_BOUND('',#15034,.F.);
#15036=ADVANCED_FACE('',(#15035),#15025,.T.);
#15037=CARTESIAN_POINT('',(-2.1953302E1,8.186993923556E-1,1.267299999747E1));
#15038=DIRECTION('',(-1.E0,0.E0,0.E0));
#15039=DIRECTION('',(0.E0,1.E0,0.E0));
#15040=AXIS2_PLACEMENT_3D('',#15037,#15038,#15039);
#15041=PLANE('',#15040);
#15042=ORIENTED_EDGE('',*,*,#14947,.T.);
#15044=ORIENTED_EDGE('',*,*,#15043,.T.);
#15046=ORIENTED_EDGE('',*,*,#15045,.F.);
#15047=ORIENTED_EDGE('',*,*,#15027,.T.);
#15048=EDGE_LOOP('',(#15042,#15044,#15046,#15047));
#15049=FACE_OUTER_BOUND('',#15048,.F.);
#15050=ADVANCED_FACE('',(#15049),#15041,.T.);
#15051=CARTESIAN_POINT('',(-2.1853302E1,-6.337199999999E-2,-1.500000025257E-1));
#15052=DIRECTION('',(0.E0,0.E0,1.E0));
#15053=DIRECTION('',(1.E0,0.E0,0.E0));
#15054=AXIS2_PLACEMENT_3D('',#15051,#15052,#15053);
#15055=CYLINDRICAL_SURFACE('',#15054,1.E-1);
#15056=ORIENTED_EDGE('',*,*,#14945,.T.);
#15058=ORIENTED_EDGE('',*,*,#15057,.F.);
#15060=ORIENTED_EDGE('',*,*,#15059,.F.);
#15062=ORIENTED_EDGE('',*,*,#15061,.F.);
#15063=ORIENTED_EDGE('',*,*,#15043,.F.);
#15064=EDGE_LOOP('',(#15056,#15058,#15060,#15062,#15063));
#15065=FACE_OUTER_BOUND('',#15064,.F.);
#15066=ADVANCED_FACE('',(#15065),#15055,.T.);
#15067=CARTESIAN_POINT('',(-2.0909302E1,-1.63372E-1,8.972999997474E0));
#15068=DIRECTION('',(0.E0,-1.E0,0.E0));
#15069=DIRECTION('',(1.E0,0.E0,0.E0));
#15070=AXIS2_PLACEMENT_3D('',#15067,#15068,#15069);
#15071=PLANE('',#15070);
#15072=ORIENTED_EDGE('',*,*,#14943,.T.);
#15074=ORIENTED_EDGE('',*,*,#15073,.T.);
#15076=ORIENTED_EDGE('',*,*,#15075,.T.);
#15077=ORIENTED_EDGE('',*,*,#15057,.T.);
#15078=EDGE_LOOP('',(#15072,#15074,#15076,#15077));
#15079=FACE_OUTER_BOUND('',#15078,.F.);
#15080=ADVANCED_FACE('',(#15079),#15071,.T.);
#15081=CARTESIAN_POINT('',(-2.0929302E1,-6.337199999999E-2,-1.500000025257E-1));
#15082=DIRECTION('',(0.E0,0.E0,1.E0));
#15083=DIRECTION('',(1.E0,0.E0,0.E0));
#15084=AXIS2_PLACEMENT_3D('',#15081,#15082,#15083);
#15085=CYLINDRICAL_SURFACE('',#15084,1.E-1);
#15086=ORIENTED_EDGE('',*,*,#14941,.T.);
#15088=ORIENTED_EDGE('',*,*,#15087,.F.);
#15090=ORIENTED_EDGE('',*,*,#15089,.F.);
#15092=ORIENTED_EDGE('',*,*,#15091,.F.);
#15093=ORIENTED_EDGE('',*,*,#15073,.F.);
#15094=EDGE_LOOP('',(#15086,#15088,#15090,#15092,#15093));
#15095=FACE_OUTER_BOUND('',#15094,.F.);
#15096=ADVANCED_FACE('',(#15095),#15085,.T.);
#15097=CARTESIAN_POINT('',(-2.0829302E1,-4.89999E0,2.256500003033E1));
#15098=DIRECTION('',(1.E0,0.E0,0.E0));
#15099=DIRECTION('',(0.E0,0.E0,1.E0));
#15100=AXIS2_PLACEMENT_3D('',#15097,#15098,#15099);
#15101=PLANE('',#15100);
#15102=ORIENTED_EDGE('',*,*,#14939,.T.);
#15104=ORIENTED_EDGE('',*,*,#15103,.T.);
#15106=ORIENTED_EDGE('',*,*,#15105,.F.);
#15107=ORIENTED_EDGE('',*,*,#15087,.T.);
#15108=EDGE_LOOP('',(#15102,#15104,#15106,#15107));
#15109=FACE_OUTER_BOUND('',#15108,.F.);
#15110=ADVANCED_FACE('',(#15109),#15101,.T.);
#15111=CARTESIAN_POINT('',(-2.0929302E1,8.60628E-1,-1.500000025257E-1));
#15112=DIRECTION('',(0.E0,0.E0,1.E0));
#15113=DIRECTION('',(1.E0,0.E0,0.E0));
#15114=AXIS2_PLACEMENT_3D('',#15111,#15112,#15113);
#15115=CYLINDRICAL_SURFACE('',#15114,1.E-1);
#15116=ORIENTED_EDGE('',*,*,#14937,.T.);
#15117=ORIENTED_EDGE('',*,*,#15016,.F.);
#15119=ORIENTED_EDGE('',*,*,#15118,.F.);
#15121=ORIENTED_EDGE('',*,*,#15120,.F.);
#15122=ORIENTED_EDGE('',*,*,#15103,.F.);
#15123=EDGE_LOOP('',(#15116,#15117,#15119,#15121,#15122));
#15124=FACE_OUTER_BOUND('',#15123,.F.);
#15125=ADVANCED_FACE('',(#15124),#15115,.T.);
#15126=CARTESIAN_POINT('',(-2.1391302E1,7.60628E-1,2.299287745611E0));
#15127=DIRECTION('',(0.E0,7.071067811865E-1,-7.071067811865E-1));
#15128=DIRECTION('',(0.E0,-7.071067811865E-1,-7.071067811865E-1));
#15129=AXIS2_PLACEMENT_3D('',#15126,#15127,#15128);
#15130=PLANE('',#15129);
#15131=ORIENTED_EDGE('',*,*,#15014,.T.);
#15132=ORIENTED_EDGE('',*,*,#15031,.T.);
#15134=ORIENTED_EDGE('',*,*,#15133,.T.);
#15136=ORIENTED_EDGE('',*,*,#15135,.T.);
#15138=ORIENTED_EDGE('',*,*,#15137,.T.);
#15139=ORIENTED_EDGE('',*,*,#15118,.T.);
#15140=EDGE_LOOP('',(#15131,#15132,#15134,#15136,#15138,#15139));
#15141=FACE_OUTER_BOUND('',#15140,.F.);
#15142=ADVANCED_FACE('',(#15141),#15130,.T.);
#15143=CARTESIAN_POINT('',(-2.1753302E1,4.23628E-1,2.299287745611E0));
#15144=DIRECTION('',(-7.071067811865E-1,0.E0,-7.071067811865E-1));
#15145=DIRECTION('',(-7.071067811865E-1,0.E0,7.071067811865E-1));
#15146=AXIS2_PLACEMENT_3D('',#15143,#15144,#15145);
#15147=PLANE('',#15146);
#15148=ORIENTED_EDGE('',*,*,#15133,.F.);
#15149=ORIENTED_EDGE('',*,*,#15029,.T.);
#15150=ORIENTED_EDGE('',*,*,#15045,.T.);
#15151=ORIENTED_EDGE('',*,*,#15061,.T.);
#15153=ORIENTED_EDGE('',*,*,#15152,.F.);
#15155=ORIENTED_EDGE('',*,*,#15154,.F.);
#15156=EDGE_LOOP('',(#15148,#15149,#15150,#15151,#15153,#15155));
#15157=FACE_OUTER_BOUND('',#15156,.F.);
#15158=ADVANCED_FACE('',(#15157),#15147,.T.);
#15159=CARTESIAN_POINT('',(-2.1391302E1,3.662800000001E-2,2.299287745611E0));
#15160=DIRECTION('',(0.E0,-7.071067811865E-1,-7.071067811865E-1));
#15161=DIRECTION('',(0.E0,7.071067811865E-1,-7.071067811865E-1));
#15162=AXIS2_PLACEMENT_3D('',#15159,#15160,#15161);
#15163=PLANE('',#15162);
#15164=ORIENTED_EDGE('',*,*,#15075,.F.);
#15165=ORIENTED_EDGE('',*,*,#15091,.T.);
#15167=ORIENTED_EDGE('',*,*,#15166,.T.);
#15169=ORIENTED_EDGE('',*,*,#15168,.T.);
#15170=ORIENTED_EDGE('',*,*,#15152,.T.);
#15171=ORIENTED_EDGE('',*,*,#15059,.T.);
#15172=EDGE_LOOP('',(#15164,#15165,#15167,#15169,#15170,#15171));
#15173=FACE_OUTER_BOUND('',#15172,.F.);
#15174=ADVANCED_FACE('',(#15173),#15163,.T.);
#15175=CARTESIAN_POINT('',(-2.1029302E1,4.23628E-1,2.299287745611E0));
#15176=DIRECTION('',(7.071067811865E-1,0.E0,-7.071067811865E-1));
#15177=DIRECTION('',(7.071067811865E-1,0.E0,7.071067811865E-1));
#15178=AXIS2_PLACEMENT_3D('',#15175,#15176,#15177);
#15179=PLANE('',#15178);
#15180=ORIENTED_EDGE('',*,*,#15166,.F.);
#15181=ORIENTED_EDGE('',*,*,#15089,.T.);
#15182=ORIENTED_EDGE('',*,*,#15105,.T.);
#15183=ORIENTED_EDGE('',*,*,#15120,.T.);
#15184=ORIENTED_EDGE('',*,*,#15137,.F.);
#15186=ORIENTED_EDGE('',*,*,#15185,.F.);
#15187=EDGE_LOOP('',(#15180,#15181,#15182,#15183,#15184,#15186));
#15188=FACE_OUTER_BOUND('',#15187,.F.);
#15189=ADVANCED_FACE('',(#15188),#15179,.T.);
#15190=CARTESIAN_POINT('',(-2.105861274478E1,-7.712105539455E-1,
2.099287745611E0));
#15191=DIRECTION('',(0.E0,0.E0,-1.E0));
#15192=DIRECTION('',(-1.E0,0.E0,0.E0));
#15193=AXIS2_PLACEMENT_3D('',#15190,#15191,#15192);
#15194=PLANE('',#15193);
#15195=ORIENTED_EDGE('',*,*,#15185,.T.);
#15196=ORIENTED_EDGE('',*,*,#15135,.F.);
#15197=ORIENTED_EDGE('',*,*,#15154,.T.);
#15198=ORIENTED_EDGE('',*,*,#15168,.F.);
#15199=EDGE_LOOP('',(#15195,#15196,#15197,#15198));
#15200=FACE_OUTER_BOUND('',#15199,.F.);
#15201=ADVANCED_FACE('',(#15200),#15194,.T.);
#15202=CARTESIAN_POINT('',(-1.260562786398E1,2.09188E-1,-2.002004759617E0));
#15203=DIRECTION('',(7.040147244560E-1,0.E0,-7.101853756233E-1));
#15204=DIRECTION('',(7.101853756233E-1,0.E0,7.040147244560E-1));
#15205=AXIS2_PLACEMENT_3D('',#15202,#15203,#15204);
#15206=PLANE('',#15205);
#15207=ORIENTED_EDGE('',*,*,#7723,.F.);
#15209=ORIENTED_EDGE('',*,*,#15208,.F.);
#15211=ORIENTED_EDGE('',*,*,#15210,.T.);
#15213=ORIENTED_EDGE('',*,*,#15212,.T.);
#15214=EDGE_LOOP('',(#15207,#15209,#15211,#15213));
#15215=FACE_OUTER_BOUND('',#15214,.F.);
#15216=ADVANCED_FACE('',(#15215),#15206,.T.);
#15217=CARTESIAN_POINT('',(-1.063869982363E1,-2.373162922282E0,
-2.002004759617E0));
#15218=DIRECTION('',(0.E0,-7.040147244560E-1,7.101853756233E-1));
#15219=DIRECTION('',(0.E0,-7.101853756233E-1,-7.040147244560E-1));
#15220=AXIS2_PLACEMENT_3D('',#15217,#15218,#15219);
#15221=PLANE('',#15220);
#15223=ORIENTED_EDGE('',*,*,#15222,.F.);
#15225=ORIENTED_EDGE('',*,*,#15224,.F.);
#15226=ORIENTED_EDGE('',*,*,#15208,.T.);
#15227=ORIENTED_EDGE('',*,*,#7731,.F.);
#15229=ORIENTED_EDGE('',*,*,#15228,.F.);
#15230=EDGE_LOOP('',(#15223,#15225,#15226,#15227,#15229));
#15231=FACE_OUTER_BOUND('',#15230,.F.);
#15232=ADVANCED_FACE('',(#15231),#15221,.F.);
#15233=CARTESIAN_POINT('',(-8.821946107269E0,-2.346199418830E0,
-2.127000032842E0));
#15234=DIRECTION('',(-7.071067811865E-1,7.071067811865E-1,0.E0));
#15235=DIRECTION('',(-7.071067811865E-1,-7.071067811865E-1,0.E0));
#15236=AXIS2_PLACEMENT_3D('',#15233,#15234,#15235);
#15237=PLANE('',#15236);
#15239=ORIENTED_EDGE('',*,*,#15238,.T.);
#15241=ORIENTED_EDGE('',*,*,#15240,.F.);
#15243=ORIENTED_EDGE('',*,*,#15242,.T.);
#15245=ORIENTED_EDGE('',*,*,#15244,.T.);
#15246=ORIENTED_EDGE('',*,*,#15222,.T.);
#15248=ORIENTED_EDGE('',*,*,#15247,.F.);
#15249=EDGE_LOOP('',(#15239,#15241,#15243,#15245,#15246,#15248));
#15250=FACE_OUTER_BOUND('',#15249,.F.);
#15251=ADVANCED_FACE('',(#15250),#15237,.T.);
#15252=CARTESIAN_POINT('',(-7.371840136017E0,8.591538236301E-1,
-2.002004759617E0));
#15253=DIRECTION('',(7.040147244560E-1,0.E0,7.101853756233E-1));
#15254=DIRECTION('',(7.101853756233E-1,0.E0,-7.040147244560E-1));
#15255=AXIS2_PLACEMENT_3D('',#15252,#15253,#15254);
#15256=PLANE('',#15255);
#15258=ORIENTED_EDGE('',*,*,#15257,.F.);
#15259=ORIENTED_EDGE('',*,*,#15238,.F.);
#15261=ORIENTED_EDGE('',*,*,#15260,.F.);
#15262=ORIENTED_EDGE('',*,*,#7727,.F.);
#15264=ORIENTED_EDGE('',*,*,#15263,.T.);
#15265=EDGE_LOOP('',(#15258,#15259,#15261,#15262,#15264));
#15266=FACE_OUTER_BOUND('',#15265,.F.);
#15267=ADVANCED_FACE('',(#15266),#15256,.F.);
#15268=CARTESIAN_POINT('',(-7.398803639469E0,-9.230569510301E-1,
-2.127000032842E0));
#15269=DIRECTION('',(-1.E0,0.E0,0.E0));
#15270=DIRECTION('',(0.E0,-1.E0,0.E0));
#15271=AXIS2_PLACEMENT_3D('',#15268,#15269,#15270);
#15272=PLANE('',#15271);
#15273=ORIENTED_EDGE('',*,*,#15257,.T.);
#15275=ORIENTED_EDGE('',*,*,#15274,.F.);
#15277=ORIENTED_EDGE('',*,*,#15276,.T.);
#15278=ORIENTED_EDGE('',*,*,#15240,.T.);
#15279=EDGE_LOOP('',(#15273,#15275,#15277,#15278));
#15280=FACE_OUTER_BOUND('',#15279,.F.);
#15281=ADVANCED_FACE('',(#15280),#15272,.T.);
#15282=CARTESIAN_POINT('',(-7.398803639469E0,2.764575418830E0,
-2.127000032842E0));
#15283=DIRECTION('',(0.E0,-1.E0,0.E0));
#15284=DIRECTION('',(1.E0,0.E0,0.E0));
#15285=AXIS2_PLACEMENT_3D('',#15282,#15283,#15284);
#15286=PLANE('',#15285);
#15288=ORIENTED_EDGE('',*,*,#15287,.T.);
#15290=ORIENTED_EDGE('',*,*,#15289,.F.);
#15292=ORIENTED_EDGE('',*,*,#15291,.T.);
#15293=ORIENTED_EDGE('',*,*,#15274,.T.);
#15294=EDGE_LOOP('',(#15288,#15290,#15292,#15293));
#15295=FACE_OUTER_BOUND('',#15294,.F.);
#15296=ADVANCED_FACE('',(#15295),#15286,.T.);
#15297=CARTESIAN_POINT('',(-9.988734E0,2.791538922282E0,-2.002004759617E0));
#15298=DIRECTION('',(0.E0,7.040147244560E-1,7.101853756233E-1));
#15299=DIRECTION('',(0.E0,7.101853756233E-1,-7.040147244560E-1));
#15300=AXIS2_PLACEMENT_3D('',#15297,#15298,#15299);
#15301=PLANE('',#15300);
#15302=ORIENTED_EDGE('',*,*,#15287,.F.);
#15303=ORIENTED_EDGE('',*,*,#15263,.F.);
#15304=ORIENTED_EDGE('',*,*,#7725,.F.);
#15305=ORIENTED_EDGE('',*,*,#15212,.F.);
#15306=EDGE_LOOP('',(#15302,#15303,#15304,#15305));
#15307=FACE_OUTER_BOUND('',#15306,.F.);
#15308=ADVANCED_FACE('',(#15307),#15301,.F.);
#15309=CARTESIAN_POINT('',(-1.257866436053E1,2.764575418830E0,
-2.127000032842E0));
#15310=DIRECTION('',(1.E0,0.E0,0.E0));
#15311=DIRECTION('',(0.E0,1.E0,0.E0));
#15312=AXIS2_PLACEMENT_3D('',#15309,#15310,#15311);
#15313=PLANE('',#15312);
#15314=ORIENTED_EDGE('',*,*,#15210,.F.);
#15316=ORIENTED_EDGE('',*,*,#15315,.F.);
#15318=ORIENTED_EDGE('',*,*,#15317,.T.);
#15319=ORIENTED_EDGE('',*,*,#15289,.T.);
#15320=EDGE_LOOP('',(#15314,#15316,#15318,#15319));
#15321=FACE_OUTER_BOUND('',#15320,.F.);
#15322=ADVANCED_FACE('',(#15321),#15313,.T.);
#15323=CARTESIAN_POINT('',(-1.257866436053E1,-2.346199418830E0,
-2.127000032842E0));
#15324=DIRECTION('',(0.E0,1.E0,0.E0));
#15325=DIRECTION('',(-1.E0,0.E0,0.E0));
#15326=AXIS2_PLACEMENT_3D('',#15323,#15324,#15325);
#15327=PLANE('',#15326);
#15328=ORIENTED_EDGE('',*,*,#15224,.T.);
#15329=ORIENTED_EDGE('',*,*,#15244,.F.);
#15331=ORIENTED_EDGE('',*,*,#15330,.T.);
#15332=ORIENTED_EDGE('',*,*,#15315,.T.);
#15333=EDGE_LOOP('',(#15328,#15329,#15331,#15332));
#15334=FACE_OUTER_BOUND('',#15333,.F.);
#15335=ADVANCED_FACE('',(#15334),#15327,.T.);
#15336=CARTESIAN_POINT('',(-6.371814855012E0,-6.0319924E0,8.972999999999E0));
#15337=DIRECTION('',(0.E0,0.E0,1.E0));
#15338=DIRECTION('',(-1.E0,0.E0,0.E0));
#15339=AXIS2_PLACEMENT_3D('',#15336,#15337,#15338);
#15340=PLANE('',#15339);
#15341=ORIENTED_EDGE('',*,*,#15276,.F.);
#15342=ORIENTED_EDGE('',*,*,#15291,.F.);
#15343=ORIENTED_EDGE('',*,*,#15317,.F.);
#15344=ORIENTED_EDGE('',*,*,#15330,.F.);
#15345=ORIENTED_EDGE('',*,*,#15242,.F.);
#15346=EDGE_LOOP('',(#15341,#15342,#15343,#15344,#15345));
#15347=FACE_OUTER_BOUND('',#15346,.F.);
#15349=ORIENTED_EDGE('',*,*,#15348,.F.);
#15351=ORIENTED_EDGE('',*,*,#15350,.F.);
#15353=ORIENTED_EDGE('',*,*,#15352,.F.);
#15355=ORIENTED_EDGE('',*,*,#15354,.F.);
#15357=ORIENTED_EDGE('',*,*,#15356,.F.);
#15359=ORIENTED_EDGE('',*,*,#15358,.F.);
#15361=ORIENTED_EDGE('',*,*,#15360,.F.);
#15363=ORIENTED_EDGE('',*,*,#15362,.F.);
#15364=EDGE_LOOP('',(#15349,#15351,#15353,#15355,#15357,#15359,#15361,#15363));
#15365=FACE_BOUND('',#15364,.F.);
#15366=ADVANCED_FACE('',(#15347,#15365),#15340,.F.);
#15367=CARTESIAN_POINT('',(-1.0553302E1,8.186993923556E-1,1.267299999747E1));
#15368=DIRECTION('',(-1.E0,0.E0,0.E0));
#15369=DIRECTION('',(0.E0,1.E0,0.E0));
#15370=AXIS2_PLACEMENT_3D('',#15367,#15368,#15369);
#15371=PLANE('',#15370);
#15372=ORIENTED_EDGE('',*,*,#15348,.T.);
#15374=ORIENTED_EDGE('',*,*,#15373,.T.);
#15376=ORIENTED_EDGE('',*,*,#15375,.F.);
#15378=ORIENTED_EDGE('',*,*,#15377,.T.);
#15379=EDGE_LOOP('',(#15372,#15374,#15376,#15378));
#15380=FACE_OUTER_BOUND('',#15379,.F.);
#15381=ADVANCED_FACE('',(#15380),#15371,.T.);
#15382=CARTESIAN_POINT('',(-1.0453302E1,-6.337199999999E-2,-1.500000025257E-1));
#15383=DIRECTION('',(0.E0,0.E0,1.E0));
#15384=DIRECTION('',(1.E0,0.E0,0.E0));
#15385=AXIS2_PLACEMENT_3D('',#15382,#15383,#15384);
#15386=CYLINDRICAL_SURFACE('',#15385,1.E-1);
#15387=ORIENTED_EDGE('',*,*,#15362,.T.);
#15389=ORIENTED_EDGE('',*,*,#15388,.F.);
#15391=ORIENTED_EDGE('',*,*,#15390,.F.);
#15393=ORIENTED_EDGE('',*,*,#15392,.F.);
#15394=ORIENTED_EDGE('',*,*,#15373,.F.);
#15395=EDGE_LOOP('',(#15387,#15389,#15391,#15393,#15394));
#15396=FACE_OUTER_BOUND('',#15395,.F.);
#15397=ADVANCED_FACE('',(#15396),#15386,.T.);
#15398=CARTESIAN_POINT('',(-9.509302000002E0,-1.63372E-1,8.972999997474E0));
#15399=DIRECTION('',(0.E0,-1.E0,0.E0));
#15400=DIRECTION('',(1.E0,0.E0,0.E0));
#15401=AXIS2_PLACEMENT_3D('',#15398,#15399,#15400);
#15402=PLANE('',#15401);
#15403=ORIENTED_EDGE('',*,*,#15360,.T.);
#15405=ORIENTED_EDGE('',*,*,#15404,.T.);
#15407=ORIENTED_EDGE('',*,*,#15406,.T.);
#15408=ORIENTED_EDGE('',*,*,#15388,.T.);
#15409=EDGE_LOOP('',(#15403,#15405,#15407,#15408));
#15410=FACE_OUTER_BOUND('',#15409,.F.);
#15411=ADVANCED_FACE('',(#15410),#15402,.T.);
#15412=CARTESIAN_POINT('',(-9.529302000002E0,-6.337199999999E-2,
-1.500000025257E-1));
#15413=DIRECTION('',(0.E0,0.E0,1.E0));
#15414=DIRECTION('',(1.E0,0.E0,0.E0));
#15415=AXIS2_PLACEMENT_3D('',#15412,#15413,#15414);
#15416=CYLINDRICAL_SURFACE('',#15415,1.E-1);
#15417=ORIENTED_EDGE('',*,*,#15358,.T.);
#15419=ORIENTED_EDGE('',*,*,#15418,.F.);
#15421=ORIENTED_EDGE('',*,*,#15420,.F.);
#15423=ORIENTED_EDGE('',*,*,#15422,.F.);
#15424=ORIENTED_EDGE('',*,*,#15404,.F.);
#15425=EDGE_LOOP('',(#15417,#15419,#15421,#15423,#15424));
#15426=FACE_OUTER_BOUND('',#15425,.F.);
#15427=ADVANCED_FACE('',(#15426),#15416,.T.);
#15428=CARTESIAN_POINT('',(-9.429302000002E0,-4.89999E0,2.256500003033E1));
#15429=DIRECTION('',(1.E0,0.E0,0.E0));
#15430=DIRECTION('',(0.E0,0.E0,1.E0));
#15431=AXIS2_PLACEMENT_3D('',#15428,#15429,#15430);
#15432=PLANE('',#15431);
#15433=ORIENTED_EDGE('',*,*,#15356,.T.);
#15435=ORIENTED_EDGE('',*,*,#15434,.T.);
#15437=ORIENTED_EDGE('',*,*,#15436,.F.);
#15438=ORIENTED_EDGE('',*,*,#15418,.T.);
#15439=EDGE_LOOP('',(#15433,#15435,#15437,#15438));
#15440=FACE_OUTER_BOUND('',#15439,.F.);
#15441=ADVANCED_FACE('',(#15440),#15432,.T.);
#15442=CARTESIAN_POINT('',(-9.529302000002E0,8.60628E-1,-1.500000025257E-1));
#15443=DIRECTION('',(0.E0,0.E0,1.E0));
#15444=DIRECTION('',(1.E0,0.E0,0.E0));
#15445=AXIS2_PLACEMENT_3D('',#15442,#15443,#15444);
#15446=CYLINDRICAL_SURFACE('',#15445,1.E-1);
#15447=ORIENTED_EDGE('',*,*,#15354,.T.);
#15449=ORIENTED_EDGE('',*,*,#15448,.F.);
#15451=ORIENTED_EDGE('',*,*,#15450,.F.);
#15453=ORIENTED_EDGE('',*,*,#15452,.F.);
#15454=ORIENTED_EDGE('',*,*,#15434,.F.);
#15455=EDGE_LOOP('',(#15447,#15449,#15451,#15453,#15454));
#15456=FACE_OUTER_BOUND('',#15455,.F.);
#15457=ADVANCED_FACE('',(#15456),#15446,.T.);
#15458=CARTESIAN_POINT('',(-9.509302000002E0,9.60628E-1,1.267299999747E1));
#15459=DIRECTION('',(0.E0,1.E0,0.E0));
#15460=DIRECTION('',(1.E0,0.E0,0.E0));
#15461=AXIS2_PLACEMENT_3D('',#15458,#15459,#15460);
#15462=PLANE('',#15461);
#15463=ORIENTED_EDGE('',*,*,#15352,.T.);
#15465=ORIENTED_EDGE('',*,*,#15464,.T.);
#15467=ORIENTED_EDGE('',*,*,#15466,.F.);
#15468=ORIENTED_EDGE('',*,*,#15448,.T.);
#15469=EDGE_LOOP('',(#15463,#15465,#15467,#15468));
#15470=FACE_OUTER_BOUND('',#15469,.F.);
#15471=ADVANCED_FACE('',(#15470),#15462,.T.);
#15472=CARTESIAN_POINT('',(-1.0453302E1,8.60628E-1,-1.500000025257E-1));
#15473=DIRECTION('',(0.E0,0.E0,1.E0));
#15474=DIRECTION('',(1.E0,0.E0,0.E0));
#15475=AXIS2_PLACEMENT_3D('',#15472,#15473,#15474);
#15476=CYLINDRICAL_SURFACE('',#15475,1.E-1);
#15477=ORIENTED_EDGE('',*,*,#15350,.T.);
#15478=ORIENTED_EDGE('',*,*,#15377,.F.);
#15480=ORIENTED_EDGE('',*,*,#15479,.F.);
#15482=ORIENTED_EDGE('',*,*,#15481,.F.);
#15483=ORIENTED_EDGE('',*,*,#15464,.F.);
#15484=EDGE_LOOP('',(#15477,#15478,#15480,#15482,#15483));
#15485=FACE_OUTER_BOUND('',#15484,.F.);
#15486=ADVANCED_FACE('',(#15485),#15476,.T.);
#15487=CARTESIAN_POINT('',(-1.0353302E1,4.23628E-1,2.299287745611E0));
#15488=DIRECTION('',(-7.071067811865E-1,0.E0,-7.071067811865E-1));
#15489=DIRECTION('',(-7.071067811865E-1,0.E0,7.071067811865E-1));
#15490=AXIS2_PLACEMENT_3D('',#15487,#15488,#15489);
#15491=PLANE('',#15490);
#15493=ORIENTED_EDGE('',*,*,#15492,.F.);
#15494=ORIENTED_EDGE('',*,*,#15479,.T.);
#15495=ORIENTED_EDGE('',*,*,#15375,.T.);
#15496=ORIENTED_EDGE('',*,*,#15392,.T.);
#15498=ORIENTED_EDGE('',*,*,#15497,.F.);
#15500=ORIENTED_EDGE('',*,*,#15499,.F.);
#15501=EDGE_LOOP('',(#15493,#15494,#15495,#15496,#15498,#15500));
#15502=FACE_OUTER_BOUND('',#15501,.F.);
#15503=ADVANCED_FACE('',(#15502),#15491,.T.);
#15504=CARTESIAN_POINT('',(-9.991302000002E0,7.60628E-1,2.299287745611E0));
#15505=DIRECTION('',(0.E0,7.071067811865E-1,-7.071067811865E-1));
#15506=DIRECTION('',(0.E0,-7.071067811865E-1,-7.071067811865E-1));
#15507=AXIS2_PLACEMENT_3D('',#15504,#15505,#15506);
#15508=PLANE('',#15507);
#15510=ORIENTED_EDGE('',*,*,#15509,.T.);
#15511=ORIENTED_EDGE('',*,*,#15450,.T.);
#15512=ORIENTED_EDGE('',*,*,#15466,.T.);
#15513=ORIENTED_EDGE('',*,*,#15481,.T.);
#15514=ORIENTED_EDGE('',*,*,#15492,.T.);
#15516=ORIENTED_EDGE('',*,*,#15515,.T.);
#15517=EDGE_LOOP('',(#15510,#15511,#15512,#15513,#15514,#15516));
#15518=FACE_OUTER_BOUND('',#15517,.F.);
#15519=ADVANCED_FACE('',(#15518),#15508,.T.);
#15520=CARTESIAN_POINT('',(-9.629302000002E0,4.23628E-1,2.299287745611E0));
#15521=DIRECTION('',(7.071067811865E-1,0.E0,-7.071067811865E-1));
#15522=DIRECTION('',(7.071067811865E-1,0.E0,7.071067811865E-1));
#15523=AXIS2_PLACEMENT_3D('',#15520,#15521,#15522);
#15524=PLANE('',#15523);
#15525=ORIENTED_EDGE('',*,*,#15436,.T.);
#15526=ORIENTED_EDGE('',*,*,#15452,.T.);
#15527=ORIENTED_EDGE('',*,*,#15509,.F.);
#15529=ORIENTED_EDGE('',*,*,#15528,.F.);
#15531=ORIENTED_EDGE('',*,*,#15530,.F.);
#15532=ORIENTED_EDGE('',*,*,#15420,.T.);
#15533=EDGE_LOOP('',(#15525,#15526,#15527,#15529,#15531,#15532));
#15534=FACE_OUTER_BOUND('',#15533,.F.);
#15535=ADVANCED_FACE('',(#15534),#15524,.T.);
#15536=CARTESIAN_POINT('',(-9.658612744784E0,-7.712105539455E-1,
2.099287745611E0));
#15537=DIRECTION('',(0.E0,0.E0,-1.E0));
#15538=DIRECTION('',(-1.E0,0.E0,0.E0));
#15539=AXIS2_PLACEMENT_3D('',#15536,#15537,#15538);
#15540=PLANE('',#15539);
#15541=ORIENTED_EDGE('',*,*,#15528,.T.);
#15542=ORIENTED_EDGE('',*,*,#15515,.F.);
#15543=ORIENTED_EDGE('',*,*,#15499,.T.);
#15545=ORIENTED_EDGE('',*,*,#15544,.F.);
#15546=EDGE_LOOP('',(#15541,#15542,#15543,#15545));
#15547=FACE_OUTER_BOUND('',#15546,.F.);
#15548=ADVANCED_FACE('',(#15547),#15540,.T.);
#15549=CARTESIAN_POINT('',(-9.991302000002E0,3.662800000001E-2,
2.299287745611E0));
#15550=DIRECTION('',(0.E0,-7.071067811865E-1,-7.071067811865E-1));
#15551=DIRECTION('',(0.E0,7.071067811865E-1,-7.071067811865E-1));
#15552=AXIS2_PLACEMENT_3D('',#15549,#15550,#15551);
#15553=PLANE('',#15552);
#15554=ORIENTED_EDGE('',*,*,#15497,.T.);
#15555=ORIENTED_EDGE('',*,*,#15390,.T.);
#15556=ORIENTED_EDGE('',*,*,#15406,.F.);
#15557=ORIENTED_EDGE('',*,*,#15422,.T.);
#15558=ORIENTED_EDGE('',*,*,#15530,.T.);
#15559=ORIENTED_EDGE('',*,*,#15544,.T.);
#15560=EDGE_LOOP('',(#15554,#15555,#15556,#15557,#15558,#15559));
#15561=FACE_OUTER_BOUND('',#15560,.F.);
#15562=ADVANCED_FACE('',(#15561),#15553,.T.);
#15563=CARTESIAN_POINT('',(-8.058098119115E0,-1.686904939184E0,
-2.002004759617E0));
#15564=DIRECTION('',(-4.978135857180E-1,4.978135857180E-1,-7.101853756233E-1));
#15565=DIRECTION('',(-5.021768950027E-1,5.021768950027E-1,7.040147244560E-1));
#15566=AXIS2_PLACEMENT_3D('',#15563,#15564,#15565);
#15567=PLANE('',#15566);
#15568=ORIENTED_EDGE('',*,*,#7729,.T.);
#15569=ORIENTED_EDGE('',*,*,#15260,.T.);
#15570=ORIENTED_EDGE('',*,*,#15247,.T.);
#15571=ORIENTED_EDGE('',*,*,#15228,.T.);
#15572=EDGE_LOOP('',(#15568,#15569,#15570,#15571));
#15573=FACE_OUTER_BOUND('',#15572,.F.);
#15574=ADVANCED_FACE('',(#15573),#15567,.T.);
#15575=CARTESIAN_POINT('',(-2.6503734E1,5.536628E0,2.068100003033E1));
#15576=DIRECTION('',(0.E0,-1.E0,0.E0));
#15577=DIRECTION('',(0.E0,0.E0,-1.E0));
#15578=AXIS2_PLACEMENT_3D('',#15575,#15576,#15577);
#15579=PLANE('',#15578);
#15580=ORIENTED_EDGE('',*,*,#7488,.T.);
#15582=ORIENTED_EDGE('',*,*,#15581,.T.);
#15584=ORIENTED_EDGE('',*,*,#15583,.F.);
#15586=ORIENTED_EDGE('',*,*,#15585,.T.);
#15587=EDGE_LOOP('',(#15580,#15582,#15584,#15586));
#15588=FACE_OUTER_BOUND('',#15587,.F.);
#15589=ADVANCED_FACE('',(#15588),#15579,.T.);
#15590=CARTESIAN_POINT('',(-2.6626734E1,5.636628E0,-1.500000025257E-1));
#15591=DIRECTION('',(0.E0,0.E0,-1.E0));
#15592=DIRECTION('',(-1.E0,0.E0,0.E0));
#15593=AXIS2_PLACEMENT_3D('',#15590,#15591,#15592);
#15594=CYLINDRICAL_SURFACE('',#15593,1.E-1);
#15596=ORIENTED_EDGE('',*,*,#15595,.F.);
#15598=ORIENTED_EDGE('',*,*,#15597,.F.);
#15600=ORIENTED_EDGE('',*,*,#15599,.F.);
#15601=ORIENTED_EDGE('',*,*,#15581,.F.);
#15602=ORIENTED_EDGE('',*,*,#7502,.T.);
#15603=EDGE_LOOP('',(#15596,#15598,#15600,#15601,#15602));
#15604=FACE_OUTER_BOUND('',#15603,.F.);
#15605=ADVANCED_FACE('',(#15604),#15594,.T.);
#15606=CARTESIAN_POINT('',(-2.6526734E1,5.616628E0,1.267299999747E1));
#15607=DIRECTION('',(1.E0,0.E0,0.E0));
#15608=DIRECTION('',(0.E0,-1.E0,0.E0));
#15609=AXIS2_PLACEMENT_3D('',#15606,#15607,#15608);
#15610=PLANE('',#15609);
#15611=ORIENTED_EDGE('',*,*,#15595,.T.);
#15612=ORIENTED_EDGE('',*,*,#7500,.T.);
#15614=ORIENTED_EDGE('',*,*,#15613,.T.);
#15616=ORIENTED_EDGE('',*,*,#15615,.F.);
#15617=EDGE_LOOP('',(#15611,#15612,#15614,#15616));
#15618=FACE_OUTER_BOUND('',#15617,.F.);
#15619=ADVANCED_FACE('',(#15618),#15610,.T.);
#15620=CARTESIAN_POINT('',(-2.6626734E1,6.560628E0,-1.500000025257E-1));
#15621=DIRECTION('',(0.E0,0.E0,1.E0));
#15622=DIRECTION('',(1.E0,0.E0,0.E0));
#15623=AXIS2_PLACEMENT_3D('',#15620,#15621,#15622);
#15624=CYLINDRICAL_SURFACE('',#15623,1.E-1);
#15625=ORIENTED_EDGE('',*,*,#7498,.T.);
#15627=ORIENTED_EDGE('',*,*,#15626,.F.);
#15629=ORIENTED_EDGE('',*,*,#15628,.F.);
#15631=ORIENTED_EDGE('',*,*,#15630,.F.);
#15632=ORIENTED_EDGE('',*,*,#15613,.F.);
#15633=EDGE_LOOP('',(#15625,#15627,#15629,#15631,#15632));
#15634=FACE_OUTER_BOUND('',#15633,.F.);
#15635=ADVANCED_FACE('',(#15634),#15624,.T.);
#15636=CARTESIAN_POINT('',(-2.696599750103E1,6.660628E0,2.162134859331E1));
#15637=DIRECTION('',(0.E0,1.E0,0.E0));
#15638=DIRECTION('',(-1.E0,0.E0,0.E0));
#15639=AXIS2_PLACEMENT_3D('',#15636,#15637,#15638);
#15640=PLANE('',#15639);
#15641=ORIENTED_EDGE('',*,*,#7496,.T.);
#15643=ORIENTED_EDGE('',*,*,#15642,.T.);
#15645=ORIENTED_EDGE('',*,*,#15644,.F.);
#15646=ORIENTED_EDGE('',*,*,#15626,.T.);
#15647=EDGE_LOOP('',(#15641,#15643,#15645,#15646));
#15648=FACE_OUTER_BOUND('',#15647,.F.);
#15649=ADVANCED_FACE('',(#15648),#15640,.T.);
#15650=CARTESIAN_POINT('',(-2.7550734E1,6.560628E0,-1.500000025257E-1));
#15651=DIRECTION('',(0.E0,0.E0,-1.E0));
#15652=DIRECTION('',(-1.E0,0.E0,0.E0));
#15653=AXIS2_PLACEMENT_3D('',#15650,#15651,#15652);
#15654=CYLINDRICAL_SURFACE('',#15653,1.E-1);
#15656=ORIENTED_EDGE('',*,*,#15655,.F.);
#15658=ORIENTED_EDGE('',*,*,#15657,.F.);
#15660=ORIENTED_EDGE('',*,*,#15659,.F.);
#15661=ORIENTED_EDGE('',*,*,#15642,.F.);
#15662=ORIENTED_EDGE('',*,*,#7494,.T.);
#15663=EDGE_LOOP('',(#15656,#15658,#15660,#15661,#15662));
#15664=FACE_OUTER_BOUND('',#15663,.F.);
#15665=ADVANCED_FACE('',(#15664),#15654,.T.);
#15666=CARTESIAN_POINT('',(-2.7650734E1,6.580628E0,1.267299999747E1));
#15667=DIRECTION('',(-1.E0,0.E0,0.E0));
#15668=DIRECTION('',(0.E0,1.E0,0.E0));
#15669=AXIS2_PLACEMENT_3D('',#15666,#15667,#15668);
#15670=PLANE('',#15669);
#15671=ORIENTED_EDGE('',*,*,#7492,.T.);
#15673=ORIENTED_EDGE('',*,*,#15672,.T.);
#15675=ORIENTED_EDGE('',*,*,#15674,.F.);
#15676=ORIENTED_EDGE('',*,*,#15655,.T.);
#15677=EDGE_LOOP('',(#15671,#15673,#15675,#15676));
#15678=FACE_OUTER_BOUND('',#15677,.F.);
#15679=ADVANCED_FACE('',(#15678),#15670,.T.);
#15680=CARTESIAN_POINT('',(-2.7550734E1,5.636628E0,-1.500000025257E-1));
#15681=DIRECTION('',(0.E0,0.E0,1.E0));
#15682=DIRECTION('',(1.E0,0.E0,0.E0));
#15683=AXIS2_PLACEMENT_3D('',#15680,#15681,#15682);
#15684=CYLINDRICAL_SURFACE('',#15683,1.E-1);
#15685=ORIENTED_EDGE('',*,*,#7490,.T.);
#15686=ORIENTED_EDGE('',*,*,#15585,.F.);
#15688=ORIENTED_EDGE('',*,*,#15687,.F.);
#15690=ORIENTED_EDGE('',*,*,#15689,.F.);
#15691=ORIENTED_EDGE('',*,*,#15672,.F.);
#15692=EDGE_LOOP('',(#15685,#15686,#15688,#15690,#15691));
#15693=FACE_OUTER_BOUND('',#15692,.F.);
#15694=ADVANCED_FACE('',(#15693),#15684,.T.);
#15695=CARTESIAN_POINT('',(-2.7088734E1,5.736628E0,2.299287745611E0));
#15696=DIRECTION('',(0.E0,-7.071067811865E-1,-7.071067811865E-1));
#15697=DIRECTION('',(0.E0,7.071067811865E-1,-7.071067811865E-1));
#15698=AXIS2_PLACEMENT_3D('',#15695,#15696,#15697);
#15699=PLANE('',#15698);
#15700=ORIENTED_EDGE('',*,*,#15583,.T.);
#15701=ORIENTED_EDGE('',*,*,#15599,.T.);
#15703=ORIENTED_EDGE('',*,*,#15702,.T.);
#15705=ORIENTED_EDGE('',*,*,#15704,.T.);
#15707=ORIENTED_EDGE('',*,*,#15706,.T.);
#15708=ORIENTED_EDGE('',*,*,#15687,.T.);
#15709=EDGE_LOOP('',(#15700,#15701,#15703,#15705,#15707,#15708));
#15710=FACE_OUTER_BOUND('',#15709,.F.);
#15711=ADVANCED_FACE('',(#15710),#15699,.T.);
#15712=CARTESIAN_POINT('',(-2.6726734E1,6.123628E0,2.299287745611E0));
#15713=DIRECTION('',(7.071067811865E-1,0.E0,-7.071067811865E-1));
#15714=DIRECTION('',(-7.071067811865E-1,0.E0,-7.071067811865E-1));
#15715=AXIS2_PLACEMENT_3D('',#15712,#15713,#15714);
#15716=PLANE('',#15715);
#15717=ORIENTED_EDGE('',*,*,#15702,.F.);
#15718=ORIENTED_EDGE('',*,*,#15597,.T.);
#15719=ORIENTED_EDGE('',*,*,#15615,.T.);
#15720=ORIENTED_EDGE('',*,*,#15630,.T.);
#15722=ORIENTED_EDGE('',*,*,#15721,.F.);
#15724=ORIENTED_EDGE('',*,*,#15723,.T.);
#15725=EDGE_LOOP('',(#15717,#15718,#15719,#15720,#15722,#15724));
#15726=FACE_OUTER_BOUND('',#15725,.F.);
#15727=ADVANCED_FACE('',(#15726),#15716,.T.);
#15728=CARTESIAN_POINT('',(-2.7088734E1,6.460628E0,2.299287745611E0));
#15729=DIRECTION('',(0.E0,7.071067811865E-1,-7.071067811865E-1));
#15730=DIRECTION('',(0.E0,-7.071067811865E-1,-7.071067811865E-1));
#15731=AXIS2_PLACEMENT_3D('',#15728,#15729,#15730);
#15732=PLANE('',#15731);
#15733=ORIENTED_EDGE('',*,*,#15644,.T.);
#15734=ORIENTED_EDGE('',*,*,#15659,.T.);
#15736=ORIENTED_EDGE('',*,*,#15735,.T.);
#15738=ORIENTED_EDGE('',*,*,#15737,.T.);
#15739=ORIENTED_EDGE('',*,*,#15721,.T.);
#15740=ORIENTED_EDGE('',*,*,#15628,.T.);
#15741=EDGE_LOOP('',(#15733,#15734,#15736,#15738,#15739,#15740));
#15742=FACE_OUTER_BOUND('',#15741,.F.);
#15743=ADVANCED_FACE('',(#15742),#15732,.T.);
#15744=CARTESIAN_POINT('',(-2.7450734E1,6.123628E0,2.299287745611E0));
#15745=DIRECTION('',(-7.071067811865E-1,0.E0,-7.071067811865E-1));
#15746=DIRECTION('',(7.071067811865E-1,0.E0,-7.071067811865E-1));
#15747=AXIS2_PLACEMENT_3D('',#15744,#15745,#15746);
#15748=PLANE('',#15747);
#15749=ORIENTED_EDGE('',*,*,#15735,.F.);
#15750=ORIENTED_EDGE('',*,*,#15657,.T.);
#15751=ORIENTED_EDGE('',*,*,#15674,.T.);
#15752=ORIENTED_EDGE('',*,*,#15689,.T.);
#15753=ORIENTED_EDGE('',*,*,#15706,.F.);
#15755=ORIENTED_EDGE('',*,*,#15754,.T.);
#15756=EDGE_LOOP('',(#15749,#15750,#15751,#15752,#15753,#15755));
#15757=FACE_OUTER_BOUND('',#15756,.F.);
#15758=ADVANCED_FACE('',(#15757),#15748,.T.);
#15759=CARTESIAN_POINT('',(-2.675604474478E1,4.928789446054E0,
2.099287745611E0));
#15760=DIRECTION('',(0.E0,0.E0,-1.E0));
#15761=DIRECTION('',(-1.E0,0.E0,0.E0));
#15762=AXIS2_PLACEMENT_3D('',#15759,#15760,#15761);
#15763=PLANE('',#15762);
#15764=ORIENTED_EDGE('',*,*,#15754,.F.);
#15765=ORIENTED_EDGE('',*,*,#15704,.F.);
#15766=ORIENTED_EDGE('',*,*,#15723,.F.);
#15767=ORIENTED_EDGE('',*,*,#15737,.F.);
#15768=EDGE_LOOP('',(#15764,#15765,#15766,#15767));
#15769=FACE_OUTER_BOUND('',#15768,.F.);
#15770=ADVANCED_FACE('',(#15769),#15763,.T.);
#15771=CLOSED_SHELL('',(#7471,#7506,#7520,#7536,#7551,#7564,#7578,#7592,#7735,
#7760,#7782,#7804,#7825,#7840,#7863,#7877,#7915,#7930,#7944,#7958,#7971,#8093,
#8108,#8245,#8259,#8272,#8285,#8298,#8311,#8324,#8336,#8349,#8362,#8375,#8388,
#8401,#8414,#8427,#8440,#8453,#8466,#8479,#8492,#8505,#8518,#8531,#8544,#8557,
#8570,#8583,#8596,#8609,#8622,#8635,#8648,#8661,#8674,#8687,#8700,#8713,#8726,
#8739,#8751,#8766,#8780,#8794,#8808,#8822,#8836,#8850,#8864,#8878,#8892,#8906,
#8920,#8934,#8948,#8962,#8976,#8990,#9004,#9018,#9032,#9046,#9060,#9074,#9087,
#9119,#9134,#9167,#9180,#9193,#9206,#9219,#9232,#9245,#9258,#9271,#9284,#9297,
#9310,#9322,#9336,#9350,#9364,#9377,#9599,#9616,#9630,#9646,#9660,#9676,#9690,
#9706,#9719,#9736,#9752,#9768,#9783,#9795,#9812,#9826,#9842,#9856,#9872,#9886,
#9902,#9915,#9932,#9948,#9964,#9979,#9991,#10008,#10022,#10038,#10052,#10068,
#10082,#10098,#10111,#10128,#10144,#10160,#10175,#10187,#10204,#10218,#10234,
#10248,#10264,#10278,#10294,#10307,#10324,#10340,#10356,#10371,#10383,#10398,
#10414,#10428,#10446,#10461,#10475,#10491,#10505,#10523,#10537,#10552,#10565,
#10579,#10594,#10610,#10628,#10643,#10657,#10674,#10689,#10703,#10719,#10732,
#10748,#10761,#10775,#10790,#10806,#10824,#10839,#10853,#10870,#10885,#10899,
#10915,#10928,#10944,#10957,#10971,#10986,#11002,#11020,#11035,#11049,#11066,
#11081,#11095,#11111,#11124,#11140,#11153,#11167,#11182,#11198,#11216,#11231,
#11245,#11262,#11277,#11291,#11307,#11320,#11336,#11349,#11363,#11380,#11394,
#11410,#11424,#11440,#11454,#11470,#11483,#11500,#11516,#11532,#11547,#11559,
#11573,#11601,#11616,#11630,#11644,#11657,#11697,#11712,#11745,#11759,#11772,
#11785,#11798,#11811,#11824,#11837,#11850,#11862,#11875,#11888,#11900,#11913,
#11926,#11939,#11952,#11971,#11984,#11997,#12010,#12022,#12034,#12046,#12059,
#12072,#12084,#12099,#12113,#12127,#12140,#12152,#12164,#12180,#12195,#12206,
#12219,#12231,#12244,#12258,#12270,#12285,#12300,#12315,#12330,#12348,#12381,
#12395,#12408,#12423,#12435,#12447,#12462,#12478,#12492,#12508,#12522,#12538,
#12552,#12567,#12584,#12600,#12616,#12631,#12643,#12658,#12673,#12688,#12703,
#12721,#12754,#12768,#12781,#12796,#12808,#12820,#12835,#12851,#12865,#12881,
#12895,#12911,#12925,#12940,#12957,#12973,#12989,#13004,#13016,#13031,#13046,
#13061,#13074,#13088,#13102,#13117,#13149,#13162,#13175,#13187,#13202,#13218,
#13236,#13254,#13273,#13287,#13301,#13313,#13328,#13345,#13358,#13371,#13383,
#13398,#13413,#13428,#13443,#13461,#13494,#13508,#13521,#13536,#13548,#13560,
#13575,#13591,#13605,#13621,#13635,#13651,#13665,#13680,#13697,#13713,#13729,
#13744,#13756,#13771,#13786,#13801,#13814,#13828,#13842,#13875,#13889,#13902,
#13915,#13927,#13942,#13958,#13972,#13988,#14002,#14018,#14032,#14047,#14064,
#14080,#14096,#14111,#14123,#14138,#14152,#14169,#14183,#14198,#14211,#14227,
#14241,#14256,#14288,#14300,#14315,#14331,#14345,#14361,#14375,#14391,#14405,
#14420,#14437,#14453,#14469,#14484,#14496,#14511,#14525,#14540,#14554,#14569,
#14582,#14595,#14608,#14638,#14653,#14669,#14683,#14699,#14713,#14729,#14743,
#14758,#14775,#14791,#14807,#14822,#14834,#14849,#14864,#14879,#14892,#14906,
#14920,#14953,#14967,#14980,#14993,#15005,#15020,#15036,#15050,#15066,#15080,
#15096,#15110,#15125,#15142,#15158,#15174,#15189,#15201,#15216,#15232,#15251,
#15267,#15281,#15296,#15308,#15322,#15335,#15366,#15381,#15397,#15411,#15427,
#15441,#15457,#15471,#15486,#15503,#15519,#15535,#15548,#15562,#15574,#15589,
#15605,#15619,#15635,#15649,#15665,#15679,#15694,#15711,#15727,#15743,#15758,
#15770));
#15772=MANIFOLD_SOLID_BREP('',#15771);
#15773=CARTESIAN_POINT('',(0.E0,0.E0,0.E0));
#15774=DIRECTION('',(0.E0,0.E0,1.E0));
#15775=DIRECTION('',(1.E0,0.E0,0.E0));
#15776=AXIS2_PLACEMENT_3D('CM-76829-0010',#15773,#15774,#15775);
#15777=CARTESIAN_POINT('',(-9.986734000001E0,6.090628E0,1.3173E1));
#15778=DIRECTION('',(0.E0,0.E0,1.E0));
#15779=DIRECTION('',(1.E0,0.E0,0.E0));
#15780=AXIS2_PLACEMENT_3D('',#15777,#15778,#15779);
#15784=CARTESIAN_POINT('',(-9.986734000001E0,6.090628E0,1.3173E1));
#15785=DIRECTION('',(0.E0,0.E0,1.E0));
#15786=DIRECTION('',(-1.E0,0.E0,0.E0));
#15787=AXIS2_PLACEMENT_3D('',#15784,#15785,#15786);
#15793=CARTESIAN_POINT('',(-9.986734000001E0,3.90628E-1,1.3173E1));
#15794=DIRECTION('',(0.E0,0.E0,1.E0));
#15795=DIRECTION('',(1.E0,0.E0,0.E0));
#15796=AXIS2_PLACEMENT_3D('',#15793,#15794,#15795);
#15800=CARTESIAN_POINT('',(-9.986734000001E0,3.90628E-1,1.3173E1));
#15801=DIRECTION('',(0.E0,0.E0,1.E0));
#15802=DIRECTION('',(-1.E0,0.E0,0.E0));
#15803=AXIS2_PLACEMENT_3D('',#15800,#15801,#15802);
#15808=CARTESIAN_POINT('',(-3.2786734E1,6.090628E0,1.3173E1));
#15809=DIRECTION('',(0.E0,0.E0,1.E0));
#15810=DIRECTION('',(1.E0,0.E0,0.E0));
#15811=AXIS2_PLACEMENT_3D('',#15808,#15809,#15810);
#15815=CARTESIAN_POINT('',(-3.2786734E1,6.090628E0,1.3173E1));
#15816=DIRECTION('',(0.E0,0.E0,1.E0));
#15817=DIRECTION('',(-1.E0,0.E0,0.E0));
#15818=AXIS2_PLACEMENT_3D('',#15815,#15816,#15817);
#15823=CARTESIAN_POINT('',(-3.2786734E1,3.90628E-1,1.3173E1));
#15824=DIRECTION('',(0.E0,0.E0,1.E0));
#15825=DIRECTION('',(1.E0,0.E0,0.E0));
#15826=AXIS2_PLACEMENT_3D('',#15823,#15824,#15825);
#15830=CARTESIAN_POINT('',(-3.2786734E1,3.90628E-1,1.3173E1));
#15831=DIRECTION('',(0.E0,0.E0,1.E0));
#15832=DIRECTION('',(-1.E0,0.E0,0.E0));
#15833=AXIS2_PLACEMENT_3D('',#15830,#15831,#15832);
#15838=CARTESIAN_POINT('',(-1.5686734E1,6.090628E0,1.3173E1));
#15839=DIRECTION('',(0.E0,0.E0,1.E0));
#15840=DIRECTION('',(1.E0,0.E0,0.E0));
#15841=AXIS2_PLACEMENT_3D('',#15838,#15839,#15840);
#15845=CARTESIAN_POINT('',(-1.5686734E1,6.090628E0,1.3173E1));
#15846=DIRECTION('',(0.E0,0.E0,1.E0));
#15847=DIRECTION('',(-1.E0,0.E0,0.E0));
#15848=AXIS2_PLACEMENT_3D('',#15845,#15846,#15847);
#15853=CARTESIAN_POINT('',(-1.5686734E1,3.90628E-1,1.3173E1));
#15854=DIRECTION('',(0.E0,0.E0,1.E0));
#15855=DIRECTION('',(1.E0,0.E0,0.E0));
#15856=AXIS2_PLACEMENT_3D('',#15853,#15854,#15855);
#15860=CARTESIAN_POINT('',(-1.5686734E1,3.90628E-1,1.3173E1));
#15861=DIRECTION('',(0.E0,0.E0,1.E0));
#15862=DIRECTION('',(-1.E0,0.E0,0.E0));
#15863=AXIS2_PLACEMENT_3D('',#15860,#15861,#15862);
#15868=CARTESIAN_POINT('',(-2.7086734E1,6.090628E0,1.3173E1));
#15869=DIRECTION('',(0.E0,0.E0,1.E0));
#15870=DIRECTION('',(1.E0,0.E0,0.E0));
#15871=AXIS2_PLACEMENT_3D('',#15868,#15869,#15870);
#15875=CARTESIAN_POINT('',(-2.7086734E1,6.090628E0,1.3173E1));
#15876=DIRECTION('',(0.E0,0.E0,1.E0));
#15877=DIRECTION('',(-1.E0,0.E0,0.E0));
#15878=AXIS2_PLACEMENT_3D('',#15875,#15876,#15877);
#15883=CARTESIAN_POINT('',(-2.7086734E1,3.90628E-1,1.3173E1));
#15884=DIRECTION('',(0.E0,0.E0,1.E0));
#15885=DIRECTION('',(1.E0,0.E0,0.E0));
#15886=AXIS2_PLACEMENT_3D('',#15883,#15884,#15885);
#15890=CARTESIAN_POINT('',(-2.7086734E1,3.90628E-1,1.3173E1));
#15891=DIRECTION('',(0.E0,0.E0,1.E0));
#15892=DIRECTION('',(-1.E0,0.E0,0.E0));
#15893=AXIS2_PLACEMENT_3D('',#15890,#15891,#15892);
#15898=CARTESIAN_POINT('',(-2.1386734E1,6.090628E0,1.3173E1));
#15899=DIRECTION('',(0.E0,0.E0,1.E0));
#15900=DIRECTION('',(1.E0,0.E0,0.E0));
#15901=AXIS2_PLACEMENT_3D('',#15898,#15899,#15900);
#15905=CARTESIAN_POINT('',(-2.1386734E1,6.090628E0,1.3173E1));
#15906=DIRECTION('',(0.E0,0.E0,1.E0));
#15907=DIRECTION('',(-1.E0,0.E0,0.E0));
#15908=AXIS2_PLACEMENT_3D('',#15905,#15906,#15907);
#15913=CARTESIAN_POINT('',(-2.1386734E1,3.90628E-1,1.3173E1));
#15914=DIRECTION('',(0.E0,0.E0,1.E0));
#15915=DIRECTION('',(1.E0,0.E0,0.E0));
#15916=AXIS2_PLACEMENT_3D('',#15913,#15914,#15915);
#15920=CARTESIAN_POINT('',(-2.1386734E1,3.90628E-1,1.3173E1));
#15921=DIRECTION('',(0.E0,0.E0,1.E0));
#15922=DIRECTION('',(-1.E0,0.E0,0.E0));
#15923=AXIS2_PLACEMENT_3D('',#15920,#15921,#15922);
#15928=DIRECTION('',(0.E0,0.E0,1.E0));
#15929=VECTOR('',#15928,1.1E0);
#15930=CARTESIAN_POINT('',(-7.513733741440E0,8.865049356208E0,1.3473E1));
#15931=LINE('',#15930,#15929);
#15933=CARTESIAN_POINT('',(-7.513733741440E0,8.865049356208E0,1.3473E1));
#15934=DIRECTION('',(0.E0,0.E0,1.E0));
#15935=DIRECTION('',(1.E0,0.E0,0.E0));
#15936=AXIS2_PLACEMENT_3D('',#15933,#15934,#15935);
#15940=CARTESIAN_POINT('',(-7.513733741440E0,8.865049356208E0,1.3473E1));
#15941=DIRECTION('',(0.E0,0.E0,1.E0));
#15942=DIRECTION('',(-1.E0,0.E0,0.E0));
#15943=AXIS2_PLACEMENT_3D('',#15940,#15941,#15942);
#15949=DIMENSIONAL_EXPONENTS(0.E0,0.E0,0.E0,0.E0,0.E0,0.E0,0.E0);
#15951=PLANE_ANGLE_MEASURE_WITH_UNIT(PLANE_ANGLE_MEASURE(1.745329251994E-2),
#15950);
#15952=(CONVERSION_BASED_UNIT('DEGREE',#15951)NAMED_UNIT(*)PLANE_ANGLE_UNIT());
#15954=UNCERTAINTY_MEASURE_WITH_UNIT(LENGTH_MEASURE(4.303433382406E-3),#15948,
'closure',
'Maximum model space distance between geometric entities at asserted connectivities');
#15955=(GEOMETRIC_REPRESENTATION_CONTEXT(3)GLOBAL_UNCERTAINTY_ASSIGNED_CONTEXT((
#15954))GLOBAL_UNIT_ASSIGNED_CONTEXT((#15948,#15952,#15953))REPRESENTATION_CONTEXT('ID1','3'));
#15792=GEOMETRIC_SET('',(#15791,#15807,#15822,#15837,#15852,#15867,#15882,
#15897,#15912,#15927,#15932,#15947));
#15959=SHAPE_REPRESENTATION_RELATIONSHIP('','',#15958,#15956);
#15960=SHAPE_REPRESENTATION_RELATIONSHIP('','',#15958,#15957);
#15961=APPLICATION_CONTEXT(
'CONFIGURATION CONTROLLED 3D DESIGNS OF MECHANICAL PARTS AND ASSEMBLIES');
#15962=APPLICATION_PROTOCOL_DEFINITION('international standard',
'config_control_design',1994,#15961);
#15963=DESIGN_CONTEXT('',#15961,'design');
#15964=MECHANICAL_CONTEXT('',#15961,'mechanical');
#15965=PRODUCT('768290110','768290110','NOT SPECIFIED',(#15964));
#15966=PRODUCT_DEFINITION_FORMATION_WITH_SPECIFIED_SOURCE('1','LAST_VERSION',
#15965,.MADE.);
#15970=PRODUCT_CATEGORY('part','');
#15971=PRODUCT_RELATED_PRODUCT_CATEGORY('detail','',(#15965));
#15972=PRODUCT_CATEGORY_RELATIONSHIP('','',#15970,#15971);
#15973=SECURITY_CLASSIFICATION_LEVEL('unclassified');
#15974=SECURITY_CLASSIFICATION('','',#15973);
#15975=CC_DESIGN_SECURITY_CLASSIFICATION(#15974,(#15966));
#15976=APPROVAL_STATUS('approved');
#15977=APPROVAL(#15976,'');
#15978=CC_DESIGN_APPROVAL(#15977,(#15974,#15966,#15967));
#15979=CALENDAR_DATE(117,22,8);
#15980=COORDINATED_UNIVERSAL_TIME_OFFSET(5,30,.AHEAD.);
#15981=LOCAL_TIME(17,27,2.8E1,#15980);
#15982=DATE_AND_TIME(#15979,#15981);
#15983=APPROVAL_DATE_TIME(#15982,#15977);
#15984=DATE_TIME_ROLE('creation_date');
#15985=CC_DESIGN_DATE_AND_TIME_ASSIGNMENT(#15982,#15984,(#15967));
#15986=DATE_TIME_ROLE('classification_date');
#15987=CC_DESIGN_DATE_AND_TIME_ASSIGNMENT(#15982,#15986,(#15974));
#15988=PERSON('UNSPECIFIED','UNSPECIFIED',$,$,$,$);
#15989=ORGANIZATION('UNSPECIFIED','UNSPECIFIED','UNSPECIFIED');
#15990=PERSON_AND_ORGANIZATION(#15988,#15989);
#15991=APPROVAL_ROLE('approver');
#15992=APPROVAL_PERSON_ORGANIZATION(#15990,#15977,#15991);
#15993=PERSON_AND_ORGANIZATION_ROLE('creator');
#15994=CC_DESIGN_PERSON_AND_ORGANIZATION_ASSIGNMENT(#15990,#15993,(#15966,
#15967));
#15995=PERSON_AND_ORGANIZATION_ROLE('design_supplier');
#15996=CC_DESIGN_PERSON_AND_ORGANIZATION_ASSIGNMENT(#15990,#15995,(#15966));
#15997=PERSON_AND_ORGANIZATION_ROLE('classification_officer');
#15998=CC_DESIGN_PERSON_AND_ORGANIZATION_ASSIGNMENT(#15990,#15997,(#15974));
#15999=PERSON_AND_ORGANIZATION_ROLE('design_owner');
#16000=CC_DESIGN_PERSON_AND_ORGANIZATION_ASSIGNMENT(#15990,#15999,(#15965));
#37=CIRCLE('',#36,1.E-1);
#46=CIRCLE('',#45,1.E-1);
#55=CIRCLE('',#54,1.E-1);
#64=CIRCLE('',#63,1.E-1);
#117=CIRCLE('',#116,5.E-1);
#126=CIRCLE('',#125,5.E-1);
#131=CIRCLE('',#130,5.E-1);
#136=CIRCLE('',#135,5.E-1);
#193=CIRCLE('',#192,5.E-1);
#226=CIRCLE('',#225,5.E-1);
#251=CIRCLE('',#250,5.E-1);
#280=CIRCLE('',#279,7.E-1);
#289=CIRCLE('',#288,5.E-1);
#298=CIRCLE('',#297,7.E-1);
#303=CIRCLE('',#302,7.E-1);
#1344=CIRCLE('',#1343,1.E-1);
#1353=CIRCLE('',#1352,1.E-1);
#1362=CIRCLE('',#1361,1.E-1);
#1371=CIRCLE('',#1370,1.E-1);
#1380=CIRCLE('',#1379,1.E-1);
#1389=CIRCLE('',#1388,1.E-1);
#1398=CIRCLE('',#1397,1.E-1);
#1407=CIRCLE('',#1406,1.E-1);
#1416=CIRCLE('',#1415,1.E-1);
#1425=CIRCLE('',#1424,1.E-1);
#1434=CIRCLE('',#1433,1.E-1);
#1443=CIRCLE('',#1442,1.E-1);
#1452=CIRCLE('',#1451,1.E-1);
#1461=CIRCLE('',#1460,1.E-1);
#1470=CIRCLE('',#1469,1.E-1);
#1479=CIRCLE('',#1478,1.E-1);
#1492=CIRCLE('',#1491,1.E-1);
#1501=CIRCLE('',#1500,1.E-1);
#1510=CIRCLE('',#1509,1.E-1);
#1519=CIRCLE('',#1518,1.E-1);
#1528=CIRCLE('',#1527,1.E-1);
#1537=CIRCLE('',#1536,1.E-1);
#1546=CIRCLE('',#1545,1.E-1);
#1555=CIRCLE('',#1554,1.E-1);
#1564=CIRCLE('',#1563,1.E-1);
#1573=CIRCLE('',#1572,1.E-1);
#1582=CIRCLE('',#1581,1.E-1);
#1591=CIRCLE('',#1590,1.E-1);
#1600=CIRCLE('',#1599,1.E-1);
#1609=CIRCLE('',#1608,1.E-1);
#1618=CIRCLE('',#1617,1.E-1);
#1627=CIRCLE('',#1626,1.E-1);
#1636=CIRCLE('',#1635,1.E-1);
#1645=CIRCLE('',#1644,1.E-1);
#1654=CIRCLE('',#1653,1.E-1);
#1663=CIRCLE('',#1662,1.E-1);
#1668=CIRCLE('',#1667,1.E-1);
#1677=CIRCLE('',#1676,1.E-1);
#1686=CIRCLE('',#1685,1.E-1);
#1695=CIRCLE('',#1694,1.E-1);
#1816=B_SPLINE_CURVE_WITH_KNOTS('',3,(#1812,#1813,#1814,#1815),.UNSPECIFIED.,
.F.,.F.,(4,4),(0.E0,1.E0),.UNSPECIFIED.);
#1829=B_SPLINE_CURVE_WITH_KNOTS('',3,(#1825,#1826,#1827,#1828),.UNSPECIFIED.,
.F.,.F.,(4,4),(0.E0,1.E0),.UNSPECIFIED.);
#1834=B_SPLINE_CURVE_WITH_KNOTS('',3,(#1830,#1831,#1832,#1833),.UNSPECIFIED.,
.F.,.F.,(4,4),(0.E0,1.E0),.UNSPECIFIED.);
#1843=B_SPLINE_CURVE_WITH_KNOTS('',3,(#1839,#1840,#1841,#1842),.UNSPECIFIED.,
.F.,.F.,(4,4),(0.E0,1.E0),.UNSPECIFIED.);
#1848=B_SPLINE_CURVE_WITH_KNOTS('',3,(#1844,#1845,#1846,#1847),.UNSPECIFIED.,
.F.,.F.,(4,4),(0.E0,1.E0),.UNSPECIFIED.);
#1861=B_SPLINE_CURVE_WITH_KNOTS('',3,(#1857,#1858,#1859,#1860),.UNSPECIFIED.,
.F.,.F.,(4,4),(0.E0,1.E0),.UNSPECIFIED.);
#1866=B_SPLINE_CURVE_WITH_KNOTS('',3,(#1862,#1863,#1864,#1865),.UNSPECIFIED.,
.F.,.F.,(4,4),(0.E0,1.E0),.UNSPECIFIED.);
#1883=B_SPLINE_CURVE_WITH_KNOTS('',3,(#1879,#1880,#1881,#1882),.UNSPECIFIED.,
.F.,.F.,(4,4),(0.E0,1.E0),.UNSPECIFIED.);
#1936=B_SPLINE_CURVE_WITH_KNOTS('',3,(#1932,#1933,#1934,#1935),.UNSPECIFIED.,
.F.,.F.,(4,4),(0.E0,1.E0),.UNSPECIFIED.);
#1945=B_SPLINE_CURVE_WITH_KNOTS('',3,(#1941,#1942,#1943,#1944),.UNSPECIFIED.,
.F.,.F.,(4,4),(0.E0,1.E0),.UNSPECIFIED.);
#1950=B_SPLINE_CURVE_WITH_KNOTS('',3,(#1946,#1947,#1948,#1949),.UNSPECIFIED.,
.F.,.F.,(4,4),(0.E0,1.E0),.UNSPECIFIED.);
#1963=B_SPLINE_CURVE_WITH_KNOTS('',3,(#1959,#1960,#1961,#1962),.UNSPECIFIED.,
.F.,.F.,(4,4),(0.E0,1.E0),.UNSPECIFIED.);
#1968=B_SPLINE_CURVE_WITH_KNOTS('',3,(#1964,#1965,#1966,#1967),.UNSPECIFIED.,
.F.,.F.,(4,4),(0.E0,1.E0),.UNSPECIFIED.);
#1985=B_SPLINE_CURVE_WITH_KNOTS('',3,(#1981,#1982,#1983,#1984),.UNSPECIFIED.,
.F.,.F.,(4,4),(0.E0,1.E0),.UNSPECIFIED.);
#1990=B_SPLINE_CURVE_WITH_KNOTS('',3,(#1986,#1987,#1988,#1989),.UNSPECIFIED.,
.F.,.F.,(4,4),(0.E0,1.E0),.UNSPECIFIED.);
#2003=B_SPLINE_CURVE_WITH_KNOTS('',3,(#1999,#2000,#2001,#2002),.UNSPECIFIED.,
.F.,.F.,(4,4),(0.E0,1.E0),.UNSPECIFIED.);
#2056=B_SPLINE_CURVE_WITH_KNOTS('',3,(#2052,#2053,#2054,#2055),.UNSPECIFIED.,
.F.,.F.,(4,4),(0.E0,1.E0),.UNSPECIFIED.);
#2069=B_SPLINE_CURVE_WITH_KNOTS('',3,(#2065,#2066,#2067,#2068),.UNSPECIFIED.,
.F.,.F.,(4,4),(0.E0,1.E0),.UNSPECIFIED.);
#2074=B_SPLINE_CURVE_WITH_KNOTS('',3,(#2070,#2071,#2072,#2073),.UNSPECIFIED.,
.F.,.F.,(4,4),(0.E0,1.E0),.UNSPECIFIED.);
#2083=B_SPLINE_CURVE_WITH_KNOTS('',3,(#2079,#2080,#2081,#2082),.UNSPECIFIED.,
.F.,.F.,(4,4),(0.E0,1.E0),.UNSPECIFIED.);
#2088=B_SPLINE_CURVE_WITH_KNOTS('',3,(#2084,#2085,#2086,#2087),.UNSPECIFIED.,
.F.,.F.,(4,4),(0.E0,1.E0),.UNSPECIFIED.);
#2101=B_SPLINE_CURVE_WITH_KNOTS('',3,(#2097,#2098,#2099,#2100),.UNSPECIFIED.,
.F.,.F.,(4,4),(0.E0,1.E0),.UNSPECIFIED.);
#2106=B_SPLINE_CURVE_WITH_KNOTS('',3,(#2102,#2103,#2104,#2105),.UNSPECIFIED.,
.F.,.F.,(4,4),(0.E0,1.E0),.UNSPECIFIED.);
#2123=B_SPLINE_CURVE_WITH_KNOTS('',3,(#2119,#2120,#2121,#2122),.UNSPECIFIED.,
.F.,.F.,(4,4),(0.E0,1.E0),.UNSPECIFIED.);
#2176=B_SPLINE_CURVE_WITH_KNOTS('',3,(#2172,#2173,#2174,#2175),.UNSPECIFIED.,
.F.,.F.,(4,4),(0.E0,1.E0),.UNSPECIFIED.);
#2185=B_SPLINE_CURVE_WITH_KNOTS('',3,(#2181,#2182,#2183,#2184),.UNSPECIFIED.,
.F.,.F.,(4,4),(0.E0,1.E0),.UNSPECIFIED.);
#2190=B_SPLINE_CURVE_WITH_KNOTS('',3,(#2186,#2187,#2188,#2189),.UNSPECIFIED.,
.F.,.F.,(4,4),(0.E0,1.E0),.UNSPECIFIED.);
#2203=B_SPLINE_CURVE_WITH_KNOTS('',3,(#2199,#2200,#2201,#2202),.UNSPECIFIED.,
.F.,.F.,(4,4),(0.E0,1.E0),.UNSPECIFIED.);
#2208=B_SPLINE_CURVE_WITH_KNOTS('',3,(#2204,#2205,#2206,#2207),.UNSPECIFIED.,
.F.,.F.,(4,4),(0.E0,1.E0),.UNSPECIFIED.);
#2225=B_SPLINE_CURVE_WITH_KNOTS('',3,(#2221,#2222,#2223,#2224),.UNSPECIFIED.,
.F.,.F.,(4,4),(0.E0,1.E0),.UNSPECIFIED.);
#2230=B_SPLINE_CURVE_WITH_KNOTS('',3,(#2226,#2227,#2228,#2229),.UNSPECIFIED.,
.F.,.F.,(4,4),(0.E0,1.E0),.UNSPECIFIED.);
#2243=B_SPLINE_CURVE_WITH_KNOTS('',3,(#2239,#2240,#2241,#2242),.UNSPECIFIED.,
.F.,.F.,(4,4),(0.E0,1.E0),.UNSPECIFIED.);
#2264=B_SPLINE_CURVE_WITH_KNOTS('',3,(#2260,#2261,#2262,#2263),.UNSPECIFIED.,
.F.,.F.,(4,4),(0.E0,1.E0),.UNSPECIFIED.);
#2273=B_SPLINE_CURVE_WITH_KNOTS('',3,(#2269,#2270,#2271,#2272),.UNSPECIFIED.,
.F.,.F.,(4,4),(0.E0,1.E0),.UNSPECIFIED.);
#2302=B_SPLINE_CURVE_WITH_KNOTS('',3,(#2298,#2299,#2300,#2301),.UNSPECIFIED.,
.F.,.F.,(4,4),(0.E0,1.E0),.UNSPECIFIED.);
#2315=B_SPLINE_CURVE_WITH_KNOTS('',3,(#2311,#2312,#2313,#2314),.UNSPECIFIED.,
.F.,.F.,(4,4),(0.E0,1.E0),.UNSPECIFIED.);
#2328=B_SPLINE_CURVE_WITH_KNOTS('',3,(#2324,#2325,#2326,#2327),.UNSPECIFIED.,
.F.,.F.,(4,4),(0.E0,1.E0),.UNSPECIFIED.);
#2345=B_SPLINE_CURVE_WITH_KNOTS('',3,(#2341,#2342,#2343,#2344),.UNSPECIFIED.,
.F.,.F.,(4,4),(0.E0,1.E0),.UNSPECIFIED.);
#2350=B_SPLINE_CURVE_WITH_KNOTS('',3,(#2346,#2347,#2348,#2349),.UNSPECIFIED.,
.F.,.F.,(4,4),(0.E0,1.E0),.UNSPECIFIED.);
#2363=B_SPLINE_CURVE_WITH_KNOTS('',3,(#2359,#2360,#2361,#2362),.UNSPECIFIED.,
.F.,.F.,(4,4),(0.E0,1.E0),.UNSPECIFIED.);
#2380=B_SPLINE_CURVE_WITH_KNOTS('',3,(#2376,#2377,#2378,#2379),.UNSPECIFIED.,
.F.,.F.,(4,4),(0.E0,1.E0),.UNSPECIFIED.);
#2393=B_SPLINE_CURVE_WITH_KNOTS('',3,(#2389,#2390,#2391,#2392),.UNSPECIFIED.,
.F.,.F.,(4,4),(0.E0,1.E0),.UNSPECIFIED.);
#2410=B_SPLINE_CURVE_WITH_KNOTS('',3,(#2406,#2407,#2408,#2409),.UNSPECIFIED.,
.F.,.F.,(4,4),(0.E0,1.E0),.UNSPECIFIED.);
#2427=B_SPLINE_CURVE_WITH_KNOTS('',3,(#2423,#2424,#2425,#2426),.UNSPECIFIED.,
.F.,.F.,(4,4),(0.E0,1.E0),.UNSPECIFIED.);
#2456=B_SPLINE_CURVE_WITH_KNOTS('',3,(#2452,#2453,#2454,#2455),.UNSPECIFIED.,
.F.,.F.,(4,4),(0.E0,1.E0),.UNSPECIFIED.);
#2465=B_SPLINE_CURVE_WITH_KNOTS('',3,(#2461,#2462,#2463,#2464),.UNSPECIFIED.,
.F.,.F.,(4,4),(0.E0,1.E0),.UNSPECIFIED.);
#2470=B_SPLINE_CURVE_WITH_KNOTS('',3,(#2466,#2467,#2468,#2469),.UNSPECIFIED.,
.F.,.F.,(4,4),(0.E0,1.E0),.UNSPECIFIED.);
#2483=B_SPLINE_CURVE_WITH_KNOTS('',3,(#2479,#2480,#2481,#2482),.UNSPECIFIED.,
.F.,.F.,(4,4),(0.E0,1.E0),.UNSPECIFIED.);
#2500=B_SPLINE_CURVE_WITH_KNOTS('',3,(#2496,#2497,#2498,#2499),.UNSPECIFIED.,
.F.,.F.,(4,4),(0.E0,1.E0),.UNSPECIFIED.);
#2513=B_SPLINE_CURVE_WITH_KNOTS('',3,(#2509,#2510,#2511,#2512),.UNSPECIFIED.,
.F.,.F.,(4,4),(0.E0,1.E0),.UNSPECIFIED.);
#2530=B_SPLINE_CURVE_WITH_KNOTS('',3,(#2526,#2527,#2528,#2529),.UNSPECIFIED.,
.F.,.F.,(4,4),(0.E0,1.E0),.UNSPECIFIED.);
#2547=B_SPLINE_CURVE_WITH_KNOTS('',3,(#2543,#2544,#2545,#2546),.UNSPECIFIED.,
.F.,.F.,(4,4),(0.E0,1.E0),.UNSPECIFIED.);
#2576=B_SPLINE_CURVE_WITH_KNOTS('',3,(#2572,#2573,#2574,#2575),.UNSPECIFIED.,
.F.,.F.,(4,4),(0.E0,1.E0),.UNSPECIFIED.);
#2585=B_SPLINE_CURVE_WITH_KNOTS('',3,(#2581,#2582,#2583,#2584),.UNSPECIFIED.,
.F.,.F.,(4,4),(0.E0,1.E0),.UNSPECIFIED.);
#2590=B_SPLINE_CURVE_WITH_KNOTS('',3,(#2586,#2587,#2588,#2589),.UNSPECIFIED.,
.F.,.F.,(4,4),(0.E0,1.E0),.UNSPECIFIED.);
#2603=B_SPLINE_CURVE_WITH_KNOTS('',3,(#2599,#2600,#2601,#2602),.UNSPECIFIED.,
.F.,.F.,(4,4),(0.E0,1.E0),.UNSPECIFIED.);
#2620=B_SPLINE_CURVE_WITH_KNOTS('',3,(#2616,#2617,#2618,#2619),.UNSPECIFIED.,
.F.,.F.,(4,4),(0.E0,1.E0),.UNSPECIFIED.);
#2633=B_SPLINE_CURVE_WITH_KNOTS('',3,(#2629,#2630,#2631,#2632),.UNSPECIFIED.,
.F.,.F.,(4,4),(0.E0,1.E0),.UNSPECIFIED.);
#2650=B_SPLINE_CURVE_WITH_KNOTS('',3,(#2646,#2647,#2648,#2649),.UNSPECIFIED.,
.F.,.F.,(4,4),(0.E0,1.E0),.UNSPECIFIED.);
#2667=B_SPLINE_CURVE_WITH_KNOTS('',3,(#2663,#2664,#2665,#2666),.UNSPECIFIED.,
.F.,.F.,(4,4),(0.E0,1.E0),.UNSPECIFIED.);
#2696=B_SPLINE_CURVE_WITH_KNOTS('',3,(#2692,#2693,#2694,#2695),.UNSPECIFIED.,
.F.,.F.,(4,4),(0.E0,1.E0),.UNSPECIFIED.);
#2705=B_SPLINE_CURVE_WITH_KNOTS('',3,(#2701,#2702,#2703,#2704),.UNSPECIFIED.,
.F.,.F.,(4,4),(0.E0,1.E0),.UNSPECIFIED.);
#2710=B_SPLINE_CURVE_WITH_KNOTS('',3,(#2706,#2707,#2708,#2709),.UNSPECIFIED.,
.F.,.F.,(4,4),(0.E0,1.E0),.UNSPECIFIED.);
#2723=B_SPLINE_CURVE_WITH_KNOTS('',3,(#2719,#2720,#2721,#2722),.UNSPECIFIED.,
.F.,.F.,(4,4),(0.E0,1.E0),.UNSPECIFIED.);
#2740=B_SPLINE_CURVE_WITH_KNOTS('',3,(#2736,#2737,#2738,#2739),.UNSPECIFIED.,
.F.,.F.,(4,4),(0.E0,1.E0),.UNSPECIFIED.);
#2753=B_SPLINE_CURVE_WITH_KNOTS('',3,(#2749,#2750,#2751,#2752),.UNSPECIFIED.,
.F.,.F.,(4,4),(0.E0,1.E0),.UNSPECIFIED.);
#2770=B_SPLINE_CURVE_WITH_KNOTS('',3,(#2766,#2767,#2768,#2769),.UNSPECIFIED.,
.F.,.F.,(4,4),(0.E0,1.E0),.UNSPECIFIED.);
#2787=B_SPLINE_CURVE_WITH_KNOTS('',3,(#2783,#2784,#2785,#2786),.UNSPECIFIED.,
.F.,.F.,(4,4),(0.E0,1.E0),.UNSPECIFIED.);
#2816=B_SPLINE_CURVE_WITH_KNOTS('',3,(#2812,#2813,#2814,#2815),.UNSPECIFIED.,
.F.,.F.,(4,4),(0.E0,1.E0),.UNSPECIFIED.);
#2825=B_SPLINE_CURVE_WITH_KNOTS('',3,(#2821,#2822,#2823,#2824),.UNSPECIFIED.,
.F.,.F.,(4,4),(0.E0,1.E0),.UNSPECIFIED.);
#2830=B_SPLINE_CURVE_WITH_KNOTS('',3,(#2826,#2827,#2828,#2829),.UNSPECIFIED.,
.F.,.F.,(4,4),(0.E0,1.E0),.UNSPECIFIED.);
#2843=B_SPLINE_CURVE_WITH_KNOTS('',3,(#2839,#2840,#2841,#2842),.UNSPECIFIED.,
.F.,.F.,(4,4),(0.E0,1.E0),.UNSPECIFIED.);
#2896=B_SPLINE_CURVE_WITH_KNOTS('',3,(#2892,#2893,#2894,#2895),.UNSPECIFIED.,
.F.,.F.,(4,4),(0.E0,1.E0),.UNSPECIFIED.);
#2909=B_SPLINE_CURVE_WITH_KNOTS('',3,(#2905,#2906,#2907,#2908),.UNSPECIFIED.,
.F.,.F.,(4,4),(0.E0,1.E0),.UNSPECIFIED.);
#2914=B_SPLINE_CURVE_WITH_KNOTS('',3,(#2910,#2911,#2912,#2913),.UNSPECIFIED.,
.F.,.F.,(4,4),(0.E0,1.E0),.UNSPECIFIED.);
#2927=B_SPLINE_CURVE_WITH_KNOTS('',3,(#2923,#2924,#2925,#2926),.UNSPECIFIED.,
.F.,.F.,(4,4),(0.E0,1.E0),.UNSPECIFIED.);
#2932=B_SPLINE_CURVE_WITH_KNOTS('',3,(#2928,#2929,#2930,#2931),.UNSPECIFIED.,
.F.,.F.,(4,4),(0.E0,1.E0),.UNSPECIFIED.);
#2941=B_SPLINE_CURVE_WITH_KNOTS('',3,(#2937,#2938,#2939,#2940),.UNSPECIFIED.,
.F.,.F.,(4,4),(0.E0,1.E0),.UNSPECIFIED.);
#2946=B_SPLINE_CURVE_WITH_KNOTS('',3,(#2942,#2943,#2944,#2945),.UNSPECIFIED.,
.F.,.F.,(4,4),(0.E0,1.E0),.UNSPECIFIED.);
#2963=B_SPLINE_CURVE_WITH_KNOTS('',3,(#2959,#2960,#2961,#2962),.UNSPECIFIED.,
.F.,.F.,(4,4),(0.E0,1.E0),.UNSPECIFIED.);
#3312=CIRCLE('',#3311,7.E-1);
#3325=CIRCLE('',#3324,4.E-1);
#3330=CIRCLE('',#3329,4.E-1);
#3339=CIRCLE('',#3338,7.E-1);
#3440=CIRCLE('',#3439,1.E-1);
#3449=CIRCLE('',#3448,1.E-1);
#3458=CIRCLE('',#3457,1.E-1);
#3467=CIRCLE('',#3466,1.E-1);
#3524=B_SPLINE_CURVE_WITH_KNOTS('',3,(#3520,#3521,#3522,#3523),.UNSPECIFIED.,
.F.,.F.,(4,4),(0.E0,1.E0),.UNSPECIFIED.);
#3529=B_SPLINE_CURVE_WITH_KNOTS('',3,(#3525,#3526,#3527,#3528),.UNSPECIFIED.,
.F.,.F.,(4,4),(0.E0,1.E0),.UNSPECIFIED.);
#3546=B_SPLINE_CURVE_WITH_KNOTS('',3,(#3542,#3543,#3544,#3545),.UNSPECIFIED.,
.F.,.F.,(4,4),(0.E0,1.E0),.UNSPECIFIED.);
#3551=B_SPLINE_CURVE_WITH_KNOTS('',3,(#3547,#3548,#3549,#3550),.UNSPECIFIED.,
.F.,.F.,(4,4),(0.E0,1.E0),.UNSPECIFIED.);
#3568=B_SPLINE_CURVE_WITH_KNOTS('',3,(#3564,#3565,#3566,#3567),.UNSPECIFIED.,
.F.,.F.,(4,4),(0.E0,1.E0),.UNSPECIFIED.);
#3573=B_SPLINE_CURVE_WITH_KNOTS('',3,(#3569,#3570,#3571,#3572),.UNSPECIFIED.,
.F.,.F.,(4,4),(0.E0,1.E0),.UNSPECIFIED.);
#3590=B_SPLINE_CURVE_WITH_KNOTS('',3,(#3586,#3587,#3588,#3589),.UNSPECIFIED.,
.F.,.F.,(4,4),(0.E0,1.E0),.UNSPECIFIED.);
#3595=B_SPLINE_CURVE_WITH_KNOTS('',3,(#3591,#3592,#3593,#3594),.UNSPECIFIED.,
.F.,.F.,(4,4),(0.E0,1.E0),.UNSPECIFIED.);
#3700=CIRCLE('',#3699,1.E-1);
#3709=CIRCLE('',#3708,1.E-1);
#3718=CIRCLE('',#3717,1.E-1);
#3727=CIRCLE('',#3726,1.E-1);
#3784=B_SPLINE_CURVE_WITH_KNOTS('',3,(#3780,#3781,#3782,#3783),.UNSPECIFIED.,
.F.,.F.,(4,4),(0.E0,1.E0),.UNSPECIFIED.);
#3789=B_SPLINE_CURVE_WITH_KNOTS('',3,(#3785,#3786,#3787,#3788),.UNSPECIFIED.,
.F.,.F.,(4,4),(0.E0,1.E0),.UNSPECIFIED.);
#3806=B_SPLINE_CURVE_WITH_KNOTS('',3,(#3802,#3803,#3804,#3805),.UNSPECIFIED.,
.F.,.F.,(4,4),(0.E0,1.E0),.UNSPECIFIED.);
#3811=B_SPLINE_CURVE_WITH_KNOTS('',3,(#3807,#3808,#3809,#3810),.UNSPECIFIED.,
.F.,.F.,(4,4),(0.E0,1.E0),.UNSPECIFIED.);
#3828=B_SPLINE_CURVE_WITH_KNOTS('',3,(#3824,#3825,#3826,#3827),.UNSPECIFIED.,
.F.,.F.,(4,4),(0.E0,1.E0),.UNSPECIFIED.);
#3833=B_SPLINE_CURVE_WITH_KNOTS('',3,(#3829,#3830,#3831,#3832),.UNSPECIFIED.,
.F.,.F.,(4,4),(0.E0,1.E0),.UNSPECIFIED.);
#3850=B_SPLINE_CURVE_WITH_KNOTS('',3,(#3846,#3847,#3848,#3849),.UNSPECIFIED.,
.F.,.F.,(4,4),(0.E0,1.E0),.UNSPECIFIED.);
#3855=B_SPLINE_CURVE_WITH_KNOTS('',3,(#3851,#3852,#3853,#3854),.UNSPECIFIED.,
.F.,.F.,(4,4),(0.E0,1.E0),.UNSPECIFIED.);
#3964=CIRCLE('',#3963,1.E-1);
#3973=CIRCLE('',#3972,1.E-1);
#3982=CIRCLE('',#3981,1.E-1);
#3991=CIRCLE('',#3990,1.E-1);
#4036=B_SPLINE_CURVE_WITH_KNOTS('',3,(#4032,#4033,#4034,#4035),.UNSPECIFIED.,
.F.,.F.,(4,4),(0.E0,1.E0),.UNSPECIFIED.);
#4041=B_SPLINE_CURVE_WITH_KNOTS('',3,(#4037,#4038,#4039,#4040),.UNSPECIFIED.,
.F.,.F.,(4,4),(0.E0,1.E0),.UNSPECIFIED.);
#4074=B_SPLINE_CURVE_WITH_KNOTS('',3,(#4070,#4071,#4072,#4073),.UNSPECIFIED.,
.F.,.F.,(4,4),(0.E0,1.E0),.UNSPECIFIED.);
#4079=B_SPLINE_CURVE_WITH_KNOTS('',3,(#4075,#4076,#4077,#4078),.UNSPECIFIED.,
.F.,.F.,(4,4),(0.E0,1.E0),.UNSPECIFIED.);
#4096=B_SPLINE_CURVE_WITH_KNOTS('',3,(#4092,#4093,#4094,#4095),.UNSPECIFIED.,
.F.,.F.,(4,4),(0.E0,1.E0),.UNSPECIFIED.);
#4101=B_SPLINE_CURVE_WITH_KNOTS('',3,(#4097,#4098,#4099,#4100),.UNSPECIFIED.,
.F.,.F.,(4,4),(0.E0,1.E0),.UNSPECIFIED.);
#4118=B_SPLINE_CURVE_WITH_KNOTS('',3,(#4114,#4115,#4116,#4117),.UNSPECIFIED.,
.F.,.F.,(4,4),(0.E0,1.E0),.UNSPECIFIED.);
#4123=B_SPLINE_CURVE_WITH_KNOTS('',3,(#4119,#4120,#4121,#4122),.UNSPECIFIED.,
.F.,.F.,(4,4),(0.E0,1.E0),.UNSPECIFIED.);
#4212=CIRCLE('',#4211,1.E-1);
#4221=CIRCLE('',#4220,1.E-1);
#4230=CIRCLE('',#4229,1.E-1);
#4239=CIRCLE('',#4238,1.E-1);
#4296=B_SPLINE_CURVE_WITH_KNOTS('',3,(#4292,#4293,#4294,#4295),.UNSPECIFIED.,
.F.,.F.,(4,4),(0.E0,1.E0),.UNSPECIFIED.);
#4301=B_SPLINE_CURVE_WITH_KNOTS('',3,(#4297,#4298,#4299,#4300),.UNSPECIFIED.,
.F.,.F.,(4,4),(0.E0,1.E0),.UNSPECIFIED.);
#4318=B_SPLINE_CURVE_WITH_KNOTS('',3,(#4314,#4315,#4316,#4317),.UNSPECIFIED.,
.F.,.F.,(4,4),(0.E0,1.E0),.UNSPECIFIED.);
#4323=B_SPLINE_CURVE_WITH_KNOTS('',3,(#4319,#4320,#4321,#4322),.UNSPECIFIED.,
.F.,.F.,(4,4),(0.E0,1.E0),.UNSPECIFIED.);
#4340=B_SPLINE_CURVE_WITH_KNOTS('',3,(#4336,#4337,#4338,#4339),.UNSPECIFIED.,
.F.,.F.,(4,4),(0.E0,1.E0),.UNSPECIFIED.);
#4345=B_SPLINE_CURVE_WITH_KNOTS('',3,(#4341,#4342,#4343,#4344),.UNSPECIFIED.,
.F.,.F.,(4,4),(0.E0,1.E0),.UNSPECIFIED.);
#4362=B_SPLINE_CURVE_WITH_KNOTS('',3,(#4358,#4359,#4360,#4361),.UNSPECIFIED.,
.F.,.F.,(4,4),(0.E0,1.E0),.UNSPECIFIED.);
#4367=B_SPLINE_CURVE_WITH_KNOTS('',3,(#4363,#4364,#4365,#4366),.UNSPECIFIED.,
.F.,.F.,(4,4),(0.E0,1.E0),.UNSPECIFIED.);
#4476=CIRCLE('',#4475,1.E-1);
#4485=CIRCLE('',#4484,1.E-1);
#4494=CIRCLE('',#4493,1.E-1);
#4503=CIRCLE('',#4502,1.E-1);
#4548=B_SPLINE_CURVE_WITH_KNOTS('',3,(#4544,#4545,#4546,#4547),.UNSPECIFIED.,
.F.,.F.,(4,4),(0.E0,1.E0),.UNSPECIFIED.);
#4553=B_SPLINE_CURVE_WITH_KNOTS('',3,(#4549,#4550,#4551,#4552),.UNSPECIFIED.,
.F.,.F.,(4,4),(0.E0,1.E0),.UNSPECIFIED.);
#4570=B_SPLINE_CURVE_WITH_KNOTS('',3,(#4566,#4567,#4568,#4569),.UNSPECIFIED.,
.F.,.F.,(4,4),(0.E0,1.E0),.UNSPECIFIED.);
#4575=B_SPLINE_CURVE_WITH_KNOTS('',3,(#4571,#4572,#4573,#4574),.UNSPECIFIED.,
.F.,.F.,(4,4),(0.E0,1.E0),.UNSPECIFIED.);
#4588=B_SPLINE_CURVE_WITH_KNOTS('',3,(#4584,#4585,#4586,#4587),.UNSPECIFIED.,
.F.,.F.,(4,4),(0.E0,1.E0),.UNSPECIFIED.);
#4593=B_SPLINE_CURVE_WITH_KNOTS('',3,(#4589,#4590,#4591,#4592),.UNSPECIFIED.,
.F.,.F.,(4,4),(0.E0,1.E0),.UNSPECIFIED.);
#4610=B_SPLINE_CURVE_WITH_KNOTS('',3,(#4606,#4607,#4608,#4609),.UNSPECIFIED.,
.F.,.F.,(4,4),(0.E0,1.E0),.UNSPECIFIED.);
#4615=B_SPLINE_CURVE_WITH_KNOTS('',3,(#4611,#4612,#4613,#4614),.UNSPECIFIED.,
.F.,.F.,(4,4),(0.E0,1.E0),.UNSPECIFIED.);
#4760=CIRCLE('',#4759,1.E-1);
#4769=CIRCLE('',#4768,1.E-1);
#4778=CIRCLE('',#4777,1.E-1);
#4787=CIRCLE('',#4786,1.E-1);
#4808=B_SPLINE_CURVE_WITH_KNOTS('',3,(#4804,#4805,#4806,#4807),.UNSPECIFIED.,
.F.,.F.,(4,4),(0.E0,1.E0),.UNSPECIFIED.);
#4813=B_SPLINE_CURVE_WITH_KNOTS('',3,(#4809,#4810,#4811,#4812),.UNSPECIFIED.,
.F.,.F.,(4,4),(0.E0,1.E0),.UNSPECIFIED.);
#4830=B_SPLINE_CURVE_WITH_KNOTS('',3,(#4826,#4827,#4828,#4829),.UNSPECIFIED.,
.F.,.F.,(4,4),(0.E0,1.E0),.UNSPECIFIED.);
#4835=B_SPLINE_CURVE_WITH_KNOTS('',3,(#4831,#4832,#4833,#4834),.UNSPECIFIED.,
.F.,.F.,(4,4),(0.E0,1.E0),.UNSPECIFIED.);
#4848=B_SPLINE_CURVE_WITH_KNOTS('',3,(#4844,#4845,#4846,#4847),.UNSPECIFIED.,
.F.,.F.,(4,4),(0.E0,1.E0),.UNSPECIFIED.);
#4853=B_SPLINE_CURVE_WITH_KNOTS('',3,(#4849,#4850,#4851,#4852),.UNSPECIFIED.,
.F.,.F.,(4,4),(0.E0,1.E0),.UNSPECIFIED.);
#4870=B_SPLINE_CURVE_WITH_KNOTS('',3,(#4866,#4867,#4868,#4869),.UNSPECIFIED.,
.F.,.F.,(4,4),(0.E0,1.E0),.UNSPECIFIED.);
#4875=B_SPLINE_CURVE_WITH_KNOTS('',3,(#4871,#4872,#4873,#4874),.UNSPECIFIED.,
.F.,.F.,(4,4),(0.E0,1.E0),.UNSPECIFIED.);
#5000=CIRCLE('',#4999,1.E-1);
#5009=CIRCLE('',#5008,1.E-1);
#5018=CIRCLE('',#5017,1.E-1);
#5027=CIRCLE('',#5026,1.E-1);
#5040=B_SPLINE_CURVE_WITH_KNOTS('',3,(#5036,#5037,#5038,#5039),.UNSPECIFIED.,
.F.,.F.,(4,4),(0.E0,1.E0),.UNSPECIFIED.);
#5045=B_SPLINE_CURVE_WITH_KNOTS('',3,(#5041,#5042,#5043,#5044),.UNSPECIFIED.,
.F.,.F.,(4,4),(0.E0,1.E0),.UNSPECIFIED.);
#5062=B_SPLINE_CURVE_WITH_KNOTS('',3,(#5058,#5059,#5060,#5061),.UNSPECIFIED.,
.F.,.F.,(4,4),(0.E0,1.E0),.UNSPECIFIED.);
#5067=B_SPLINE_CURVE_WITH_KNOTS('',3,(#5063,#5064,#5065,#5066),.UNSPECIFIED.,
.F.,.F.,(4,4),(0.E0,1.E0),.UNSPECIFIED.);
#5080=B_SPLINE_CURVE_WITH_KNOTS('',3,(#5076,#5077,#5078,#5079),.UNSPECIFIED.,
.F.,.F.,(4,4),(0.E0,1.E0),.UNSPECIFIED.);
#5085=B_SPLINE_CURVE_WITH_KNOTS('',3,(#5081,#5082,#5083,#5084),.UNSPECIFIED.,
.F.,.F.,(4,4),(0.E0,1.E0),.UNSPECIFIED.);
#5102=B_SPLINE_CURVE_WITH_KNOTS('',3,(#5098,#5099,#5100,#5101),.UNSPECIFIED.,
.F.,.F.,(4,4),(0.E0,1.E0),.UNSPECIFIED.);
#5107=B_SPLINE_CURVE_WITH_KNOTS('',3,(#5103,#5104,#5105,#5106),.UNSPECIFIED.,
.F.,.F.,(4,4),(0.E0,1.E0),.UNSPECIFIED.);
#5220=CIRCLE('',#5219,1.E-1);
#5229=CIRCLE('',#5228,1.E-1);
#5238=CIRCLE('',#5237,1.E-1);
#5247=CIRCLE('',#5246,1.E-1);
#5292=B_SPLINE_CURVE_WITH_KNOTS('',3,(#5288,#5289,#5290,#5291),.UNSPECIFIED.,
.F.,.F.,(4,4),(0.E0,1.E0),.UNSPECIFIED.);
#5297=B_SPLINE_CURVE_WITH_KNOTS('',3,(#5293,#5294,#5295,#5296),.UNSPECIFIED.,
.F.,.F.,(4,4),(0.E0,1.E0),.UNSPECIFIED.);
#5314=B_SPLINE_CURVE_WITH_KNOTS('',3,(#5310,#5311,#5312,#5313),.UNSPECIFIED.,
.F.,.F.,(4,4),(0.E0,1.E0),.UNSPECIFIED.);
#5319=B_SPLINE_CURVE_WITH_KNOTS('',3,(#5315,#5316,#5317,#5318),.UNSPECIFIED.,
.F.,.F.,(4,4),(0.E0,1.E0),.UNSPECIFIED.);
#5332=B_SPLINE_CURVE_WITH_KNOTS('',3,(#5328,#5329,#5330,#5331),.UNSPECIFIED.,
.F.,.F.,(4,4),(0.E0,1.E0),.UNSPECIFIED.);
#5337=B_SPLINE_CURVE_WITH_KNOTS('',3,(#5333,#5334,#5335,#5336),.UNSPECIFIED.,
.F.,.F.,(4,4),(0.E0,1.E0),.UNSPECIFIED.);
#5354=B_SPLINE_CURVE_WITH_KNOTS('',3,(#5350,#5351,#5352,#5353),.UNSPECIFIED.,
.F.,.F.,(4,4),(0.E0,1.E0),.UNSPECIFIED.);
#5359=B_SPLINE_CURVE_WITH_KNOTS('',3,(#5355,#5356,#5357,#5358),.UNSPECIFIED.,
.F.,.F.,(4,4),(0.E0,1.E0),.UNSPECIFIED.);
#5512=CIRCLE('',#5511,1.E-1);
#5521=CIRCLE('',#5520,1.E-1);
#5530=CIRCLE('',#5529,1.E-1);
#5539=CIRCLE('',#5538,1.E-1);
#5552=B_SPLINE_CURVE_WITH_KNOTS('',3,(#5548,#5549,#5550,#5551),.UNSPECIFIED.,
.F.,.F.,(4,4),(0.E0,1.E0),.UNSPECIFIED.);
#5557=B_SPLINE_CURVE_WITH_KNOTS('',3,(#5553,#5554,#5555,#5556),.UNSPECIFIED.,
.F.,.F.,(4,4),(0.E0,1.E0),.UNSPECIFIED.);
#5570=B_SPLINE_CURVE_WITH_KNOTS('',3,(#5566,#5567,#5568,#5569),.UNSPECIFIED.,
.F.,.F.,(4,4),(0.E0,1.E0),.UNSPECIFIED.);
#5575=B_SPLINE_CURVE_WITH_KNOTS('',3,(#5571,#5572,#5573,#5574),.UNSPECIFIED.,
.F.,.F.,(4,4),(0.E0,1.E0),.UNSPECIFIED.);
#5592=B_SPLINE_CURVE_WITH_KNOTS('',3,(#5588,#5589,#5590,#5591),.UNSPECIFIED.,
.F.,.F.,(4,4),(0.E0,1.E0),.UNSPECIFIED.);
#5597=B_SPLINE_CURVE_WITH_KNOTS('',3,(#5593,#5594,#5595,#5596),.UNSPECIFIED.,
.F.,.F.,(4,4),(0.E0,1.E0),.UNSPECIFIED.);
#5614=B_SPLINE_CURVE_WITH_KNOTS('',3,(#5610,#5611,#5612,#5613),.UNSPECIFIED.,
.F.,.F.,(4,4),(0.E0,1.E0),.UNSPECIFIED.);
#5619=B_SPLINE_CURVE_WITH_KNOTS('',3,(#5615,#5616,#5617,#5618),.UNSPECIFIED.,
.F.,.F.,(4,4),(0.E0,1.E0),.UNSPECIFIED.);
#5672=B_SPLINE_CURVE_WITH_KNOTS('',3,(#5668,#5669,#5670,#5671),.UNSPECIFIED.,
.F.,.F.,(4,4),(0.E0,1.E0),.UNSPECIFIED.);
#5677=B_SPLINE_CURVE_WITH_KNOTS('',3,(#5673,#5674,#5675,#5676),.UNSPECIFIED.,
.F.,.F.,(4,4),(0.E0,1.E0),.UNSPECIFIED.);
#5694=B_SPLINE_CURVE_WITH_KNOTS('',3,(#5690,#5691,#5692,#5693),.UNSPECIFIED.,
.F.,.F.,(4,4),(0.E0,1.E0),.UNSPECIFIED.);
#5699=B_SPLINE_CURVE_WITH_KNOTS('',3,(#5695,#5696,#5697,#5698),.UNSPECIFIED.,
.F.,.F.,(4,4),(0.E0,1.E0),.UNSPECIFIED.);
#5716=B_SPLINE_CURVE_WITH_KNOTS('',3,(#5712,#5713,#5714,#5715),.UNSPECIFIED.,
.F.,.F.,(4,4),(0.E0,1.E0),.UNSPECIFIED.);
#5721=B_SPLINE_CURVE_WITH_KNOTS('',3,(#5717,#5718,#5719,#5720),.UNSPECIFIED.,
.F.,.F.,(4,4),(0.E0,1.E0),.UNSPECIFIED.);
#5738=B_SPLINE_CURVE_WITH_KNOTS('',3,(#5734,#5735,#5736,#5737),.UNSPECIFIED.,
.F.,.F.,(4,4),(0.E0,1.E0),.UNSPECIFIED.);
#5743=B_SPLINE_CURVE_WITH_KNOTS('',3,(#5739,#5740,#5741,#5742),.UNSPECIFIED.,
.F.,.F.,(4,4),(0.E0,1.E0),.UNSPECIFIED.);
#7457=EDGE_CURVE('',#5791,#5782,#12,.T.);
#7459=EDGE_CURVE('',#5782,#5783,#3371,.T.);
#7461=EDGE_CURVE('',#5785,#5783,#4,.T.);
#7463=EDGE_CURVE('',#5785,#5787,#3347,.T.);
#7465=EDGE_CURVE('',#5787,#5789,#76,.T.);
#7467=EDGE_CURVE('',#5791,#5789,#8,.T.);
#7478=EDGE_CURVE('',#7065,#5791,#16,.T.);
#7480=EDGE_CURVE('',#6711,#7065,#20,.T.);
#7482=EDGE_CURVE('',#6709,#6711,#24,.T.);
#7484=EDGE_CURVE('',#5782,#6709,#28,.T.);
#7488=EDGE_CURVE('',#6882,#6895,#32,.T.);
#7490=EDGE_CURVE('',#6884,#6882,#37,.T.);
#7492=EDGE_CURVE('',#6888,#6884,#41,.T.);
#7494=EDGE_CURVE('',#6886,#6888,#46,.T.);
#7496=EDGE_CURVE('',#6307,#6886,#50,.T.);
#7498=EDGE_CURVE('',#6310,#6307,#55,.T.);
#7500=EDGE_CURVE('',#6323,#6310,#59,.T.);
#7502=EDGE_CURVE('',#6895,#6323,#64,.T.);
#7512=EDGE_CURVE('',#5789,#6820,#72,.T.);
#7514=EDGE_CURVE('',#6820,#7065,#92,.T.);
#7526=EDGE_CURVE('',#6820,#6531,#68,.T.);
#7530=EDGE_CURVE('',#5787,#6532,#3355,.T.);
#7532=EDGE_CURVE('',#6531,#6532,#80,.T.);
#7542=EDGE_CURVE('',#6820,#6713,#84,.T.);
#7545=EDGE_CURVE('',#6538,#6531,#88,.T.);
#7547=EDGE_CURVE('',#6538,#6713,#112,.T.);
#7559=EDGE_CURVE('',#6711,#6713,#96,.T.);
#7570=EDGE_CURVE('',#6651,#6713,#100,.T.);
#7572=EDGE_CURVE('',#6709,#6651,#104,.T.);
#7584=EDGE_CURVE('',#6536,#6538,#108,.T.);
#7586=EDGE_CURVE('',#6536,#6651,#3363,.T.);
#7598=EDGE_CURVE('',#6479,#6480,#180,.T.);
#7600=EDGE_CURVE('',#6606,#6480,#117,.T.);
#7602=EDGE_CURVE('',#6606,#6520,#367,.T.);
#7604=EDGE_CURVE('',#6518,#6520,#121,.T.);
#7606=EDGE_CURVE('',#6518,#6608,#359,.T.);
#7608=EDGE_CURVE('',#6304,#6608,#126,.T.);
#7610=EDGE_CURVE('',#6304,#6305,#2979,.T.);
#7612=EDGE_CURVE('',#6610,#6305,#131,.T.);
#7614=EDGE_CURVE('',#6610,#6612,#3215,.T.);
#7616=EDGE_CURVE('',#6479,#6612,#136,.T.);
#7622=EDGE_CURVE('',#6534,#6532,#140,.T.);
#7624=EDGE_CURVE('',#6534,#6536,#3359,.T.);
#7629=EDGE_CURVE('',#6544,#6387,#3379,.T.);
#7631=EDGE_CURVE('',#6387,#6385,#3403,.T.);
#7633=EDGE_CURVE('',#6540,#6385,#144,.T.);
#7635=EDGE_CURVE('',#6540,#6542,#3487,.T.);
#7637=EDGE_CURVE('',#6542,#6544,#3479,.T.);
#7641=EDGE_CURVE('',#6554,#6547,#3639,.T.);
#7643=EDGE_CURVE('',#6547,#6548,#3663,.T.);
#7645=EDGE_CURVE('',#6550,#6548,#148,.T.);
#7647=EDGE_CURVE('',#6550,#6552,#3747,.T.);
#7649=EDGE_CURVE('',#6552,#6554,#3739,.T.);
#7653=EDGE_CURVE('',#6556,#6560,#152,.T.);
#7655=EDGE_CURVE('',#6556,#6357,#4007,.T.);
#7657=EDGE_CURVE('',#6357,#6361,#4015,.T.);
#7659=EDGE_CURVE('',#6361,#6558,#3927,.T.);
#7661=EDGE_CURVE('',#6558,#6560,#3915,.T.);
#7665=EDGE_CURVE('',#6023,#6563,#4151,.T.);
#7667=EDGE_CURVE('',#6563,#6564,#4175,.T.);
#7669=EDGE_CURVE('',#6566,#6564,#156,.T.);
#7671=EDGE_CURVE('',#6566,#6018,#4259,.T.);
#7673=EDGE_CURVE('',#6018,#6023,#4251,.T.);
#7677=EDGE_CURVE('',#6002,#6569,#4407,.T.);
#7679=EDGE_CURVE('',#6569,#6570,#4435,.T.);
#7681=EDGE_CURVE('',#6570,#6572,#4439,.T.);
#7683=EDGE_CURVE('',#6572,#6005,#4523,.T.);
#7685=EDGE_CURVE('',#6002,#6005,#160,.T.);
#7689=EDGE_CURVE('',#6582,#6575,#4663,.T.);
#7691=EDGE_CURVE('',#6575,#6576,#4671,.T.);
#7693=EDGE_CURVE('',#6578,#6576,#164,.T.);
#7695=EDGE_CURVE('',#6578,#6580,#4711,.T.);
#7697=EDGE_CURVE('',#6580,#6582,#4707,.T.);
#7701=EDGE_CURVE('',#6585,#6590,#168,.T.);
#7703=EDGE_CURVE('',#6585,#6586,#4931,.T.);
#7705=EDGE_CURVE('',#6586,#6588,#4963,.T.);
#7707=EDGE_CURVE('',#6588,#6590,#4959,.T.);
#7711=EDGE_CURVE('',#6381,#6254,#5151,.T.);
#7713=EDGE_CURVE('',#6254,#6252,#5179,.T.);
#7715=EDGE_CURVE('',#6252,#6592,#5183,.T.);
#7717=EDGE_CURVE('',#6592,#6594,#5267,.T.);
#7719=EDGE_CURVE('',#6381,#6594,#172,.T.);
#7723=EDGE_CURVE('',#6604,#6597,#5403,.T.);
#7725=EDGE_CURVE('',#6597,#6598,#5467,.T.);
#7727=EDGE_CURVE('',#6598,#6600,#5447,.T.);
#7729=EDGE_CURVE('',#6602,#6600,#176,.T.);
#7731=EDGE_CURVE('',#6602,#6604,#5419,.T.);
#7741=EDGE_CURVE('',#7379,#7440,#307,.T.);
#7743=EDGE_CURVE('',#7440,#7382,#293,.T.);
#7745=EDGE_CURVE('',#6480,#7382,#3303,.T.);
#7748=EDGE_CURVE('',#7387,#6479,#3239,.T.);
#7750=EDGE_CURVE('',#7387,#7389,#275,.T.);
#7752=EDGE_CURVE('',#7429,#7389,#3231,.T.);
#7754=EDGE_CURVE('',#7429,#7427,#184,.T.);
#7756=EDGE_CURVE('',#7427,#7379,#188,.T.);
#7766=EDGE_CURVE('',#7344,#7345,#193,.T.);
#7768=EDGE_CURVE('',#7355,#7344,#197,.T.);
#7770=EDGE_CURVE('',#7353,#7355,#201,.T.);
#7772=EDGE_CURVE('',#7351,#7353,#205,.T.);
#7774=EDGE_CURVE('',#7349,#7351,#209,.T.);
#7776=EDGE_CURVE('',#7347,#7349,#213,.T.);
#7778=EDGE_CURVE('',#7345,#7347,#217,.T.);
#7788=EDGE_CURVE('',#7358,#7359,#221,.T.);
#7790=EDGE_CURVE('',#7369,#7358,#226,.T.);
#7792=EDGE_CURVE('',#7367,#7369,#230,.T.);
#7794=EDGE_CURVE('',#7365,#7367,#234,.T.);
#7796=EDGE_CURVE('',#7363,#7365,#238,.T.);
#7798=EDGE_CURVE('',#7361,#7363,#242,.T.);
#7800=EDGE_CURVE('',#7359,#7361,#246,.T.);
#7810=EDGE_CURVE('',#7386,#7387,#251,.T.);
#7812=EDGE_CURVE('',#7397,#7386,#255,.T.);
#7814=EDGE_CURVE('',#7395,#7397,#259,.T.);
#7816=EDGE_CURVE('',#7393,#7395,#263,.T.);
#7818=EDGE_CURVE('',#7391,#7393,#267,.T.);
#7820=EDGE_CURVE('',#7389,#7391,#271,.T.);
#7831=EDGE_CURVE('',#7440,#7441,#280,.T.);
#7833=EDGE_CURVE('',#7383,#7441,#284,.T.);
#7835=EDGE_CURVE('',#7382,#7383,#289,.T.);
#7846=EDGE_CURVE('',#7441,#7443,#298,.T.);
#7848=EDGE_CURVE('',#7443,#7440,#303,.T.);
#7851=EDGE_CURVE('',#7377,#7379,#311,.T.);
#7853=EDGE_CURVE('',#7375,#7377,#315,.T.);
#7855=EDGE_CURVE('',#7373,#7375,#319,.T.);
#7857=EDGE_CURVE('',#7372,#7373,#323,.T.);
#7859=EDGE_CURVE('',#7441,#7372,#327,.T.);
#7869=EDGE_CURVE('',#7344,#6608,#355,.T.);
#7872=EDGE_CURVE('',#6304,#7345,#2983,.T.);
#7885=EDGE_CURVE('',#7419,#7372,#1327,.T.);
#7887=EDGE_CURVE('',#7407,#7419,#347,.T.);
#7889=EDGE_CURVE('',#7407,#7355,#351,.T.);
#7894=EDGE_CURVE('',#6751,#6518,#363,.T.);
#7896=EDGE_CURVE('',#6751,#6695,#3287,.T.);
#7898=EDGE_CURVE('',#6695,#6520,#3279,.T.);
#7901=EDGE_CURVE('',#7383,#6606,#3307,.T.);
#7905=EDGE_CURVE('',#6776,#6780,#331,.T.);
#7907=EDGE_CURVE('',#6775,#6776,#335,.T.);
#7909=EDGE_CURVE('',#6778,#6775,#339,.T.);
#7911=EDGE_CURVE('',#6780,#6778,#343,.T.);
#7922=EDGE_CURVE('',#6931,#6780,#371,.T.);
#7924=EDGE_CURVE('',#6931,#6935,#387,.T.);
#7926=EDGE_CURVE('',#6935,#6776,#383,.T.);
#7937=EDGE_CURVE('',#6930,#6778,#375,.T.);
#7939=EDGE_CURVE('',#6930,#6931,#391,.T.);
#7951=EDGE_CURVE('',#6933,#6775,#379,.T.);
#7953=EDGE_CURVE('',#6933,#6930,#395,.T.);
#7966=EDGE_CURVE('',#6935,#6933,#399,.T.);
#7983=EDGE_CURVE('',#6272,#6977,#403,.T.);
#7985=EDGE_CURVE('',#6270,#6272,#407,.T.);
#7987=EDGE_CURVE('',#6341,#6270,#411,.T.);
#7989=EDGE_CURVE('',#6268,#6341,#415,.T.);
#7991=EDGE_CURVE('',#6170,#6268,#419,.T.);
#7993=EDGE_CURVE('',#6054,#6170,#423,.T.);
#7995=EDGE_CURVE('',#6052,#6054,#427,.T.);
#7997=EDGE_CURVE('',#6460,#6052,#431,.T.);
#7999=EDGE_CURVE('',#6458,#6460,#435,.T.);
#8001=EDGE_CURVE('',#6484,#6458,#439,.T.);
#8003=EDGE_CURVE('',#6482,#6484,#443,.T.);
#8005=EDGE_CURVE('',#6353,#6482,#447,.T.);
#8007=EDGE_CURVE('',#6274,#6353,#451,.T.);
#8009=EDGE_CURVE('',#6011,#6274,#455,.T.);
#8011=EDGE_CURVE('',#6009,#6011,#459,.T.);
#8013=EDGE_CURVE('',#6745,#6009,#463,.T.);
#8015=EDGE_CURVE('',#6772,#6745,#467,.T.);
#8017=EDGE_CURVE('',#6937,#6772,#471,.T.);
#8019=EDGE_CURVE('',#6939,#6937,#475,.T.);
#8021=EDGE_CURVE('',#6941,#6939,#479,.T.);
#8023=EDGE_CURVE('',#6943,#6941,#483,.T.);
#8025=EDGE_CURVE('',#6945,#6943,#487,.T.);
#8027=EDGE_CURVE('',#6947,#6945,#491,.T.);
#8029=EDGE_CURVE('',#6949,#6947,#495,.T.);
#8031=EDGE_CURVE('',#6951,#6949,#499,.T.);
#8033=EDGE_CURVE('',#6953,#6951,#503,.T.);
#8035=EDGE_CURVE('',#6955,#6953,#507,.T.);
#8037=EDGE_CURVE('',#6957,#6955,#511,.T.);
#8039=EDGE_CURVE('',#6959,#6957,#515,.T.);
#8041=EDGE_CURVE('',#6961,#6959,#519,.T.);
#8043=EDGE_CURVE('',#6963,#6961,#523,.T.);
#8045=EDGE_CURVE('',#6965,#6963,#527,.T.);
#8047=EDGE_CURVE('',#6967,#6965,#531,.T.);
#8049=EDGE_CURVE('',#6969,#6967,#535,.T.);
#8051=EDGE_CURVE('',#6971,#6969,#539,.T.);
#8053=EDGE_CURVE('',#6973,#6971,#543,.T.);
#8055=EDGE_CURVE('',#6975,#6973,#547,.T.);
#8057=EDGE_CURVE('',#6118,#6975,#551,.T.);
#8059=EDGE_CURVE('',#6116,#6118,#555,.T.);
#8061=EDGE_CURVE('',#6977,#6116,#559,.T.);
#8065=EDGE_CURVE('',#6880,#6523,#563,.T.);
#8067=EDGE_CURVE('',#6979,#6880,#567,.T.);
#8069=EDGE_CURVE('',#6981,#6979,#571,.T.);
#8071=EDGE_CURVE('',#6983,#6981,#575,.T.);
#8073=EDGE_CURVE('',#6985,#6983,#579,.T.);
#8075=EDGE_CURVE('',#6680,#6985,#583,.T.);
#8077=EDGE_CURVE('',#6244,#6680,#587,.T.);
#8079=EDGE_CURVE('',#6241,#6244,#591,.T.);
#8081=EDGE_CURVE('',#6411,#6241,#595,.T.);
#8083=EDGE_CURVE('',#6408,#6411,#599,.T.);
#8085=EDGE_CURVE('',#6987,#6408,#603,.T.);
#8087=EDGE_CURVE('',#6526,#6987,#607,.T.);
#8089=EDGE_CURVE('',#6523,#6526,#611,.T.);
#8099=EDGE_CURVE('',#5859,#5857,#751,.T.);
#8101=EDGE_CURVE('',#6272,#5857,#615,.T.);
#8104=EDGE_CURVE('',#6977,#5859,#899,.T.);
#8114=EDGE_CURVE('',#5795,#5871,#619,.T.);
#8116=EDGE_CURVE('',#5794,#5795,#623,.T.);
#8118=EDGE_CURVE('',#5797,#5794,#627,.T.);
#8120=EDGE_CURVE('',#5799,#5797,#631,.T.);
#8122=EDGE_CURVE('',#5801,#5799,#635,.T.);
#8124=EDGE_CURVE('',#5803,#5801,#639,.T.);
#8126=EDGE_CURVE('',#5805,#5803,#643,.T.);
#8128=EDGE_CURVE('',#5807,#5805,#647,.T.);
#8130=EDGE_CURVE('',#5809,#5807,#651,.T.);
#8132=EDGE_CURVE('',#5811,#5809,#655,.T.);
#8134=EDGE_CURVE('',#5813,#5811,#659,.T.);
#8136=EDGE_CURVE('',#5815,#5813,#663,.T.);
#8138=EDGE_CURVE('',#5817,#5815,#667,.T.);
#8140=EDGE_CURVE('',#5819,#5817,#671,.T.);
#8142=EDGE_CURVE('',#5821,#5819,#675,.T.);
#8144=EDGE_CURVE('',#5823,#5821,#679,.T.);
#8146=EDGE_CURVE('',#5825,#5823,#683,.T.);
#8148=EDGE_CURVE('',#5827,#5825,#687,.T.);
#8150=EDGE_CURVE('',#5829,#5827,#691,.T.);
#8152=EDGE_CURVE('',#5831,#5829,#695,.T.);
#8154=EDGE_CURVE('',#5833,#5831,#699,.T.);
#8156=EDGE_CURVE('',#5835,#5833,#703,.T.);
#8158=EDGE_CURVE('',#5837,#5835,#707,.T.);
#8160=EDGE_CURVE('',#5839,#5837,#711,.T.);
#8162=EDGE_CURVE('',#5841,#5839,#715,.T.);
#8164=EDGE_CURVE('',#5843,#5841,#719,.T.);
#8166=EDGE_CURVE('',#5845,#5843,#723,.T.);
#8168=EDGE_CURVE('',#5847,#5845,#727,.T.);
#8170=EDGE_CURVE('',#5849,#5847,#731,.T.);
#8172=EDGE_CURVE('',#5851,#5849,#735,.T.);
#8174=EDGE_CURVE('',#5853,#5851,#739,.T.);
#8176=EDGE_CURVE('',#5855,#5853,#743,.T.);
#8178=EDGE_CURVE('',#5857,#5855,#747,.T.);
#8181=EDGE_CURVE('',#5861,#5859,#755,.T.);
#8183=EDGE_CURVE('',#5863,#5861,#759,.T.);
#8185=EDGE_CURVE('',#5865,#5863,#763,.T.);
#8187=EDGE_CURVE('',#5867,#5865,#767,.T.);
#8189=EDGE_CURVE('',#5869,#5867,#771,.T.);
#8191=EDGE_CURVE('',#5871,#5869,#775,.T.);
#8195=EDGE_CURVE('',#5875,#5919,#779,.T.);
#8197=EDGE_CURVE('',#5874,#5875,#783,.T.);
#8199=EDGE_CURVE('',#5877,#5874,#787,.T.);
#8201=EDGE_CURVE('',#5879,#5877,#791,.T.);
#8203=EDGE_CURVE('',#5881,#5879,#795,.T.);
#8205=EDGE_CURVE('',#5883,#5881,#799,.T.);
#8207=EDGE_CURVE('',#5885,#5883,#803,.T.);
#8209=EDGE_CURVE('',#5887,#5885,#807,.T.);
#8211=EDGE_CURVE('',#5889,#5887,#811,.T.);
#8213=EDGE_CURVE('',#5891,#5889,#815,.T.);
#8215=EDGE_CURVE('',#5893,#5891,#819,.T.);
#8217=EDGE_CURVE('',#5895,#5893,#823,.T.);
#8219=EDGE_CURVE('',#5897,#5895,#827,.T.);
#8221=EDGE_CURVE('',#5899,#5897,#831,.T.);
#8223=EDGE_CURVE('',#5901,#5899,#835,.T.);
#8225=EDGE_CURVE('',#5903,#5901,#839,.T.);
#8227=EDGE_CURVE('',#5905,#5903,#843,.T.);
#8229=EDGE_CURVE('',#5907,#5905,#847,.T.);
#8231=EDGE_CURVE('',#5909,#5907,#851,.T.);
#8233=EDGE_CURVE('',#5911,#5909,#855,.T.);
#8235=EDGE_CURVE('',#5913,#5911,#859,.T.);
#8237=EDGE_CURVE('',#5915,#5913,#863,.T.);
#8239=EDGE_CURVE('',#5917,#5915,#867,.T.);
#8241=EDGE_CURVE('',#5919,#5917,#871,.T.);
#8252=EDGE_CURVE('',#6969,#5871,#875,.T.);
#8255=EDGE_CURVE('',#6967,#5795,#903,.T.);
#8266=EDGE_CURVE('',#6971,#5869,#879,.T.);
#8279=EDGE_CURVE('',#6973,#5867,#883,.T.);
#8292=EDGE_CURVE('',#6975,#5865,#887,.T.);
#8305=EDGE_CURVE('',#6118,#5863,#891,.T.);
#8318=EDGE_CURVE('',#6116,#5861,#895,.T.);
#8345=EDGE_CURVE('',#6965,#5794,#907,.T.);
#8358=EDGE_CURVE('',#6963,#5797,#911,.T.);
#8371=EDGE_CURVE('',#6961,#5799,#915,.T.);
#8384=EDGE_CURVE('',#6959,#5801,#919,.T.);
#8397=EDGE_CURVE('',#6957,#5803,#923,.T.);
#8410=EDGE_CURVE('',#6955,#5805,#927,.T.);
#8423=EDGE_CURVE('',#6953,#5807,#931,.T.);
#8436=EDGE_CURVE('',#6951,#5809,#935,.T.);
#8449=EDGE_CURVE('',#6949,#5811,#939,.T.);
#8462=EDGE_CURVE('',#6947,#5813,#943,.T.);
#8475=EDGE_CURVE('',#6945,#5815,#947,.T.);
#8488=EDGE_CURVE('',#6943,#5817,#951,.T.);
#8501=EDGE_CURVE('',#6941,#5819,#955,.T.);
#8514=EDGE_CURVE('',#6939,#5821,#959,.T.);
#8527=EDGE_CURVE('',#6937,#5823,#963,.T.);
#8540=EDGE_CURVE('',#6772,#5825,#967,.T.);
#8553=EDGE_CURVE('',#6745,#5827,#971,.T.);
#8566=EDGE_CURVE('',#6009,#5829,#975,.T.);
#8579=EDGE_CURVE('',#6011,#5831,#979,.T.);
#8592=EDGE_CURVE('',#6274,#5833,#983,.T.);
#8605=EDGE_CURVE('',#6353,#5835,#987,.T.);
#8618=EDGE_CURVE('',#6482,#5837,#991,.T.);
#8631=EDGE_CURVE('',#6484,#5839,#995,.T.);
#8644=EDGE_CURVE('',#6458,#5841,#999,.T.);
#8657=EDGE_CURVE('',#6460,#5843,#1003,.T.);
#8670=EDGE_CURVE('',#6052,#5845,#1007,.T.);
#8683=EDGE_CURVE('',#6054,#5847,#1011,.T.);
#8696=EDGE_CURVE('',#6170,#5849,#1015,.T.);
#8709=EDGE_CURVE('',#6268,#5851,#1019,.T.);
#8722=EDGE_CURVE('',#6341,#5853,#1023,.T.);
#8735=EDGE_CURVE('',#6270,#5855,#1027,.T.);
#8758=EDGE_CURVE('',#5923,#5919,#1031,.T.);
#8760=EDGE_CURVE('',#5923,#6191,#1167,.T.);
#8762=EDGE_CURVE('',#6191,#5875,#1123,.T.);
#8773=EDGE_CURVE('',#5921,#5917,#1035,.T.);
#8775=EDGE_CURVE('',#5921,#5923,#1171,.T.);
#8787=EDGE_CURVE('',#6034,#5915,#1039,.T.);
#8789=EDGE_CURVE('',#6034,#5921,#1175,.T.);
#8801=EDGE_CURVE('',#6193,#5913,#1043,.T.);
#8803=EDGE_CURVE('',#6193,#6034,#1179,.T.);
#8815=EDGE_CURVE('',#6195,#5911,#1047,.T.);
#8817=EDGE_CURVE('',#6195,#6193,#1183,.T.);
#8829=EDGE_CURVE('',#6197,#5909,#1051,.T.);
#8831=EDGE_CURVE('',#6197,#6195,#1187,.T.);
#8843=EDGE_CURVE('',#6199,#5907,#1055,.T.);
#8845=EDGE_CURVE('',#6199,#6197,#1191,.T.);
#8857=EDGE_CURVE('',#6201,#5905,#1059,.T.);
#8859=EDGE_CURVE('',#6201,#6199,#1195,.T.);
#8871=EDGE_CURVE('',#6203,#5903,#1063,.T.);
#8873=EDGE_CURVE('',#6203,#6201,#1199,.T.);
#8885=EDGE_CURVE('',#6205,#5901,#1067,.T.);
#8887=EDGE_CURVE('',#6205,#6203,#1203,.T.);
#8899=EDGE_CURVE('',#6207,#5899,#1071,.T.);
#8901=EDGE_CURVE('',#6207,#6205,#1207,.T.);
#8913=EDGE_CURVE('',#6209,#5897,#1075,.T.);
#8915=EDGE_CURVE('',#6209,#6207,#1211,.T.);
#8927=EDGE_CURVE('',#6211,#5895,#1079,.T.);
#8929=EDGE_CURVE('',#6211,#6209,#1215,.T.);
#8941=EDGE_CURVE('',#6213,#5893,#1083,.T.);
#8943=EDGE_CURVE('',#6213,#6211,#1219,.T.);
#8955=EDGE_CURVE('',#6179,#5891,#1087,.T.);
#8957=EDGE_CURVE('',#6179,#6213,#1127,.T.);
#8969=EDGE_CURVE('',#6178,#5889,#1091,.T.);
#8971=EDGE_CURVE('',#6178,#6179,#1131,.T.);
#8983=EDGE_CURVE('',#6181,#5887,#1095,.T.);
#8985=EDGE_CURVE('',#6181,#6178,#1135,.T.);
#8997=EDGE_CURVE('',#6183,#5885,#1099,.T.);
#8999=EDGE_CURVE('',#6183,#6181,#1139,.T.);
#9011=EDGE_CURVE('',#5927,#5883,#1103,.T.);
#9013=EDGE_CURVE('',#5927,#6183,#1143,.T.);
#9025=EDGE_CURVE('',#5925,#5881,#1107,.T.);
#9027=EDGE_CURVE('',#5925,#5927,#1147,.T.);
#9039=EDGE_CURVE('',#6185,#5879,#1111,.T.);
#9041=EDGE_CURVE('',#6185,#5925,#1151,.T.);
#9053=EDGE_CURVE('',#6187,#5877,#1115,.T.);
#9055=EDGE_CURVE('',#6187,#6185,#1155,.T.);
#9067=EDGE_CURVE('',#6189,#5874,#1119,.T.);
#9069=EDGE_CURVE('',#6189,#6187,#1159,.T.);
#9082=EDGE_CURVE('',#6191,#6189,#1163,.T.);
#9125=EDGE_CURVE('',#6524,#6743,#1227,.T.);
#9127=EDGE_CURVE('',#6880,#6743,#1223,.T.);
#9130=EDGE_CURVE('',#6523,#6524,#1279,.T.);
#9141=EDGE_CURVE('',#6528,#6524,#1231,.T.);
#9143=EDGE_CURVE('',#6733,#6528,#1235,.T.);
#9145=EDGE_CURVE('',#6409,#6733,#1239,.T.);
#9147=EDGE_CURVE('',#6413,#6409,#1243,.T.);
#9149=EDGE_CURVE('',#6242,#6413,#1247,.T.);
#9151=EDGE_CURVE('',#6246,#6242,#1251,.T.);
#9153=EDGE_CURVE('',#6682,#6246,#1255,.T.);
#9155=EDGE_CURVE('',#6735,#6682,#1259,.T.);
#9157=EDGE_CURVE('',#6737,#6735,#1263,.T.);
#9159=EDGE_CURVE('',#6739,#6737,#1267,.T.);
#9161=EDGE_CURVE('',#6741,#6739,#1271,.T.);
#9163=EDGE_CURVE('',#6743,#6741,#1275,.T.);
#9176=EDGE_CURVE('',#6526,#6528,#1283,.T.);
#9189=EDGE_CURVE('',#6987,#6733,#1287,.T.);
#9202=EDGE_CURVE('',#6408,#6409,#1291,.T.);
#9215=EDGE_CURVE('',#6411,#6413,#1295,.T.);
#9228=EDGE_CURVE('',#6241,#6242,#1299,.T.);
#9241=EDGE_CURVE('',#6244,#6246,#1303,.T.);
#9254=EDGE_CURVE('',#6680,#6682,#1307,.T.);
#9267=EDGE_CURVE('',#6985,#6735,#1311,.T.);
#9280=EDGE_CURVE('',#6983,#6737,#1315,.T.);
#9293=EDGE_CURVE('',#6981,#6739,#1319,.T.);
#9306=EDGE_CURVE('',#6979,#6741,#1323,.T.);
#9330=EDGE_CURVE('',#7421,#7373,#1331,.T.);
#9332=EDGE_CURVE('',#7419,#7421,#1719,.T.);
#9344=EDGE_CURVE('',#7423,#7375,#1335,.T.);
#9346=EDGE_CURVE('',#7421,#7423,#1723,.T.);
#9358=EDGE_CURVE('',#7425,#7377,#1339,.T.);
#9360=EDGE_CURVE('',#7423,#7425,#1727,.T.);
#9373=EDGE_CURVE('',#7427,#7425,#1731,.T.);
#9383=EDGE_CURVE('',#7399,#7401,#1703,.T.);
#9385=EDGE_CURVE('',#7401,#7403,#1707,.T.);
#9387=EDGE_CURVE('',#7403,#7405,#1711,.T.);
#9389=EDGE_CURVE('',#7407,#7405,#1715,.T.);
#9397=EDGE_CURVE('',#7429,#7431,#1735,.T.);
#9399=EDGE_CURVE('',#7431,#7433,#1739,.T.);
#9401=EDGE_CURVE('',#7433,#7435,#1743,.T.);
#9403=EDGE_CURVE('',#7437,#7435,#1747,.T.);
#9405=EDGE_CURVE('',#7437,#7409,#3207,.T.);
#9407=EDGE_CURVE('',#7409,#7411,#1751,.T.);
#9409=EDGE_CURVE('',#7411,#7413,#1755,.T.);
#9411=EDGE_CURVE('',#7413,#7415,#1759,.T.);
#9413=EDGE_CURVE('',#7417,#7415,#1763,.T.);
#9415=EDGE_CURVE('',#7399,#7417,#2971,.T.);
#9419=EDGE_CURVE('',#6373,#7181,#1380,.T.);
#9421=EDGE_CURVE('',#6372,#6373,#1384,.T.);
#9423=EDGE_CURVE('',#7177,#6372,#1389,.T.);
#9425=EDGE_CURVE('',#6860,#7177,#1393,.T.);
#9427=EDGE_CURVE('',#6858,#6860,#1398,.T.);
#9429=EDGE_CURVE('',#7075,#6858,#1402,.T.);
#9431=EDGE_CURVE('',#7179,#7075,#1407,.T.);
#9433=EDGE_CURVE('',#7181,#7179,#1411,.T.);
#9437=EDGE_CURVE('',#6514,#6516,#1416,.T.);
#9439=EDGE_CURVE('',#6851,#6514,#1420,.T.);
#9441=EDGE_CURVE('',#7183,#6851,#1425,.T.);
#9443=EDGE_CURVE('',#6266,#7183,#1429,.T.);
#9445=EDGE_CURVE('',#6264,#6266,#1434,.T.);
#9447=EDGE_CURVE('',#7185,#6264,#1438,.T.);
#9449=EDGE_CURVE('',#7187,#7185,#1443,.T.);
#9451=EDGE_CURVE('',#6516,#7187,#1447,.T.);
#9455=EDGE_CURVE('',#7189,#6155,#1452,.T.);
#9457=EDGE_CURVE('',#6827,#7189,#1456,.T.);
#9459=EDGE_CURVE('',#6164,#6827,#1461,.T.);
#9461=EDGE_CURVE('',#6163,#6164,#1465,.T.);
#9463=EDGE_CURVE('',#6225,#6163,#1470,.T.);
#9465=EDGE_CURVE('',#7191,#6225,#1474,.T.);
#9467=EDGE_CURVE('',#6156,#7191,#1479,.T.);
#9469=EDGE_CURVE('',#6155,#6156,#1483,.T.);
#9473=EDGE_CURVE('',#7073,#7071,#1487,.T.);
#9475=EDGE_CURVE('',#7047,#7073,#1492,.T.);
#9477=EDGE_CURVE('',#7045,#7047,#1496,.T.);
#9479=EDGE_CURVE('',#7069,#7045,#1501,.T.);
#9481=EDGE_CURVE('',#7068,#7069,#1505,.T.);
#9483=EDGE_CURVE('',#7010,#7068,#1510,.T.);
#9485=EDGE_CURVE('',#7008,#7010,#1514,.T.);
#9487=EDGE_CURVE('',#7071,#7008,#1519,.T.);
#9491=EDGE_CURVE('',#6141,#6331,#1523,.T.);
#9493=EDGE_CURVE('',#6139,#6141,#1528,.T.);
#9495=EDGE_CURVE('',#6913,#6139,#1532,.T.);
#9497=EDGE_CURVE('',#6620,#6913,#1537,.T.);
#9499=EDGE_CURVE('',#6625,#6620,#1541,.T.);
#9501=EDGE_CURVE('',#6731,#6625,#1546,.T.);
#9503=EDGE_CURVE('',#6329,#6731,#1550,.T.);
#9505=EDGE_CURVE('',#6331,#6329,#1555,.T.);
#9509=EDGE_CURVE('',#6261,#6081,#1559,.T.);
#9511=EDGE_CURVE('',#6259,#6261,#1564,.T.);
#9513=EDGE_CURVE('',#7193,#6259,#1568,.T.);
#9515=EDGE_CURVE('',#7195,#7193,#1573,.T.);
#9517=EDGE_CURVE('',#6289,#7195,#1577,.T.);
#9519=EDGE_CURVE('',#6287,#6289,#1582,.T.);
#9521=EDGE_CURVE('',#6077,#6287,#1586,.T.);
#9523=EDGE_CURVE('',#6081,#6077,#1591,.T.);
#9527=EDGE_CURVE('',#7173,#6678,#1595,.T.);
#9529=EDGE_CURVE('',#6849,#7173,#1600,.T.);
#9531=EDGE_CURVE('',#6847,#6849,#1604,.T.);
#9533=EDGE_CURVE('',#6783,#6847,#1609,.T.);
#9535=EDGE_CURVE('',#6788,#6783,#1613,.T.);
#9537=EDGE_CURVE('',#6908,#6788,#1618,.T.);
#9539=EDGE_CURVE('',#6674,#6908,#1622,.T.);
#9541=EDGE_CURVE('',#6678,#6674,#1627,.T.);
#9545=EDGE_CURVE('',#6293,#6871,#1631,.T.);
#9547=EDGE_CURVE('',#5984,#6293,#1636,.T.);
#9549=EDGE_CURVE('',#5982,#5984,#1640,.T.);
#9551=EDGE_CURVE('',#6899,#5982,#1645,.T.);
#9553=EDGE_CURVE('',#6499,#6899,#1649,.T.);
#9555=EDGE_CURVE('',#6339,#6499,#1654,.T.);
#9557=EDGE_CURVE('',#6337,#6339,#1658,.T.);
#9559=EDGE_CURVE('',#6871,#6337,#1663,.T.);
#9563=EDGE_CURVE('',#7100,#7096,#1668,.T.);
#9565=EDGE_CURVE('',#7032,#7100,#1672,.T.);
#9567=EDGE_CURVE('',#7030,#7032,#1677,.T.);
#9569=EDGE_CURVE('',#7091,#7030,#1681,.T.);
#9571=EDGE_CURVE('',#7104,#7091,#1686,.T.);
#9573=EDGE_CURVE('',#7155,#7104,#1690,.T.);
#9575=EDGE_CURVE('',#7097,#7155,#1695,.T.);
#9577=EDGE_CURVE('',#7096,#7097,#1699,.T.);
#9581=EDGE_CURVE('',#7139,#7081,#1344,.T.);
#9583=EDGE_CURVE('',#7138,#7139,#1348,.T.);
#9585=EDGE_CURVE('',#7112,#7138,#1353,.T.);
#9587=EDGE_CURVE('',#7111,#7112,#1357,.T.);
#9589=EDGE_CURVE('',#7115,#7111,#1362,.T.);
#9591=EDGE_CURVE('',#7141,#7115,#1366,.T.);
#9593=EDGE_CURVE('',#7082,#7141,#1371,.T.);
#9595=EDGE_CURVE('',#7081,#7082,#1375,.T.);
#9605=EDGE_CURVE('',#7086,#7081,#1767,.T.);
#9607=EDGE_CURVE('',#7086,#6110,#1843,.T.);
#9609=EDGE_CURVE('',#6110,#6111,#1816,.T.);
#9611=EDGE_CURVE('',#7139,#6111,#1771,.T.);
#9624=EDGE_CURVE('',#7082,#7084,#1783,.T.);
#9626=EDGE_CURVE('',#7086,#7084,#1775,.T.);
#9636=EDGE_CURVE('',#7143,#7141,#1779,.T.);
#9638=EDGE_CURVE('',#7143,#7135,#1861,.T.);
#9640=EDGE_CURVE('',#7135,#7084,#1834,.T.);
#9654=EDGE_CURVE('',#7115,#7113,#1795,.T.);
#9656=EDGE_CURVE('',#7143,#7113,#1787,.T.);
#9666=EDGE_CURVE('',#6905,#7111,#1791,.T.);
#9668=EDGE_CURVE('',#6905,#6904,#1883,.T.);
#9670=EDGE_CURVE('',#6904,#7113,#1848,.T.);
#9684=EDGE_CURVE('',#7112,#6902,#1807,.T.);
#9686=EDGE_CURVE('',#6905,#6902,#1799,.T.);
#9696=EDGE_CURVE('',#6114,#7138,#1803,.T.);
#9698=EDGE_CURVE('',#6114,#6113,#1829,.T.);
#9700=EDGE_CURVE('',#6113,#6902,#1866,.T.);
#9715=EDGE_CURVE('',#6114,#6111,#1811,.T.);
#9727=EDGE_CURVE('',#6040,#6110,#1820,.T.);
#9729=EDGE_CURVE('',#6038,#6040,#1824,.T.);
#9731=EDGE_CURVE('',#6038,#6113,#1870,.T.);
#9744=EDGE_CURVE('',#7135,#6042,#1856,.T.);
#9746=EDGE_CURVE('',#6040,#6042,#1838,.T.);
#9760=EDGE_CURVE('',#6904,#6037,#1878,.T.);
#9762=EDGE_CURVE('',#6042,#6037,#1852,.T.);
#9777=EDGE_CURVE('',#6037,#6038,#1874,.T.);
#9801=EDGE_CURVE('',#7199,#7181,#1887,.T.);
#9803=EDGE_CURVE('',#7199,#7238,#1963,.T.);
#9805=EDGE_CURVE('',#7238,#6375,#1936,.T.);
#9807=EDGE_CURVE('',#6373,#6375,#1891,.T.);
#9820=EDGE_CURVE('',#7179,#7197,#1903,.T.);
#9822=EDGE_CURVE('',#7199,#7197,#1895,.T.);
#9832=EDGE_CURVE('',#7077,#7075,#1899,.T.);
#9834=EDGE_CURVE('',#7077,#7287,#1985,.T.);
#9836=EDGE_CURVE('',#7287,#7197,#1950,.T.);
#9850=EDGE_CURVE('',#6858,#6856,#1915,.T.);
#9852=EDGE_CURVE('',#7077,#6856,#1907,.T.);
#9862=EDGE_CURVE('',#6854,#6860,#1911,.T.);
#9864=EDGE_CURVE('',#6854,#6855,#2003,.T.);
#9866=EDGE_CURVE('',#6855,#6856,#1968,.T.);
#9880=EDGE_CURVE('',#7177,#7175,#1927,.T.);
#9882=EDGE_CURVE('',#6854,#7175,#1919,.T.);
#9892=EDGE_CURVE('',#6377,#6372,#1923,.T.);
#9894=EDGE_CURVE('',#6377,#7174,#1945,.T.);
#9896=EDGE_CURVE('',#7174,#7175,#1990,.T.);
#9911=EDGE_CURVE('',#6377,#6375,#1931,.T.);
#9923=EDGE_CURVE('',#7238,#6845,#1958,.T.);
#9925=EDGE_CURVE('',#6843,#6845,#1940,.T.);
#9927=EDGE_CURVE('',#6843,#7174,#1994,.T.);
#9940=EDGE_CURVE('',#7287,#6840,#1980,.T.);
#9942=EDGE_CURVE('',#6845,#6840,#1954,.T.);
#9956=EDGE_CURVE('',#6841,#6855,#1972,.T.);
#9958=EDGE_CURVE('',#6840,#6841,#1976,.T.);
#9973=EDGE_CURVE('',#6841,#6843,#1998,.T.);
#9997=EDGE_CURVE('',#6510,#6516,#2007,.T.);
#9999=EDGE_CURVE('',#6510,#6511,#2083,.T.);
#10001=EDGE_CURVE('',#6511,#6512,#2056,.T.);
#10003=EDGE_CURVE('',#6514,#6512,#2011,.T.);
#10016=EDGE_CURVE('',#7187,#6692,#2023,.T.);
#10018=EDGE_CURVE('',#6510,#6692,#2015,.T.);
#10028=EDGE_CURVE('',#7240,#7185,#2019,.T.);
#10030=EDGE_CURVE('',#7240,#6691,#2101,.T.);
#10032=EDGE_CURVE('',#6691,#6692,#2074,.T.);
#10046=EDGE_CURVE('',#6264,#6262,#2035,.T.);
#10048=EDGE_CURVE('',#7240,#6262,#2027,.T.);
#10058=EDGE_CURVE('',#6063,#6266,#2031,.T.);
#10060=EDGE_CURVE('',#6063,#6062,#2123,.T.);
#10062=EDGE_CURVE('',#6062,#6262,#2088,.T.);
#10076=EDGE_CURVE('',#7183,#6056,#2047,.T.);
#10078=EDGE_CURVE('',#6063,#6056,#2039,.T.);
#10088=EDGE_CURVE('',#6853,#6851,#2043,.T.);
#10090=EDGE_CURVE('',#6853,#6055,#2069,.T.);
#10092=EDGE_CURVE('',#6055,#6056,#2106,.T.);
#10107=EDGE_CURVE('',#6853,#6512,#2051,.T.);
#10119=EDGE_CURVE('',#6653,#6511,#2060,.T.);
#10121=EDGE_CURVE('',#6058,#6653,#2064,.T.);
#10123=EDGE_CURVE('',#6058,#6055,#2110,.T.);
#10136=EDGE_CURVE('',#6691,#6655,#2096,.T.);
#10138=EDGE_CURVE('',#6653,#6655,#2078,.T.);
#10152=EDGE_CURVE('',#6062,#6060,#2118,.T.);
#10154=EDGE_CURVE('',#6655,#6060,#2092,.T.);
#10169=EDGE_CURVE('',#6060,#6058,#2114,.T.);
#10193=EDGE_CURVE('',#6160,#6155,#2127,.T.);
#10195=EDGE_CURVE('',#6160,#6915,#2203,.T.);
#10197=EDGE_CURVE('',#6915,#6916,#2176,.T.);
#10199=EDGE_CURVE('',#7189,#6916,#2131,.T.);
#10212=EDGE_CURVE('',#6156,#6158,#2143,.T.);
#10214=EDGE_CURVE('',#6160,#6158,#2135,.T.);
#10224=EDGE_CURVE('',#6891,#7191,#2139,.T.);
#10226=EDGE_CURVE('',#6891,#6890,#2225,.T.);
#10228=EDGE_CURVE('',#6890,#6158,#2190,.T.);
#10242=EDGE_CURVE('',#6225,#6223,#2155,.T.);
#10244=EDGE_CURVE('',#6891,#6223,#2147,.T.);
#10254=EDGE_CURVE('',#6168,#6163,#2151,.T.);
#10256=EDGE_CURVE('',#6168,#6222,#2243,.T.);
#10258=EDGE_CURVE('',#6222,#6223,#2208,.T.);
#10272=EDGE_CURVE('',#6164,#6166,#2167,.T.);
#10274=EDGE_CURVE('',#6168,#6166,#2159,.T.);
#10284=EDGE_CURVE('',#6825,#6827,#2163,.T.);
#10286=EDGE_CURVE('',#6825,#6226,#2185,.T.);
#10288=EDGE_CURVE('',#6226,#6166,#2230,.T.);
#10303=EDGE_CURVE('',#6825,#6916,#2171,.T.);
#10315=EDGE_CURVE('',#6915,#6345,#2198,.T.);
#10317=EDGE_CURVE('',#6228,#6345,#2180,.T.);
#10319=EDGE_CURVE('',#6228,#6226,#2234,.T.);
#10332=EDGE_CURVE('',#6890,#6343,#2220,.T.);
#10334=EDGE_CURVE('',#6345,#6343,#2194,.T.);
#10348=EDGE_CURVE('',#6230,#6222,#2212,.T.);
#10350=EDGE_CURVE('',#6343,#6230,#2216,.T.);
#10365=EDGE_CURVE('',#6230,#6228,#2238,.T.);
#10390=EDGE_CURVE('',#7071,#7022,#2255,.T.);
#10392=EDGE_CURVE('',#7025,#7022,#2247,.T.);
#10394=EDGE_CURVE('',#7025,#7073,#2319,.T.);
#10405=EDGE_CURVE('',#7007,#7008,#2251,.T.);
#10407=EDGE_CURVE('',#7007,#7021,#2273,.T.);
#10409=EDGE_CURVE('',#7021,#7022,#2328,.T.);
#10420=EDGE_CURVE('',#7007,#7012,#2259,.T.);
#10424=EDGE_CURVE('',#7010,#7012,#2281,.T.);
#10435=EDGE_CURVE('',#6999,#7012,#2264,.T.);
#10437=EDGE_CURVE('',#6999,#6997,#2358,.T.);
#10439=EDGE_CURVE('',#7016,#6997,#2268,.T.);
#10441=EDGE_CURVE('',#7016,#7021,#2332,.T.);
#10452=EDGE_CURVE('',#7000,#7068,#2277,.T.);
#10454=EDGE_CURVE('',#7000,#6999,#2363,.T.);
#10469=EDGE_CURVE('',#7069,#6993,#2293,.T.);
#10471=EDGE_CURVE('',#7000,#6993,#2285,.T.);
#10482=EDGE_CURVE('',#7044,#7045,#2289,.T.);
#10484=EDGE_CURVE('',#7044,#6992,#2315,.T.);
#10486=EDGE_CURVE('',#6992,#6993,#2350,.T.);
#10497=EDGE_CURVE('',#7044,#7049,#2297,.T.);
#10501=EDGE_CURVE('',#7047,#7049,#2323,.T.);
#10512=EDGE_CURVE('',#7024,#7049,#2302,.T.);
#10514=EDGE_CURVE('',#7024,#7014,#2340,.T.);
#10516=EDGE_CURVE('',#6995,#7014,#2306,.T.);
#10518=EDGE_CURVE('',#6992,#6995,#2310,.T.);
#10530=EDGE_CURVE('',#7025,#7024,#2345,.T.);
#10546=EDGE_CURVE('',#7014,#7016,#2336,.T.);
#10559=EDGE_CURVE('',#6997,#6995,#2354,.T.);
#10585=EDGE_CURVE('',#6135,#6141,#2371,.T.);
#10588=EDGE_CURVE('',#6331,#6317,#2401,.T.);
#10590=EDGE_CURVE('',#6135,#6317,#2367,.T.);
#10601=EDGE_CURVE('',#6135,#6136,#2393,.T.);
#10603=EDGE_CURVE('',#6136,#6137,#2456,.T.);
#10605=EDGE_CURVE('',#6139,#6137,#2375,.T.);
#10617=EDGE_CURVE('',#6316,#6317,#2380,.T.);
#10619=EDGE_CURVE('',#6316,#6319,#2422,.T.);
#10621=EDGE_CURVE('',#6321,#6319,#2384,.T.);
#10623=EDGE_CURVE('',#6136,#6321,#2388,.T.);
#10635=EDGE_CURVE('',#6328,#6329,#2397,.T.);
#10637=EDGE_CURVE('',#6328,#6316,#2427,.T.);
#10649=EDGE_CURVE('',#6328,#6729,#2405,.T.);
#10653=EDGE_CURVE('',#6731,#6729,#2435,.T.);
#10664=EDGE_CURVE('',#6728,#6729,#2410,.T.);
#10666=EDGE_CURVE('',#7237,#6728,#2414,.T.);
#10668=EDGE_CURVE('',#6319,#7237,#2418,.T.);
#10680=EDGE_CURVE('',#6623,#6625,#2431,.T.);
#10682=EDGE_CURVE('',#6623,#6728,#2483,.T.);
#10696=EDGE_CURVE('',#6620,#6621,#2447,.T.);
#10698=EDGE_CURVE('',#6623,#6621,#2439,.T.);
#10710=EDGE_CURVE('',#6912,#6913,#2443,.T.);
#10712=EDGE_CURVE('',#6912,#6914,#2465,.T.);
#10714=EDGE_CURVE('',#6914,#6621,#2470,.T.);
#10725=EDGE_CURVE('',#6912,#6137,#2451,.T.);
#10741=EDGE_CURVE('',#7235,#6321,#2460,.T.);
#10743=EDGE_CURVE('',#7235,#6914,#2474,.T.);
#10754=EDGE_CURVE('',#7237,#7235,#2478,.T.);
#10781=EDGE_CURVE('',#6255,#6261,#2491,.T.);
#10784=EDGE_CURVE('',#6081,#6079,#2521,.T.);
#10786=EDGE_CURVE('',#6255,#6079,#2487,.T.);
#10797=EDGE_CURVE('',#6255,#6256,#2513,.T.);
#10799=EDGE_CURVE('',#6256,#6257,#2576,.T.);
#10801=EDGE_CURVE('',#6259,#6257,#2495,.T.);
#10813=EDGE_CURVE('',#6078,#6079,#2500,.T.);
#10815=EDGE_CURVE('',#6078,#6749,#2542,.T.);
#10817=EDGE_CURVE('',#6665,#6749,#2504,.T.);
#10819=EDGE_CURVE('',#6256,#6665,#2508,.T.);
#10831=EDGE_CURVE('',#6076,#6077,#2517,.T.);
#10833=EDGE_CURVE('',#6076,#6078,#2547,.T.);
#10845=EDGE_CURVE('',#6076,#6285,#2525,.T.);
#10849=EDGE_CURVE('',#6287,#6285,#2555,.T.);
#10860=EDGE_CURVE('',#6284,#6285,#2530,.T.);
#10862=EDGE_CURVE('',#6747,#6284,#2534,.T.);
#10864=EDGE_CURVE('',#6749,#6747,#2538,.T.);
#10876=EDGE_CURVE('',#6283,#6289,#2551,.T.);
#10878=EDGE_CURVE('',#6283,#6284,#2603,.T.);
#10892=EDGE_CURVE('',#7195,#7209,#2567,.T.);
#10894=EDGE_CURVE('',#6283,#7209,#2559,.T.);
#10906=EDGE_CURVE('',#6670,#7193,#2563,.T.);
#10908=EDGE_CURVE('',#6670,#6669,#2585,.T.);
#10910=EDGE_CURVE('',#6669,#7209,#2590,.T.);
#10921=EDGE_CURVE('',#6670,#6257,#2571,.T.);
#10937=EDGE_CURVE('',#6667,#6665,#2580,.T.);
#10939=EDGE_CURVE('',#6667,#6669,#2594,.T.);
#10950=EDGE_CURVE('',#6747,#6667,#2598,.T.);
#10977=EDGE_CURVE('',#6909,#7173,#2611,.T.);
#10980=EDGE_CURVE('',#6678,#6676,#2641,.T.);
#10982=EDGE_CURVE('',#6909,#6676,#2607,.T.);
#10993=EDGE_CURVE('',#6909,#6311,#2633,.T.);
#10995=EDGE_CURVE('',#6311,#6312,#2696,.T.);
#10997=EDGE_CURVE('',#6849,#6312,#2615,.T.);
#11009=EDGE_CURVE('',#6675,#6676,#2620,.T.);
#11011=EDGE_CURVE('',#6675,#5941,#2662,.T.);
#11013=EDGE_CURVE('',#5939,#5941,#2624,.T.);
#11015=EDGE_CURVE('',#6311,#5939,#2628,.T.);
#11027=EDGE_CURVE('',#6673,#6674,#2637,.T.);
#11029=EDGE_CURVE('',#6673,#6675,#2667,.T.);
#11041=EDGE_CURVE('',#6673,#6906,#2645,.T.);
#11045=EDGE_CURVE('',#6908,#6906,#2675,.T.);
#11056=EDGE_CURVE('',#6901,#6906,#2650,.T.);
#11058=EDGE_CURVE('',#5943,#6901,#2654,.T.);
#11060=EDGE_CURVE('',#5941,#5943,#2658,.T.);
#11072=EDGE_CURVE('',#6786,#6788,#2671,.T.);
#11074=EDGE_CURVE('',#6786,#6901,#2723,.T.);
#11088=EDGE_CURVE('',#6783,#6784,#2687,.T.);
#11090=EDGE_CURVE('',#6786,#6784,#2679,.T.);
#11102=EDGE_CURVE('',#6315,#6847,#2683,.T.);
#11104=EDGE_CURVE('',#6315,#6314,#2705,.T.);
#11106=EDGE_CURVE('',#6314,#6784,#2710,.T.);
#11117=EDGE_CURVE('',#6315,#6312,#2691,.T.);
#11133=EDGE_CURVE('',#5938,#5939,#2700,.T.);
#11135=EDGE_CURVE('',#5938,#6314,#2714,.T.);
#11146=EDGE_CURVE('',#5943,#5938,#2718,.T.);
#11173=EDGE_CURVE('',#6290,#6293,#2731,.T.);
#11176=EDGE_CURVE('',#6871,#6693,#2761,.T.);
#11178=EDGE_CURVE('',#6290,#6693,#2727,.T.);
#11189=EDGE_CURVE('',#6290,#6291,#2753,.T.);
#11191=EDGE_CURVE('',#6291,#5986,#2816,.T.);
#11193=EDGE_CURVE('',#5984,#5986,#2735,.T.);
#11205=EDGE_CURVE('',#5977,#6693,#2740,.T.);
#11207=EDGE_CURVE('',#5977,#5975,#2782,.T.);
#11209=EDGE_CURVE('',#6496,#5975,#2744,.T.);
#11211=EDGE_CURVE('',#6291,#6496,#2748,.T.);
#11223=EDGE_CURVE('',#5978,#6337,#2757,.T.);
#11225=EDGE_CURVE('',#5978,#5977,#2787,.T.);
#11237=EDGE_CURVE('',#5978,#5971,#2765,.T.);
#11241=EDGE_CURVE('',#6339,#5971,#2795,.T.);
#11252=EDGE_CURVE('',#5970,#5971,#2770,.T.);
#11254=EDGE_CURVE('',#5973,#5970,#2774,.T.);
#11256=EDGE_CURVE('',#5975,#5973,#2778,.T.);
#11268=EDGE_CURVE('',#6497,#6499,#2791,.T.);
#11270=EDGE_CURVE('',#6497,#5970,#2843,.T.);
#11284=EDGE_CURVE('',#6899,#6897,#2807,.T.);
#11286=EDGE_CURVE('',#6497,#6897,#2799,.T.);
#11298=EDGE_CURVE('',#5981,#5982,#2803,.T.);
#11300=EDGE_CURVE('',#5981,#6896,#2825,.T.);
#11302=EDGE_CURVE('',#6896,#6897,#2830,.T.);
#11313=EDGE_CURVE('',#5981,#5986,#2811,.T.);
#11329=EDGE_CURVE('',#6495,#6496,#2820,.T.);
#11331=EDGE_CURVE('',#6495,#6896,#2834,.T.);
#11342=EDGE_CURVE('',#5973,#6495,#2838,.T.);
#11369=EDGE_CURVE('',#7041,#7096,#2847,.T.);
#11371=EDGE_CURVE('',#7041,#7040,#2927,.T.);
#11373=EDGE_CURVE('',#7040,#7098,#2896,.T.);
#11375=EDGE_CURVE('',#7100,#7098,#2851,.T.);
#11388=EDGE_CURVE('',#7097,#7034,#2863,.T.);
#11390=EDGE_CURVE('',#7041,#7034,#2855,.T.);
#11400=EDGE_CURVE('',#7157,#7155,#2859,.T.);
#11402=EDGE_CURVE('',#7157,#7033,#2941,.T.);
#11404=EDGE_CURVE('',#7033,#7034,#2914,.T.);
#11418=EDGE_CURVE('',#7104,#7102,#2875,.T.);
#11420=EDGE_CURVE('',#7157,#7102,#2867,.T.);
#11430=EDGE_CURVE('',#7093,#7091,#2871,.T.);
#11432=EDGE_CURVE('',#7093,#7101,#2963,.T.);
#11434=EDGE_CURVE('',#7101,#7102,#2932,.T.);
#11448=EDGE_CURVE('',#7030,#7028,#2887,.T.);
#11450=EDGE_CURVE('',#7093,#7028,#2879,.T.);
#11460=EDGE_CURVE('',#7026,#7032,#2883,.T.);
#11462=EDGE_CURVE('',#7026,#7027,#2909,.T.);
#11464=EDGE_CURVE('',#7027,#7028,#2946,.T.);
#11479=EDGE_CURVE('',#7026,#7098,#2891,.T.);
#11491=EDGE_CURVE('',#7038,#7040,#2900,.T.);
#11493=EDGE_CURVE('',#7106,#7038,#2904,.T.);
#11495=EDGE_CURVE('',#7106,#7027,#2950,.T.);
#11508=EDGE_CURVE('',#7036,#7033,#2918,.T.);
#11510=EDGE_CURVE('',#7038,#7036,#2922,.T.);
#11524=EDGE_CURVE('',#7101,#7108,#2958,.T.);
#11526=EDGE_CURVE('',#7036,#7108,#2936,.T.);
#11541=EDGE_CURVE('',#7108,#7106,#2954,.T.);
#11565=EDGE_CURVE('',#7399,#7347,#2967,.T.);
#11568=EDGE_CURVE('',#7401,#7349,#3251,.T.);
#11580=EDGE_CURVE('',#7417,#7367,#2975,.T.);
#11583=EDGE_CURVE('',#6305,#7369,#3243,.T.);
#11591=EDGE_CURVE('',#6301,#6296,#2987,.T.);
#11593=EDGE_CURVE('',#6296,#6297,#3011,.T.);
#11595=EDGE_CURVE('',#6297,#6299,#3003,.T.);
#11597=EDGE_CURVE('',#6299,#6301,#2995,.T.);
#11608=EDGE_CURVE('',#7169,#6301,#2991,.T.);
#11610=EDGE_CURVE('',#7169,#7166,#3027,.T.);
#11612=EDGE_CURVE('',#7166,#6296,#3015,.T.);
#11623=EDGE_CURVE('',#7171,#6299,#2999,.T.);
#11625=EDGE_CURVE('',#7171,#7169,#3031,.T.);
#11637=EDGE_CURVE('',#7167,#6297,#3007,.T.);
#11639=EDGE_CURVE('',#7167,#7171,#3019,.T.);
#11652=EDGE_CURVE('',#7166,#7167,#3023,.T.);
#11669=EDGE_CURVE('',#6990,#6823,#3035,.T.);
#11671=EDGE_CURVE('',#7159,#6990,#3039,.T.);
#11673=EDGE_CURVE('',#7161,#7159,#3043,.T.);
#11675=EDGE_CURVE('',#7161,#7163,#3179,.T.);
#11677=EDGE_CURVE('',#7163,#6505,#3119,.T.);
#11679=EDGE_CURVE('',#6505,#6502,#3127,.T.);
#11681=EDGE_CURVE('',#6502,#7128,#3135,.T.);
#11683=EDGE_CURVE('',#7128,#7125,#3143,.T.);
#11685=EDGE_CURVE('',#7125,#6639,#3151,.T.);
#11687=EDGE_CURVE('',#6639,#6636,#3159,.T.);
#11689=EDGE_CURVE('',#6647,#6636,#3047,.T.);
#11691=EDGE_CURVE('',#6644,#6647,#3051,.T.);
#11693=EDGE_CURVE('',#6823,#6644,#3055,.T.);
#11703=EDGE_CURVE('',#6824,#6991,#3079,.T.);
#11705=EDGE_CURVE('',#6990,#6991,#3059,.T.);
#11708=EDGE_CURVE('',#6823,#6824,#3171,.T.);
#11718=EDGE_CURVE('',#7207,#6507,#3063,.T.);
#11720=EDGE_CURVE('',#7205,#7207,#3067,.T.);
#11722=EDGE_CURVE('',#7201,#7205,#3071,.T.);
#11724=EDGE_CURVE('',#6991,#7201,#3075,.T.);
#11727=EDGE_CURVE('',#6645,#6824,#3083,.T.);
#11729=EDGE_CURVE('',#6649,#6645,#3087,.T.);
#11731=EDGE_CURVE('',#6637,#6649,#3091,.T.);
#11733=EDGE_CURVE('',#6641,#6637,#3095,.T.);
#11735=EDGE_CURVE('',#7126,#6641,#3099,.T.);
#11737=EDGE_CURVE('',#7130,#7126,#3103,.T.);
#11739=EDGE_CURVE('',#6503,#7130,#3107,.T.);
#11741=EDGE_CURVE('',#6507,#6503,#3111,.T.);
#11752=EDGE_CURVE('',#6505,#6507,#3115,.T.);
#11755=EDGE_CURVE('',#7163,#7207,#3175,.T.);
#11766=EDGE_CURVE('',#6502,#6503,#3123,.T.);
#11779=EDGE_CURVE('',#7128,#7130,#3131,.T.);
#11792=EDGE_CURVE('',#7125,#7126,#3139,.T.);
#11805=EDGE_CURVE('',#6639,#6641,#3147,.T.);
#11818=EDGE_CURVE('',#6636,#6637,#3155,.T.);
#11831=EDGE_CURVE('',#6647,#6649,#3163,.T.);
#11844=EDGE_CURVE('',#6644,#6645,#3167,.T.);
#11871=EDGE_CURVE('',#7161,#7205,#3183,.T.);
#11884=EDGE_CURVE('',#7159,#7201,#3187,.T.);
#11906=EDGE_CURVE('',#7415,#7365,#3191,.T.);
#11919=EDGE_CURVE('',#7413,#7363,#3195,.T.);
#11932=EDGE_CURVE('',#7411,#7361,#3199,.T.);
#11945=EDGE_CURVE('',#7409,#7359,#3203,.T.);
#11959=EDGE_CURVE('',#7437,#7397,#3211,.T.);
#11962=EDGE_CURVE('',#6612,#7386,#3235,.T.);
#11965=EDGE_CURVE('',#7358,#6610,#3247,.T.);
#11977=EDGE_CURVE('',#7435,#7395,#3219,.T.);
#11990=EDGE_CURVE('',#7433,#7393,#3223,.T.);
#12003=EDGE_CURVE('',#7431,#7391,#3227,.T.);
#12054=EDGE_CURVE('',#7403,#7351,#3255,.T.);
#12067=EDGE_CURVE('',#7405,#7353,#3259,.T.);
#12090=EDGE_CURVE('',#6217,#6518,#3263,.T.);
#12092=EDGE_CURVE('',#6221,#6217,#3267,.T.);
#12094=EDGE_CURVE('',#6751,#6221,#3271,.T.);
#12105=EDGE_CURVE('',#6520,#6216,#3275,.T.);
#12107=EDGE_CURVE('',#6216,#6217,#3291,.T.);
#12121=EDGE_CURVE('',#6695,#6219,#3283,.T.);
#12123=EDGE_CURVE('',#6219,#6216,#3295,.T.);
#12134=EDGE_CURVE('',#6221,#6219,#3299,.T.);
#12170=EDGE_CURVE('',#7451,#7450,#3312,.T.);
#12172=EDGE_CURVE('',#7443,#7450,#3343,.T.);
#12176=EDGE_CURVE('',#7440,#7451,#3316,.T.);
#12186=EDGE_CURVE('',#7447,#7446,#3330,.T.);
#12188=EDGE_CURVE('',#7446,#7450,#3334,.T.);
#12191=EDGE_CURVE('',#7447,#7451,#3320,.T.);
#12201=EDGE_CURVE('',#7446,#7447,#3325,.T.);
#12214=EDGE_CURVE('',#7450,#7451,#3339,.T.);
#12238=EDGE_CURVE('',#6534,#5785,#3351,.T.);
#12253=EDGE_CURVE('',#5783,#6651,#3367,.T.);
#12276=EDGE_CURVE('',#6045,#6812,#3375,.T.);
#12278=EDGE_CURVE('',#6045,#6387,#3391,.T.);
#12281=EDGE_CURVE('',#6544,#6812,#3483,.T.);
#12291=EDGE_CURVE('',#6045,#6046,#3383,.T.);
#12294=EDGE_CURVE('',#6814,#6812,#3387,.T.);
#12296=EDGE_CURVE('',#6814,#6046,#3423,.T.);
#12306=EDGE_CURVE('',#6050,#6045,#3395,.T.);
#12309=EDGE_CURVE('',#6046,#6048,#3419,.T.);
#12311=EDGE_CURVE('',#6048,#6050,#3411,.T.);
#12323=EDGE_CURVE('',#6383,#6050,#3399,.T.);
#12325=EDGE_CURVE('',#6383,#6385,#3503,.T.);
#12336=EDGE_CURVE('',#6048,#6129,#3415,.T.);
#12338=EDGE_CURVE('',#6129,#6130,#3511,.T.);
#12340=EDGE_CURVE('',#6837,#6130,#3407,.T.);
#12342=EDGE_CURVE('',#6837,#6383,#3495,.T.);
#12357=EDGE_CURVE('',#6132,#6814,#3427,.T.);
#12359=EDGE_CURVE('',#6129,#6132,#3431,.T.);
#12363=EDGE_CURVE('',#6238,#6233,#3435,.T.);
#12365=EDGE_CURVE('',#6719,#6238,#3440,.T.);
#12367=EDGE_CURVE('',#6926,#6719,#3444,.T.);
#12369=EDGE_CURVE('',#6364,#6926,#3449,.T.);
#12371=EDGE_CURVE('',#6369,#6364,#3453,.T.);
#12373=EDGE_CURVE('',#6659,#6369,#3458,.T.);
#12375=EDGE_CURVE('',#6658,#6659,#3462,.T.);
#12377=EDGE_CURVE('',#6233,#6658,#3467,.T.);
#12387=EDGE_CURVE('',#6134,#6812,#3471,.T.);
#12389=EDGE_CURVE('',#6132,#6134,#3475,.T.);
#12402=EDGE_CURVE('',#6542,#6134,#3491,.T.);
#12415=EDGE_CURVE('',#6540,#6837,#3499,.T.);
#12418=EDGE_CURVE('',#6130,#6134,#3507,.T.);
#12454=EDGE_CURVE('',#6233,#6234,#3533,.T.);
#12456=EDGE_CURVE('',#6236,#6234,#3515,.T.);
#12458=EDGE_CURVE('',#6236,#6238,#3585,.T.);
#12468=EDGE_CURVE('',#6663,#6658,#3519,.T.);
#12470=EDGE_CURVE('',#6869,#6663,#3524,.T.);
#12472=EDGE_CURVE('',#6234,#6869,#3529,.T.);
#12486=EDGE_CURVE('',#6659,#6661,#3555,.T.);
#12488=EDGE_CURVE('',#6663,#6661,#3537,.T.);
#12499=EDGE_CURVE('',#6367,#6369,#3541,.T.);
#12501=EDGE_CURVE('',#6633,#6367,#3546,.T.);
#12503=EDGE_CURVE('',#6661,#6633,#3551,.T.);
#12515=EDGE_CURVE('',#6364,#6365,#3577,.T.);
#12517=EDGE_CURVE('',#6367,#6365,#3559,.T.);
#12528=EDGE_CURVE('',#6172,#6926,#3563,.T.);
#12530=EDGE_CURVE('',#6171,#6172,#3568,.T.);
#12532=EDGE_CURVE('',#6365,#6171,#3573,.T.);
#12545=EDGE_CURVE('',#6719,#6174,#3599,.T.);
#12547=EDGE_CURVE('',#6172,#6174,#3581,.T.);
#12560=EDGE_CURVE('',#6175,#6236,#3590,.T.);
#12562=EDGE_CURVE('',#6174,#6175,#3595,.T.);
#12575=EDGE_CURVE('',#6869,#6121,#3603,.T.);
#12577=EDGE_CURVE('',#6121,#6122,#3623,.T.);
#12579=EDGE_CURVE('',#6122,#6175,#3615,.T.);
#12594=EDGE_CURVE('',#6124,#6633,#3607,.T.);
#12596=EDGE_CURVE('',#6124,#6121,#3627,.T.);
#12608=EDGE_CURVE('',#6171,#6126,#3611,.T.);
#12610=EDGE_CURVE('',#6126,#6124,#3631,.T.);
#12627=EDGE_CURVE('',#6122,#6126,#3619,.T.);
#12649=EDGE_CURVE('',#7002,#7004,#3635,.T.);
#12651=EDGE_CURVE('',#7002,#6547,#3651,.T.);
#12654=EDGE_CURVE('',#6554,#7004,#3743,.T.);
#12664=EDGE_CURVE('',#7002,#6806,#3643,.T.);
#12667=EDGE_CURVE('',#6808,#7004,#3647,.T.);
#12669=EDGE_CURVE('',#6808,#6806,#3683,.T.);
#12679=EDGE_CURVE('',#6474,#7002,#3655,.T.);
#12682=EDGE_CURVE('',#6806,#6476,#3679,.T.);
#12684=EDGE_CURVE('',#6476,#6474,#3671,.T.);
#12696=EDGE_CURVE('',#6472,#6474,#3659,.T.);
#12698=EDGE_CURVE('',#6472,#6548,#3763,.T.);
#12709=EDGE_CURVE('',#6476,#6467,#3675,.T.);
#12711=EDGE_CURVE('',#6467,#6468,#3771,.T.);
#12713=EDGE_CURVE('',#6470,#6468,#3667,.T.);
#12715=EDGE_CURVE('',#6470,#6472,#3755,.T.);
#12730=EDGE_CURVE('',#6810,#6808,#3687,.T.);
#12732=EDGE_CURVE('',#6467,#6810,#3691,.T.);
#12736=EDGE_CURVE('',#6792,#6804,#3695,.T.);
#12738=EDGE_CURVE('',#6791,#6792,#3700,.T.);
#12740=EDGE_CURVE('',#6794,#6791,#3704,.T.);
#12742=EDGE_CURVE('',#6796,#6794,#3709,.T.);
#12744=EDGE_CURVE('',#6798,#6796,#3713,.T.);
#12746=EDGE_CURVE('',#6800,#6798,#3718,.T.);
#12748=EDGE_CURVE('',#6802,#6800,#3722,.T.);
#12750=EDGE_CURVE('',#6804,#6802,#3727,.T.);
#12760=EDGE_CURVE('',#7317,#7004,#3731,.T.);
#12762=EDGE_CURVE('',#6810,#7317,#3735,.T.);
#12775=EDGE_CURVE('',#6552,#7317,#3751,.T.);
#12788=EDGE_CURVE('',#6550,#6470,#3759,.T.);
#12791=EDGE_CURVE('',#6468,#7317,#3767,.T.);
#12827=EDGE_CURVE('',#6804,#7320,#3793,.T.);
#12829=EDGE_CURVE('',#7336,#7320,#3775,.T.);
#12831=EDGE_CURVE('',#7336,#6792,#3845,.T.);
#12841=EDGE_CURVE('',#7319,#6802,#3779,.T.);
#12843=EDGE_CURVE('',#7318,#7319,#3784,.T.);
#12845=EDGE_CURVE('',#7320,#7318,#3789,.T.);
#12859=EDGE_CURVE('',#6800,#7322,#3815,.T.);
#12861=EDGE_CURVE('',#7319,#7322,#3797,.T.);
#12872=EDGE_CURVE('',#7324,#6798,#3801,.T.);
#12874=EDGE_CURVE('',#7325,#7324,#3806,.T.);
#12876=EDGE_CURVE('',#7322,#7325,#3811,.T.);
#12888=EDGE_CURVE('',#6796,#7326,#3837,.T.);
#12890=EDGE_CURVE('',#7324,#7326,#3819,.T.);
#12901=EDGE_CURVE('',#7332,#6794,#3823,.T.);
#12903=EDGE_CURVE('',#7327,#7332,#3828,.T.);
#12905=EDGE_CURVE('',#7326,#7327,#3833,.T.);
#12918=EDGE_CURVE('',#6791,#7334,#3859,.T.);
#12920=EDGE_CURVE('',#7332,#7334,#3841,.T.);
#12933=EDGE_CURVE('',#7337,#7336,#3850,.T.);
#12935=EDGE_CURVE('',#7334,#7337,#3855,.T.);
#12948=EDGE_CURVE('',#7318,#7341,#3863,.T.);
#12950=EDGE_CURVE('',#7341,#7339,#3883,.T.);
#12952=EDGE_CURVE('',#7339,#7337,#3875,.T.);
#12967=EDGE_CURVE('',#7331,#7325,#3867,.T.);
#12969=EDGE_CURVE('',#7331,#7341,#3887,.T.);
#12981=EDGE_CURVE('',#7327,#7329,#3871,.T.);
#12983=EDGE_CURVE('',#7329,#7331,#3891,.T.);
#13000=EDGE_CURVE('',#7339,#7329,#3879,.T.);
#13022=EDGE_CURVE('',#6617,#6615,#3895,.T.);
#13024=EDGE_CURVE('',#6617,#6556,#4011,.T.);
#13027=EDGE_CURVE('',#6615,#6560,#3899,.T.);
#13038=EDGE_CURVE('',#6456,#6615,#3903,.T.);
#13040=EDGE_CURVE('',#6456,#6454,#3947,.T.);
#13042=EDGE_CURVE('',#6454,#6617,#3999,.T.);
#13053=EDGE_CURVE('',#6419,#6615,#3907,.T.);
#13055=EDGE_CURVE('',#6417,#6419,#3911,.T.);
#13057=EDGE_CURVE('',#6417,#6456,#3951,.T.);
#13068=EDGE_CURVE('',#6558,#6419,#3923,.T.);
#13080=EDGE_CURVE('',#6419,#6359,#3919,.T.);
#13084=EDGE_CURVE('',#6359,#6361,#3931,.T.);
#13095=EDGE_CURVE('',#6415,#6359,#3935,.T.);
#13097=EDGE_CURVE('',#6415,#6417,#3955,.T.);
#13108=EDGE_CURVE('',#6431,#6415,#3939,.T.);
#13111=EDGE_CURVE('',#6359,#6356,#4023,.T.);
#13113=EDGE_CURVE('',#6356,#6431,#4003,.T.);
#13124=EDGE_CURVE('',#6454,#6431,#3943,.T.);
#13131=EDGE_CURVE('',#6440,#6452,#3959,.T.);
#13133=EDGE_CURVE('',#6439,#6440,#3964,.T.);
#13135=EDGE_CURVE('',#6442,#6439,#3968,.T.);
#13137=EDGE_CURVE('',#6444,#6442,#3973,.T.);
#13139=EDGE_CURVE('',#6446,#6444,#3977,.T.);
#13141=EDGE_CURVE('',#6448,#6446,#3982,.T.);
#13143=EDGE_CURVE('',#6450,#6448,#3986,.T.);
#13145=EDGE_CURVE('',#6452,#6450,#3991,.T.);
#13155=EDGE_CURVE('',#6617,#6356,#3995,.T.);
#13171=EDGE_CURVE('',#6356,#6357,#4019,.T.);
#13193=EDGE_CURVE('',#7119,#6440,#4031,.T.);
#13196=EDGE_CURVE('',#6452,#7121,#4127,.T.);
#13198=EDGE_CURVE('',#7119,#7121,#4027,.T.);
#13209=EDGE_CURVE('',#7118,#7119,#4036,.T.);
#13211=EDGE_CURVE('',#7151,#7118,#4041,.T.);
#13213=EDGE_CURVE('',#6439,#7151,#4045,.T.);
#13224=EDGE_CURVE('',#7118,#7056,#4049,.T.);
#13228=EDGE_CURVE('',#7121,#7122,#4123,.T.);
#13230=EDGE_CURVE('',#7059,#7122,#4053,.T.);
#13232=EDGE_CURVE('',#7059,#7056,#4139,.T.);
#13242=EDGE_CURVE('',#7057,#7149,#4057,.T.);
#13244=EDGE_CURVE('',#7149,#7153,#4074,.T.);
#13246=EDGE_CURVE('',#7153,#7151,#4087,.T.);
#13250=EDGE_CURVE('',#7056,#7057,#4135,.T.);
#13260=EDGE_CURVE('',#7147,#7145,#4065,.T.);
#13262=EDGE_CURVE('',#7145,#7149,#4079,.T.);
#13265=EDGE_CURVE('',#7057,#7061,#4131,.T.);
#13267=EDGE_CURVE('',#7148,#7061,#4061,.T.);
#13269=EDGE_CURVE('',#7148,#7147,#4096,.T.);
#13280=EDGE_CURVE('',#6444,#7145,#4083,.T.);
#13283=EDGE_CURVE('',#7147,#6446,#4091,.T.);
#13294=EDGE_CURVE('',#7153,#6442,#4069,.T.);
#13321=EDGE_CURVE('',#7132,#7148,#4101,.T.);
#13323=EDGE_CURVE('',#6448,#7132,#4105,.T.);
#13334=EDGE_CURVE('',#7134,#7132,#4109,.T.);
#13338=EDGE_CURVE('',#7061,#7059,#4143,.T.);
#13341=EDGE_CURVE('',#7122,#7134,#4118,.T.);
#13354=EDGE_CURVE('',#7134,#6450,#4113,.T.);
#13389=EDGE_CURVE('',#6427,#6021,#4147,.T.);
#13391=EDGE_CURVE('',#6427,#6563,#4163,.T.);
#13394=EDGE_CURVE('',#6023,#6021,#4255,.T.);
#13404=EDGE_CURVE('',#6427,#6398,#4155,.T.);
#13407=EDGE_CURVE('',#6401,#6021,#4159,.T.);
#13409=EDGE_CURVE('',#6401,#6398,#4195,.T.);
#13419=EDGE_CURVE('',#6429,#6427,#4167,.T.);
#13422=EDGE_CURVE('',#6398,#6399,#4191,.T.);
#13424=EDGE_CURVE('',#6399,#6429,#4183,.T.);
#13436=EDGE_CURVE('',#6684,#6429,#4171,.T.);
#13438=EDGE_CURVE('',#6684,#6564,#4275,.T.);
#13449=EDGE_CURVE('',#6399,#6405,#4187,.T.);
#13451=EDGE_CURVE('',#6405,#6763,#4283,.T.);
#13453=EDGE_CURVE('',#6761,#6763,#4179,.T.);
#13455=EDGE_CURVE('',#6761,#6684,#4267,.T.);
#13470=EDGE_CURVE('',#6403,#6401,#4199,.T.);
#13472=EDGE_CURVE('',#6405,#6403,#4203,.T.);
#13476=EDGE_CURVE('',#6389,#6395,#4207,.T.);
#13478=EDGE_CURVE('',#6071,#6389,#4212,.T.);
#13480=EDGE_CURVE('',#6073,#6071,#4216,.T.);
#13482=EDGE_CURVE('',#6277,#6073,#4221,.T.);
#13484=EDGE_CURVE('',#6282,#6277,#4225,.T.);
#13486=EDGE_CURVE('',#6391,#6282,#4230,.T.);
#13488=EDGE_CURVE('',#6393,#6391,#4234,.T.);
#13490=EDGE_CURVE('',#6395,#6393,#4239,.T.);
#13500=EDGE_CURVE('',#6019,#6021,#4243,.T.);
#13502=EDGE_CURVE('',#6403,#6019,#4247,.T.);
#13515=EDGE_CURVE('',#6018,#6019,#4263,.T.);
#13528=EDGE_CURVE('',#6566,#6761,#4271,.T.);
#13531=EDGE_CURVE('',#6763,#6019,#4279,.T.);
#13567=EDGE_CURVE('',#6395,#6150,#4305,.T.);
#13569=EDGE_CURVE('',#6152,#6150,#4287,.T.);
#13571=EDGE_CURVE('',#6152,#6389,#4357,.T.);
#13581=EDGE_CURVE('',#6613,#6393,#4291,.T.);
#13583=EDGE_CURVE('',#6151,#6613,#4296,.T.);
#13585=EDGE_CURVE('',#6150,#6151,#4301,.T.);
#13599=EDGE_CURVE('',#6391,#6770,#4327,.T.);
#13601=EDGE_CURVE('',#6613,#6770,#4309,.T.);
#13612=EDGE_CURVE('',#6280,#6282,#4313,.T.);
#13614=EDGE_CURVE('',#6509,#6280,#4318,.T.);
#13616=EDGE_CURVE('',#6770,#6509,#4323,.T.);
#13628=EDGE_CURVE('',#6277,#6278,#4349,.T.);
#13630=EDGE_CURVE('',#6280,#6278,#4331,.T.);
#13641=EDGE_CURVE('',#5996,#6073,#4335,.T.);
#13643=EDGE_CURVE('',#5995,#5996,#4340,.T.);
#13645=EDGE_CURVE('',#6278,#5995,#4345,.T.);
#13658=EDGE_CURVE('',#6071,#5998,#4371,.T.);
#13660=EDGE_CURVE('',#5996,#5998,#4353,.T.);
#13673=EDGE_CURVE('',#5999,#6152,#4362,.T.);
#13675=EDGE_CURVE('',#5998,#5999,#4367,.T.);
#13688=EDGE_CURVE('',#6151,#5989,#4375,.T.);
#13690=EDGE_CURVE('',#5989,#5990,#4395,.T.);
#13692=EDGE_CURVE('',#5990,#5999,#4387,.T.);
#13707=EDGE_CURVE('',#5992,#6509,#4379,.T.);
#13709=EDGE_CURVE('',#5992,#5989,#4399,.T.);
#13721=EDGE_CURVE('',#5995,#5994,#4383,.T.);
#13723=EDGE_CURVE('',#5994,#5992,#4403,.T.);
#13740=EDGE_CURVE('',#5990,#5994,#4391,.T.);
#13762=EDGE_CURVE('',#6003,#6347,#4415,.T.);
#13764=EDGE_CURVE('',#6347,#6569,#4427,.T.);
#13767=EDGE_CURVE('',#6002,#6003,#4515,.T.);
#13777=EDGE_CURVE('',#6347,#6351,#4411,.T.);
#13780=EDGE_CURVE('',#6349,#6003,#4419,.T.);
#13782=EDGE_CURVE('',#6349,#6351,#4455,.T.);
#13792=EDGE_CURVE('',#6347,#7203,#4423,.T.);
#13795=EDGE_CURVE('',#6351,#6727,#4451,.T.);
#13797=EDGE_CURVE('',#6727,#7203,#4447,.T.);
#13809=EDGE_CURVE('',#6570,#7203,#4431,.T.);
#13820=EDGE_CURVE('',#7203,#6627,#4443,.T.);
#13822=EDGE_CURVE('',#6627,#6572,#4527,.T.);
#13836=EDGE_CURVE('',#6727,#6629,#4467,.T.);
#13838=EDGE_CURVE('',#6629,#6627,#4535,.T.);
#13850=EDGE_CURVE('',#6631,#6349,#4459,.T.);
#13852=EDGE_CURVE('',#6629,#6631,#4463,.T.);
#13857=EDGE_CURVE('',#6699,#5935,#4471,.T.);
#13859=EDGE_CURVE('',#6721,#6699,#4476,.T.);
#13861=EDGE_CURVE('',#6723,#6721,#4480,.T.);
#13863=EDGE_CURVE('',#6725,#6723,#4485,.T.);
#13865=EDGE_CURVE('',#6703,#6725,#4489,.T.);
#13867=EDGE_CURVE('',#6707,#6703,#4494,.T.);
#13869=EDGE_CURVE('',#5931,#6707,#4498,.T.);
#13871=EDGE_CURVE('',#5935,#5931,#4503,.T.);
#13881=EDGE_CURVE('',#6003,#6007,#4511,.T.);
#13883=EDGE_CURVE('',#6631,#6007,#4507,.T.);
#13898=EDGE_CURVE('',#6007,#6005,#4519,.T.);
#13910=EDGE_CURVE('',#6627,#6007,#4531,.T.);
#13934=EDGE_CURVE('',#5935,#5933,#4557,.T.);
#13936=EDGE_CURVE('',#6697,#5933,#4539,.T.);
#13938=EDGE_CURVE('',#6697,#6699,#4605,.T.);
#13949=EDGE_CURVE('',#5930,#5931,#4543,.T.);
#13951=EDGE_CURVE('',#5932,#5930,#4548,.T.);
#13953=EDGE_CURVE('',#5933,#5932,#4553,.T.);
#13965=EDGE_CURVE('',#6707,#6705,#4579,.T.);
#13967=EDGE_CURVE('',#5930,#6705,#4561,.T.);
#13979=EDGE_CURVE('',#6702,#6703,#4565,.T.);
#13981=EDGE_CURVE('',#6704,#6702,#4570,.T.);
#13983=EDGE_CURVE('',#6705,#6704,#4575,.T.);
#13995=EDGE_CURVE('',#6725,#6874,#4597,.T.);
#13997=EDGE_CURVE('',#6874,#6702,#4635,.T.);
#14009=EDGE_CURVE('',#6920,#6723,#4583,.T.);
#14011=EDGE_CURVE('',#6875,#6920,#4588,.T.);
#14013=EDGE_CURVE('',#6874,#6875,#4593,.T.);
#14025=EDGE_CURVE('',#6721,#6918,#4619,.T.);
#14027=EDGE_CURVE('',#6920,#6918,#4601,.T.);
#14040=EDGE_CURVE('',#6927,#6697,#4610,.T.);
#14042=EDGE_CURVE('',#6918,#6927,#4615,.T.);
#14055=EDGE_CURVE('',#5932,#6754,#4623,.T.);
#14057=EDGE_CURVE('',#6754,#6755,#4651,.T.);
#14059=EDGE_CURVE('',#6755,#6927,#4643,.T.);
#14074=EDGE_CURVE('',#6757,#6704,#4627,.T.);
#14076=EDGE_CURVE('',#6754,#6757,#4631,.T.);
#14088=EDGE_CURVE('',#6875,#6759,#4639,.T.);
#14090=EDGE_CURVE('',#6759,#6757,#4655,.T.);
#14107=EDGE_CURVE('',#6759,#6755,#4647,.T.);
#14129=EDGE_CURVE('',#6575,#7244,#4659,.T.);
#14132=EDGE_CURVE('',#7243,#6582,#4667,.T.);
#14134=EDGE_CURVE('',#7243,#7244,#4691,.T.);
#14146=EDGE_CURVE('',#7244,#7256,#4679,.T.);
#14148=EDGE_CURVE('',#6576,#7256,#4675,.T.);
#14159=EDGE_CURVE('',#7244,#7248,#4687,.T.);
#14161=EDGE_CURVE('',#7248,#7252,#4735,.T.);
#14163=EDGE_CURVE('',#7252,#7254,#4727,.T.);
#14165=EDGE_CURVE('',#7256,#7254,#4683,.T.);
#14177=EDGE_CURVE('',#7246,#7243,#4695,.T.);
#14179=EDGE_CURVE('',#7246,#7248,#4739,.T.);
#14189=EDGE_CURVE('',#7250,#7243,#4699,.T.);
#14191=EDGE_CURVE('',#7280,#7250,#4703,.T.);
#14193=EDGE_CURVE('',#7280,#7246,#4743,.T.);
#14207=EDGE_CURVE('',#6580,#7250,#4715,.T.);
#14218=EDGE_CURVE('',#6578,#7262,#4723,.T.);
#14220=EDGE_CURVE('',#7262,#7260,#4731,.T.);
#14222=EDGE_CURVE('',#7260,#7250,#4791,.T.);
#14234=EDGE_CURVE('',#7262,#7254,#4719,.T.);
#14249=EDGE_CURVE('',#7252,#7258,#4751,.T.);
#14251=EDGE_CURVE('',#7258,#7260,#4795,.T.);
#14265=EDGE_CURVE('',#7258,#7280,#4747,.T.);
#14270=EDGE_CURVE('',#7266,#7278,#4755,.T.);
#14272=EDGE_CURVE('',#7265,#7266,#4760,.T.);
#14274=EDGE_CURVE('',#7268,#7265,#4764,.T.);
#14276=EDGE_CURVE('',#7270,#7268,#4769,.T.);
#14278=EDGE_CURVE('',#7272,#7270,#4773,.T.);
#14280=EDGE_CURVE('',#7274,#7272,#4778,.T.);
#14282=EDGE_CURVE('',#7276,#7274,#4782,.T.);
#14284=EDGE_CURVE('',#7278,#7276,#4787,.T.);
#14307=EDGE_CURVE('',#7278,#7289,#4817,.T.);
#14309=EDGE_CURVE('',#7291,#7289,#4799,.T.);
#14311=EDGE_CURVE('',#7291,#7266,#4865,.T.);
#14322=EDGE_CURVE('',#7293,#7276,#4803,.T.);
#14324=EDGE_CURVE('',#7294,#7293,#4808,.T.);
#14326=EDGE_CURVE('',#7289,#7294,#4813,.T.);
#14338=EDGE_CURVE('',#7274,#7304,#4839,.T.);
#14340=EDGE_CURVE('',#7293,#7304,#4821,.T.);
#14352=EDGE_CURVE('',#7307,#7272,#4825,.T.);
#14354=EDGE_CURVE('',#7305,#7307,#4830,.T.);
#14356=EDGE_CURVE('',#7304,#7305,#4835,.T.);
#14368=EDGE_CURVE('',#7270,#7309,#4857,.T.);
#14370=EDGE_CURVE('',#7309,#7307,#4895,.T.);
#14382=EDGE_CURVE('',#7311,#7268,#4843,.T.);
#14384=EDGE_CURVE('',#7312,#7311,#4848,.T.);
#14386=EDGE_CURVE('',#7309,#7312,#4853,.T.);
#14398=EDGE_CURVE('',#7265,#7314,#4879,.T.);
#14400=EDGE_CURVE('',#7311,#7314,#4861,.T.);
#14413=EDGE_CURVE('',#7315,#7291,#4870,.T.);
#14415=EDGE_CURVE('',#7314,#7315,#4875,.T.);
#14428=EDGE_CURVE('',#7294,#7297,#4883,.T.);
#14430=EDGE_CURVE('',#7297,#7298,#4911,.T.);
#14432=EDGE_CURVE('',#7298,#7315,#4903,.T.);
#14447=EDGE_CURVE('',#7300,#7305,#4887,.T.);
#14449=EDGE_CURVE('',#7297,#7300,#4891,.T.);
#14461=EDGE_CURVE('',#7312,#7302,#4899,.T.);
#14463=EDGE_CURVE('',#7302,#7300,#4915,.T.);
#14480=EDGE_CURVE('',#7302,#7298,#4907,.T.);
#14502=EDGE_CURVE('',#6585,#7232,#4919,.T.);
#14505=EDGE_CURVE('',#7117,#6590,#4923,.T.);
#14507=EDGE_CURVE('',#7232,#7117,#4927,.T.);
#14519=EDGE_CURVE('',#7232,#6922,#4939,.T.);
#14521=EDGE_CURVE('',#6586,#6922,#4935,.T.);
#14532=EDGE_CURVE('',#7232,#7228,#4943,.T.);
#14534=EDGE_CURVE('',#7228,#7230,#4979,.T.);
#14536=EDGE_CURVE('',#7230,#6922,#4975,.T.);
#14548=EDGE_CURVE('',#7213,#7117,#4947,.T.);
#14550=EDGE_CURVE('',#7213,#7228,#4983,.T.);
#14560=EDGE_CURVE('',#6924,#7117,#4951,.T.);
#14562=EDGE_CURVE('',#7211,#6924,#4955,.T.);
#14564=EDGE_CURVE('',#7211,#7213,#4987,.T.);
#14576=EDGE_CURVE('',#6588,#6924,#4967,.T.);
#14590=EDGE_CURVE('',#6922,#6924,#4971,.T.);
#14603=EDGE_CURVE('',#7230,#7211,#4991,.T.);
#14620=EDGE_CURVE('',#6145,#6334,#4995,.T.);
#14622=EDGE_CURVE('',#6149,#6145,#5000,.T.);
#14624=EDGE_CURVE('',#6893,#6149,#5004,.T.);
#14626=EDGE_CURVE('',#7219,#6893,#5009,.T.);
#14628=EDGE_CURVE('',#7224,#7219,#5013,.T.);
#14630=EDGE_CURVE('',#6487,#7224,#5018,.T.);
#14632=EDGE_CURVE('',#6492,#6487,#5022,.T.);
#14634=EDGE_CURVE('',#6334,#6492,#5027,.T.);
#14645=EDGE_CURVE('',#6334,#6335,#5049,.T.);
#14647=EDGE_CURVE('',#6144,#6335,#5031,.T.);
#14649=EDGE_CURVE('',#6144,#6145,#5097,.T.);
#14660=EDGE_CURVE('',#6490,#6492,#5035,.T.);
#14662=EDGE_CURVE('',#7214,#6490,#5040,.T.);
#14664=EDGE_CURVE('',#6335,#7214,#5045,.T.);
#14676=EDGE_CURVE('',#6487,#6488,#5071,.T.);
#14678=EDGE_CURVE('',#6490,#6488,#5053,.T.);
#14690=EDGE_CURVE('',#7222,#7224,#5057,.T.);
#14692=EDGE_CURVE('',#7233,#7222,#5062,.T.);
#14694=EDGE_CURVE('',#6488,#7233,#5067,.T.);
#14706=EDGE_CURVE('',#7219,#7220,#5089,.T.);
#14708=EDGE_CURVE('',#7220,#7222,#5127,.T.);
#14720=EDGE_CURVE('',#6421,#6893,#5075,.T.);
#14722=EDGE_CURVE('',#6420,#6421,#5080,.T.);
#14724=EDGE_CURVE('',#7220,#6420,#5085,.T.);
#14736=EDGE_CURVE('',#6149,#6147,#5111,.T.);
#14738=EDGE_CURVE('',#6421,#6147,#5093,.T.);
#14751=EDGE_CURVE('',#6146,#6144,#5102,.T.);
#14753=EDGE_CURVE('',#6147,#6146,#5107,.T.);
#14766=EDGE_CURVE('',#7214,#7216,#5115,.T.);
#14768=EDGE_CURVE('',#7216,#6423,#5143,.T.);
#14770=EDGE_CURVE('',#6423,#6146,#5135,.T.);
#14785=EDGE_CURVE('',#7226,#7233,#5119,.T.);
#14787=EDGE_CURVE('',#7216,#7226,#5123,.T.);
#14799=EDGE_CURVE('',#6420,#6425,#5131,.T.);
#14801=EDGE_CURVE('',#6425,#7226,#5147,.T.);
#14818=EDGE_CURVE('',#6425,#6423,#5139,.T.);
#14840=EDGE_CURVE('',#6379,#6249,#5159,.T.);
#14842=EDGE_CURVE('',#6249,#6254,#5171,.T.);
#14845=EDGE_CURVE('',#6381,#6379,#5259,.T.);
#14855=EDGE_CURVE('',#6249,#6103,#5155,.T.);
#14858=EDGE_CURVE('',#6102,#6379,#5163,.T.);
#14860=EDGE_CURVE('',#6102,#6103,#5199,.T.);
#14870=EDGE_CURVE('',#6249,#6250,#5167,.T.);
#14873=EDGE_CURVE('',#6103,#6109,#5195,.T.);
#14875=EDGE_CURVE('',#6109,#6250,#5191,.T.);
#14887=EDGE_CURVE('',#6252,#6250,#5175,.T.);
#14898=EDGE_CURVE('',#6250,#6816,#5187,.T.);
#14900=EDGE_CURVE('',#6816,#6592,#5271,.T.);
#14914=EDGE_CURVE('',#6109,#6107,#5211,.T.);
#14916=EDGE_CURVE('',#6107,#6816,#5279,.T.);
#14928=EDGE_CURVE('',#6105,#6102,#5203,.T.);
#14930=EDGE_CURVE('',#6107,#6105,#5207,.T.);
#14935=EDGE_CURVE('',#6087,#6099,#5215,.T.);
#14937=EDGE_CURVE('',#6086,#6087,#5220,.T.);
#14939=EDGE_CURVE('',#6089,#6086,#5224,.T.);
#14941=EDGE_CURVE('',#6091,#6089,#5229,.T.);
#14943=EDGE_CURVE('',#6093,#6091,#5233,.T.);
#14945=EDGE_CURVE('',#6095,#6093,#5238,.T.);
#14947=EDGE_CURVE('',#6097,#6095,#5242,.T.);
#14949=EDGE_CURVE('',#6099,#6097,#5247,.T.);
#14959=EDGE_CURVE('',#6379,#6818,#5255,.T.);
#14961=EDGE_CURVE('',#6105,#6818,#5251,.T.);
#14976=EDGE_CURVE('',#6818,#6594,#5263,.T.);
#14988=EDGE_CURVE('',#6816,#6818,#5275,.T.);
#15012=EDGE_CURVE('',#6099,#6715,#5301,.T.);
#15014=EDGE_CURVE('',#6717,#6715,#5283,.T.);
#15016=EDGE_CURVE('',#6717,#6087,#5349,.T.);
#15027=EDGE_CURVE('',#6877,#6097,#5287,.T.);
#15029=EDGE_CURVE('',#6878,#6877,#5292,.T.);
#15031=EDGE_CURVE('',#6715,#6878,#5297,.T.);
#15043=EDGE_CURVE('',#6095,#6873,#5323,.T.);
#15045=EDGE_CURVE('',#6877,#6873,#5305,.T.);
#15057=EDGE_CURVE('',#6464,#6093,#5309,.T.);
#15059=EDGE_CURVE('',#6872,#6464,#5314,.T.);
#15061=EDGE_CURVE('',#6873,#6872,#5319,.T.);
#15073=EDGE_CURVE('',#6091,#6462,#5341,.T.);
#15075=EDGE_CURVE('',#6462,#6464,#5379,.T.);
#15087=EDGE_CURVE('',#7284,#6089,#5327,.T.);
#15089=EDGE_CURVE('',#7285,#7284,#5332,.T.);
#15091=EDGE_CURVE('',#6462,#7285,#5337,.T.);
#15103=EDGE_CURVE('',#6086,#7282,#5363,.T.);
#15105=EDGE_CURVE('',#7284,#7282,#5345,.T.);
#15118=EDGE_CURVE('',#7286,#6717,#5354,.T.);
#15120=EDGE_CURVE('',#7282,#7286,#5359,.T.);
#15133=EDGE_CURVE('',#6878,#6830,#5367,.T.);
#15135=EDGE_CURVE('',#6830,#6831,#5395,.T.);
#15137=EDGE_CURVE('',#6831,#7286,#5387,.T.);
#15152=EDGE_CURVE('',#6833,#6872,#5371,.T.);
#15154=EDGE_CURVE('',#6830,#6833,#5375,.T.);
#15166=EDGE_CURVE('',#7285,#6835,#5383,.T.);
#15168=EDGE_CURVE('',#6835,#6833,#5399,.T.);
#15185=EDGE_CURVE('',#6835,#6831,#5391,.T.);
#15208=EDGE_CURVE('',#6769,#6604,#5407,.T.);
#15210=EDGE_CURVE('',#6769,#6013,#5475,.T.);
#15212=EDGE_CURVE('',#6013,#6597,#5471,.T.);
#15222=EDGE_CURVE('',#6690,#6688,#5411,.T.);
#15224=EDGE_CURVE('',#6769,#6690,#5415,.T.);
#15228=EDGE_CURVE('',#6688,#6602,#5423,.T.);
#15238=EDGE_CURVE('',#6686,#6083,#5439,.T.);
#15240=EDGE_CURVE('',#5969,#6083,#5427,.T.);
#15242=EDGE_CURVE('',#5969,#5967,#5503,.T.);
#15244=EDGE_CURVE('',#5967,#6690,#5483,.T.);
#15247=EDGE_CURVE('',#6686,#6688,#5431,.T.);
#15257=EDGE_CURVE('',#6083,#6015,#5435,.T.);
#15260=EDGE_CURVE('',#6600,#6686,#5443,.T.);
#15263=EDGE_CURVE('',#6598,#6015,#5463,.T.);
#15274=EDGE_CURVE('',#5963,#6015,#5451,.T.);
#15276=EDGE_CURVE('',#5963,#5969,#5487,.T.);
#15287=EDGE_CURVE('',#6015,#6013,#5459,.T.);
#15289=EDGE_CURVE('',#5962,#6013,#5455,.T.);
#15291=EDGE_CURVE('',#5962,#5963,#5491,.T.);
#15315=EDGE_CURVE('',#5965,#6769,#5479,.T.);
#15317=EDGE_CURVE('',#5965,#5962,#5495,.T.);
#15330=EDGE_CURVE('',#5967,#5965,#5499,.T.);
#15348=EDGE_CURVE('',#5947,#5959,#5507,.T.);
#15350=EDGE_CURVE('',#5946,#5947,#5512,.T.);
#15352=EDGE_CURVE('',#5949,#5946,#5516,.T.);
#15354=EDGE_CURVE('',#5951,#5949,#5521,.T.);
#15356=EDGE_CURVE('',#5953,#5951,#5525,.T.);
#15358=EDGE_CURVE('',#5955,#5953,#5530,.T.);
#15360=EDGE_CURVE('',#5957,#5955,#5534,.T.);
#15362=EDGE_CURVE('',#5959,#5957,#5539,.T.);
#15373=EDGE_CURVE('',#5959,#6765,#5561,.T.);
#15375=EDGE_CURVE('',#6767,#6765,#5543,.T.);
#15377=EDGE_CURVE('',#6767,#5947,#5609,.T.);
#15388=EDGE_CURVE('',#7088,#5957,#5547,.T.);
#15390=EDGE_CURVE('',#7089,#7088,#5552,.T.);
#15392=EDGE_CURVE('',#6765,#7089,#5557,.T.);
#15404=EDGE_CURVE('',#5955,#7053,#5579,.T.);
#15406=EDGE_CURVE('',#7053,#7088,#5659,.T.);
#15418=EDGE_CURVE('',#7051,#5953,#5565,.T.);
#15420=EDGE_CURVE('',#7052,#7051,#5570,.T.);
#15422=EDGE_CURVE('',#7053,#7052,#5575,.T.);
#15434=EDGE_CURVE('',#5951,#7020,#5601,.T.);
#15436=EDGE_CURVE('',#7051,#7020,#5583,.T.);
#15448=EDGE_CURVE('',#7018,#5949,#5587,.T.);
#15450=EDGE_CURVE('',#7019,#7018,#5592,.T.);
#15452=EDGE_CURVE('',#7020,#7019,#5597,.T.);
#15464=EDGE_CURVE('',#5946,#7063,#5623,.T.);
#15466=EDGE_CURVE('',#7018,#7063,#5605,.T.);
#15479=EDGE_CURVE('',#7078,#6767,#5614,.T.);
#15481=EDGE_CURVE('',#7063,#7078,#5619,.T.);
#15492=EDGE_CURVE('',#7078,#6863,#5627,.T.);
#15497=EDGE_CURVE('',#6866,#7089,#5631,.T.);
#15499=EDGE_CURVE('',#6863,#6866,#5635,.T.);
#15509=EDGE_CURVE('',#6864,#7019,#5639,.T.);
#15515=EDGE_CURVE('',#6863,#6864,#5651,.T.);
#15528=EDGE_CURVE('',#6868,#6864,#5643,.T.);
#15530=EDGE_CURVE('',#7052,#6868,#5647,.T.);
#15544=EDGE_CURVE('',#6868,#6866,#5655,.T.);
#15581=EDGE_CURVE('',#6895,#6432,#5681,.T.);
#15583=EDGE_CURVE('',#6436,#6432,#5663,.T.);
#15585=EDGE_CURVE('',#6436,#6882,#5733,.T.);
#15595=EDGE_CURVE('',#6325,#6323,#5667,.T.);
#15597=EDGE_CURVE('',#6433,#6325,#5672,.T.);
#15599=EDGE_CURVE('',#6432,#6433,#5677,.T.);
#15613=EDGE_CURVE('',#6310,#6308,#5703,.T.);
#15615=EDGE_CURVE('',#6325,#6308,#5685,.T.);
#15626=EDGE_CURVE('',#6032,#6307,#5689,.T.);
#15628=EDGE_CURVE('',#6031,#6032,#5694,.T.);
#15630=EDGE_CURVE('',#6308,#6031,#5699,.T.);
#15642=EDGE_CURVE('',#6886,#6024,#5725,.T.);
#15644=EDGE_CURVE('',#6032,#6024,#5707,.T.);
#15655=EDGE_CURVE('',#6064,#6888,#5711,.T.);
#15657=EDGE_CURVE('',#6025,#6064,#5716,.T.);
#15659=EDGE_CURVE('',#6024,#6025,#5721,.T.);
#15672=EDGE_CURVE('',#6884,#6066,#5747,.T.);
#15674=EDGE_CURVE('',#6064,#6066,#5729,.T.);
#15687=EDGE_CURVE('',#6067,#6436,#5738,.T.);
#15689=EDGE_CURVE('',#6066,#6067,#5743,.T.);
#15702=EDGE_CURVE('',#6433,#6435,#5751,.T.);
#15704=EDGE_CURVE('',#6435,#6069,#5771,.T.);
#15706=EDGE_CURVE('',#6069,#6067,#5763,.T.);
#15721=EDGE_CURVE('',#6029,#6031,#5755,.T.);
#15723=EDGE_CURVE('',#6029,#6435,#5775,.T.);
#15735=EDGE_CURVE('',#6025,#6027,#5759,.T.);
#15737=EDGE_CURVE('',#6027,#6029,#5779,.T.);
#15754=EDGE_CURVE('',#6069,#6027,#5767,.T.);
#15781=CIRCLE('',#15780,9.E-1);
#15782=TRIMMED_CURVE('',#15781,(PARAMETER_VALUE(0.E0)),(PARAMETER_VALUE(1.8E2)),
.T.,.UNSPECIFIED.);
#15783=COMPOSITE_CURVE_SEGMENT(.CONTINUOUS.,.T.,#15782);
#15788=CIRCLE('',#15787,9.E-1);
#15789=TRIMMED_CURVE('',#15788,(PARAMETER_VALUE(0.E0)),(PARAMETER_VALUE(1.8E2)),
.T.,.UNSPECIFIED.);
#15790=COMPOSITE_CURVE_SEGMENT(.CONTINUOUS.,.T.,#15789);
#15791=COMPOSITE_CURVE('',(#15783,#15790),.F.);
#15797=CIRCLE('',#15796,9.E-1);
#15798=TRIMMED_CURVE('',#15797,(PARAMETER_VALUE(0.E0)),(PARAMETER_VALUE(1.8E2)),
.T.,.UNSPECIFIED.);
#15799=COMPOSITE_CURVE_SEGMENT(.CONTINUOUS.,.T.,#15798);
#15804=CIRCLE('',#15803,9.E-1);
#15805=TRIMMED_CURVE('',#15804,(PARAMETER_VALUE(0.E0)),(PARAMETER_VALUE(1.8E2)),
.T.,.UNSPECIFIED.);
#15806=COMPOSITE_CURVE_SEGMENT(.CONTINUOUS.,.T.,#15805);
#15807=COMPOSITE_CURVE('',(#15799,#15806),.F.);
#15812=CIRCLE('',#15811,9.E-1);
#15813=TRIMMED_CURVE('',#15812,(PARAMETER_VALUE(0.E0)),(PARAMETER_VALUE(1.8E2)),
.T.,.UNSPECIFIED.);
#15814=COMPOSITE_CURVE_SEGMENT(.CONTINUOUS.,.T.,#15813);
#15819=CIRCLE('',#15818,9.E-1);
#15820=TRIMMED_CURVE('',#15819,(PARAMETER_VALUE(0.E0)),(PARAMETER_VALUE(1.8E2)),
.T.,.UNSPECIFIED.);
#15821=COMPOSITE_CURVE_SEGMENT(.CONTINUOUS.,.T.,#15820);
#15822=COMPOSITE_CURVE('',(#15814,#15821),.F.);
#15827=CIRCLE('',#15826,9.E-1);
#15828=TRIMMED_CURVE('',#15827,(PARAMETER_VALUE(0.E0)),(PARAMETER_VALUE(1.8E2)),
.T.,.UNSPECIFIED.);
#15829=COMPOSITE_CURVE_SEGMENT(.CONTINUOUS.,.T.,#15828);
#15834=CIRCLE('',#15833,9.E-1);
#15835=TRIMMED_CURVE('',#15834,(PARAMETER_VALUE(0.E0)),(PARAMETER_VALUE(1.8E2)),
.T.,.UNSPECIFIED.);
#15836=COMPOSITE_CURVE_SEGMENT(.CONTINUOUS.,.T.,#15835);
#15837=COMPOSITE_CURVE('',(#15829,#15836),.F.);
#15842=CIRCLE('',#15841,9.E-1);
#15843=TRIMMED_CURVE('',#15842,(PARAMETER_VALUE(0.E0)),(PARAMETER_VALUE(1.8E2)),
.T.,.UNSPECIFIED.);
#15844=COMPOSITE_CURVE_SEGMENT(.CONTINUOUS.,.T.,#15843);
#15849=CIRCLE('',#15848,9.E-1);
#15850=TRIMMED_CURVE('',#15849,(PARAMETER_VALUE(0.E0)),(PARAMETER_VALUE(1.8E2)),
.T.,.UNSPECIFIED.);
#15851=COMPOSITE_CURVE_SEGMENT(.CONTINUOUS.,.T.,#15850);
#15852=COMPOSITE_CURVE('',(#15844,#15851),.F.);
#15857=CIRCLE('',#15856,9.E-1);
#15858=TRIMMED_CURVE('',#15857,(PARAMETER_VALUE(0.E0)),(PARAMETER_VALUE(1.8E2)),
.T.,.UNSPECIFIED.);
#15859=COMPOSITE_CURVE_SEGMENT(.CONTINUOUS.,.T.,#15858);
#15864=CIRCLE('',#15863,9.E-1);
#15865=TRIMMED_CURVE('',#15864,(PARAMETER_VALUE(0.E0)),(PARAMETER_VALUE(1.8E2)),
.T.,.UNSPECIFIED.);
#15866=COMPOSITE_CURVE_SEGMENT(.CONTINUOUS.,.T.,#15865);
#15867=COMPOSITE_CURVE('',(#15859,#15866),.F.);
#15872=CIRCLE('',#15871,9.E-1);
#15873=TRIMMED_CURVE('',#15872,(PARAMETER_VALUE(0.E0)),(PARAMETER_VALUE(1.8E2)),
.T.,.UNSPECIFIED.);
#15874=COMPOSITE_CURVE_SEGMENT(.CONTINUOUS.,.T.,#15873);
#15879=CIRCLE('',#15878,9.E-1);
#15880=TRIMMED_CURVE('',#15879,(PARAMETER_VALUE(0.E0)),(PARAMETER_VALUE(1.8E2)),
.T.,.UNSPECIFIED.);
#15881=COMPOSITE_CURVE_SEGMENT(.CONTINUOUS.,.T.,#15880);
#15882=COMPOSITE_CURVE('',(#15874,#15881),.F.);
#15887=CIRCLE('',#15886,9.E-1);
#15888=TRIMMED_CURVE('',#15887,(PARAMETER_VALUE(0.E0)),(PARAMETER_VALUE(1.8E2)),
.T.,.UNSPECIFIED.);
#15889=COMPOSITE_CURVE_SEGMENT(.CONTINUOUS.,.T.,#15888);
#15894=CIRCLE('',#15893,9.E-1);
#15895=TRIMMED_CURVE('',#15894,(PARAMETER_VALUE(0.E0)),(PARAMETER_VALUE(1.8E2)),
.T.,.UNSPECIFIED.);
#15896=COMPOSITE_CURVE_SEGMENT(.CONTINUOUS.,.T.,#15895);
#15897=COMPOSITE_CURVE('',(#15889,#15896),.F.);
#15902=CIRCLE('',#15901,9.E-1);
#15903=TRIMMED_CURVE('',#15902,(PARAMETER_VALUE(0.E0)),(PARAMETER_VALUE(1.8E2)),
.T.,.UNSPECIFIED.);
#15904=COMPOSITE_CURVE_SEGMENT(.CONTINUOUS.,.T.,#15903);
#15909=CIRCLE('',#15908,9.E-1);
#15910=TRIMMED_CURVE('',#15909,(PARAMETER_VALUE(0.E0)),(PARAMETER_VALUE(1.8E2)),
.T.,.UNSPECIFIED.);
#15911=COMPOSITE_CURVE_SEGMENT(.CONTINUOUS.,.T.,#15910);
#15912=COMPOSITE_CURVE('',(#15904,#15911),.F.);
#15917=CIRCLE('',#15916,9.E-1);
#15918=TRIMMED_CURVE('',#15917,(PARAMETER_VALUE(0.E0)),(PARAMETER_VALUE(1.8E2)),
.T.,.UNSPECIFIED.);
#15919=COMPOSITE_CURVE_SEGMENT(.CONTINUOUS.,.T.,#15918);
#15924=CIRCLE('',#15923,9.E-1);
#15925=TRIMMED_CURVE('',#15924,(PARAMETER_VALUE(0.E0)),(PARAMETER_VALUE(1.8E2)),
.T.,.UNSPECIFIED.);
#15926=COMPOSITE_CURVE_SEGMENT(.CONTINUOUS.,.T.,#15925);
#15927=COMPOSITE_CURVE('',(#15919,#15926),.F.);
#15932=TRIMMED_CURVE('A_1',#15931,(PARAMETER_VALUE(0.E0)),(PARAMETER_VALUE
(1.E0)),.T.,.UNSPECIFIED.);
#15937=CIRCLE('',#15936,9.E-1);
#15938=TRIMMED_CURVE('',#15937,(PARAMETER_VALUE(0.E0)),(PARAMETER_VALUE(1.8E2)),
.T.,.UNSPECIFIED.);
#15939=COMPOSITE_CURVE_SEGMENT(.CONTINUOUS.,.T.,#15938);
#15944=CIRCLE('',#15943,9.E-1);
#15945=TRIMMED_CURVE('',#15944,(PARAMETER_VALUE(0.E0)),(PARAMETER_VALUE(1.8E2)),
.T.,.UNSPECIFIED.);
#15946=COMPOSITE_CURVE_SEGMENT(.CONTINUOUS.,.T.,#15945);
#15947=COMPOSITE_CURVE('',(#15939,#15946),.F.);
#15948=(LENGTH_UNIT()NAMED_UNIT(*)SI_UNIT(.MILLI.,.METRE.));
#15950=(NAMED_UNIT(*)PLANE_ANGLE_UNIT()SI_UNIT($,.RADIAN.));
#15953=(NAMED_UNIT(*)SI_UNIT($,.STERADIAN.)SOLID_ANGLE_UNIT());
#15956=ADVANCED_BREP_SHAPE_REPRESENTATION('',(#15772),#15955);
#15957=GEOMETRICALLY_BOUNDED_SURFACE_SHAPE_REPRESENTATION('',(#15792),#15955);
#15958=SHAPE_REPRESENTATION('',(#15776),#15955);
#15967=PRODUCT_DEFINITION('design','',#15966,#15963);
#15968=PRODUCT_DEFINITION_SHAPE('','SHAPE FOR 768290110.',#15967);
#15969=SHAPE_DEFINITION_REPRESENTATION(#15968,#15958);
ENDSEC;
END-ISO-10303-21;
